<?xml version="1.0" encoding="utf-8" ?>
<kml xmlns="http://www.opengis.net/kml/2.2">
<Document id="root_doc">
<Schema name="kalyan_dombivli_ward_boundary" id="kalyan_dombivli_ward_boundary">
	<SimpleField name="objectid" type="float"></SimpleField>
	<SimpleField name="id" type="string"></SimpleField>
	<SimpleField name="townname" type="string"></SimpleField>
	<SimpleField name="towncensuscode2011" type="string"></SimpleField>
	<SimpleField name="town_lgd_code" type="float"></SimpleField>
	<SimpleField name="ward_lgd_code" type="float"></SimpleField>
	<SimpleField name="ward_lgd_name" type="string"></SimpleField>
	<SimpleField name="sourcewardname" type="string"></SimpleField>
	<SimpleField name="sourcewardcode" type="string"></SimpleField>
	<SimpleField name="state" type="string"></SimpleField>
	<SimpleField name="st_area(shape)" type="float"></SimpleField>
	<SimpleField name="st_length(shape)" type="float"></SimpleField>
</Schema>
<Folder><name>kalyan_dombivli_ward_boundary</name>
  <Placemark>
	<Style><LineStyle><color>ff0000ff</color></LineStyle><PolyStyle><fill>0</fill></PolyStyle></Style>
	<ExtendedData><SchemaData schemaUrl="#kalyan_dombivli_ward_boundary">
		<SimpleData name="objectid">1</SimpleData>
		<SimpleData name="townname">Kalyan-Dombivli</SimpleData>
		<SimpleData name="towncensuscode2011">802790</SimpleData>
		<SimpleData name="town_lgd_code">251483</SimpleData>
		<SimpleData name="ward_lgd_code">48876</SimpleData>
		<SimpleData name="ward_lgd_name">Kalyan-Dombivli (M Corp.) - Ward No.53</SimpleData>
		<SimpleData name="sourcewardcode">53</SimpleData>
		<SimpleData name="state">Maharashtra</SimpleData>
		<SimpleData name="st_area(shape)">1590331.87168214</SimpleData>
		<SimpleData name="st_length(shape)">5331.98584714226</SimpleData>
	</SchemaData></ExtendedData>
      <MultiGeometry><Polygon><outerBoundaryIs><LinearRing><coordinates>73.0680320385681,19.2251300263163 73.0680000342895,19.2253659003247 73.0679388141029,19.2258170976337 73.0678286366316,19.2267533880861 73.0678347577519,19.2277185706912 73.067859241335,19.2283311989697 73.0679939032877,19.2290767528633 73.0683489192846,19.2300419218173 73.0686672094577,19.2308568209419 73.0691212790878,19.2315460218485 73.0692983091825,19.2318147232258 73.0704847815519,19.2334047619817 73.0720063111492,19.2347777943615 73.0743222667663,19.2367101901631 73.0752605094699,19.2375027997865 73.0769372230325,19.2352241236375 73.0776868482725,19.2340863856552 73.0781912684742,19.2328295725619 73.0784140542579,19.2321265465873 73.0785440827004,19.231042764961 73.0785599676095,19.2308590279284 73.0785920527365,19.2304879195989 73.0785469671907,19.2299823447506 73.078514338583,19.2295096477981 73.0784613209132,19.2291592290418 73.0783521666231,19.2286586307334 73.0782398933822,19.2282787631419 73.0781151461353,19.2277987743641 73.0779966358915,19.2274807440977 73.0775945194276,19.2266742560404 73.0772543876166,19.2260201541277 73.0769705864622,19.2255077662286 73.0770011498431,19.2254906865479 73.0771149196772,19.2255321490475 73.0773978476692,19.2256608937655 73.0777190726384,19.2258051870048 73.0780184667495,19.2259288668235 73.0781276210397,19.2259553692661 73.0782211814749,19.2259553692661 73.0784145402465,19.2258758610771 73.0789072940276,19.2255725512668 73.0790168444748,19.2255096781078 73.0789755147852,19.2253021856551 73.0789989051186,19.2251724312768 73.0790456857853,19.2250868494661 73.0790632280862,19.2250261136321 73.0790486089033,19.2249764207375 73.0789638196186,19.2249046418968 73.0788030121995,19.2248742739489 73.0783118187921,19.2249156840145 73.0782698333323,19.2249217581119 73.0781893712323,19.224930592314 73.0781276210397,19.2249182244309 73.0780603740559,19.224852188011 73.0779434232873,19.2247362372118 73.0778998433179,19.224710861009 73.0773679077191,19.2244464713971 73.0771527180894,19.2241443362817 73.0771003238505,19.2240153545692 73.0770647712264,19.2238528025712 73.0770554152728,19.2237238206298 73.0770204088245,19.2234381134914 73.0768480661389,19.22348095827 73.0767742551652,19.2234127786512 73.076581706674,19.2233491438059 73.0765037562635,19.2233327815011 73.0761803313202,19.2233060657303 73.0760505921353,19.2232992400436 73.076046394308,19.2232950022989 73.0758557870761,19.2231657001375 73.0744316366522,19.2221996018378 73.0736782088436,19.2221996018378 73.0730872853716,19.2220949807217 73.0727548907502,19.2219345618304 73.0716892525663,19.2221669007483 73.0713484371374,19.2222593759722 73.0710585481003,19.2221484050186 73.0706002105743,19.2220670271765 73.0694383331791,19.2219415368631 73.0693053753305,19.2224785914378 73.0688547956554,19.2224995156175 73.0686818897261,19.2225089496496 73.0682690042586,19.2241700611917 73.0680320385681,19.2251300263163</coordinates></LinearRing></outerBoundaryIs></Polygon></MultiGeometry>
  </Placemark>
  <Placemark>
	<Style><LineStyle><color>ff0000ff</color></LineStyle><PolyStyle><fill>0</fill></PolyStyle></Style>
	<ExtendedData><SchemaData schemaUrl="#kalyan_dombivli_ward_boundary">
		<SimpleData name="objectid">2</SimpleData>
		<SimpleData name="townname">Kalyan-Dombivli</SimpleData>
		<SimpleData name="towncensuscode2011">802790</SimpleData>
		<SimpleData name="town_lgd_code">251483</SimpleData>
		<SimpleData name="ward_lgd_code">48871</SimpleData>
		<SimpleData name="ward_lgd_name">Kalyan-Dombivli (M Corp.) - Ward No.48</SimpleData>
		<SimpleData name="sourcewardcode">48</SimpleData>
		<SimpleData name="state">Maharashtra</SimpleData>
		<SimpleData name="st_area(shape)">1294383.50433154</SimpleData>
		<SimpleData name="st_length(shape)">7452.86712352225</SimpleData>
	</SchemaData></ExtendedData>
      <MultiGeometry><Polygon><outerBoundaryIs><LinearRing><coordinates>73.0932122166306,19.2324327908747 73.0946730587423,19.2341212853775 73.0962845312591,19.2332099936658 73.0966531630207,19.2328904098365 73.0982097439821,19.2315409310424 73.0985513607083,19.2310409744371 73.0987806008873,19.2308665208253 73.0996625955794,19.2305656002508 73.1010931024822,19.2302238607492 73.1025753137178,19.2300529898836 73.1037990005945,19.229987897022 73.1049375460468,19.2301363095232 73.1066582905331,19.2303081565703 73.1072539328553,19.2304331358196 73.1082577004723,19.2307351686128 73.1095041371835,19.2310528227685 73.1105796029367,19.2313444395468 73.1113131249768,19.2317141676418 73.1115960511722,19.2319117850822 73.1119973555591,19.2306944852161 73.1095160452509,19.2298624772214 73.1073801820853,19.2291473364674 73.1048395650022,19.2283320726172 73.1023709065665,19.2275397113637 73.1008695854698,19.2270825643658 73.0988140065378,19.226379712275 73.0972098364259,19.2256362361439 73.096065861556,19.2249725681273 73.0950236819774,19.2242905902468 73.0941172270585,19.2235948776055 73.0929199317866,19.2226291134874 73.0917129418961,19.2216267278871 73.0916137121932,19.2215603135274 73.0914363200774,19.2218249673431 73.0904325524604,19.2230644046932 73.0897266060045,19.2239653348025 73.0893242164528,19.2245829637675 73.0900204485272,19.2249789586083 73.0900301449424,19.2249844737272 73.0896278649851,19.2255712212644 73.0895817975807,19.2255642141536 73.0894232107971,19.2255400934383 73.0892306605092,19.2255231452344 73.0882781759151,19.2255911008968 73.0882617663898,19.2257794691366 73.0882421804217,19.2259142571858 73.0882502975986,19.2260598895314 73.088337043414,19.2264466183457 73.0875794339478,19.2265418885601 73.0876087666367,19.2279124939225 73.0876687714028,19.228225780207 73.0876723017819,19.2284757417793 73.0876885379323,19.2288010239184 73.0878647424753,19.2287370340681 73.0878659767605,19.2285791696556 73.087866778956,19.2284765645341 73.0879018788291,19.2284197503387 73.0879695713773,19.2283889750558 73.0879813976981,19.2283856831868 73.0881886713735,19.2283279732592 73.0883606870723,19.2282800803993 73.0883859054773,19.2282792296529 73.0884885514732,19.2283676699356 73.0886966444121,19.2283534659551 73.088782932985,19.2283211579595 73.0892690616909,19.2281391388855 73.0897798886772,19.227940966422 73.0898582370414,19.2278226021174 73.0900736952673,19.2273454441688 73.0903244096732,19.2274416163533 73.0906534733416,19.2275081962805 73.0907357392587,19.2275599809324 73.0908131551716,19.2277153135851 73.0908826416554,19.2277652694429 73.0909355272728,19.2277819146065 73.0915388097665,19.2277634203572 73.0915309746606,19.2284107246307 73.0916023817425,19.2284650536007 73.0917458849142,19.2285742356746 73.0919468075005,19.2285962558008 73.0921365658245,19.228602655471 73.0921727104383,19.2286261183816 73.0921907827452,19.2286794430119 73.0922960850594,19.2301154126101 73.0923130551335,19.2302926584175 73.0923408840427,19.2305833130017 73.0923762803598,19.2309530190609 73.0932508226282,19.2314902477418 73.0933666424178,19.2320370277442 73.0932122166306,19.2324327908747</coordinates></LinearRing></outerBoundaryIs></Polygon></MultiGeometry>
  </Placemark>
  <Placemark>
	<Style><LineStyle><color>ff0000ff</color></LineStyle><PolyStyle><fill>0</fill></PolyStyle></Style>
	<ExtendedData><SchemaData schemaUrl="#kalyan_dombivli_ward_boundary">
		<SimpleData name="objectid">3</SimpleData>
		<SimpleData name="townname">Kalyan-Dombivli</SimpleData>
		<SimpleData name="towncensuscode2011">802790</SimpleData>
		<SimpleData name="town_lgd_code">251483</SimpleData>
		<SimpleData name="ward_lgd_code">48872</SimpleData>
		<SimpleData name="ward_lgd_name">Kalyan-Dombivli (M Corp.) - Ward No.49</SimpleData>
		<SimpleData name="sourcewardcode">49</SimpleData>
		<SimpleData name="state">Maharashtra</SimpleData>
		<SimpleData name="st_area(shape)">587604.579947215</SimpleData>
		<SimpleData name="st_length(shape)">3341.42683669543</SimpleData>
	</SchemaData></ExtendedData>
      <MultiGeometry><Polygon><outerBoundaryIs><LinearRing><coordinates>73.0901279050015,19.2376788485099 73.0906208887513,19.2381077208894 73.0907793623472,19.2378999101801 73.0915250862039,19.2373638466292 73.0920420091578,19.2369717992841 73.0935792979001,19.2354701178707 73.0946730587423,19.2341212853775 73.0932122166306,19.2324327908747 73.0933666424178,19.2320370277442 73.0932508226282,19.2314902477418 73.0923762803598,19.2309530190609 73.0923408840427,19.2305833130017 73.0923130551335,19.2302926584175 73.0922960850594,19.2301154126101 73.0921907827452,19.2286794430119 73.0921727104383,19.2286261183816 73.0921365658245,19.228602655471 73.0919468075005,19.2285962558008 73.0917458849142,19.2285742356746 73.0916023817425,19.2284650536007 73.0915309746606,19.2284107246307 73.0915388097665,19.2277634203572 73.0909355272728,19.2277819146065 73.0908826416554,19.2277652694429 73.0908131551716,19.2277153135851 73.0907357392587,19.2275599809324 73.0906534733416,19.2275081962805 73.0903244096732,19.2274416163533 73.0900736952673,19.2273454441688 73.0898582370414,19.2278226021174 73.0897798886772,19.227940966422 73.0892690616909,19.2281391388855 73.088782932985,19.2283211579595 73.0886966444121,19.2283534659551 73.0884885514732,19.2283676699356 73.0883859054773,19.2282792296529 73.0883606870723,19.2282800803993 73.0881886713735,19.2283279732592 73.0879813976981,19.2283856831868 73.0879695713773,19.2283889750558 73.0879018788291,19.2284197503387 73.087866778956,19.2284765645341 73.0878659767605,19.2285791696556 73.0878647424753,19.2287370340681 73.0876885397289,19.2288010213738 73.087849891527,19.2291906293016 73.0879630630831,19.2294868321869 73.0881139593896,19.2299180126904 73.0881377845076,19.2300642386142 73.0881556537952,19.2303341934977 73.0881179299431,19.2306172719778 73.0880583662499,19.2308647302995 73.0879193825024,19.2311721779723 73.0877900790004,19.2314384991045 73.0877089225027,19.2316314739147 73.0876612713685,19.2317701995204 73.0876295033468,19.232017656105 73.0876434020809,19.2322069974733 73.0876930384919,19.2324000884294 73.087744661078,19.2326681649976 73.0877883416587,19.2329606126664 73.0878637893628,19.2333486661995 73.0880095670687,19.2337648026902 73.0887657536036,19.2350600271936 73.0887742462762,19.2352281312215 73.0887809477083,19.2353607690517 73.0888010520043,19.2354778276874 73.0888326592276,19.2355389031633 73.088925989694,19.2356556851707 73.0891523624507,19.2358831803334 73.0892575928997,19.2359900335119 73.0893866484667,19.2361212576899 73.0894879074638,19.2362074902279 73.0895514426089,19.236291848286 73.089577253902,19.2364155727941 73.0894662508789,19.2366245711079 73.0895519438689,19.2368384019579 73.0895590432546,19.2368491828889 73.0899604949651,19.2374588772686 73.0901279050015,19.2376788485099</coordinates></LinearRing></outerBoundaryIs></Polygon></MultiGeometry>
  </Placemark>
  <Placemark>
	<Style><LineStyle><color>ff0000ff</color></LineStyle><PolyStyle><fill>0</fill></PolyStyle></Style>
	<ExtendedData><SchemaData schemaUrl="#kalyan_dombivli_ward_boundary">
		<SimpleData name="objectid">4</SimpleData>
		<SimpleData name="townname">Kalyan-Dombivli</SimpleData>
		<SimpleData name="towncensuscode2011">802790</SimpleData>
		<SimpleData name="town_lgd_code">251483</SimpleData>
		<SimpleData name="ward_lgd_code">48873</SimpleData>
		<SimpleData name="ward_lgd_name">Kalyan-Dombivli (M Corp.) - Ward No.50</SimpleData>
		<SimpleData name="sourcewardcode">50</SimpleData>
		<SimpleData name="state">Maharashtra</SimpleData>
		<SimpleData name="st_area(shape)">645121.71484516</SimpleData>
		<SimpleData name="st_length(shape)">4221.1066507883</SimpleData>
	</SchemaData></ExtendedData>
      <MultiGeometry><Polygon><outerBoundaryIs><LinearRing><coordinates>73.0843406614971,19.2383277913431 73.0843492790357,19.2398085865619 73.084271721189,19.2403781198889 73.0876117310772,19.2396725639938 73.0882442591233,19.239553123369 73.0893683093602,19.2390701846135 73.0904742935784,19.2382999559087 73.0906208887513,19.2381077208894 73.0901279050015,19.2376788485099 73.0899604949651,19.2374588772686 73.0895590432546,19.2368491828889 73.0895519438689,19.2368384019579 73.0894662508789,19.2366245711079 73.089577253902,19.2364155727941 73.0895514426089,19.236291848286 73.0894879074638,19.2362074902279 73.0893866484667,19.2361212576899 73.0892575928997,19.2359900335119 73.0891523624507,19.2358831803334 73.088925989694,19.2356556851707 73.0888326592276,19.2355389031633 73.0888010520043,19.2354778276874 73.0887809477083,19.2353607690517 73.0887742462762,19.2352281312215 73.0887657536036,19.2350600271936 73.0880095670687,19.2337648026902 73.0878637893628,19.2333486661995 73.0877883416587,19.2329606126664 73.087744661078,19.2326681649976 73.0876930384919,19.2324000884294 73.0876434020809,19.2322069974733 73.0876295033468,19.232017656105 73.0876612713685,19.2317701995204 73.0877089225027,19.2316314739147 73.0877900790004,19.2314384991045 73.0879193825024,19.2311721779723 73.0880583662499,19.2308647302995 73.0881179299431,19.2306172719778 73.0881556537952,19.2303341934977 73.0881377845076,19.2300642386142 73.0881139593896,19.2299180126904 73.0879630630831,19.2294868321869 73.087849891527,19.2291906293016 73.0876885388306,19.2288010230702 73.0876723017819,19.2284757417793 73.0876687714028,19.228225780207 73.0876087666367,19.2279124939225 73.0875794339478,19.2265418885601 73.0875508756066,19.226394741736 73.0868653298907,19.2264762005594 73.0868355336711,19.2265577908151 73.0867086331625,19.2269052743805 73.0864439068348,19.2268457657293 73.0863374187444,19.2268218275671 73.0860766755466,19.2267271351459 73.0855533646728,19.226694093977 73.0855469794478,19.2271543405585 73.0855447201848,19.2276662644432 73.0854995394176,19.2282336455848 73.0854362863435,19.2287114379514 73.0854097429235,19.2288090232841 73.0853250290973,19.2289889949137 73.0853109102759,19.2290889787844 73.0853027544715,19.2292429927416 73.0853261798391,19.2293293595135 73.085402683962,19.229448921233 73.0854662191071,19.2295988974446 73.0854520993875,19.2297588711842 73.0854062134428,19.2299088471128 73.0853497372591,19.2300021653238 73.0852156080075,19.2301554735771 73.085049710734,19.2303254452534 73.085003823891,19.2304520911841 73.0849508780865,19.2306487245467 73.0848960916339,19.2315511084135 73.0848891422669,19.2317246325366 73.0848804501682,19.2319416852285 73.0848372367115,19.2321190478106 73.0847678229911,19.2324039476508 73.0846614400036,19.2330116449623 73.08460496382,19.2336248650321 73.0845959276666,19.2341782282191 73.084591410039,19.2343467292453 73.0845309677934,19.2346815314776 73.0845269298663,19.2351349627127 73.0845463397646,19.235210303621 73.0845736404644,19.235268301203 73.0845579702526,19.2354199489225 73.0845146292351,19.2354705224453 73.0844432410177,19.2355538240694 73.0843340543882,19.2356699385613 73.0840682932013,19.2359525634073 73.084009532602,19.2360783195179 73.0839749169208,19.2361995633162 73.0840198758041,19.2364241875528 73.0840697592518,19.2365103105191 73.0841162434746,19.2365518567491 73.0841956392743,19.2366055944038 73.0843161877956,19.2366871847166 73.0842886122113,19.2378640231635 73.0843406614971,19.2383277913431</coordinates></LinearRing></outerBoundaryIs></Polygon></MultiGeometry>
  </Placemark>
  <Placemark>
	<Style><LineStyle><color>ff0000ff</color></LineStyle><PolyStyle><fill>0</fill></PolyStyle></Style>
	<ExtendedData><SchemaData schemaUrl="#kalyan_dombivli_ward_boundary">
		<SimpleData name="objectid">5</SimpleData>
		<SimpleData name="townname">Kalyan-Dombivli</SimpleData>
		<SimpleData name="towncensuscode2011">802790</SimpleData>
		<SimpleData name="town_lgd_code">251483</SimpleData>
		<SimpleData name="ward_lgd_code">48884</SimpleData>
		<SimpleData name="ward_lgd_name">Kalyan-Dombivli (M Corp.) - Ward No.61</SimpleData>
		<SimpleData name="sourcewardcode">61</SimpleData>
		<SimpleData name="state">Maharashtra</SimpleData>
		<SimpleData name="st_area(shape)">257444.95780718</SimpleData>
		<SimpleData name="st_length(shape)">2706.46430201219</SimpleData>
	</SchemaData></ExtendedData>
      <MultiGeometry><Polygon><outerBoundaryIs><LinearRing><coordinates>73.0837324921683,19.2200133179663 73.0839430042703,19.2201470631644 73.0843582127812,19.2196899100185 73.0847562904195,19.2192516164055 73.0847697516741,19.2192367949603 73.0853578005372,19.2197323350444 73.0854770869254,19.2198546291599 73.0857850635408,19.2201703729022 73.0858232967376,19.220236001502 73.0861722805474,19.2204954467 73.0861754560919,19.2205002256954 73.0862243567827,19.220543678581 73.0865543115798,19.2208158027904 73.0867738849881,19.2210125028221 73.0868297413341,19.221052258098 73.0873851553013,19.2212693206493 73.0876567070285,19.2214132326456 73.0876911798775,19.22143695784 73.0878448079608,19.2215758065663 73.087981898958,19.221751768876 73.0880734804046,19.2218389267481 73.08836278913,19.2220593031585 73.0884555725225,19.2221407047551 73.0885252539407,19.222201839477 73.0885405666231,19.2222131998636 73.0885677334739,19.2222287742714 73.0885987819451,19.2222397682195 73.089075565477,19.222508273609 73.0893034590815,19.2226841407667 73.0894971681961,19.2228578269373 73.0899398426968,19.2231570066464 73.0902006379968,19.2233603751827 73.0904325524604,19.2230644046932 73.0914363200774,19.2218249673431 73.0915925568683,19.221591874708 73.0916137121932,19.2215603135274 73.0875977020874,19.218681831689 73.0857806914403,19.2172751967423 73.0853404118482,19.2169625554637 73.0851456400266,19.2172319134926 73.0848243548703,19.2176762308717 73.0845932273308,19.2178759832912 73.0844678701279,19.2179758594099 73.0837941103086,19.2183254749703 73.0837052813001,19.2183918779135 73.0836311675941,19.2184968932796 73.0834689282606,19.2187267771292 73.0833396535047,19.2189080330259 73.0832338831682,19.2189746164109 73.0824618099276,19.2191755675245 73.0824921181869,19.2192675448135 73.0826425132335,19.2193756523315 73.0828625124432,19.2194546097602 73.083118241245,19.2196321656515 73.0834541985849,19.2198191911638 73.0837324921683,19.2200133179663</coordinates></LinearRing></outerBoundaryIs></Polygon></MultiGeometry>
  </Placemark>
  <Placemark>
	<Style><LineStyle><color>ff0000ff</color></LineStyle><PolyStyle><fill>0</fill></PolyStyle></Style>
	<ExtendedData><SchemaData schemaUrl="#kalyan_dombivli_ward_boundary">
		<SimpleData name="objectid">6</SimpleData>
		<SimpleData name="townname">Kalyan-Dombivli</SimpleData>
		<SimpleData name="towncensuscode2011">802790</SimpleData>
		<SimpleData name="town_lgd_code">251483</SimpleData>
		<SimpleData name="ward_lgd_code">48891</SimpleData>
		<SimpleData name="ward_lgd_name">Kalyan-Dombivli (M Corp.) - Ward No.68</SimpleData>
		<SimpleData name="sourcewardcode">68</SimpleData>
		<SimpleData name="state">Maharashtra</SimpleData>
		<SimpleData name="st_area(shape)">333119.713288345</SimpleData>
		<SimpleData name="st_length(shape)">2531.45740482479</SimpleData>
	</SchemaData></ExtendedData>
      <MultiGeometry><Polygon><outerBoundaryIs><LinearRing><coordinates>73.08441799207,19.2130980697099 73.0844887775178,19.2131806395843 73.0845616452604,19.2132494477813 73.0846012016756,19.2133202222603 73.0845970379843,19.2133575762228 73.0845699726431,19.2133949293286 73.0844783678403,19.2134974047492 73.0841465616154,19.213893667211 73.0838212618881,19.2142653542175 73.0836228285334,19.214535671821 73.083388612586,19.2148643525839 73.083261745315,19.2150302285121 73.0831771671344,19.2150732332608 73.0830767291974,19.2151980196651 73.0843271652083,19.2161595725566 73.0853404118482,19.2169625554637 73.0857806914403,19.2172751967423 73.0875977020874,19.218681831689 73.0877690179986,19.2184989401124 73.0879501021902,19.2183056199066 73.08842915307,19.2178377430799 73.0890185907285,19.2173221639669 73.089313504043,19.2170220795697 73.0893910609913,19.2167886399701 73.0894831607659,19.2164590774683 73.089577005967,19.2163144358688 73.0903432742942,19.2156816724385 73.0904673666692,19.2155879295952 73.0905294133059,19.215500045684 73.090579049717,19.2153740787194 73.090827784236,19.2148543574057 73.0905517211694,19.2147384088837 73.0902036500479,19.2146677580147 73.0899043745144,19.214572532661 73.0895497968953,19.2144343023476 73.0892114850711,19.2143390768588 73.0887234043261,19.2142068674012 73.0885610149739,19.2141655818786 73.0885277045448,19.2141144673844 73.0888066817462,19.2137605963943 73.0886755205282,19.2136917884113 73.088558932679,19.21366426521 73.0883778062667,19.2136269121654 73.0882403990625,19.2135836610378 73.0880371516362,19.2135158352867 73.0878647424753,19.2135219785159 73.0877736586954,19.2134912606708 73.0875882374376,19.2134206092658 73.0872759489088,19.2133591735318 73.0870612515559,19.2133130958681 73.0868790830978,19.2132455160063 73.0868042642144,19.2131871518277 73.0867814928202,19.213138002494 73.0867619751241,19.2130888539939 73.0866676376462,19.213002843447 73.0863358314213,19.2127693845675 73.0860723384804,19.2126035063582 73.0858348697334,19.2124376279815 73.0856338339593,19.212268431797 73.0855672131012,19.2122291129598 73.0855255743912,19.2122291129598 73.0853592701809,19.2124585016942 73.0853192978458,19.2125163800651 73.0852873196183,19.2125302206527 73.0852713305045,19.2125264457929 73.0852526760893,19.2125138632089 73.0851900518359,19.2124283044965 73.0850794602413,19.2123251302716 73.0849715330498,19.2122244728427 73.0848902552795,19.2122156651026 73.0848436201399,19.2122219568303 73.0848218854016,19.2122428746811 73.0848052297379,19.2123352749015 73.0848177208119,19.2127186386419 73.0847760830002,19.2127933451353 73.0846957367829,19.2128617174778 73.08441799207,19.2130980697099</coordinates></LinearRing></outerBoundaryIs></Polygon></MultiGeometry>
  </Placemark>
  <Placemark>
	<Style><LineStyle><color>ff0000ff</color></LineStyle><PolyStyle><fill>0</fill></PolyStyle></Style>
	<ExtendedData><SchemaData schemaUrl="#kalyan_dombivli_ward_boundary">
		<SimpleData name="objectid">7</SimpleData>
		<SimpleData name="townname">Kalyan-Dombivli</SimpleData>
		<SimpleData name="towncensuscode2011">802790</SimpleData>
		<SimpleData name="town_lgd_code">251483</SimpleData>
		<SimpleData name="ward_lgd_code">48899</SimpleData>
		<SimpleData name="ward_lgd_name">Kalyan-Dombivli (M Corp.) - Ward No.76</SimpleData>
		<SimpleData name="sourcewardcode">76</SimpleData>
		<SimpleData name="state">Maharashtra</SimpleData>
		<SimpleData name="st_area(shape)">135989.719087165</SimpleData>
		<SimpleData name="st_length(shape)">1710.52604133329</SimpleData>
	</SchemaData></ExtendedData>
      <MultiGeometry><Polygon><outerBoundaryIs><LinearRing><coordinates>73.090540175123,19.2114616358084 73.0905231987608,19.2114321145137 73.0903049575541,19.2111853377957 73.0901642122103,19.2110261891764 73.090139955901,19.21091023032 73.0900959914527,19.2108028611869 73.0900338352216,19.2106725863863 73.0900065470982,19.2105208377831 73.0899686471763,19.2103633630535 73.0899489390373,19.2103161206901 73.0899155863874,19.2102960780342 73.089845850172,19.2102946461128 73.0896624132926,19.2103318675805 73.0893319230996,19.2103834048529 73.0892606705279,19.2103934266 73.0891954824827,19.2104106054034 73.0891879024983,19.2104707324736 73.0891697107155,19.2105380174214 73.0891217442725,19.2106710976326 73.0891091310276,19.2107077464176 73.0890817818188,19.2107341452782 73.0890347855564,19.2107341452782 73.0889908211081,19.2107141026733 73.0888756049864,19.2106725863863 73.0887095451179,19.2106120199741 73.0886443444963,19.2105891508417 73.0886170222369,19.2105844597807 73.0886101914475,19.2105950150919 73.0886056603452,19.2106115652891 73.0885390511652,19.2109030724365 73.088501435111,19.2111595947359 73.0884540597595,19.211584596045 73.0884303720838,19.2117970962877 73.0884303720838,19.2119044647715 73.0884493220447,19.21206551779 73.0884611663317,19.2123473587082 73.0884516909021,19.2125263058262 73.0883877344472,19.2128931463002 73.0883285148087,19.2129893294873 73.0881958641839,19.2131816965409 73.0880655824166,19.2133539320169 73.0879501165632,19.2135189382876 73.0880371516362,19.2135158352867 73.0882403990625,19.2135836610378 73.0883778062667,19.2136269121654 73.088558932679,19.21366426521 73.0886755205282,19.2136917884113 73.0888066817462,19.2137605963943 73.0885277045448,19.2141144673844 73.0885610149739,19.2141655818786 73.0887234043261,19.2142068674012 73.0892114850711,19.2143390768588 73.0895497968953,19.2144343023476 73.0899043745144,19.214572532661 73.0902036500479,19.2146677580147 73.0905517211694,19.2147384088837 73.090827784236,19.2148543574057 73.0908706662144,19.2147647485663 73.0911157481835,19.214167133373 73.0913732394799,19.2136398246441 73.0915841962479,19.2132736364663 73.091795153016,19.2130011918446 73.0921270993781,19.2125881303849 73.0921426734701,19.2125738359708 73.0919455220114,19.2123632852403 73.0918484976725,19.2123031588622 73.0917317651946,19.2122730965132 73.0915210392935,19.2122473273269 73.0912951543221,19.2122530540958 73.0910952306623,19.2122578859244 73.0907342309873,19.2122315806198 73.0905780822314,19.2122186960239 73.0905598904485,19.2121972225435 73.0905674093475,19.2117751358354 73.0905509153805,19.2115222612878 73.0905473562554,19.2114851215252 73.090540175123,19.2114616358084</coordinates></LinearRing></outerBoundaryIs></Polygon></MultiGeometry>
  </Placemark>
  <Placemark>
	<Style><LineStyle><color>ff0000ff</color></LineStyle><PolyStyle><fill>0</fill></PolyStyle></Style>
	<ExtendedData><SchemaData schemaUrl="#kalyan_dombivli_ward_boundary">
		<SimpleData name="objectid">8</SimpleData>
		<SimpleData name="townname">Kalyan-Dombivli</SimpleData>
		<SimpleData name="towncensuscode2011">802790</SimpleData>
		<SimpleData name="town_lgd_code">251483</SimpleData>
		<SimpleData name="ward_lgd_code">48904</SimpleData>
		<SimpleData name="ward_lgd_name">Kalyan-Dombivli (M Corp.) - Ward No.81</SimpleData>
		<SimpleData name="sourcewardcode">81</SimpleData>
		<SimpleData name="state">Maharashtra</SimpleData>
		<SimpleData name="st_area(shape)">293437.090484135</SimpleData>
		<SimpleData name="st_length(shape)">3221.53378087526</SimpleData>
	</SchemaData></ExtendedData>
      <MultiGeometry><Polygon><outerBoundaryIs><LinearRing><coordinates>73.0904390095507,19.2035252547436 73.09048284015,19.2036770250715 73.0907561813213,19.2040544155669 73.090782527112,19.204093264689 73.0909908850539,19.2043146243432 73.0915248041329,19.2049122931582 73.0917357671892,19.2051459489746 73.0922629147676,19.2056791756644 73.0922845839289,19.2057326943695 73.0922712493368,19.2057578800856 73.092165506848,19.2058887271521 73.0919831937612,19.206107624273 73.0918972456497,19.2062527363351 73.0918894321034,19.2063904687791 73.0919284989367,19.2067225039355 73.0919400566612,19.2071401584635 73.0919319179247,19.2081662305662 73.0919441260294,19.2084198652656 73.0919929602449,19.2086196984925 73.0920430961192,19.2089975357296 73.0920613283262,19.2095337011626 73.092089560579,19.2100173307289 73.0921045624442,19.2101574216743 73.0921224308336,19.2106232148964 73.0921138968383,19.2107501466163 73.0920936272523,19.21076727194 73.0920092386162,19.2107831070096 73.0917539984979,19.2107831070096 73.0915274092472,19.2107658909203 73.0912565429346,19.2107560532754 73.0912018490085,19.2107855662085 73.0911419457521,19.2108372144649 73.0910227644667,19.2110026864282 73.0909260859792,19.211139628529 73.0908727458143,19.2113096249636 73.0908594112222,19.2113930491149 73.0908194065476,19.21168582137 73.0908010710344,19.2117204501569 73.0907810682479,19.2118495212569 73.0907860691691,19.2118872980002 73.0908260738437,19.2119030388022 73.0909277532524,19.2119077603639 73.0909344205484,19.2119313715634 73.0909477551405,19.2120210913759 73.0909494224136,19.212112385557 73.0909292291844,19.2122457919318 73.0910952306623,19.2122578859244 73.0912951543221,19.2122530540958 73.0915210392935,19.2122473273269 73.0917317651946,19.2122730965132 73.0918484976725,19.2123031588622 73.0919455220114,19.2123632852403 73.0921426734701,19.2125738359708 73.0922387824258,19.2124855975625 73.0924559438575,19.2123244736997 73.0925614222415,19.2122219407129 73.0926235272687,19.2121266537144 73.0926606959619,19.2120549574835 73.0926700025082,19.2120022263486 73.0927041277093,19.2118323129138 73.0927692762286,19.2115481484998 73.0929088798137,19.2111087176768 73.0929988469877,19.210845057771 73.0931074272544,19.2105608916508 73.0932718494941,19.2103235975578 73.0934486810611,19.2100950914657 73.0936720471565,19.2097728397455 73.0938421323758,19.209535975451 73.0939958871215,19.2093223839178 73.094069142038,19.2091986432498 73.0941249831127,19.2090726714573 73.0941808241874,19.2088324451811 73.0942397680431,19.2086127262878 73.0943821016082,19.2081176251923 73.0944158549067,19.2080145034027 73.0944575502106,19.2079507548613 73.0944952740627,19.2079207561879 73.0946163876242,19.2078626327352 73.0948506736402,19.2077557604173 73.0951266549602,19.2076207649113 73.0952100446696,19.2075588909797 73.0952338706859,19.20749514311 73.0952987685753,19.2071372139764 73.0953867783203,19.2065311914148 73.0955306839372,19.2059750909265 73.0955640383837,19.2056904871421 73.0955837025053,19.2055226990121 73.0956091939981,19.2054095781465 73.0956317390168,19.2052480240385 73.0951993223784,19.2051471951585 73.0951463047086,19.2050881867746 73.095087606093,19.2050273909556 73.0950762450996,19.2049665951141 73.0950554167615,19.2048324863611 73.0950454948691,19.2047076751241 73.0949643015405,19.2046001017371 73.0948964392107,19.2044581965811 73.0947001213885,19.2044913838899 73.0946395291243,19.2044948170593 73.0946312736068,19.2044748619198 73.0945877232818,19.2043586337665 73.094551746653,19.2042942611372 73.0945044090308,19.2042728035885 73.0943945863941,19.2042817440927 73.0940480765446,19.2043353879563 73.094002632571,19.2043371762262 73.093972336888,19.2043300231466 73.0939520295727,19.2043003147885 73.0937992414142,19.2042739479799 73.0937742772325,19.2042590708916 73.0937716263041,19.2042334650247 73.0937716263041,19.2041816085511 73.0937716263041,19.2041458465095 73.0937470106687,19.2041351177258 73.0933852779684,19.2040553673896 73.0930066542458,19.2039616688178 73.0927357322376,19.2038756959137 73.0926896827995,19.2038596743952 73.0926678699078,19.2038653963662 73.0926436333614,19.2038997281885 73.0926072776435,19.2039523711504 73.0925684991693,19.2039924249212 73.092540627141,19.2040095908199 73.092518132428,19.2040081605405 73.092488517668,19.2039981468876 73.0924061125121,19.2039569487247 73.0923588512467,19.2039455047887 73.0922921998458,19.2039512267568 73.0922473622351,19.2039683926599 73.0922110074155,19.2040130239995 73.0921637452518,19.2040691001035 73.0921092130225,19.2040908435648 73.0920631626861,19.2041068650608 73.0920207487299,19.2041022874907 73.0919849095433,19.2040780041408 73.0919727598291,19.2040586173296 73.0919536598495,19.2039949147613 73.0919185950107,19.2038514235585 73.0918998938832,19.2037255918862 73.0920167763797,19.2033723797495 73.0920144389634,19.2032730393887 73.0917736608228,19.2033193981181 73.0915913243797,19.2033392660198 73.0914253507495,19.2033679650384 73.0912681446764,19.2033700341161 73.0910307271334,19.2033458889359 73.0909248022867,19.2032906999394 73.0907385204428,19.2032044662468 73.0905376283992,19.2031699730965 73.090398830603,19.2032182635049 73.0904061357028,19.2033596861822 73.0904390095507,19.2035252547436</coordinates></LinearRing></outerBoundaryIs></Polygon></MultiGeometry>
  </Placemark>
  <Placemark>
	<Style><LineStyle><color>ff0000ff</color></LineStyle><PolyStyle><fill>0</fill></PolyStyle></Style>
	<ExtendedData><SchemaData schemaUrl="#kalyan_dombivli_ward_boundary">
		<SimpleData name="objectid">9</SimpleData>
		<SimpleData name="townname">Kalyan-Dombivli</SimpleData>
		<SimpleData name="towncensuscode2011">802790</SimpleData>
		<SimpleData name="town_lgd_code">251483</SimpleData>
		<SimpleData name="ward_lgd_code">48903</SimpleData>
		<SimpleData name="ward_lgd_name">Kalyan-Dombivli (M Corp.) - Ward No.80</SimpleData>
		<SimpleData name="sourcewardcode">80</SimpleData>
		<SimpleData name="state">Maharashtra</SimpleData>
		<SimpleData name="st_area(shape)">273377.06694884</SimpleData>
		<SimpleData name="st_length(shape)">2841.54609783853</SimpleData>
	</SchemaData></ExtendedData>
      <MultiGeometry><Polygon><outerBoundaryIs><LinearRing><coordinates>73.0903002108561,19.2044358763075 73.0902495135347,19.2044165599494 73.0901573041658,19.2043132101846 73.0898776541263,19.204065290268 73.0895523463141,19.2038389276885 73.0891585527413,19.2036449030996 73.0886734445216,19.2034670466013 73.0885433181628,19.2034244757073 73.0884941237229,19.2035982059786 73.0884757882096,19.2037052455738 73.0884657872656,19.2038248785291 73.088482456404,19.2039996051619 73.0885291283746,19.2041884986561 73.0886408087273,19.2045048943063 73.0887708245933,19.2048386053134 73.0889325105647,19.2052148156745 73.0890291890522,19.2054934319954 73.0891425357798,19.2058664927526 73.0892016053997,19.2060608939185 73.0892542161326,19.2064929816491 73.0892792198402,19.206832984798 73.0892825534882,19.2070769677721 73.0892592170538,19.207327247389 73.0892292133232,19.2073665987859 73.0892025432408,19.207383913635 73.0891055314783,19.2074033170204 73.0890242842508,19.207393645443 73.0889239199756,19.2074000934441 73.0888153630651,19.2074091194576 73.0888044395513,19.2074291064769 73.0887796792871,19.2077235213272 73.0887848886174,19.2079547139088 73.0887744708551,19.2081785276039 73.0887536344321,19.2088352106462 73.0887406124537,19.2096566747171 73.0887291526456,19.210225105449 73.0887067540523,19.2102813779359 73.0886572685583,19.2104191078543 73.0886170213386,19.2105844623256 73.0886443444963,19.2105891508417 73.0887095451179,19.2106120199741 73.0888756049864,19.2106725863863 73.0889908211081,19.2107141026733 73.0890347855564,19.2107341452782 73.0890817818188,19.2107341452782 73.0891091310276,19.2107077464176 73.0891217442725,19.2106710976326 73.0891697107155,19.2105380174214 73.0891879024983,19.2104707324736 73.0891954824827,19.2104106054034 73.0892606705279,19.2103934266 73.0893319230996,19.2103834048529 73.0896624132926,19.2103318675805 73.089845850172,19.2102946461128 73.0899155863874,19.2102960780342 73.0899489390373,19.2103161206901 73.0899686471763,19.2103633630535 73.0900065470982,19.2105208377831 73.0900338352216,19.2106725863863 73.0900959914527,19.2108028611869 73.090139955901,19.21091023032 73.0901642122103,19.2110261891764 73.0903049575541,19.2111853377957 73.0905231987608,19.2114321145137 73.090540175123,19.2114616358084 73.0905473562554,19.2114851215252 73.0905509153805,19.2115222612878 73.0905674093475,19.2117751358354 73.0905598904485,19.2121972225435 73.0905780822314,19.2122186960239 73.0907342309873,19.2122315806198 73.0909292291844,19.2122457919318 73.0909494224136,19.212112385557 73.0909477551405,19.2120210913759 73.0909344205484,19.2119313715634 73.0909277532524,19.2119077603639 73.0908260738437,19.2119030388022 73.0907860691691,19.2118872980002 73.0907810682479,19.2118495212569 73.0908010710344,19.2117204501569 73.0908194065476,19.21168582137 73.0908594112222,19.2113930491149 73.0908727458143,19.2113096249636 73.0909260859792,19.211139628529 73.0910227644667,19.2110026864282 73.0911419457521,19.2108372144649 73.0912018490085,19.2107855662085 73.0912565429346,19.2107560532754 73.0915274092472,19.2107658909203 73.0917539984979,19.2107831070096 73.0920092386162,19.2107831070096 73.0920936272523,19.21076727194 73.0921138968383,19.2107501466163 73.0921224308336,19.2106232148964 73.0921045624442,19.2101574216743 73.092089560579,19.2100173307289 73.0920613283262,19.2095337011626 73.0920430961192,19.2089975357296 73.0919929602449,19.2086196984925 73.0919441260294,19.2084198652656 73.0919319179247,19.2081662305662 73.0919400566612,19.2071401584635 73.0919284989367,19.2067225039355 73.0918894321034,19.2063904687791 73.0918972456497,19.2062527363351 73.0919831937612,19.206107624273 73.092165506848,19.2058887271521 73.0922712493368,19.2057578800856 73.0922845839289,19.2057326943695 73.0922629147676,19.2056791756644 73.0917357671892,19.2051459489746 73.0915248041329,19.2049122931582 73.0909908850539,19.2043146243432 73.090782527112,19.204093264689 73.0907561813213,19.2040544155669 73.0905448580406,19.2042610602155 73.0903696102034,19.2044324270186 73.0903002108561,19.2044358763075</coordinates></LinearRing></outerBoundaryIs></Polygon></MultiGeometry>
  </Placemark>
  <Placemark>
	<Style><LineStyle><color>ff0000ff</color></LineStyle><PolyStyle><fill>0</fill></PolyStyle></Style>
	<ExtendedData><SchemaData schemaUrl="#kalyan_dombivli_ward_boundary">
		<SimpleData name="objectid">10</SimpleData>
		<SimpleData name="townname">Kalyan-Dombivli</SimpleData>
		<SimpleData name="towncensuscode2011">802790</SimpleData>
		<SimpleData name="town_lgd_code">251483</SimpleData>
		<SimpleData name="ward_lgd_code">48882</SimpleData>
		<SimpleData name="ward_lgd_name">Kalyan-Dombivli (M Corp.) - Ward No.59</SimpleData>
		<SimpleData name="sourcewardcode">59</SimpleData>
		<SimpleData name="state">Maharashtra</SimpleData>
		<SimpleData name="st_area(shape)">180646.797531645</SimpleData>
		<SimpleData name="st_length(shape)">2219.23924471136</SimpleData>
	</SchemaData></ExtendedData>
      <MultiGeometry><Polygon><outerBoundaryIs><LinearRing><coordinates>73.0893242164528,19.2245829637675 73.0897266060045,19.2239653348025 73.0902006379968,19.2233603751827 73.0899398426968,19.2231570066464 73.0894971681961,19.2228578269373 73.0893034590815,19.2226841407667 73.089075565477,19.222508273609 73.0885987819451,19.2222397682195 73.0885677334739,19.2222287742714 73.0885405666231,19.2222131998636 73.0885252539407,19.222201839477 73.0884555725225,19.2221407047551 73.08836278913,19.2220593031585 73.0880734804046,19.2218389267481 73.087981898958,19.221751768876 73.0878448079608,19.2215758065663 73.0876911798775,19.22143695784 73.0876567070285,19.2214132326456 73.0873851553013,19.2212693206493 73.0868297413341,19.221052258098 73.0867738849881,19.2210125028221 73.0865543115798,19.2208158027904 73.0862243567827,19.220543678581 73.0861754551936,19.2205002256954 73.0861722796491,19.2204954467 73.0861529856334,19.2205119356754 73.0858724175156,19.2208922360134 73.0856280524022,19.2212319421893 73.0853587976671,19.2216101041541 73.0852257535803,19.2217911948578 73.085114251094,19.2219183588529 73.08498247453,19.2220865441887 73.0848188401128,19.2223791591362 73.0847913265122,19.222440690742 73.0847821205772,19.2224630450454 73.0850158658074,19.2225193311559 73.0850572538875,19.2225312640768 73.0854588969392,19.2226457939488 73.0858484333959,19.2227278356688 73.0860874517368,19.2227908668149 73.0867408099177,19.2229182912911 73.086852178555,19.2229400119022 73.0868832027717,19.2229460623222 73.0868021594617,19.2232936145986 73.0868005703419,19.2233004292586 73.0867799117853,19.2235019951362 73.0867828843106,19.2237069070158 73.0867995498558,19.2237754919641 73.0868622450761,19.2239155126569 73.0869139503072,19.2240037678313 73.0870332690348,19.2241934212522 73.0870988945596,19.2243079643854 73.087134690627,19.2243868303809 73.087134690627,19.2244957403414 73.0871287240169,19.2247360930144 73.0871505997907,19.2248957016658 73.0871844069881,19.2250891099678 73.0872241798973,19.225166097634 73.0873275894612,19.2252843959952 73.087381601566,19.2253408032825 73.0874426923952,19.2254838126037 73.0874974204573,19.2256508568331 73.0875356024501,19.225745795857 73.0875394211884,19.2258623659884 73.0875427207004,19.2260290552797 73.0875448667756,19.2261253028777 73.0875508756066,19.226394741736 73.0875794339478,19.2265418885601 73.088337043414,19.2264466183457 73.0882502975986,19.2260598895314 73.0882421804217,19.2259142571858 73.0882617663898,19.2257794691366 73.0882781759151,19.2255911008968 73.0892306605092,19.2255231452344 73.0894232107971,19.2255400934383 73.0895817975807,19.2255642141536 73.0896278649851,19.2255712212644 73.0900301449424,19.2249844737272 73.0900204485272,19.2249789586083 73.0893242164528,19.2245829637675</coordinates></LinearRing></outerBoundaryIs></Polygon></MultiGeometry>
  </Placemark>
  <Placemark>
	<Style><LineStyle><color>ff0000ff</color></LineStyle><PolyStyle><fill>0</fill></PolyStyle></Style>
	<ExtendedData><SchemaData schemaUrl="#kalyan_dombivli_ward_boundary">
		<SimpleData name="objectid">11</SimpleData>
		<SimpleData name="townname">Kalyan-Dombivli</SimpleData>
		<SimpleData name="towncensuscode2011">802790</SimpleData>
		<SimpleData name="town_lgd_code">251483</SimpleData>
		<SimpleData name="ward_lgd_code">48881</SimpleData>
		<SimpleData name="ward_lgd_name">Kalyan-Dombivli (M Corp.) - Ward No.58</SimpleData>
		<SimpleData name="sourcewardcode">58</SimpleData>
		<SimpleData name="state">Maharashtra</SimpleData>
		<SimpleData name="st_area(shape)">167140.377963325</SimpleData>
		<SimpleData name="st_length(shape)">2045.94656321536</SimpleData>
	</SchemaData></ExtendedData>
      <MultiGeometry><Polygon><outerBoundaryIs><LinearRing><coordinates>73.0867799117853,19.2235019951362 73.0868005703419,19.2233004292586 73.0868021594617,19.2232936145986 73.0868832027717,19.2229460623222 73.086852178555,19.2229400119022 73.0867408099177,19.2229182912911 73.0860874517368,19.2227908668149 73.0858484333959,19.2227278356688 73.0854588969392,19.2226457939488 73.0850572538875,19.2225312640768 73.0850158658074,19.2225193311559 73.0847821205772,19.2224630450454 73.0846494816306,19.2227851124215 73.0845927934445,19.2229941246864 73.0845280069463,19.223180196357 73.0844457275545,19.2233110075036 73.0843299760368,19.2234431434763 73.0841261141629,19.2236111686332 73.0840449154444,19.2237041536761 73.0840120901056,19.2238265016669 73.0839982686266,19.223958637225 73.0839616308377,19.2241548398288 73.0839160772697,19.2243598679489 73.083800676095,19.2244630990843 73.0836594618307,19.2245706306352 73.0835638002361,19.2246881991074 73.0834878791198,19.2248301410881 73.083419549666,19.2249362389085 73.0833648853844,19.2250064934863 73.0833390722947,19.2250925181089 73.083307184797,19.2252731715357 73.083276911572,19.2255208525065 73.083260303519,19.2256373447615 73.0832697933216,19.2257269536103 73.083291146276,19.2257964011979 73.0833718131918,19.2258636077741 73.0834785788617,19.2258546472381 73.0836304219925,19.2257695178812 73.0837276969613,19.2257023112666 73.0839115219129,19.2255670904535 73.0840906971845,19.2255871634795 73.0841225846821,19.225588596964 73.0841818034223,19.2256430795461 73.0842076174103,19.2257219355704 73.0841701459849,19.226198781003 73.0841309722519,19.2268867800325 73.0838450007678,19.2269718553733 73.0838463239862,19.22715845691 73.0848757286231,19.2270481491712 73.0849227994456,19.2270223415874 73.0849345961219,19.2269279478512 73.0850144716221,19.2262888306158 73.0850358955433,19.2261174043186 73.0854785637557,19.2260730173277 73.0854867842389,19.2261412721818 73.0855533646728,19.226694093977 73.0860766755466,19.2267271351459 73.0863374187444,19.2268218275671 73.0864439068348,19.2268457657293 73.0867086331625,19.2269052743805 73.0868355336711,19.2265577908151 73.0868653298907,19.2264762005594 73.0875508756066,19.226394741736 73.0875448667756,19.2261253028777 73.0875427207004,19.2260290552797 73.0875394211884,19.2258623659884 73.0875356024501,19.225745795857 73.0874974204573,19.2256508568331 73.0874426923952,19.2254838126037 73.087381601566,19.2253408032825 73.0873275894612,19.2252843959952 73.0872241798973,19.225166097634 73.0871844069881,19.2250891099678 73.0871505997907,19.2248957016658 73.0871287240169,19.2247360930144 73.087134690627,19.2244957403414 73.087134690627,19.2243868303809 73.0870988945596,19.2243079643854 73.0870332690348,19.2241934212522 73.0869139503072,19.2240037678313 73.0868622450761,19.2239155126569 73.0867995498558,19.2237754919641 73.0867828843106,19.2237069070158 73.0867799117853,19.2235019951362</coordinates></LinearRing></outerBoundaryIs></Polygon></MultiGeometry>
  </Placemark>
  <Placemark>
	<Style><LineStyle><color>ff0000ff</color></LineStyle><PolyStyle><fill>0</fill></PolyStyle></Style>
	<ExtendedData><SchemaData schemaUrl="#kalyan_dombivli_ward_boundary">
		<SimpleData name="objectid">12</SimpleData>
		<SimpleData name="townname">Kalyan-Dombivli</SimpleData>
		<SimpleData name="towncensuscode2011">802790</SimpleData>
		<SimpleData name="town_lgd_code">251483</SimpleData>
		<SimpleData name="ward_lgd_code">48902</SimpleData>
		<SimpleData name="ward_lgd_name">Kalyan-Dombivli (M Corp.) - Ward No.79</SimpleData>
		<SimpleData name="sourcewardcode">79</SimpleData>
		<SimpleData name="state">Maharashtra</SimpleData>
		<SimpleData name="st_area(shape)">290830.020992445</SimpleData>
		<SimpleData name="st_length(shape)">2484.71485808113</SimpleData>
	</SchemaData></ExtendedData>
      <MultiGeometry><Polygon><outerBoundaryIs><LinearRing><coordinates>73.0853724520594,19.2084326661771 73.0854658481029,19.2084722022396 73.0855210046613,19.2085751727443 73.0856634711772,19.2088816144645 73.0858677732256,19.2093949186116 73.0859935041277,19.2097005028718 73.0859811370212,19.209784197598 73.0859770146524,19.2098289647835 73.0859914424942,19.2098542677855 73.0860429716555,19.2098815167764 73.0861645801888,19.2098931952776 73.0863212275097,19.2098912492849 73.0864201634635,19.2098776239425 73.0864696309913,19.2098659462886 73.0865809331533,19.2098484281095 73.0867004809513,19.2098289647835 73.086820027851,19.2098172862778 73.0868467401543,19.2098246045367 73.0868599319142,19.2098532557673 73.0868625702662,19.209880660845 73.0868704844239,19.2099628760507 73.0868694953787,19.2100041397246 73.0868859848541,19.2100236038781 73.086931330013,19.2100489068502 73.0869972870161,19.2100430671811 73.0870714887569,19.2100352815209 73.0871559959706,19.2100119253863 73.0872446255532,19.2100080325554 73.087318992584,19.2100039836381 73.087387587939,19.2099940187031 73.0874166089126,19.209965367497 73.0875076298105,19.2099516649658 73.0875801822444,19.2099354709867 73.0876157986488,19.2099043291714 73.0875970840465,19.2098036617776 73.0876032671506,19.2097121813858 73.0876115118883,19.2095992898974 73.0876341844677,19.2094533104334 73.0878329573856,19.209509269314 73.0881775565184,19.209600506357 73.088467406928,19.2096339606903 73.0887406151487,19.2096566747171 73.0887536344321,19.2088352106462 73.0887744708551,19.2081785276039 73.0887848886174,19.2079547139088 73.0887796792871,19.2077235213272 73.0888044395513,19.2074291064769 73.0888153630651,19.2074091194576 73.0889239199756,19.2074000934441 73.0890242842508,19.207393645443 73.0891055314783,19.2074033170204 73.0892025432408,19.207383913635 73.0892292133232,19.2073665987859 73.0892592170538,19.207327247389 73.0892825534882,19.2070769677721 73.0892792198402,19.206832984798 73.0892542161326,19.2064929816491 73.0892016053997,19.2060608939185 73.0891425357798,19.2058664927526 73.0890291890522,19.2054934319954 73.0889325105647,19.2052148156745 73.0887708245933,19.2048386053134 73.0886408087273,19.2045048943063 73.0885291283746,19.2041884986561 73.088482456404,19.2039996051619 73.0884657872656,19.2038248785291 73.0884757882096,19.2037052455738 73.0884941237229,19.2035982059786 73.0885433181628,19.2034244757073 73.0883241669627,19.2033527875592 73.0879698669231,19.2032389593899 73.0876703560309,19.2031147831926 73.0872539617439,19.2028871264459 73.0868375683552,19.2027595006589 73.0865233008379,19.202791786532 73.0863503140603,19.2028602215676 73.0862650271089,19.2029280873436 73.0860196190514,19.2030466587524 73.0857710156864,19.2032217128193 73.0855920389424,19.2034045280728 73.085489767544,19.2035631971266 73.0854824624441,19.2038253459578 73.0854495885962,19.2040495521092 73.0854495885962,19.2042323664427 73.0854824624441,19.2044151805731 73.0855226404935,19.2046048922227 73.0856066500405,19.2050360557142 73.0856577857397,19.205377536255 73.0856650908396,19.2055465486577 73.0856687424913,19.2056985487115 73.0857041693511,19.2059053584131 73.0857718008139,19.2062277364759 73.0857750212742,19.2067325920741 73.0857943449343,19.2074168814895 73.0857812043783,19.2075107961084 73.0857317368506,19.2075847601528 73.0856802076892,19.2076081174805 73.0854390531546,19.2075847601528 73.0852267534052,19.2075477781347 73.0851010234014,19.207536099467 73.0849773541328,19.2075438852456 73.0848969683897,19.2076548312775 73.084817003058,19.2079403351095 73.0847723990092,19.2080995902087 73.0847850302204,19.2083063485377 73.0848692409901,19.2083699663023 73.0853724520594,19.2084326661771</coordinates></LinearRing></outerBoundaryIs></Polygon></MultiGeometry>
  </Placemark>
  <Placemark>
	<Style><LineStyle><color>ff0000ff</color></LineStyle><PolyStyle><fill>0</fill></PolyStyle></Style>
	<ExtendedData><SchemaData schemaUrl="#kalyan_dombivli_ward_boundary">
		<SimpleData name="objectid">13</SimpleData>
		<SimpleData name="townname">Kalyan-Dombivli</SimpleData>
		<SimpleData name="towncensuscode2011">802790</SimpleData>
		<SimpleData name="town_lgd_code">251483</SimpleData>
		<SimpleData name="ward_lgd_code">48885</SimpleData>
		<SimpleData name="ward_lgd_name">Kalyan-Dombivli (M Corp.) - Ward No.62</SimpleData>
		<SimpleData name="sourcewardcode">62</SimpleData>
		<SimpleData name="state">Maharashtra</SimpleData>
		<SimpleData name="st_area(shape)">162537.08140578</SimpleData>
		<SimpleData name="st_length(shape)">2066.14781716763</SimpleData>
	</SchemaData></ExtendedData>
      <MultiGeometry><Polygon><outerBoundaryIs><LinearRing><coordinates>73.0804166415713,19.217109118649 73.0804512554559,19.217097338021 73.0806961047613,19.2179252313025 73.0807339283263,19.2180531218501 73.0807614724696,19.2182124290764 73.0807483373035,19.2189501240431 73.0807378315063,19.2191967236967 73.0806927450621,19.2194951373179 73.0806702916716,19.2196785842355 73.0806672895019,19.2197225182939 73.0806617576764,19.2197685814374 73.0806691562011,19.2197684626829 73.080734642487,19.2197574108887 73.0812329478566,19.2196733106887 73.0813366862039,19.2196488218179 73.08159784083,19.2195567013886 73.0817509308224,19.2194773368503 73.0820616149601,19.2193001820131 73.0822642353623,19.2192023925426 73.0824113219137,19.2191868034279 73.0824618099276,19.2191755675245 73.0832338831682,19.2189746164109 73.0833396535047,19.2189080330259 73.0834689282606,19.2187267771292 73.0836311675941,19.2184968932796 73.0837052813001,19.2183918779135 73.0837941103086,19.2183254749703 73.0844678701279,19.2179758594099 73.0845932273308,19.2178759832912 73.0848243548703,19.2176762308717 73.0851456624845,19.217231882107 73.0853404118482,19.2169625554637 73.0843271652083,19.2161595725566 73.0836631754661,19.2167070584361 73.0832386505274,19.2171472597834 73.0831707711296,19.2171714784322 73.0831137379905,19.2171700609912 73.0830687108352,19.2171346292023 73.0830296880193,19.2170850255334 73.0828892732555,19.2169444680099 73.0824864372411,19.2166421070366 73.0820951975787,19.2164197112824 73.0820670560557,19.2163887081139 73.0820694006586,19.2163532770049 73.0823617924022,19.2158945262019 73.0823978139467,19.2158491736679 73.0824008161164,19.2158279144247 73.0823722990977,19.2158052377259 73.0822582310229,19.2157329577953 73.082120149184,19.2156465041399 73.0818965171872,19.2155118637503 73.08174192611,19.2154069855931 73.0815212953847,19.2152822655124 73.0814930487589,19.2152730965736 73.0813891334434,19.215245403135 73.0813532089169,19.2152358295698 73.0813082563218,19.2153273289432 73.0812403877037,19.2154654745272 73.0810688966211,19.2154381340005 73.0810473370542,19.2154346968181 73.0810084588671,19.2155026159354 73.0809971939934,19.2155222932015 73.0807842654233,19.2154431260582 73.0807648474401,19.2154707626296 73.0806693538305,19.2156357862857 73.0805685125499,19.2158616626873 73.0804710830708,19.2160368193252 73.0803152379455,19.2162912714855 73.0800946710005,19.2165684235999 73.0800455466292,19.2166123695171 73.0799348562199,19.2167406317764 73.0798448028076,19.216909285561 73.0798312948407,19.2170566800883 73.0798357971968,19.2171558882766 73.0798493051638,19.2172380888168 73.0798898299629,19.2172905273196 73.0799483641868,19.2173160378448 73.0801059574337,19.2172933621996 73.0802230267799,19.2172423411381 73.0802950689707,19.2171998230093 73.0803641098902,19.2171445504433 73.0804166415713,19.217109118649</coordinates></LinearRing></outerBoundaryIs></Polygon></MultiGeometry>
  </Placemark>
  <Placemark>
	<Style><LineStyle><color>ff0000ff</color></LineStyle><PolyStyle><fill>0</fill></PolyStyle></Style>
	<ExtendedData><SchemaData schemaUrl="#kalyan_dombivli_ward_boundary">
		<SimpleData name="objectid">14</SimpleData>
		<SimpleData name="townname">Kalyan-Dombivli</SimpleData>
		<SimpleData name="towncensuscode2011">802790</SimpleData>
		<SimpleData name="town_lgd_code">251483</SimpleData>
		<SimpleData name="ward_lgd_code">48900</SimpleData>
		<SimpleData name="ward_lgd_name">Kalyan-Dombivli (M Corp.) - Ward No.77</SimpleData>
		<SimpleData name="sourcewardcode">77</SimpleData>
		<SimpleData name="state">Maharashtra</SimpleData>
		<SimpleData name="st_area(shape)">96448.59852036</SimpleData>
		<SimpleData name="st_length(shape)">1677.550149724</SimpleData>
	</SchemaData></ExtendedData>
      <MultiGeometry><Polygon><outerBoundaryIs><LinearRing><coordinates>73.0847041162678,19.2106194119991 73.0845339286406,19.2106419036371 73.0843954695093,19.2106602013127 73.0843544578233,19.2110238131137 73.08442015162,19.2111080432859 73.0844191670664,19.2112519064947 73.0844182543781,19.2113852728498 73.0842359799188,19.2114390619986 73.0840667283361,19.2114353117141 73.0837353506076,19.2115780413237 73.083676931368,19.2116141843271 73.0835737104503,19.2116383817355 73.0835247190296,19.2116505563601 73.0834593692877,19.2117045422248 73.0834160588129,19.2117587571093 73.0833808053278,19.2118177274716 73.0833726845577,19.2118514332949 73.0833884230415,19.2118975037338 73.0834372105445,19.2120966473199 73.0834749820073,19.2122199981409 73.0835363593991,19.2122839019598 73.0835694093167,19.2123299722775 73.0837378057032,19.2124548082679 73.0838401022545,19.2125365462997 73.0839990555508,19.2126821879549 73.0840887622134,19.2127505510125 73.0842178132888,19.2128947062894 73.0843027984062,19.2129719855386 73.0844179929684,19.2130980714064 73.0846957367829,19.2128617174778 73.0847760830002,19.2127933451353 73.0848177208119,19.2127186386419 73.0848052297379,19.2123352749015 73.0848218854016,19.2122428746811 73.0848436201399,19.2122219568303 73.0848902552795,19.2122156651026 73.0849715330498,19.2122244728427 73.0850794602413,19.2123251302716 73.0851900518359,19.2124283044965 73.0852526760893,19.2125138632089 73.0852713305045,19.2125264457929 73.0852873196183,19.2125302206527 73.0853192978458,19.2125163800651 73.0853592701809,19.2124585016942 73.0855255743912,19.2122291129598 73.0855672131012,19.2122291129598 73.0856338339593,19.212268431797 73.0858348697334,19.2124376279815 73.0860723384804,19.2126035063582 73.0863358314213,19.2127693845675 73.0866676376462,19.213002843447 73.0867619751241,19.2130888539939 73.0867814928202,19.213138002494 73.0868042642144,19.2131871518277 73.0868790830978,19.2132455160063 73.0870612515559,19.2133130958681 73.0872759489088,19.2133591735318 73.0875882374376,19.2134206092658 73.0877736586954,19.2134912606708 73.0878647424753,19.2135219785159 73.0879501165632,19.2135189382876 73.0880655824166,19.2133539320169 73.0881958641839,19.2131816965409 73.0883285148087,19.2129893294873 73.0883877344472,19.2128931463002 73.0884516909021,19.2125263058262 73.0884611663317,19.2123473587082 73.0884493220447,19.21206551779 73.0884303720838,19.2119044647715 73.0884303747788,19.2117970962877 73.0883763707588,19.2117947736782 73.0881304650346,19.2117343993923 73.0878919371739,19.2116647363357 73.0876632449671,19.2116043611538 73.0872363529677,19.211514077002 73.0868885441543,19.211476923665 73.0864636194654,19.2114338255122 73.0860780391892,19.2113699205146 73.0858089200998,19.2113119603043 73.0856121962391,19.2112540009219 73.0855429487071,19.211215360474 73.0853509454932,19.2111618588224 73.0851794023083,19.211111329563 73.085056645728,19.2110667451091 73.0849622184186,19.2109983821997 73.0848536264738,19.2109166434033 73.0847985435772,19.2108140985108 73.0847591991644,19.2106996647348 73.0847041162678,19.2106194119991</coordinates></LinearRing></outerBoundaryIs></Polygon></MultiGeometry>
  </Placemark>
  <Placemark>
	<Style><LineStyle><color>ff0000ff</color></LineStyle><PolyStyle><fill>0</fill></PolyStyle></Style>
	<ExtendedData><SchemaData schemaUrl="#kalyan_dombivli_ward_boundary">
		<SimpleData name="objectid">15</SimpleData>
		<SimpleData name="townname">Kalyan-Dombivli</SimpleData>
		<SimpleData name="towncensuscode2011">802790</SimpleData>
		<SimpleData name="town_lgd_code">251483</SimpleData>
		<SimpleData name="ward_lgd_code">48883</SimpleData>
		<SimpleData name="ward_lgd_name">Kalyan-Dombivli (M Corp.) - Ward No.60</SimpleData>
		<SimpleData name="sourcewardcode">60</SimpleData>
		<SimpleData name="state">Maharashtra</SimpleData>
		<SimpleData name="st_area(shape)">173338.494708205</SimpleData>
		<SimpleData name="st_length(shape)">1877.75359552897</SimpleData>
	</SchemaData></ExtendedData>
      <MultiGeometry><Polygon><outerBoundaryIs><LinearRing><coordinates>73.0815076553654,19.2220900898059 73.0816975852676,19.2220374577406 73.0821022556419,19.2220338366295 73.0821352498639,19.2220569510059 73.0822508594477,19.2221173808768 73.0823705976886,19.2221739122451 73.0824758847315,19.2222109503494 73.082736006295,19.2222362921607 73.0831096722155,19.2222167980686 73.0832624424077,19.2221973048223 73.083431727228,19.22220510263 73.0836691402795,19.222230443594 73.0841274490594,19.2223045197687 73.0843091207492,19.222339607757 73.0845694902478,19.2223996481855 73.0846910448821,19.2224395710758 73.0847821205772,19.2224630450454 73.0847913301055,19.2224406898937 73.0848188401128,19.2223791591362 73.08498247453,19.2220865441887 73.085114251094,19.2219183588529 73.0852257535803,19.2217911948578 73.0853587976671,19.2216101041541 73.0856280524022,19.2212319421893 73.0858724175156,19.2208922360134 73.0861529856334,19.2205119356754 73.0861722796491,19.2204954467 73.0858232967376,19.220236001502 73.0857850635408,19.2201703729022 73.0854770869254,19.2198546291599 73.0853578005372,19.2197323350444 73.0847697516741,19.2192367949603 73.0847562904195,19.2192516164055 73.0843582127812,19.2196899100185 73.0839430042703,19.2201470631644 73.0837324921683,19.2200133179663 73.0834541985849,19.2198191911638 73.083118241245,19.2196321656515 73.0828625124432,19.2194546097602 73.0826425132335,19.2193756523315 73.0824921181869,19.2192675448135 73.0824618099276,19.2191755675245 73.0824113219137,19.2191868034279 73.0822642353623,19.2192023925426 73.0820616149601,19.2193001820131 73.0817509308224,19.2194773368503 73.08159784083,19.2195567013886 73.0813366862039,19.2196488218179 73.0812329478566,19.2196733106887 73.0807346469786,19.2197574100405 73.0806691562011,19.2197684626829 73.0806617576764,19.2197685814374 73.0805814896125,19.2197695798226 73.080308193357,19.2197729770468 73.080256645331,19.2197736183205 73.0802622687847,19.2198432567347 73.0803269519768,19.2206442817179 73.0806547526138,19.2207285171396 73.0805709622557,19.2220072928391 73.0805678352202,19.2220550051572 73.0811681119509,19.2220911450087 73.0812751525052,19.2220975890404 73.0813858518977,19.2220998368598 73.0815076553654,19.2220900898059</coordinates></LinearRing></outerBoundaryIs></Polygon></MultiGeometry>
  </Placemark>
  <Placemark>
	<Style><LineStyle><color>ff0000ff</color></LineStyle><PolyStyle><fill>0</fill></PolyStyle></Style>
	<ExtendedData><SchemaData schemaUrl="#kalyan_dombivli_ward_boundary">
		<SimpleData name="objectid">16</SimpleData>
		<SimpleData name="townname">Kalyan-Dombivli</SimpleData>
		<SimpleData name="towncensuscode2011">802790</SimpleData>
		<SimpleData name="town_lgd_code">251483</SimpleData>
		<SimpleData name="ward_lgd_code">48901</SimpleData>
		<SimpleData name="ward_lgd_name">Kalyan-Dombivli (M Corp.) - Ward No.78</SimpleData>
		<SimpleData name="sourcewardcode">78</SimpleData>
		<SimpleData name="state">Maharashtra</SimpleData>
		<SimpleData name="st_area(shape)">148360.077143525</SimpleData>
		<SimpleData name="st_length(shape)">2132.16149582511</SimpleData>
	</SchemaData></ExtendedData>
      <MultiGeometry><Polygon><outerBoundaryIs><LinearRing><coordinates>73.0838819107461,19.2095931507631 73.084042575333,19.2096949626394 73.0841673010204,19.2097468657276 73.0842582033406,19.209806754669 73.0843744731861,19.2099464954474 73.0845224535612,19.2101541099292 73.0845731895101,19.2102539245722 73.0846683193021,19.2104894865501 73.0847041171661,19.210619414544 73.0847591991644,19.2106996647348 73.0847985435772,19.2108140985108 73.0848536264738,19.2109166434033 73.0849622184186,19.2109983821997 73.085056645728,19.2110667451091 73.0851794023083,19.211111329563 73.0853509454932,19.2111618588224 73.0855429487071,19.211215360474 73.0856121962391,19.2112540009219 73.0858089200998,19.2113119603043 73.0860780391892,19.2113699205146 73.0864636194654,19.2114338255122 73.0868885441543,19.211476923665 73.0872363529677,19.211514077002 73.0876632449671,19.2116043611538 73.0878919371739,19.2116647363357 73.0881304650346,19.2117343993923 73.0883763707588,19.2117947736782 73.0884303747788,19.2117970962877 73.0884540597595,19.211584596045 73.088501435111,19.2111595947359 73.0885390511652,19.2109030724365 73.0886056603452,19.2106115652891 73.0886101914475,19.2105950150919 73.0886170213386,19.2105844623256 73.0886572685583,19.2104191078543 73.0887067540523,19.2102813779359 73.0887291526456,19.210225105449 73.0887406151487,19.2096566747171 73.088467406928,19.2096339606903 73.0881775565184,19.209600506357 73.0878329573856,19.209509269314 73.0876341844677,19.2094533104334 73.0876115118883,19.2095992898974 73.0876032671506,19.2097121813858 73.0875970840465,19.2098036617776 73.0876157986488,19.2099043291714 73.0875801822444,19.2099354709867 73.0875076298105,19.2099516649658 73.0874166089126,19.209965367497 73.087387587939,19.2099940187031 73.087318992584,19.2100039836381 73.0872446255532,19.2100080325554 73.0871559959706,19.2100119253863 73.0870714887569,19.2100352815209 73.0869972870161,19.2100430671811 73.086931330013,19.2100489068502 73.0868859848541,19.2100236038781 73.0868694953787,19.2100041397246 73.0868704844239,19.2099628760507 73.0868625702662,19.209880660845 73.0868599319142,19.2098532557673 73.0868467401543,19.2098246045367 73.086820027851,19.2098172862778 73.0867004809513,19.2098289647835 73.0865809331533,19.2098484281095 73.0864696309913,19.2098659462886 73.0864201634635,19.2098776239425 73.0863212275097,19.2098912492849 73.0861645801888,19.2098931952776 73.0860429716555,19.2098815167764 73.0859914424942,19.2098542677855 73.0859770146524,19.2098289647835 73.0859811370212,19.209784197598 73.0859935041277,19.2097005028718 73.0858677732256,19.2093949186116 73.0856634711772,19.2088816144645 73.0855210046613,19.2085751727443 73.0854658481029,19.2084722022396 73.0853724520594,19.2084326661771 73.0848692409901,19.2083699663023 73.0847850302204,19.2083063485377 73.0847723990092,19.2080995902087 73.084817003058,19.2079403351095 73.0848969683897,19.2076548312775 73.0849773568278,19.2075438843973 73.0848580722362,19.2075684938344 73.084705567047,19.2075660405256 73.0847084856734,19.2075848636465 73.0847169415151,19.2076427573058 73.0847000298316,19.2076727017382 73.0845943295637,19.2076647166133 73.0844442354528,19.2076707056691 73.0843448772908,19.2076727017382 73.0843237372372,19.2076447533752 73.0843068255536,19.2076008339036 73.0842847602353,19.2075464344136 73.084215395024,19.207586984418 73.0840535410677,19.2076181775706 73.0838322321143,19.2076212968007 73.0835580725778,19.2076150583404 73.0834193403586,19.2076244160307 73.0832938214589,19.2076961583054 73.0831947282999,19.2077741398515 73.082643053121,19.2086984456182 73.0838819107461,19.2095931507631</coordinates></LinearRing></outerBoundaryIs></Polygon></MultiGeometry>
  </Placemark>
  <Placemark>
	<Style><LineStyle><color>ff0000ff</color></LineStyle><PolyStyle><fill>0</fill></PolyStyle></Style>
	<ExtendedData><SchemaData schemaUrl="#kalyan_dombivli_ward_boundary">
		<SimpleData name="objectid">17</SimpleData>
		<SimpleData name="townname">Kalyan-Dombivli</SimpleData>
		<SimpleData name="towncensuscode2011">802790</SimpleData>
		<SimpleData name="town_lgd_code">251483</SimpleData>
		<SimpleData name="ward_lgd_code">48874</SimpleData>
		<SimpleData name="ward_lgd_name">Kalyan-Dombivli (M Corp.) - Ward No.51</SimpleData>
		<SimpleData name="sourcewardcode">51</SimpleData>
		<SimpleData name="state">Maharashtra</SimpleData>
		<SimpleData name="st_area(shape)">578603.89481783</SimpleData>
		<SimpleData name="st_length(shape)">4885.95101971547</SimpleData>
	</SchemaData></ExtendedData>
      <MultiGeometry><Polygon><outerBoundaryIs><LinearRing><coordinates>73.0797411021895,19.237798650115 73.0796012910936,19.2383492944865 73.0793957628448,19.2389868881661 73.0791426858697,19.240028266287 73.0804891724457,19.2403079456747 73.0810532282059,19.2404262908027 73.0817150772628,19.240488563706 73.0829495313465,19.2405216139735 73.0837656615619,19.2404673169808 73.084271721189,19.2403781198889 73.0843492790357,19.2398085865619 73.0843406614971,19.2383277913431 73.0842886122113,19.2378640231635 73.0843161877956,19.2366871847166 73.0841956392743,19.2366055944038 73.0841162434746,19.2365518567491 73.0840697592518,19.2365103105191 73.0840198758041,19.2364241875528 73.0839749169208,19.2361995633162 73.084009532602,19.2360783195179 73.0840682932013,19.2359525634073 73.0843340543882,19.2356699385613 73.0844432410177,19.2355538240694 73.0845146292351,19.2354705224453 73.0845579702526,19.2354199489225 73.0845736404644,19.235268301203 73.0845463397646,19.235210303621 73.0845269298663,19.2351349627127 73.0845309677934,19.2346815314776 73.084591410039,19.2343467292453 73.0845959276666,19.2341782282191 73.08460496382,19.2336248650321 73.0846614400036,19.2330116449623 73.0847678229911,19.2324039476508 73.0848372367115,19.2321190478106 73.0848804501682,19.2319416852285 73.0848891422669,19.2317246325366 73.0848960916339,19.2315511084135 73.0849508780865,19.2306487245467 73.085003823891,19.2304520911841 73.085049710734,19.2303254452534 73.0852156080075,19.2301554735771 73.0853497372591,19.2300021653238 73.0854062134428,19.2299088471128 73.0854520993875,19.2297588711842 73.0854662191071,19.2295988974446 73.085402683962,19.229448921233 73.0853261798391,19.2293293595135 73.0853027544715,19.2292429927416 73.0853109102759,19.2290889787844 73.0853250290973,19.2289889949137 73.0854097429235,19.2288090232841 73.0854362863435,19.2287114379514 73.0854995394176,19.2282336455848 73.0855447201848,19.2276662644432 73.0855469794478,19.2271543405585 73.0855533646728,19.226694093977 73.0854867842389,19.2261412721818 73.0854785637557,19.2260730173277 73.0850358955433,19.2261174043186 73.0850144716221,19.2262888306158 73.0849345961219,19.2269279478512 73.0849227994456,19.2270223415874 73.0848757286231,19.2270481491712 73.0838463248845,19.22715845691 73.0833357359517,19.2272566708385 73.0831943384311,19.227270215857 73.0831102848665,19.2272782670379 73.0830654346794,19.2272825632061 73.0828953171208,19.2272744305976 73.0827559587758,19.2272677679315 73.0824332659594,19.2272146769482 73.0823801261188,19.2273247436845 73.0821822515162,19.2277345754651 73.0820898894336,19.2278130649094 73.0820221573595,19.2279177163126 73.0820098423553,19.2280020192546 73.0819867520592,19.2280805085711 73.0819621220508,19.2281619037917 73.0819190190868,19.228285451213 73.0818805352601,19.2284555096444 73.081865622328,19.2285637044194 73.0823995917127,19.2286341075774 73.0827421687379,19.2287227622636 73.0828600052453,19.2287511693113 73.0828600052453,19.2287906292379 73.0828600052453,19.2288529616867 73.0829928418212,19.2288727662805 73.0830505477985,19.2288813695601 73.0830179551233,19.2290565479448 73.0829149911238,19.2292549285671 73.0833939818164,19.2293769051552 73.0835581121037,19.2294057777494 73.0835645134984,19.2294069033055 73.0835632136362,19.2294160086892 73.0835344280212,19.2296175899649 73.083578171484,19.2302397533177 73.0835441343179,19.2303695885127 73.0835018344478,19.2303987857895 73.0834914059056,19.2304002268658 73.0832962487068,19.2304271925474 73.0830159033712,19.2304174612549 73.082955276971,19.2304153560454 73.0829537516316,19.2303707318741 73.0829527697731,19.2303419714108 73.0827792305315,19.2303311527322 73.0826703502275,19.2303243655059 73.0826617650284,19.2303919137469 73.0826641707167,19.230519093138 73.082668981195,19.2306212898525 73.0826767588087,19.2306689894908 73.0826594563581,19.2307738138014 73.0826240501595,19.2309932876297 73.0826178931065,19.2310950311171 73.0826497383833,19.2311913232453 73.0826930335868,19.2312708093532 73.0826983282571,19.2319051429606 73.082701114831,19.2322390188674 73.0824894591737,19.2322587212711 73.0824229775545,19.2322649104497 73.0824189728649,19.2324475330969 73.0823963910153,19.2334771851138 73.0824068069811,19.2337609893022 73.0823842574708,19.2341087375258 73.0823671104286,19.2346789267513 73.0808579479378,19.2343961614615 73.0805403216197,19.2343707545205 73.0806246868996,19.23497243953 73.08067501681,19.2353313843643 73.0806147892618,19.2354516575655 73.0805311848549,19.2356186144749 73.0805269475017,19.235627076606 73.0804642684511,19.235934070078 73.0803858042043,19.2366986094097 73.0803623321242,19.2368234167086 73.0802834088383,19.2370255325605 73.0801781792876,19.2371923063643 73.0801137691834,19.2372692179605 73.0799515029004,19.2374282563473 73.0799190386843,19.2374600748626 73.0798174437173,19.2376075798718 73.0797411021895,19.237798650115</coordinates></LinearRing></outerBoundaryIs></Polygon></MultiGeometry>
  </Placemark>
  <Placemark>
	<Style><LineStyle><color>ff0000ff</color></LineStyle><PolyStyle><fill>0</fill></PolyStyle></Style>
	<ExtendedData><SchemaData schemaUrl="#kalyan_dombivli_ward_boundary">
		<SimpleData name="objectid">18</SimpleData>
		<SimpleData name="townname">Kalyan-Dombivli</SimpleData>
		<SimpleData name="towncensuscode2011">802790</SimpleData>
		<SimpleData name="town_lgd_code">251483</SimpleData>
		<SimpleData name="ward_lgd_code">48875</SimpleData>
		<SimpleData name="ward_lgd_name">Kalyan-Dombivli (M Corp.) - Ward No.52</SimpleData>
		<SimpleData name="sourcewardcode">52</SimpleData>
		<SimpleData name="state">Maharashtra</SimpleData>
		<SimpleData name="st_area(shape)">529687.398698295</SimpleData>
		<SimpleData name="st_length(shape)">3989.45863829853</SimpleData>
	</SchemaData></ExtendedData>
      <MultiGeometry><Polygon><outerBoundaryIs><LinearRing><coordinates>73.0802127078322,19.230145347011 73.0801190440908,19.2302719345554 73.0799831406664,19.2302944769399 73.0799537558751,19.2303569029673 73.079675927619,19.2303656444244 73.0795445903312,19.2303612541875 73.0793926196396,19.2303561752194 73.0793804564507,19.2302940536924 73.0793597368087,19.2301882299055 73.0793374630812,19.2300744720575 73.0793238230619,19.2299546003546 73.0791719907109,19.2299797815113 73.0789739265638,19.229998719116 73.0785469671907,19.2299823447506 73.0785920527365,19.2304879195989 73.0785599676095,19.2308590279284 73.0785440827004,19.231042764961 73.0784140542579,19.2321265465873 73.0781912684742,19.2328295725619 73.0776868482725,19.2340863856552 73.0769372230325,19.2352241236375 73.0752605094699,19.2375027997865 73.0758572612114,19.2380069164098 73.0772980008237,19.23876969212 73.0774999735406,19.2392019296354 73.0791426858697,19.240028266287 73.0793957628448,19.2389868881661 73.0796012910936,19.2383492944865 73.0797411021895,19.237798650115 73.0798174437173,19.2376075798718 73.0799190386843,19.2374600748626 73.0799515029004,19.2374282563473 73.0801137691834,19.2372692179605 73.0801781792876,19.2371923063643 73.0802834088383,19.2370255325605 73.0803623321242,19.2368234167086 73.0803858042043,19.2366986094097 73.0804642684511,19.235934070078 73.0805269475017,19.235627076606 73.0805311848549,19.2356186144749 73.0806147892618,19.2354516575655 73.08067501681,19.2353313843643 73.0806246868996,19.23497243953 73.0805403216197,19.2343707545205 73.0808579479378,19.2343961614615 73.0823671104286,19.2346789267513 73.0823842574708,19.2341087375258 73.0824068069811,19.2337609893022 73.0823963910153,19.2334771851138 73.0824189728649,19.2324475330969 73.0824229775545,19.2322649104497 73.0824894591737,19.2322587212711 73.082701114831,19.2322390188674 73.0826983282571,19.2319051429606 73.0826930335868,19.2312708093532 73.0826497383833,19.2311913232453 73.0826178931065,19.2310950311171 73.0826240501595,19.2309932876297 73.0826594563581,19.2307738138014 73.0826767588087,19.2306689894908 73.082668981195,19.2306212898525 73.0826641707167,19.230519093138 73.0826617650284,19.2303919137469 73.0826703502275,19.2303243655059 73.0827792305315,19.2303311527322 73.0829527697731,19.2303419714108 73.0829537516316,19.2303707318741 73.082955276971,19.2304153560454 73.0830159033712,19.2304174612549 73.0832962487068,19.2304271925474 73.0834914059056,19.2304002268658 73.0835018344478,19.2303987857895 73.0835441343179,19.2303695885127 73.083578171484,19.2302397533177 73.0835344280212,19.2296175899649 73.0835632136362,19.2294160086892 73.0835645134984,19.2294069033055 73.0835581121037,19.2294057777494 73.0833939818164,19.2293769051552 73.0829149911238,19.2292549285671 73.0830179551233,19.2290565479448 73.0830505477985,19.2288813695601 73.0829928418212,19.2288727662805 73.0828600052453,19.2288529616867 73.0828600052453,19.2287906292379 73.0828600052453,19.2287511693113 73.0827421687379,19.2287227622636 73.0823995917127,19.2286341075774 73.0818656232263,19.2285637018748 73.0818472275259,19.2286713842659 73.0818141704218,19.2287632909281 73.0817168334692,19.2288950806916 73.081479919881,19.2291933426842 73.0814303337756,19.2292713759499 73.0813752374043,19.2293511428917 73.0813127946106,19.2293962287586 73.081173217975,19.2294499857187 73.0810593529195,19.2294707945042 73.0810207855494,19.2294864013035 73.0809822181793,19.2295748383917 73.0809520293958,19.2296815921951 73.0808774207183,19.2298035192712 73.0808085504787,19.2298766751341 73.0807052451193,19.2299254462567 73.0806094002684,19.2299702062599 73.0804255645371,19.2301265510714 73.080380660451,19.2301082097606 73.0802678042035,19.2300621121953 73.0802127078322,19.230145347011</coordinates></LinearRing></outerBoundaryIs></Polygon></MultiGeometry>
  </Placemark>
  <Placemark>
	<Style><LineStyle><color>ff0000ff</color></LineStyle><PolyStyle><fill>0</fill></PolyStyle></Style>
	<ExtendedData><SchemaData schemaUrl="#kalyan_dombivli_ward_boundary">
		<SimpleData name="objectid">19</SimpleData>
		<SimpleData name="townname">Kalyan-Dombivli</SimpleData>
		<SimpleData name="towncensuscode2011">802790</SimpleData>
		<SimpleData name="town_lgd_code">251483</SimpleData>
		<SimpleData name="ward_lgd_code">48889</SimpleData>
		<SimpleData name="ward_lgd_name">Kalyan-Dombivli (M Corp.) - Ward No.66</SimpleData>
		<SimpleData name="sourcewardcode">66</SimpleData>
		<SimpleData name="state">Maharashtra</SimpleData>
		<SimpleData name="st_area(shape)">771579.540996225</SimpleData>
		<SimpleData name="st_length(shape)">4028.01280482854</SimpleData>
	</SchemaData></ExtendedData>
      <MultiGeometry><Polygon><outerBoundaryIs><LinearRing><coordinates>73.0825570070932,19.2087910471814 73.082643053121,19.2086984456182 73.0831947282999,19.2077741398515 73.0832938214589,19.2076961583054 73.0834193403586,19.2076244160307 73.0835580725778,19.2076150583404 73.0838322321143,19.2076212968007 73.0840535410677,19.2076181775706 73.084215395024,19.207586984418 73.0842847602353,19.2075464344136 73.0843068255536,19.2076008339036 73.0843237372372,19.2076447533752 73.0843448772908,19.2076727017382 73.0844442354528,19.2076707056691 73.0845943295637,19.2076647166133 73.0847000298316,19.2076727017382 73.0847169415151,19.2076427573058 73.0847084856734,19.2075848636465 73.084705567047,19.2075660405256 73.0848580722362,19.2075684938344 73.0849773568278,19.2075438843973 73.0851010234014,19.207536099467 73.0852267534052,19.2075477781347 73.0854390531546,19.2075847601528 73.0856802076892,19.2076081174805 73.0857317368506,19.2075847601528 73.0857812043783,19.2075107961084 73.0857943449343,19.2074168814895 73.0857750212742,19.2067325920741 73.0857718008139,19.2062277364759 73.0857041693511,19.2059053584131 73.0856687424913,19.2056985487115 73.0856650908396,19.2055465486577 73.0855445557931,19.2057500594414 73.0854240207466,19.2058121469813 73.0851792981037,19.2058949300485 73.0850112799079,19.2059190748545 73.0847738623648,19.2059121763389 73.0846496747684,19.2058742336494 73.0845243454132,19.2058222792882 73.0843531310116,19.2055420245717 73.084199037601,19.2052779375191 73.0839308015555,19.2049276181015 73.0837881230373,19.2048090480486 73.0833943294644,19.2045988563974 73.0831260934189,19.2042539249474 73.0828578573734,19.2039036025007 73.0826980569658,19.2035963973408 73.0825953283249,19.2032568532352 73.0824868917886,19.2029496460193 73.0823442132704,19.202690945118 73.0821901207581,19.2025669839839 73.0819732485839,19.202469970968 73.0816935985444,19.2024861393838 73.0814710193731,19.2025292559998 73.0813283408549,19.2025400357883 73.0811228826747,19.2025184770589 73.0808888895095,19.2024753604401 73.0805978245777,19.2023945157949 73.0803352964274,19.2022328272336 73.0799300879624,19.2019363979334 73.0795248803956,19.2018178257244 73.0792109874757,19.2018286047111 73.0789827013075,19.2018663337043 73.0787052494455,19.2021007022086 73.0786284515735,19.2021838400517 73.0785799910572,19.2023204688246 73.0785486515319,19.2024684473583 73.078566912485,19.2026877087243 73.0785760735043,19.2027976994152 73.0785766448328,19.2028203711211 73.0785839077119,19.2031084529415 73.0785290646654,19.2033600153344 73.0784428811954,19.2035375886064 73.0781725790247,19.2038335433511 73.0780187254643,19.2040470342751 73.0779343512013,19.2042751619339 73.0778853831368,19.2048185136356 73.0778058112673,19.2050844083506 73.0776466657315,19.205552613291 73.0774376583076,19.206126732595 73.0772353199764,19.2063702466503 73.0767372679317,19.2068667739293 73.0766453693799,19.2069583907855 73.0765222112528,19.2070373889586 73.0764079105143,19.2070613469684 73.0759670730684,19.2070261208374 73.0758801242337,19.2070113602167 73.0756553540715,19.2069732014613 73.0753861981512,19.2069613081299 73.0753034624152,19.2069636757682 73.0752357689686,19.2069944542146 73.0751389925647,19.2071921107118 73.0750585394479,19.2073564267035 73.0749762807174,19.2074552920899 73.0747993584204,19.20757924954 73.0746795087885,19.2077355435462 73.0746738017915,19.2078487221935 73.0747708234354,19.208085856983 73.0747708234354,19.2082367612246 73.0747137516688,19.2083930546059 73.0745197083809,19.2086194100694 73.0744909973261,19.2087092122778 73.0747097694372,19.2088317088548 73.0756211327508,19.2095613667211 73.0766843903992,19.2103596212274 73.0775231096507,19.2110331460096 73.0789474783652,19.2120998029413 73.0792804362303,19.2124018024173 73.0814628465007,19.2100454873694 73.0816440582531,19.2098487385862 73.0822695965079,19.209146272575 73.0825570070932,19.2087910471814</coordinates></LinearRing></outerBoundaryIs></Polygon></MultiGeometry>
  </Placemark>
  <Placemark>
	<Style><LineStyle><color>ff0000ff</color></LineStyle><PolyStyle><fill>0</fill></PolyStyle></Style>
	<ExtendedData><SchemaData schemaUrl="#kalyan_dombivli_ward_boundary">
		<SimpleData name="objectid">60</SimpleData>
		<SimpleData name="townname">Kalyan-Dombivli</SimpleData>
		<SimpleData name="towncensuscode2011">802790</SimpleData>
		<SimpleData name="town_lgd_code">251483</SimpleData>
		<SimpleData name="ward_lgd_code">48700</SimpleData>
		<SimpleData name="ward_lgd_name">Kalyan-Dombivli (M Corp.) - Ward No.30</SimpleData>
		<SimpleData name="sourcewardcode">30</SimpleData>
		<SimpleData name="state">Maharashtra</SimpleData>
		<SimpleData name="st_area(shape)">243313.37417905</SimpleData>
		<SimpleData name="st_length(shape)">2194.43281370261</SimpleData>
	</SchemaData></ExtendedData>
      <MultiGeometry><Polygon><outerBoundaryIs><LinearRing><coordinates>73.1328417097999,19.2406298618647 73.1327837612775,19.2404170935823 73.1326626225631,19.2398067800189 73.1323281357654,19.239850703605 73.1323235902901,19.239851300697 73.1323197311276,19.2398518070378 73.1319291930494,19.2398776176943 73.1319094983851,19.23981577796 73.1317988394169,19.2394683089888 73.1315307902209,19.238626629908 73.1314950893749,19.2386388161033 73.1312550954636,19.2387197413059 73.1310111444734,19.2388118721926 73.1307298082961,19.2389277112772 73.1305012337687,19.2390340968421 73.1303016335025,19.2391344019813 73.1300532277669,19.2392872318366 73.1297894976708,19.239473982224 73.1295772769732,19.2396529515346 73.1293712375829,19.2398455375717 73.1292524290984,19.2399787942075 73.1292912453018,19.2400243385453 73.1293648442731,19.240249526651 73.1294120462497,19.2405822151601 73.129490170035,19.2410268798806 73.1296151670135,19.2417750095845 73.1296776655028,19.242253389319 73.1297223081791,19.2425189206812 73.1297557892881,19.2428434591833 73.1297580216016,19.243031016333 73.1296999868409,19.2432733655038 73.1296307923096,19.2434398488389 73.1295191874153,19.2435641845452 73.1294611769092,19.243619964728 73.1296904638006,19.2437585334794 73.129881063846,19.2438754080217 73.1300362936255,19.2439588902714 73.1302851341457,19.2440851143481 73.1303517819532,19.2441207319988 73.1304972174011,19.2441780021387 73.1307219067149,19.2442718304409 73.1308796212344,19.2443371025298 73.1314129114927,19.2444004832884 73.1328079043991,19.2445714299717 73.133053943074,19.2445751167391 73.1330626962581,19.2444364638653 73.1330890914561,19.2440183562519 73.1331242398382,19.2437971255636 73.1333429418806,19.2434542185948 73.1333425942326,19.2434526970613 73.1332882659209,19.2432145523094 73.133264834265,19.2428790177345 73.1345089694924,19.2427637072769 73.1343190126408,19.2425886486831 73.1342110971274,19.2424891971755 73.1340339035393,19.2422791063037 73.1337990192453,19.2420223281121 73.1335909200182,19.2417188632296 73.133415786267,19.2413998353754 73.1333292497591,19.2412519928233 73.1330447784614,19.2412641067323 73.1330333725522,19.2412645927135 73.1329602137555,19.2412677079124 73.1329535356797,19.2412295995185 73.1329164074107,19.2410177420635 73.132856483493,19.2406758105836 73.1328417097999,19.2406298618647</coordinates></LinearRing></outerBoundaryIs></Polygon></MultiGeometry>
  </Placemark>
  <Placemark>
	<Style><LineStyle><color>ff0000ff</color></LineStyle><PolyStyle><fill>0</fill></PolyStyle></Style>
	<ExtendedData><SchemaData schemaUrl="#kalyan_dombivli_ward_boundary">
		<SimpleData name="objectid">20</SimpleData>
		<SimpleData name="townname">Kalyan-Dombivli</SimpleData>
		<SimpleData name="towncensuscode2011">802790</SimpleData>
		<SimpleData name="town_lgd_code">251483</SimpleData>
		<SimpleData name="ward_lgd_code">48880</SimpleData>
		<SimpleData name="ward_lgd_name">Kalyan-Dombivli (M Corp.) - Ward No.57</SimpleData>
		<SimpleData name="sourcewardcode">57</SimpleData>
		<SimpleData name="state">Maharashtra</SimpleData>
		<SimpleData name="st_area(shape)">164250.509566595</SimpleData>
		<SimpleData name="st_length(shape)">2162.28912406855</SimpleData>
	</SchemaData></ExtendedData>
      <MultiGeometry><Polygon><outerBoundaryIs><LinearRing><coordinates>73.080724539135,19.2237261922678 73.0806904804093,19.223760377441 73.080599666124,19.2238515268413 73.0805643066378,19.2238870165577 73.0806182926914,19.2239218811252 73.0806783917805,19.2239606916238 73.0806828608991,19.2239635781304 73.0809703199934,19.2239007679726 73.0811051391512,19.2239710976369 73.0811448240255,19.2239918002401 73.0814482021649,19.2241500609397 73.0812749027736,19.2250006450182 73.0812704498247,19.2250224985244 73.0812675994703,19.22503648989 73.0812856987267,19.2250548945352 73.081310151767,19.2250797592092 73.0813123589277,19.2250820044431 73.0813150610601,19.2250827831076 73.0815033739947,19.2251370300527 73.0819068594911,19.2252532630254 73.0821249174415,19.2253160786038 73.0818921675447,19.2263453512186 73.0814794033497,19.2264533539913 73.08147656647,19.2265819088364 73.0814737304887,19.2267667066742 73.0815020947938,19.226911330592 73.081558823404,19.2269782864905 73.081589395768,19.2269863690694 73.0824332668577,19.2272146777965 73.0827559587758,19.2272677679315 73.0828953171208,19.2272744305976 73.0830654346794,19.2272825632061 73.0831102848665,19.2272782670379 73.0831943384311,19.227270215857 73.0833357359517,19.2272566708385 73.0838463257828,19.22715845691 73.0838450007678,19.2269718553733 73.0841309722519,19.2268867800325 73.0841701459849,19.226198781003 73.0842076174103,19.2257219355704 73.0841818034223,19.2256430795461 73.0841225846821,19.225588596964 73.0840906971845,19.2255871634795 73.0839115219129,19.2255670904535 73.0837276969613,19.2257023112666 73.0836304219925,19.2257695178812 73.0834785788617,19.2258546472381 73.0833718131918,19.2258636077741 73.083291146276,19.2257964011979 73.0832697933216,19.2257269536103 73.083260303519,19.2256373447615 73.083276911572,19.2255208525065 73.083307184797,19.2252731715357 73.0833390722947,19.2250925181089 73.0833648853844,19.2250064934863 73.083419549666,19.2249362389085 73.0834878791198,19.2248301410881 73.0835638002361,19.2246881991074 73.0836594618307,19.2245706306352 73.083800676095,19.2244630990843 73.0839160772697,19.2243598679489 73.0839616308377,19.2241548398288 73.0839982686266,19.223958637225 73.0840120901056,19.2238265016669 73.0840449154444,19.2237041536761 73.0841261141629,19.2236111686332 73.0843299760368,19.2234431434763 73.0844457275545,19.2233110075036 73.0845280069463,19.223180196357 73.0845927934445,19.2229941246864 73.0846494816306,19.2227851124215 73.0847821214755,19.2224630450454 73.0846910448821,19.2224395710758 73.0845694902478,19.2223996481855 73.0843091207492,19.222339607757 73.0841274490594,19.2223045197687 73.0836691402795,19.222230443594 73.083431727228,19.22220510263 73.0832624424077,19.2221973048223 73.0831096722155,19.2222167980686 73.082736006295,19.2222362921607 73.0824758847315,19.2222109503494 73.0823705976886,19.2221739122451 73.0822508594477,19.2221173808768 73.0821352498639,19.2220569510059 73.0821022565402,19.2220338357813 73.0811390316886,19.2233037263189 73.080724539135,19.2237261922678</coordinates></LinearRing></outerBoundaryIs></Polygon></MultiGeometry>
  </Placemark>
  <Placemark>
	<Style><LineStyle><color>ff0000ff</color></LineStyle><PolyStyle><fill>0</fill></PolyStyle></Style>
	<ExtendedData><SchemaData schemaUrl="#kalyan_dombivli_ward_boundary">
		<SimpleData name="objectid">21</SimpleData>
		<SimpleData name="townname">Kalyan-Dombivli</SimpleData>
		<SimpleData name="towncensuscode2011">802790</SimpleData>
		<SimpleData name="town_lgd_code">251483</SimpleData>
		<SimpleData name="ward_lgd_code">48878</SimpleData>
		<SimpleData name="ward_lgd_name">Kalyan-Dombivli (M Corp.) - Ward No.55</SimpleData>
		<SimpleData name="sourcewardcode">55</SimpleData>
		<SimpleData name="state">Maharashtra</SimpleData>
		<SimpleData name="st_area(shape)">158287.913495935</SimpleData>
		<SimpleData name="st_length(shape)">2227.98482757117</SimpleData>
	</SchemaData></ExtendedData>
      <MultiGeometry><Polygon><outerBoundaryIs><LinearRing><coordinates>73.0771527180894,19.2241443362817 73.0773679077191,19.2244464713971 73.0778998433179,19.224710861009 73.0779434232873,19.2247362372118 73.0780603740559,19.224852188011 73.0781276210397,19.2249182244309 73.0781893712323,19.224930592314 73.0782698333323,19.2249217581119 73.0783118187921,19.2249156840145 73.0788030121995,19.2248742739489 73.0789638196186,19.2249046418968 73.0790486089033,19.2249764207375 73.0790632280862,19.2250261136321 73.0790456857853,19.2250868494661 73.0789989051186,19.2251724312768 73.0789755147852,19.2253021856551 73.0790168444748,19.2255096781078 73.0790663470369,19.2254812637138 73.0793603773075,19.2253078763441 73.0795340261435,19.2252155283721 73.0797356179747,19.2250854872275 73.0798693474761,19.2249893696461 73.0799591655298,19.2249007909815 73.0800190445317,19.2248103275248 73.0800529756966,19.2246878250422 73.080084511953,19.2245543159524 73.0801113374439,19.2244735016726 73.0801356090246,19.2244071622588 73.0802574834592,19.2242592899888 73.0805643066378,19.2238870165577 73.0806904732228,19.2237603842268 73.080724539135,19.2237261922678 73.0811390316886,19.2233037263189 73.0821022565402,19.2220338357813 73.0816975852676,19.2220374577406 73.0815076553654,19.2220900898059 73.0813858518977,19.2220998368598 73.0812751525052,19.2220975890404 73.0811681119509,19.2220911450087 73.0805678352202,19.2220550051572 73.0805709622557,19.2220072928391 73.0806547526138,19.2207285171396 73.0803269519768,19.2206442817179 73.0802623280735,19.2206295969651 73.0801356090246,19.2205716993965 73.0799734622175,19.2204919281922 73.0798491380771,19.2203484539307 73.0797537091462,19.2203102278665 73.0795836598595,19.220258278067 73.0794988705748,19.2202223880442 73.0794199284243,19.2201644105973 73.0794199284243,19.2200926296546 73.0794286995747,19.2200346530102 73.079431623591,19.2199628720109 73.0793936140746,19.2199159386224 73.0791615792368,19.2198931895386 73.079086747777,19.2199280914279 73.0790889917685,19.2199672905177 73.0790917621729,19.2200156854166 73.0788166773717,19.2202697539491 73.0788023061237,19.2203636128763 73.0788262579041,19.2204348542184 73.0788633825799,19.2205298437576 73.0789079174584,19.2206105564915 73.0789509557437,19.2207059692013 73.0790889818871,19.2208482920888 73.0790942693709,19.2208537437283 73.0790909042818,19.2208644120443 73.0790240696247,19.2210762785317 73.0789588833761,19.2214290183402 73.0789589408682,19.2214291057086 73.0789810070849,19.2214625932607 73.0790290831223,19.2215355509574 73.0790198152035,19.2216335969033 73.0790017581679,19.2218246034502 73.0789789409597,19.2220066592081 73.0793061208609,19.2220721912243 73.0793926196396,19.2220895172481 73.0793981173292,19.2220939094025 73.0794204701084,19.222111768963 73.0794252132131,19.2221155580227 73.0794264591764,19.2221219486148 73.0794389789965,19.2221861217152 73.0794427627005,19.2222055182642 73.079440681304,19.2222121633227 73.0794066755789,19.222320726101 73.0793901124417,19.2223736015183 73.0793302190667,19.2223899393198 73.0792772912285,19.2224043770797 73.0792763345228,19.2224079337171 73.0792471500558,19.2225164403827 73.0792459481099,19.2225209088665 73.0792371769595,19.2225535216696 73.0790736117126,19.2225209012325 73.0789220641275,19.2224906778917 73.0788636116503,19.2227760533229 73.0788297361809,19.2227798169204 73.0787858480894,19.2227846925475 73.0786504351452,19.2227997350608 73.0786078828485,19.2228044622471 73.0785842032576,19.2228512141376 73.0785803045692,19.2228589118232 73.0782004259002,19.222880011538 73.0781967104682,19.2228802176578 73.0780512956816,19.2228967895203 73.0780271570516,19.2229739207163 73.0779872799378,19.2229764306264 73.0779292721267,19.2229728969036 73.077839454073,19.2229287245134 73.0776804010637,19.2229287245134 73.0775699990136,19.2229375588228 73.0773304713279,19.2229728986 73.0769684107426,19.22304071027 73.0769531654339,19.2230435654084 73.0770204061295,19.2234381134914 73.0770554152728,19.2237238206298 73.0770647712264,19.2238528025712 73.0771003238505,19.2240153545692 73.0771527180894,19.2241443362817</coordinates></LinearRing></outerBoundaryIs></Polygon></MultiGeometry>
  </Placemark>
  <Placemark>
	<Style><LineStyle><color>ff0000ff</color></LineStyle><PolyStyle><fill>0</fill></PolyStyle></Style>
	<ExtendedData><SchemaData schemaUrl="#kalyan_dombivli_ward_boundary">
		<SimpleData name="objectid">22</SimpleData>
		<SimpleData name="townname">Kalyan-Dombivli</SimpleData>
		<SimpleData name="towncensuscode2011">802790</SimpleData>
		<SimpleData name="town_lgd_code">251483</SimpleData>
		<SimpleData name="ward_lgd_code">48890</SimpleData>
		<SimpleData name="ward_lgd_name">Kalyan-Dombivli (M Corp.) - Ward No.67</SimpleData>
		<SimpleData name="sourcewardcode">67</SimpleData>
		<SimpleData name="state">Maharashtra</SimpleData>
		<SimpleData name="st_area(shape)">242890.18090817</SimpleData>
		<SimpleData name="st_length(shape)">2208.45885878741</SimpleData>
	</SchemaData></ExtendedData>
      <MultiGeometry><Polygon><outerBoundaryIs><LinearRing><coordinates>73.0825570070932,19.2087910471814 73.0822695965079,19.209146272575 73.0816440582531,19.2098487385862 73.0814628465007,19.2100454873694 73.0792804362303,19.2124018024173 73.0803086667691,19.2131190112011 73.0811863360731,19.2137720481301 73.0830767318924,19.2151980213616 73.0831771671344,19.2150732332608 73.083261745315,19.2150302285121 73.083388612586,19.2148643525839 73.0836228285334,19.214535671821 73.0838212618881,19.2142653542175 73.0841465616154,19.213893667211 73.0844783678403,19.2134974047492 73.0845699726431,19.2133949293286 73.0845970379843,19.2133575762228 73.0846012016756,19.2133202222603 73.0845616452604,19.2132494477813 73.0844887775178,19.2131806395843 73.0844179938667,19.2130980722547 73.0843027984062,19.2129719855386 73.0842178132888,19.2128947062894 73.0840887622134,19.2127505510125 73.0839990555508,19.2126821879549 73.0838401022545,19.2125365462997 73.0837378057032,19.2124548082679 73.0835694093167,19.2123299722775 73.0835363593991,19.2122839019598 73.0834749820073,19.2122199981409 73.0834372105445,19.2120966473199 73.0833884230415,19.2118975037338 73.0833726845577,19.2118514332949 73.0833808053278,19.2118177274716 73.0834160588129,19.2117587571093 73.0834593692877,19.2117045422248 73.0835247190296,19.2116505563601 73.0835737104503,19.2116383817355 73.083676931368,19.2116141843271 73.0837353506076,19.2115780413237 73.0840667283361,19.2114353117141 73.0842359799188,19.2114390619986 73.0844182543781,19.2113852728498 73.0844191670664,19.2112519064947 73.08442015162,19.2111080432859 73.0843544578233,19.2110238131137 73.0843954695093,19.2106602013127 73.0845339286406,19.2106419036371 73.0847041171661,19.2106194136957 73.0846683193021,19.2104894865501 73.0845731895101,19.2102539245722 73.0845224535612,19.2101541099292 73.0843744731861,19.2099464954474 73.0842582033406,19.209806754669 73.0841673010204,19.2097468657276 73.084042575333,19.2096949626394 73.0838819107461,19.2095931507631 73.082643053121,19.2086984456182 73.0825570070932,19.2087910471814</coordinates></LinearRing></outerBoundaryIs></Polygon></MultiGeometry>
  </Placemark>
  <Placemark>
	<Style><LineStyle><color>ff0000ff</color></LineStyle><PolyStyle><fill>0</fill></PolyStyle></Style>
	<ExtendedData><SchemaData schemaUrl="#kalyan_dombivli_ward_boundary">
		<SimpleData name="objectid">23</SimpleData>
		<SimpleData name="townname">Kalyan-Dombivli</SimpleData>
		<SimpleData name="towncensuscode2011">802790</SimpleData>
		<SimpleData name="town_lgd_code">251483</SimpleData>
		<SimpleData name="ward_lgd_code">48888</SimpleData>
		<SimpleData name="ward_lgd_name">Kalyan-Dombivli (M Corp.) - Ward No.65</SimpleData>
		<SimpleData name="sourcewardcode">65</SimpleData>
		<SimpleData name="state">Maharashtra</SimpleData>
		<SimpleData name="st_area(shape)">936071.811585985</SimpleData>
		<SimpleData name="st_length(shape)">4886.0980457158</SimpleData>
	</SchemaData></ExtendedData>
      <MultiGeometry><Polygon><outerBoundaryIs><LinearRing><coordinates>73.068942376904,19.2125835165747 73.0691776286089,19.2164144774994 73.069143680376,19.2180093027081 73.0691239336094,19.2189369405415 73.0692014725915,19.2189333142725 73.0694562087549,19.2190015754853 73.069683406165,19.2190893396176 73.0698314278626,19.2191706027242 73.0701659946103,19.2193036343831 73.0703458570932,19.2194310344194 73.0704472005319,19.2195059261732 73.0705088878425,19.2195412912876 73.0706124348487,19.2195870584438 73.0707203880913,19.2195974604925 73.0708856224081,19.2195641752914 73.0709979818871,19.2195308900835 73.0711544028326,19.2194663995499 73.0713152309129,19.2194206323601 73.0715223249252,19.2193915077782 73.0717514492216,19.2193748651576 73.0718770274101,19.219362383191 73.0720753080512,19.2193145352197 73.0722361361315,19.2193186958765 73.0723969642117,19.2193478204714 73.0725996510893,19.219395668433 73.0728926662636,19.2194601589944 73.0730292604924,19.2194892835642 73.073223134897,19.2195392113861 73.0734412440514,19.2196057817917 73.0735315723482,19.2196453083814 73.073754087739,19.2197867703699 73.0740779465686,19.220044730153 73.0742255559395,19.2201425055504 73.0743841804523,19.2202319596225 73.0744877274585,19.220275645846 73.0746816018631,19.2203089317513 73.0747546591502,19.2203112729018 73.0747395521821,19.220033968477 73.0747311412561,19.2196829255595 73.0747546923879,19.2193604729369 73.0747950644734,19.2189347715662 73.0749077716005,19.2185201879829 73.0750707340779,19.2179024802466 73.0753373549525,19.21724755284 73.0755755567248,19.2168325994006 73.0759944618031,19.2161927150905 73.0764174748771,19.2156691715296 73.0767706699889,19.2152464566852 73.0770879639305,19.2148883874942 73.0779913807471,19.2138602035651 73.0780929990703,19.2137583942679 73.0781200302756,19.213752908462 73.0782176951132,19.2138421607286 73.0784709724127,19.2140392482847 73.0786457073118,19.214163291537 73.078825400013,19.2142463774754 73.0789580003321,19.2142768033732 73.0790943187782,19.214294356708 73.0793062313537,19.2143282936023 73.0794619129857,19.2143672760211 73.0796478013674,19.2143947032498 73.0797117003303,19.2143928752205 73.0797601087443,19.2143508203603 73.0797775360608,19.214263053698 73.0798007718839,19.2141807719323 73.0798530529351,19.2141405458983 73.0800311960425,19.2140930051791 73.0802035306433,19.214014381092 73.0802616202011,19.2139503837872 73.0802751748804,19.2138571319568 73.0802403211457,19.2137730219517 73.0801442598008,19.2137031409034 73.0799893210755,19.2135904285969 73.0799750423541,19.2135609178638 73.0803086667691,19.2131190112011 73.0802497507613,19.2130779162684 73.0792804362303,19.2124018024173 73.0789474783652,19.2120998029413 73.0775231096507,19.2110331460096 73.0766843903992,19.2103596212274 73.0756211327508,19.2095613667211 73.0747097694372,19.2088317088548 73.0744909973261,19.2087092122778 73.074428393734,19.2089050488034 73.0743713219673,19.2093254225271 73.0743704955173,19.2093286324929 73.0741715716825,19.210101493553 73.0738919216429,19.210742826702 73.0736408065884,19.2109368429174 73.0728418054489,19.2113679898086 73.0726067558649,19.2114713156295 73.07251259805,19.2115670169724 73.0724337753755,19.2117043437256 73.0723224552471,19.2121009362505 73.0722710904775,19.2123542340502 73.0722140187108,19.2124242946597 73.0718316400304,19.2124674086704 73.0716567416378,19.2124631740394 73.0715414428711,19.2124436007461 73.0713583213005,19.2123937191211 73.0712646539658,19.2123471025264 73.0711874841913,19.2122918970398 73.0711371578741,19.2122274265699 73.0710917776809,19.2121330167014 73.0710643063012,19.2120361671092 73.0710439828162,19.2118921790402 73.0710716913512,19.2116342607538 73.0710916914427,19.2115370673111 73.0711385583477,19.2114121067737 73.0711936053116,19.211201845519 73.0712438031697,19.2108937285054 73.0712229802214,19.2107678861036 73.0712019470674,19.2107356408176 73.0711845278357,19.21072482 73.0711385412797,19.210708341919 73.0711053152922,19.2107027431884 73.0703786249398,19.2106719018141 73.0698509482537,19.2106634451841 73.0696836963208,19.2107123780946 73.0694866769144,19.2108291998034 73.0692955998636,19.210907500518 73.0688463775428,19.2110201798839 73.0685983419131,19.2111591892532 73.068942376904,19.2125835165747</coordinates></LinearRing></outerBoundaryIs></Polygon></MultiGeometry>
  </Placemark>
  <Placemark>
	<Style><LineStyle><color>ff0000ff</color></LineStyle><PolyStyle><fill>0</fill></PolyStyle></Style>
	<ExtendedData><SchemaData schemaUrl="#kalyan_dombivli_ward_boundary">
		<SimpleData name="objectid">24</SimpleData>
		<SimpleData name="townname">Kalyan-Dombivli</SimpleData>
		<SimpleData name="towncensuscode2011">802790</SimpleData>
		<SimpleData name="town_lgd_code">251483</SimpleData>
		<SimpleData name="ward_lgd_code">48877</SimpleData>
		<SimpleData name="ward_lgd_name">Kalyan-Dombivli (M Corp.) - Ward No.54</SimpleData>
		<SimpleData name="sourcewardcode">54</SimpleData>
		<SimpleData name="state">Maharashtra</SimpleData>
		<SimpleData name="st_area(shape)">405173.87647455</SimpleData>
		<SimpleData name="st_length(shape)">4093.03975148047</SimpleData>
	</SchemaData></ExtendedData>
      <MultiGeometry><Polygon><outerBoundaryIs><LinearRing><coordinates>73.0686818897261,19.2225089496496 73.0688547956554,19.2224995156175 73.0693053753305,19.2224785914378 73.0694383331791,19.2219415368631 73.0706002105743,19.2220670271765 73.0710585481003,19.2221484050186 73.0713484371374,19.2222593759722 73.0716892525663,19.2221669007483 73.0727548907502,19.2219345618304 73.0730872853716,19.2220949807217 73.0736782088436,19.2221996018378 73.0744316366522,19.2221996018378 73.0758557870761,19.2231657001375 73.076046394308,19.2232950022989 73.0760505921353,19.2232992400436 73.0761803313202,19.2233060657303 73.0765037562635,19.2233327815011 73.076581706674,19.2233491438059 73.0767742551652,19.2234127786512 73.0768480661389,19.22348095827 73.0770204088245,19.2234381134914 73.0769531654339,19.2230435654084 73.0769684107426,19.22304071027 73.0773304713279,19.2229728986 73.0775699990136,19.2229375588228 73.0776804010637,19.2229287245134 73.077839454073,19.2229287245134 73.0779292721267,19.2229728969036 73.0779872799378,19.2229764306264 73.0780271570516,19.2229739207163 73.0780512956816,19.2228967895203 73.0781967104682,19.2228802176578 73.0782004259002,19.222880011538 73.0785803045692,19.2228589118232 73.0785842032576,19.2228512141376 73.0786078828485,19.2228044622471 73.0786504351452,19.2227997350608 73.0787858480894,19.2227846925475 73.0788297361809,19.2227798169204 73.0788636116503,19.2227760533229 73.0789220641275,19.2224906778917 73.0790736117126,19.2225209012325 73.0792371769595,19.2225535216696 73.0792459481099,19.2225209088665 73.0792471500558,19.2225164403827 73.0792763345228,19.2224079337171 73.0792772912285,19.2224043770797 73.0793302190667,19.2223899393198 73.0793901124417,19.2223736015183 73.0794066755789,19.222320726101 73.079440681304,19.2222121633227 73.0794427627005,19.2222055182642 73.0794389789965,19.2221861217152 73.0794264591764,19.2221219486148 73.0794252132131,19.2221155580227 73.0794204701084,19.222111768963 73.0793981173292,19.2220939094025 73.0793926196396,19.2220895172481 73.0793061208609,19.2220721912243 73.0789789409597,19.2220066592081 73.0790017581679,19.2218246034502 73.0790198152035,19.2216335969033 73.0790290831223,19.2215355509574 73.0789810070849,19.2214625932607 73.0789589408682,19.2214291057086 73.0789588833761,19.2214290183402 73.0790240696247,19.2210762785317 73.0790909042818,19.2208644120443 73.0790942693709,19.2208537437283 73.0790889818871,19.2208482920888 73.0789509557437,19.2207059692013 73.0789079174584,19.2206105564915 73.0788633825799,19.2205298437576 73.0788262579041,19.2204348542184 73.0788023061237,19.2203636128763 73.0788166773717,19.2202697539491 73.0790917621729,19.2200156854166 73.0790889917685,19.2199672905177 73.079086747777,19.2199280914279 73.0791615792368,19.2198931895386 73.0793936140746,19.2199159386224 73.079431623591,19.2199628720109 73.0794286995747,19.2200346530102 73.0794199284243,19.2200926296546 73.0794199284243,19.2201644105973 73.0794988705748,19.2202223880442 73.0795836598595,19.220258278067 73.0797537091462,19.2203102278665 73.0798491380771,19.2203484539307 73.0799734622175,19.2204919281922 73.0801356090246,19.2205716993965 73.0802623280735,19.2206295969651 73.0803269519768,19.2206442817179 73.0802622687847,19.2198432567347 73.080256645331,19.2197736183205 73.080308193357,19.2197729770468 73.0805814896125,19.2197695798226 73.0806617576764,19.2197685814374 73.0806672895019,19.2197225182939 73.0806702916716,19.2196785842355 73.0806927450621,19.2194951373179 73.0807378315063,19.2191967236967 73.0807483391001,19.2189501240431 73.0804094254047,19.2190079085175 73.0803072438378,19.2189462645057 73.0802683979899,19.2189228290532 73.0801731451288,19.2189093316969 73.0799537028745,19.2188782365388 73.0798941894869,19.2188735041501 73.0796760803326,19.2188797455761 73.0793632375433,19.2189067894911 73.0786480653895,19.2190248811443 73.0785203537021,19.2190757192788 73.0783275312247,19.2192429506995 73.0780832227051,19.2195475326883 73.0777278150427,19.2200731895958 73.0775129865358,19.2199632062193 73.0773401785229,19.2198747359653 73.0772737957183,19.2198455190051 73.0771821459998,19.2197909310148 73.0769874613148,19.2195769668527 73.0768979432984,19.2195433720372 73.0767305063126,19.2195683359419 73.0765784907053,19.2196182637398 73.0764903659759,19.2196681915225 73.0763493655106,19.2197410032693 73.0762634443486,19.2198096534913 73.0761863347613,19.2198783045328 73.0761180376468,19.2199531960828 73.0759241632422,19.2201487469283 73.075622335595,19.2203422168016 73.0755011636429,19.2203755018452 73.0753733827853,19.2203713412151 73.0747546591502,19.2203112703571 73.0746816018631,19.2203089317513 73.0744877274585,19.220275645846 73.0743841804523,19.2202319596225 73.0742255559395,19.2201425055504 73.0740779465686,19.220044730153 73.073754087739,19.2197867703699 73.0735315723482,19.2196453083814 73.0734412440514,19.2196057817917 73.073223134897,19.2195392113861 73.0730292604924,19.2194892835642 73.0728926662636,19.2194601589944 73.0725996510893,19.219395668433 73.0723969642117,19.2193478204714 73.0722361361315,19.2193186958765 73.0720753080512,19.2193145352197 73.0718770274101,19.219362383191 73.0717514492216,19.2193748651576 73.0715223249252,19.2193915077782 73.0713152309129,19.2194206323601 73.0711544028326,19.2194663995499 73.0709979818871,19.2195308900835 73.0708856224081,19.2195641752914 73.0707203880913,19.2195974604925 73.0706124348487,19.2195870584438 73.0705088878425,19.2195412912876 73.0704472005319,19.2195059261732 73.0703458570932,19.2194310344194 73.0701659946103,19.2193036343831 73.0698314278626,19.2191706027242 73.069683406165,19.2190893396176 73.0694562087549,19.2190015754853 73.0692014725915,19.2189333142725 73.0691239336094,19.2189369405415 73.06909487311,19.2203021101813 73.0689293630105,19.2215133135845 73.0686818897261,19.2225089496496</coordinates></LinearRing></outerBoundaryIs></Polygon></MultiGeometry>
  </Placemark>
  <Placemark>
	<Style><LineStyle><color>ff0000ff</color></LineStyle><PolyStyle><fill>0</fill></PolyStyle></Style>
	<ExtendedData><SchemaData schemaUrl="#kalyan_dombivli_ward_boundary">
		<SimpleData name="objectid">25</SimpleData>
		<SimpleData name="townname">Kalyan-Dombivli</SimpleData>
		<SimpleData name="towncensuscode2011">802790</SimpleData>
		<SimpleData name="town_lgd_code">251483</SimpleData>
		<SimpleData name="ward_lgd_code">48887</SimpleData>
		<SimpleData name="ward_lgd_name">Kalyan-Dombivli (M Corp.) - Ward No.64</SimpleData>
		<SimpleData name="sourcewardcode">64</SimpleData>
		<SimpleData name="state">Maharashtra</SimpleData>
		<SimpleData name="st_area(shape)">206636.717790135</SimpleData>
		<SimpleData name="st_length(shape)">2445.16538564947</SimpleData>
	</SchemaData></ExtendedData>
      <MultiGeometry><Polygon><outerBoundaryIs><LinearRing><coordinates>73.0804094254047,19.2190079085175 73.0807483373035,19.2189501240431 73.0807614724696,19.2182124290764 73.0807339283263,19.2180531218501 73.0806961047613,19.2179252313025 73.0804512554559,19.217097338021 73.0804166415713,19.217109118649 73.0803641098902,19.2171445504433 73.0802950689707,19.2171998230093 73.0802230267799,19.2172423411381 73.0801059574337,19.2172933621996 73.0799483641868,19.2173160378448 73.0798898299629,19.2172905273196 73.0798493069604,19.2172380888168 73.0797459081762,19.2172289437383 73.0796245242218,19.2172162266411 73.0795519529233,19.2171933838751 73.079485391354,19.2171762422556 73.0794490850434,19.2171905269386 73.0793922800765,19.2172778085306 73.0793285140643,19.2173757849147 73.0792472057513,19.2174588700777 73.0791407086778,19.2175247024938 73.0790950976176,19.2175419305992 73.0790013063154,19.2175619291107 73.0788833108061,19.2175790706899 73.0787804429263,19.2175762137602 73.078713881357,19.2175619291107 73.0786505043154,19.2175275263424 73.0785928396607,19.2174825449475 73.0785859756336,19.2174716719819 73.0785151183207,19.2173594381321 73.0783836795232,19.2173850266864 73.0783754437687,19.2173866298941 73.0783718127783,19.2173898397025 73.0782136203551,19.2175296817642 73.0780758987406,19.2175361845046 73.0778452149689,19.2174971706034 73.0778300208642,19.2174177219413 73.0778219899255,19.2173757297779 73.0776887437178,19.2166789928521 73.0776300954078,19.2166018553088 73.0775745768283,19.2165587330515 73.0775333199022,19.2165266873948 73.0772614654427,19.2164253649553 73.0769882958497,19.2163235521571 73.0769706816836,19.2163169865973 73.0769767219556,19.2163086481663 73.0770521175574,19.2162045627962 73.0772262712466,19.2159641408117 73.0772676790896,19.2158620452553 73.0773130619777,19.2157620516397 73.0772495259343,19.2154192159244 73.0773232587545,19.2150805012378 73.0772403631184,19.2150128194618 73.0770879621338,19.214888390039 73.0767706699889,19.2152464566852 73.0764174748771,19.2156691715296 73.0759944618031,19.2161927150905 73.0755755567248,19.2168325994006 73.0753373549525,19.21724755284 73.0750707340779,19.2179024802466 73.0749077716005,19.2185201879829 73.0747950644734,19.2189347715662 73.0747546923879,19.2193604729369 73.0747311412561,19.2196829255595 73.0747395521821,19.220033968477 73.0747546591502,19.2203112703571 73.0753733827853,19.2203713412151 73.0755011636429,19.2203755018452 73.075622335595,19.2203422168016 73.0759241632422,19.2201487469283 73.0761180376468,19.2199531960828 73.0761863347613,19.2198783045328 73.0762634443486,19.2198096534913 73.0763493655106,19.2197410032693 73.0764903659759,19.2196681915225 73.0765784907053,19.2196182637398 73.0767305063126,19.2195683359419 73.0768979432984,19.2195433720372 73.0769874613148,19.2195769668527 73.0771821459998,19.2197909310148 73.0772737957183,19.2198455190051 73.0773401785229,19.2198747359653 73.0775129865358,19.2199632062193 73.0777278150427,19.2200731895958 73.0780832227051,19.2195475326883 73.0783275312247,19.2192429506995 73.0785203537021,19.2190757192788 73.0786480653895,19.2190248811443 73.0793632375433,19.2189067894911 73.0796760803326,19.2188797455761 73.0798941894869,19.2188735041501 73.0799537028745,19.2188782365388 73.0801731451288,19.2189093316969 73.0802683979899,19.2189228290532 73.0803072438378,19.2189462645057 73.0804094254047,19.2190079085175</coordinates></LinearRing></outerBoundaryIs></Polygon></MultiGeometry>
  </Placemark>
  <Placemark>
	<Style><LineStyle><color>ff0000ff</color></LineStyle><PolyStyle><fill>0</fill></PolyStyle></Style>
	<ExtendedData><SchemaData schemaUrl="#kalyan_dombivli_ward_boundary">
		<SimpleData name="objectid">26</SimpleData>
		<SimpleData name="townname">Kalyan-Dombivli</SimpleData>
		<SimpleData name="towncensuscode2011">802790</SimpleData>
		<SimpleData name="town_lgd_code">251483</SimpleData>
		<SimpleData name="ward_lgd_code">48869</SimpleData>
		<SimpleData name="ward_lgd_name">Kalyan-Dombivli (M Corp.) - Ward No.46</SimpleData>
		<SimpleData name="sourcewardcode">46</SimpleData>
		<SimpleData name="state">Maharashtra</SimpleData>
		<SimpleData name="st_area(shape)">1595064.76679566</SimpleData>
		<SimpleData name="st_length(shape)">6701.86455479067</SimpleData>
	</SchemaData></ExtendedData>
      <MultiGeometry><Polygon><outerBoundaryIs><LinearRing><coordinates>73.1130767738994,19.2275155943313 73.1132217188671,19.2274342182992 73.1135192633471,19.2271750249482 73.1136013540927,19.2270545310893 73.1136291300013,19.2269866506746 73.1137035608125,19.2265945658341 73.1137427354437,19.2260878135582 73.1136471007986,19.2253813692547 73.1136480557077,19.2253444183833 73.1136511998112,19.2252227339807 73.1136537159923,19.2250851623599 73.1136369651072,19.2243308121001 73.113805413596,19.2242531335893 73.1139854305891,19.2241276254364 73.1140450347065,19.224049129142 73.1141243280983,19.2238923934527 73.1142250067838,19.2236933854539 73.1143096712027,19.2232786620426 73.1143014013122,19.2231068687147 73.1142910724831,19.2230112894495 73.1142567658223,19.2229334966522 73.1139515434416,19.2224801250408 73.1139264993098,19.2223390004226 73.1139871445746,19.222216661503 73.1141194637211,19.2221203522391 73.114359291444,19.2219876019294 73.1147295078339,19.2218622353977 73.1148363031481,19.221822333573 73.1152749154671,19.2219001268963 73.1153526377054,19.2218882906283 73.1153802159846,19.2218362081547 73.1154073316315,19.221608983634 73.1148738114045,19.2214441110236 73.1143548411901,19.2213112965497 73.1138915575402,19.2211757082287 73.1134105384516,19.2210225468236 73.1129090422662,19.2208744136429 73.1125309907705,19.2207554207906 73.1119266231119,19.2206024303386 73.1113093969684,19.2204372980045 73.1107410337864,19.220269736136 73.1102086759794,19.2201094596644 73.1096788891507,19.2199637541854 73.1093265564216,19.2198666165621 73.1089690790407,19.2197646226744 73.1084110033654,19.2195897753779 73.108038095623,19.2194683539117 73.1071269092775,19.2192047218335 73.1066503000187,19.2190688085914 73.1053599994704,19.2187008579658 73.1037510530162,19.2182420382201 73.1035536042151,19.2181601851179 73.1034526533401,19.2180712151197 73.1033955285728,19.217861444191 73.1033920826354,19.2178487890654 73.1034824486614,19.2176997793199 73.1038429973822,19.2171052488892 73.1040785500227,19.2168637560204 73.1053651989193,19.2156969140964 73.1054033818105,19.2156660100389 73.1054186846113,19.215633960815 73.1052671666707,19.2154944606889 73.1049110978482,19.2151796911086 73.1047292752415,19.2150079978934 73.1046573040175,19.2149149977512 73.104604272873,19.2147826504886 73.104467905918,19.2145072258401 73.1043315398612,19.2142139157135 73.1041610809428,19.213820450791 73.1041080497983,19.2136916798318 73.1040322903788,19.2136559105272 73.1038335506986,19.2136968958877 73.1031123804936,19.2139660726468 73.1026033995452,19.2142110850217 73.1024612833723,19.2143217423834 73.1023960315467,19.2143725497382 73.102319570543,19.215462441121 73.1022524017125,19.2164198775419 73.1022983577258,19.2165247160328 73.1023570931724,19.2166709369106 73.102423837998,19.2168373259102 73.1025306306173,19.2169885885681 73.1027014982692,19.2172053986156 73.1027522243366,19.2172844962013 73.102692100993,19.2173380051913 73.1025263591281,19.2175187129487 73.102384538501,19.2177445977903 73.1022700572011,19.217967254711 73.1021982925897,19.218136668121 73.1021589903977,19.2182754246312 73.1023833608096,19.2183767679848 73.1023844558559,19.2183772625162 73.1025057481822,19.2185100157423 73.102017398841,19.2189702996674 73.1017876430289,19.2191921270369 73.1015963872134,19.21943611627 73.1017599048496,19.2200465988353 73.1014195331884,19.2210651267332 73.1013454347539,19.2212868588173 73.1011445615749,19.2215020210083 73.1015111532626,19.2218970885194 73.1018967119792,19.2220484941133 73.1025572144615,19.2222724404547 73.1029728972828,19.2224121053226 73.1032982877399,19.2224901596221 73.1032858352935,19.2226194962442 73.1032111224113,19.2228840491112 73.1031488610773,19.2231250852693 73.1029994353129,19.223324969327 73.1028064268842,19.2235424894631 73.1027317140021,19.2237894037028 73.1028351864481,19.2241795850396 73.1026719643576,19.2244833088089 73.1022143194327,19.2246612418142 73.1016694534836,19.2251142095931 73.1014928563769,19.2253622987959 73.101346409426,19.2258666104526 73.1012344209511,19.2264237912823 73.1012947230595,19.2266312085241 73.1014153254796,19.2267532184442 73.1014448351367,19.2267623841978 73.1015958122916,19.2268092774613 73.1019647252259,19.2269238620294 73.1020700266419,19.2269565689579 73.1019286309178,19.2274050425488 73.1023709065665,19.2275397113637 73.1048395650022,19.2283320726172 73.1073801820853,19.2291473364674 73.1095160452509,19.2298624772214 73.1118884105764,19.2306579545454 73.1119973555591,19.2306944852161 73.1122232737682,19.2302162965749 73.112364614695,19.2299171280247 73.1125484396465,19.22952803413 73.11259131893,19.2292814296249 73.1126030131984,19.2289317669747 73.1126157701737,19.2286547408888 73.1127163716041,19.2284218216458 73.112784393834,19.2281708862551 73.1128848209912,19.2278004088538 73.1129827562218,19.2275562819081 73.1130066424252,19.2275459448268 73.1130767738994,19.2275155943313</coordinates></LinearRing></outerBoundaryIs></Polygon></MultiGeometry>
  </Placemark>
  <Placemark>
	<Style><LineStyle><color>ff0000ff</color></LineStyle><PolyStyle><fill>0</fill></PolyStyle></Style>
	<ExtendedData><SchemaData schemaUrl="#kalyan_dombivli_ward_boundary">
		<SimpleData name="objectid">27</SimpleData>
		<SimpleData name="townname">Kalyan-Dombivli</SimpleData>
		<SimpleData name="towncensuscode2011">802790</SimpleData>
		<SimpleData name="town_lgd_code">251483</SimpleData>
		<SimpleData name="ward_lgd_code">48905</SimpleData>
		<SimpleData name="ward_lgd_name">Kalyan-Dombivli (M Corp.) - Ward No.82</SimpleData>
		<SimpleData name="sourcewardcode">82</SimpleData>
		<SimpleData name="state">Maharashtra</SimpleData>
		<SimpleData name="st_area(shape)">173736.302343595</SimpleData>
		<SimpleData name="st_length(shape)">2066.06452779833</SimpleData>
	</SchemaData></ExtendedData>
      <MultiGeometry><Polygon><outerBoundaryIs><LinearRing><coordinates>73.0959300416749,19.205083860335 73.0956317390168,19.2052480240385 73.0956091939981,19.2054095781465 73.0955837025053,19.2055226990121 73.0955640383837,19.2056904871421 73.0955306839372,19.2059750909265 73.0953867783203,19.2065311914148 73.0952987685753,19.2071372139764 73.0952338706859,19.20749514311 73.0952100446696,19.2075588909797 73.0951266549602,19.2076207649113 73.0948506736402,19.2077557604173 73.0946163876242,19.2078626327352 73.0944952740627,19.2079207561879 73.0944575502106,19.2079507548613 73.0944158549067,19.2080145034027 73.0943821016082,19.2081176251923 73.0942397680431,19.2086127262878 73.0941808241874,19.2088324451811 73.0941249831127,19.2090726714573 73.094069142038,19.2091986432498 73.0939958871215,19.2093223839178 73.0938421323758,19.209535975451 73.0936720471565,19.2097728397455 73.0934486810611,19.2100950914657 73.0933388332716,19.2102370367176 73.0934717021869,19.2102933354976 73.0936091893412,19.2103582512321 73.0937570924611,19.2104487404573 73.0939070778759,19.2104998857814 73.0940445650301,19.2105707030103 73.0941591379581,19.2106080788048 73.0943007914986,19.2107143045668 73.0944486946186,19.2107654498084 73.094554934774,19.2108264309787 73.0946778395762,19.2108539707726 73.0948111612425,19.2108815114102 73.0950528053589,19.2108913465028 73.0952673688628,19.2109169199463 73.0954069392102,19.210897248067 73.0954756827874,19.2108598723382 73.0956027539759,19.2108795442219 73.0957214932901,19.2109287222244 73.0958173174798,19.2109759338734 73.0959527214409,19.2110074080157 73.0961318715597,19.2110192102874 73.096323519939,19.2110703562823 73.0964235114133,19.2110683890964 73.0964964204784,19.2110467508973 73.0966318253378,19.211038882152 73.0967484805606,19.2110034736422 73.096869303068,19.2109916705211 73.0969484626108,19.2109779010605 73.0970151229948,19.2109739666863 73.0970588682542,19.2110270790335 73.0970776169925,19.2111175670423 73.0971046976051,19.2112454314993 73.0971195296887,19.2112839082203 73.0971355277856,19.2112952388231 73.097179523675,19.2113027928407 73.0973541741325,19.2112662824595 73.0974701637037,19.2112348083667 73.0975554892826,19.2112058528407 73.0975671548049,19.2111765817457 73.0975296582266,19.2110329805929 73.0974888288986,19.2108155728422 73.0974629978426,19.2105884068886 73.0974754970015,19.21049201701 73.0974713306152,19.210397594269 73.0974130021055,19.2101871103119 73.0974005038449,19.2100749826158 73.0973713400393,19.2099372820997 73.097300513269,19.2097090927341 73.0972484343387,19.2095733591154 73.0971838571479,19.2093982821181 73.0970588682542,19.2090855045534 73.0969776264165,19.2087373165476 73.0968734694543,19.2084068327661 73.0968715524495,19.2083504934699 73.097056391599,19.2082473260178 73.097132785229,19.2081838286652 73.0972185357111,19.2081125540198 73.0972024702406,19.2080072580176 73.0971433970275,19.2076200837196 73.0970994640202,19.2073321455306 73.0970133191777,19.2071857161461 73.0969850447042,19.2071727056048 73.0969652566151,19.2071636006854 73.0967896719096,19.2070828066982 73.0965999387385,19.2069199410467 73.0965220341421,19.2067879741795 73.0962486363769,19.205924759428 73.0962462576381,19.2059172501242 73.0962035571194,19.2057824278627 73.0962433947073,19.2057332322032 73.0962595509076,19.2057132806072 73.0962203008179,19.2055847849411 73.0961949422758,19.2055017692783 73.0962572359492,19.2053748275692 73.0961011608551,19.2049896889854 73.0959300416749,19.205083860335</coordinates></LinearRing></outerBoundaryIs></Polygon></MultiGeometry>
  </Placemark>
  <Placemark>
	<Style><LineStyle><color>ff0000ff</color></LineStyle><PolyStyle><fill>0</fill></PolyStyle></Style>
	<ExtendedData><SchemaData schemaUrl="#kalyan_dombivli_ward_boundary">
		<SimpleData name="objectid">61</SimpleData>
		<SimpleData name="townname">Kalyan-Dombivli</SimpleData>
		<SimpleData name="towncensuscode2011">802790</SimpleData>
		<SimpleData name="town_lgd_code">251483</SimpleData>
		<SimpleData name="ward_lgd_code">48708</SimpleData>
		<SimpleData name="ward_lgd_name">Kalyan-Dombivli (M Corp.) - Ward No.38</SimpleData>
		<SimpleData name="sourcewardcode">38</SimpleData>
		<SimpleData name="state">Maharashtra</SimpleData>
		<SimpleData name="st_area(shape)">427263.825551205</SimpleData>
		<SimpleData name="st_length(shape)">4098.7621547449</SimpleData>
	</SchemaData></ExtendedData>
      <MultiGeometry><Polygon><outerBoundaryIs><LinearRing><coordinates>73.1344068346379,19.2406353323548 73.1344191972529,19.2407248168255 73.1346814217725,19.2407095808823 73.134975391856,19.2406925002381 73.1354549943013,19.2423899881725 73.135992066467,19.2423041744654 73.1363372989121,19.2422670416612 73.1368704427451,19.2422299080004 73.1372904904804,19.2422071331705 73.1379952888893,19.2421279161252 73.1384287960825,19.2421305563548 73.13901612809,19.2421437600462 73.1395798622533,19.2421350124311 73.1401872967602,19.2421432647382 73.140799101571,19.2421680199606 73.141047850463,19.2421889662277 73.1412053673532,19.2421889662277 73.1413270845826,19.2421686865909 73.141689888973,19.2421120730509 73.1421289890771,19.242101510435 73.1426547918775,19.2420751047405 73.1429540512414,19.2420751047405 73.1432001716629,19.242085667358 73.143463072614,19.242101510435 73.1435867400859,19.2421028835581 73.1437591932642,19.2410941836967 73.1438115165363,19.2407881396094 73.1438562346711,19.2405265738878 73.1439482535973,19.240554417426 73.1447317300521,19.2407914872069 73.1452220449072,19.2409398509295 73.1455075483691,19.2410083090944 73.1457328674019,19.2410622759834 73.1460212894902,19.2410994090602 73.1460737295432,19.2411035352398 73.1460901812894,19.2410820341534 73.1460973417605,19.2409079660859 73.1461295607365,19.2405818004205 73.1461331405229,19.2402860526435 73.146140300994,19.2401136740764 73.1461904162071,19.2398839244774 73.1458932597993,19.2398526509391 73.1447942824403,19.2397497339597 73.1412425620975,19.2389867533108 73.1411776678013,19.2394446618836 73.1411682534572,19.2395110953046 73.1410434594979,19.2395230100283 73.1408201769458,19.2395443281198 73.1407485982857,19.2399316850357 73.1406958842465,19.2402169495909 73.1399673613309,19.2402728479545 73.1392596981944,19.2403271458597 73.1390555497579,19.2397228614084 73.1389883746393,19.2395240193193 73.1388765236066,19.239518358808 73.1386054973938,19.2395046426265 73.1379723881378,19.2394726022937 73.1368243699508,19.2390604716443 73.1367334532575,19.2390278332818 73.1367653569248,19.2389380603643 73.137221740615,19.2376538407089 73.1360156104122,19.2371887017022 73.1353219358414,19.2369359154573 73.134760449263,19.237192108744 73.1342839837346,19.2374808707589 73.133672304688,19.2377817896877 73.133310706735,19.2380110969489 73.1332530151308,19.2380889097462 73.1332756796254,19.2381239256626 73.133372518013,19.2381336522576 73.1339494277666,19.2382425912696 73.1341657690365,19.2382756623449 73.1342292547742,19.2383076384518 73.1342292547742,19.2384292215599 73.1342790906112,19.2388456428746 73.1342996943706,19.2390479572477 73.1343306000096,19.2392716692241 73.1343429626246,19.2395167787161 73.1343532645042,19.2397638343293 73.1343615056487,19.23998754533 73.134378345467,19.2403748978076 73.1344068346379,19.2406353323548</coordinates></LinearRing></outerBoundaryIs></Polygon></MultiGeometry>
  </Placemark>
  <Placemark>
	<Style><LineStyle><color>ff0000ff</color></LineStyle><PolyStyle><fill>0</fill></PolyStyle></Style>
	<ExtendedData><SchemaData schemaUrl="#kalyan_dombivli_ward_boundary">
		<SimpleData name="objectid">28</SimpleData>
		<SimpleData name="townname">Kalyan-Dombivli</SimpleData>
		<SimpleData name="towncensuscode2011">802790</SimpleData>
		<SimpleData name="town_lgd_code">251483</SimpleData>
		<SimpleData name="ward_lgd_code">48906</SimpleData>
		<SimpleData name="ward_lgd_name">Kalyan-Dombivli (M Corp.) - Ward No.83</SimpleData>
		<SimpleData name="sourcewardcode">83</SimpleData>
		<SimpleData name="state">Maharashtra</SimpleData>
		<SimpleData name="st_area(shape)">177425.163347275</SimpleData>
		<SimpleData name="st_length(shape)">2334.82693230772</SimpleData>
	</SchemaData></ExtendedData>
      <MultiGeometry><Polygon><outerBoundaryIs><LinearRing><coordinates>73.0968715524495,19.2083504934699 73.0968734694543,19.2084068327661 73.0969776264165,19.2087373165476 73.0970588682542,19.2090855045534 73.0971838571479,19.2093982821181 73.0972484343387,19.2095733591154 73.097300513269,19.2097090927341 73.0973713400393,19.2099372820997 73.0974005038449,19.2100749826158 73.0974130021055,19.2101871103119 73.0974713306152,19.210397594269 73.0974754970015,19.21049201701 73.0974629978426,19.2105884068886 73.0974888288986,19.2108155728422 73.0975296582266,19.2110329805929 73.0975671548049,19.2111765817457 73.0975554892826,19.2112058528407 73.0974701637037,19.2112348083667 73.0973541741325,19.2112662824595 73.097179523675,19.2113027928407 73.0971355277856,19.2112952388231 73.0971195296887,19.2112839082203 73.0971046976051,19.2112454314993 73.0970776169925,19.2111175670423 73.0970588682542,19.2110270790335 73.0970151229948,19.2109739666863 73.0969484626108,19.2109779010605 73.096869303068,19.2109916705211 73.0967484805606,19.2110034736422 73.0966318253378,19.211038882152 73.0964964204784,19.2110467508973 73.0964235114133,19.2110683890964 73.096323519939,19.2110703562823 73.0961318715597,19.2110192102874 73.0959527214409,19.2110074080157 73.095915320084,19.2109987113366 73.0958894656719,19.211125550303 73.0958679465292,19.2112329607915 73.0958879286544,19.2113026316657 73.0959002256923,19.2114347170636 73.0958470993264,19.2115995513614 73.0957846556344,19.2117583075171 73.0957438272047,19.2119488148713 73.0957150065555,19.2120735519017 73.0957126044604,19.2121937522103 73.0958086729918,19.2124545648105 73.0958735187789,19.2126178559081 73.0959119451135,19.212738056667 73.0960032103531,19.2128900076597 73.0960488420746,19.2130102073713 73.096058544778,19.2130661803104 73.0960447116209,19.2131082728235 73.0960139694753,19.2131692344627 73.0960078214055,19.2132330997401 73.0960370256354,19.2134174358559 73.0961108060663,19.2134275965357 73.0962122537096,19.2134174358559 73.0962583660298,19.2134130816422 73.0963352204956,19.2134450142366 73.0963582766557,19.2134682375521 73.0964028519584,19.2134754945725 73.0964889294272,19.2134638833398 73.0965857651199,19.2134783973805 73.0966810646935,19.2134871066527 73.0967948093747,19.2135001701358 73.0969669625158,19.2135088785585 73.0970407429467,19.2135016215397 73.0970960782699,19.213495815076 73.0972005999482,19.2134885580566 73.0973281777865,19.2134769459765 73.0974157922728,19.2134754945725 73.0974788126832,19.2134740431684 73.0976048535041,19.213459528279 73.0978185088113,19.2134479170452 73.0980185753032,19.2134530262257 73.0980936466131,19.2134566254706 73.0981287114519,19.2134796681013 73.0981599332979,19.2135590448665 73.0982055659177,19.2137155316858 73.0982271811801,19.2138334625029 73.0982463943474,19.2140058245374 73.0983064368427,19.214060254125 73.0984049065709,19.2140693255798 73.0985682220862,19.2140693255798 73.0988179986509,19.2140239674525 73.098986117458,19.2139876807721 73.0991950646948,19.2139332511605 73.0992701539711,19.2139232270844 73.0991238705136,19.2134617244715 73.099122686534,19.2133342468568 73.0991201344203,19.2130595577857 73.0991195630918,19.2129980489647 73.0991780290437,19.2129936319671 73.099334925198,19.2129817789403 73.0992759193585,19.2123305533521 73.0992660091443,19.2122211848912 73.0998653246777,19.211809695044 73.0999374755647,19.211760156783 73.0999341877308,19.2116980562195 73.0992918527768,19.2117615725741 73.0991970930907,19.2116883594461 73.0991834692411,19.2114825164312 73.0991821747688,19.2114629548972 73.0991712503566,19.2112978914243 73.0992451322971,19.2111664056576 73.0992838532791,19.2110854253164 73.0993650762522,19.210915556742 73.0993273074844,19.210648068181 73.0992100153561,19.2104925480418 73.0988783573531,19.2102647725663 73.0988051338777,19.2101630874388 73.0987754391677,19.2089588896616 73.098762812448,19.2087740743463 73.0987333513,19.2084580991845 73.0987080978608,19.2083428375202 73.0986749787728,19.208318584487 73.0985145567311,19.2083140621739 73.098279908694,19.2082959737686 73.098142011908,19.2082822006889 73.0979566068199,19.2081944494499 73.0975560327633,19.2080764925325 73.0974048292331,19.2080926485209 73.0973719607751,19.2080961605077 73.0972185357111,19.2081125540198 73.097132785229,19.2081838286652 73.097056391599,19.2082473260178 73.0968715524495,19.2083504934699</coordinates></LinearRing></outerBoundaryIs></Polygon></MultiGeometry>
  </Placemark>
  <Placemark>
	<Style><LineStyle><color>ff0000ff</color></LineStyle><PolyStyle><fill>0</fill></PolyStyle></Style>
	<ExtendedData><SchemaData schemaUrl="#kalyan_dombivli_ward_boundary">
		<SimpleData name="objectid">29</SimpleData>
		<SimpleData name="townname">Kalyan-Dombivli</SimpleData>
		<SimpleData name="towncensuscode2011">802790</SimpleData>
		<SimpleData name="town_lgd_code">251483</SimpleData>
		<SimpleData name="ward_lgd_code">48892</SimpleData>
		<SimpleData name="ward_lgd_name">Kalyan-Dombivli (M Corp.) - Ward No.69</SimpleData>
		<SimpleData name="sourcewardcode">69</SimpleData>
		<SimpleData name="state">Maharashtra</SimpleData>
		<SimpleData name="st_area(shape)">266110.717905635</SimpleData>
		<SimpleData name="st_length(shape)">2967.18299683714</SimpleData>
	</SchemaData></ExtendedData>
      <MultiGeometry><Polygon><outerBoundaryIs><LinearRing><coordinates>73.0953857030369,19.2156954957943 73.0954067568522,19.2156204428302 73.0954144446344,19.2155775137204 73.095413585845,19.2155701804488 73.095412992957,19.2155684084182 73.0952666394308,19.2155648652051 73.095030222611,19.2155400601667 73.0948538482864,19.2154904500787 73.0947938057912,19.2154266654155 73.0947787949428,19.2151857019456 73.0947787949428,19.2149199321423 73.0947525264072,19.2147392088039 73.0946249359925,19.2147214909519 73.0944335508195,19.2147214909519 73.0941933817367,19.2146541627577 73.0938894169974,19.2145584852668 73.0935852869681,19.2144446606123 73.0931011794716,19.2143142215872 73.0928574746198,19.2142485566919 73.0926848157273,19.2141616017738 73.0924817461674,19.2140662412513 73.0924463929694,19.2140052799446 73.0924586900073,19.2139269009673 73.0924586900073,19.2138906142654 73.0923280381341,19.2138267500918 73.0922819249156,19.2138078810302 73.0922849989505,19.2137730457035 73.0923265002183,19.2136903124091 73.0923557053465,19.2136133846845 73.0923557053465,19.2135814521228 73.0922773138632,19.2135437139412 73.0920928636843,19.2134406591753 73.0919852679711,19.2133927611284 73.0919145615751,19.2133622799289 73.0918530781821,19.2133622799289 73.0917808347687,19.2133593771188 73.0916640169508,19.2133143818591 73.0915534666787,19.2133269737129 73.0913732394799,19.2136398246441 73.0911157481835,19.214167133373 73.0908706662144,19.2147647485663 73.090827784236,19.2148543574057 73.090579049717,19.2153740787194 73.0905294133059,19.215500045684 73.0904673666692,19.2155879295952 73.0903432742942,19.2156816724385 73.089577005967,19.2163144358688 73.0894831607659,19.2164590774683 73.0893910609913,19.2167886399701 73.089313504043,19.2170220795697 73.0890185907285,19.2173221639669 73.08842915307,19.2178377430799 73.0879501021902,19.2183056199066 73.0877690179986,19.2184989401124 73.0875977020874,19.218681831689 73.0898385459704,19.22028796997 73.0900326296824,19.2200162053905 73.0902085350864,19.219805810939 73.0904489395278,19.2195179017253 73.0909707924359,19.2188922521786 73.0911701519537,19.2186818562883 73.0913226032439,19.2184659235848 73.0915043728501,19.2182499905977 73.091604052609,19.2180838880416 73.0916450966343,19.217663093922 73.0916861415579,19.2173142768604 73.0918327295443,19.2168048918042 73.0918913643795,19.2166000298488 73.0920086349483,19.2164782202144 73.0923604457563,19.2163065784031 73.0925985046965,19.2161885339962 73.0927336005354,19.2161141191522 73.0927691810072,19.2161171466085 73.0927891631324,19.2161505300581 73.0928322023159,19.2163624407939 73.0929002182577,19.2167862614459 73.0929050215495,19.2171649960357 73.0928949640116,19.2172905790633 73.0928199115662,19.217474843617 73.0928049007178,19.2176343023935 73.0929024694358,19.2176874558501 73.0930150490021,19.2176732814836 73.0931163708813,19.2174677564248 73.0931839179025,19.2173791677679 73.0932340537768,19.2173282824544 73.0932820875934,19.2172851926216 73.0933445321837,19.2172557105443 73.0935130830805,19.217294173983 73.0936031355944,19.2169326958527 73.0938217433138,19.2169739806803 73.0938900583945,19.2169533382678 73.0939310476226,19.216814000431 73.0939856993279,19.2165146810872 73.0941059334388,19.2162643874621 73.0941687831693,19.2161689144919 73.0943026806557,19.2161972982619 73.0944529732943,19.2162179416177 73.0945786727554,19.2162463253793 73.0946852443891,19.2163005124699 73.0948044077082,19.2163632279823 73.0949110763599,19.2162567471496 73.0951397532953,19.2159743691953 73.0953332495092,19.215758432935 73.0953857030369,19.2156954957943</coordinates></LinearRing></outerBoundaryIs></Polygon></MultiGeometry>
  </Placemark>
  <Placemark>
	<Style><LineStyle><color>ff0000ff</color></LineStyle><PolyStyle><fill>0</fill></PolyStyle></Style>
	<ExtendedData><SchemaData schemaUrl="#kalyan_dombivli_ward_boundary">
		<SimpleData name="objectid">30</SimpleData>
		<SimpleData name="townname">Kalyan-Dombivli</SimpleData>
		<SimpleData name="towncensuscode2011">802790</SimpleData>
		<SimpleData name="town_lgd_code">251483</SimpleData>
		<SimpleData name="ward_lgd_code">48898</SimpleData>
		<SimpleData name="ward_lgd_name">Kalyan-Dombivli (M Corp.) - Ward No.75</SimpleData>
		<SimpleData name="sourcewardcode">75</SimpleData>
		<SimpleData name="state">Maharashtra</SimpleData>
		<SimpleData name="st_area(shape)">189781.184914005</SimpleData>
		<SimpleData name="st_length(shape)">1936.12119676381</SimpleData>
	</SchemaData></ExtendedData>
      <MultiGeometry><Polygon><outerBoundaryIs><LinearRing><coordinates>73.0957814531404,19.2155410636672 73.0959178641129,19.215519594862 73.0959408106786,19.2152994582256 73.0960406126083,19.2143420195204 73.0961061950139,19.2141949381172 73.0961335208666,19.2139265786225 73.0961335208666,19.2138594884683 73.0960679384609,19.2138053005731 73.0960023560553,19.2137382103694 73.0960105540806,19.213591128426 73.0960370256354,19.2134174333111 73.0960078214055,19.2132330997401 73.0960139694753,19.2131692344627 73.0960447116209,19.2131082728235 73.096058544778,19.2130661803104 73.0960488420746,19.2130102073713 73.0960032103531,19.2128900076597 73.0959119451135,19.212738056667 73.0958735187789,19.2126178559081 73.0958086729918,19.2124545648105 73.0957126044604,19.2121937522103 73.0957150065555,19.2120735519017 73.0957438272047,19.2119488148713 73.0957846556344,19.2117583075171 73.0958470993264,19.2115995513614 73.0959002256923,19.2114347170636 73.0958879286544,19.2113026316657 73.0958679465292,19.2112329607915 73.0958894656719,19.211125550303 73.095915320084,19.2109987113366 73.0958173174798,19.2109759338734 73.0957214932901,19.2109287222244 73.0956027539759,19.2108795442219 73.0954756827874,19.2108598723382 73.0954069392102,19.210897248067 73.0952673688628,19.2109169199463 73.0950528053589,19.2108913465028 73.0948111612425,19.2108815114102 73.0946778395762,19.2108539707726 73.094554934774,19.2108264309787 73.0944486946186,19.2107654498084 73.0943007914986,19.2107143045668 73.0941591379581,19.2106080788048 73.0940445650301,19.2105707030103 73.0939070778759,19.2104998857814 73.0937570924611,19.2104487404573 73.0936091893412,19.2103582512321 73.0934717021869,19.2102933354976 73.0933388332716,19.2102370367176 73.0932718494941,19.2103235975578 73.0931074272544,19.2105608916508 73.0929988469877,19.210845057771 73.0929088798137,19.2111087176768 73.0927692762286,19.2115481484998 73.0927041277093,19.2118323129138 73.0926700025082,19.2120022263486 73.0926606959619,19.2120549574835 73.0926235272687,19.2121266537144 73.0925614222415,19.2122219407129 73.0924559438575,19.2123244736997 73.0922387824258,19.2124855975625 73.0921426734701,19.2125738359708 73.0921270993781,19.2125881303849 73.091795153016,19.2130011918446 73.0915841962479,19.2132736364663 73.0915534666787,19.2133269737129 73.0916640169508,19.2133143818591 73.0917808347687,19.2133593771188 73.0918530781821,19.2133622799289 73.0919145615751,19.2133622799289 73.0919852679711,19.2133927611284 73.0920928636843,19.2134406591753 73.0922773138632,19.2135437139412 73.0923557053465,19.2135814521228 73.0923557053465,19.2136133846845 73.0923265002183,19.2136903124091 73.0922849989505,19.2137730457035 73.0922819249156,19.2138078810302 73.0923280381341,19.2138267500918 73.0924586900073,19.2138906142654 73.0924586900073,19.2139269009673 73.0924463929694,19.2140052799446 73.0924817461674,19.2140662412513 73.0926848157273,19.2141616017738 73.0928574746198,19.2142485566919 73.0931011794716,19.2143142215872 73.0935852869681,19.2144446606123 73.0938894169974,19.2145584852668 73.0941933817367,19.2146541627577 73.0944335508195,19.2147214909519 73.0946249359925,19.2147214909519 73.0947525264072,19.2147392088039 73.0947787949428,19.2149199321423 73.0947787949428,19.2151857019456 73.0947938057912,19.2154266654155 73.0948538482864,19.2154904500787 73.095030222611,19.2155400601667 73.0952666394308,19.2155648652051 73.095412990262,19.2155684084182 73.0955156254781,19.2155658347748 73.0956327999272,19.215554275434 73.0957814531404,19.2155410636672</coordinates></LinearRing></outerBoundaryIs></Polygon></MultiGeometry>
  </Placemark>
  <Placemark>
	<Style><LineStyle><color>ff0000ff</color></LineStyle><PolyStyle><fill>0</fill></PolyStyle></Style>
	<ExtendedData><SchemaData schemaUrl="#kalyan_dombivli_ward_boundary">
		<SimpleData name="objectid">31</SimpleData>
		<SimpleData name="townname">Kalyan-Dombivli</SimpleData>
		<SimpleData name="towncensuscode2011">802790</SimpleData>
		<SimpleData name="town_lgd_code">251483</SimpleData>
		<SimpleData name="ward_lgd_code">48893</SimpleData>
		<SimpleData name="ward_lgd_name">Kalyan-Dombivli (M Corp.) - Ward No.70</SimpleData>
		<SimpleData name="sourcewardcode">70</SimpleData>
		<SimpleData name="state">Maharashtra</SimpleData>
		<SimpleData name="st_area(shape)">205067.29163423</SimpleData>
		<SimpleData name="st_length(shape)">2572.21342293959</SimpleData>
	</SchemaData></ExtendedData>
      <MultiGeometry><Polygon><outerBoundaryIs><LinearRing><coordinates>73.0940916637005,19.2188470056547 73.0941456838901,19.218787371937 73.0943623126208,19.2189611682573 73.0944887082763,19.2190165818701 73.0947661691214,19.2189786540801 73.0949198466121,19.2189576480202 73.0949882470327,19.2188460886959 73.0950473193475,19.2186992980317 73.0950939553855,19.2185789294365 73.0951468104602,19.218482047167 73.0951903374289,19.2184027796588 73.0952737055789,19.2183250491472 73.095366670431,19.2182528984109 73.0954568487091,19.2181787177713 73.0955841965788,19.2180734977726 73.0956379221209,19.2179833096334 73.0956777183863,19.2178649364592 73.0957573109171,19.2176657701716 73.0958468522897,19.2173989610208 73.0959085369053,19.2172655562829 73.0959980782779,19.2169912308983 73.0960537935885,19.2168484313412 73.0961313963509,19.216602289619 73.0961614647601,19.2162703422741 73.0963067933084,19.2155287468217 73.095917861418,19.215519594862 73.0957814531404,19.2155410636672 73.0956327999272,19.215554275434 73.0955156254781,19.2155658347748 73.095412990262,19.2155684084182 73.0954135831501,19.215570181297 73.0954144419395,19.2155775137204 73.0954067550556,19.2156204419819 73.0953857030369,19.2156954957943 73.0953332495092,19.215758432935 73.0951397532953,19.2159743691953 73.0949110763599,19.2162567471496 73.0948044077082,19.2163632279823 73.0946852443891,19.2163005124699 73.0945786727554,19.2162463253793 73.0944529732943,19.2162179416177 73.0943026806557,19.2161972982619 73.0941687831693,19.2161689144919 73.0941059334388,19.2162643874621 73.0939856993279,19.2165146810872 73.0939310476226,19.216814000431 73.0938900583945,19.2169533382678 73.0938217433138,19.2169739806803 73.0936031355944,19.2169326958527 73.0935130830805,19.217294173983 73.0933445321837,19.2172557105443 73.0932820875934,19.2172851926216 73.0932340537768,19.2173282824544 73.0931839179025,19.2173791677679 73.0931163708813,19.2174677564248 73.0930150490021,19.2176732814836 73.0929024694358,19.2176874558501 73.0928049007178,19.2176343023935 73.0928199115662,19.217474843617 73.0928949640116,19.2172905790633 73.0929050215495,19.2171649960357 73.0929002182577,19.2167862614459 73.0928322023159,19.2163624407939 73.0927891631324,19.2161505300581 73.0927691810072,19.2161171466085 73.0927336005354,19.2161141191522 73.0925985046965,19.2161885339962 73.0923604457563,19.2163065784031 73.0920086349483,19.2164782202144 73.0918913643795,19.2166000298488 73.0918327295443,19.2168048918042 73.0916861415579,19.2173142768604 73.0916450966343,19.217663093922 73.091604052609,19.2180838880416 73.0915043728501,19.2182499905977 73.0913226032439,19.2184659235848 73.0911701519537,19.2186818562883 73.0909707924359,19.2188922521786 73.0904489395278,19.2195179017253 73.0902085350864,19.219805810939 73.0900326296824,19.2200162053905 73.0898385459704,19.22028796997 73.0914104324276,19.221414617817 73.0919395913339,19.2207231630436 73.0921533409641,19.2204662824412 73.0923913810397,19.2201864649321 73.0926780002092,19.2199479318755 73.0932998176421,19.2194708647237 73.0940916637005,19.2188470056547</coordinates></LinearRing></outerBoundaryIs></Polygon></MultiGeometry>
  </Placemark>
  <Placemark>
	<Style><LineStyle><color>ff0000ff</color></LineStyle><PolyStyle><fill>0</fill></PolyStyle></Style>
	<ExtendedData><SchemaData schemaUrl="#kalyan_dombivli_ward_boundary">
		<SimpleData name="objectid">32</SimpleData>
		<SimpleData name="townname">Kalyan-Dombivli</SimpleData>
		<SimpleData name="towncensuscode2011">802790</SimpleData>
		<SimpleData name="town_lgd_code">251483</SimpleData>
		<SimpleData name="ward_lgd_code">48894</SimpleData>
		<SimpleData name="ward_lgd_name">Kalyan-Dombivli (M Corp.) - Ward No.71</SimpleData>
		<SimpleData name="sourcewardcode">71</SimpleData>
		<SimpleData name="state">Maharashtra</SimpleData>
		<SimpleData name="st_area(shape)">214512.561053245</SimpleData>
		<SimpleData name="st_length(shape)">2658.92075438125</SimpleData>
	</SchemaData></ExtendedData>
      <MultiGeometry><Polygon><outerBoundaryIs><LinearRing><coordinates>73.0962998906538,19.2219372702434 73.0962335806128,19.2220645240383 73.096172385579,19.2221561799264 73.0961249069213,19.222362406548 73.0960447206041,19.2224899280548 73.0959898559981,19.222522804664 73.095498709303,19.2221072724764 73.095466661007,19.2220801578365 73.0954333766291,19.222159358257 73.0953951587036,19.2222502973353 73.0949102957239,19.2221082598204 73.0947749618315,19.2220686142221 73.0947517790089,19.2220248326248 73.0947720638663,19.2219466958255 73.0948324360433,19.2218022779 73.0949411070399,19.2215210444139 73.0949531812956,19.2214526358062 73.0947157161418,19.2213956291768 73.0945828966338,19.2213576247462 73.0944599810518,19.2213351320297 73.0942572070376,19.2212899888152 73.0940890522979,19.221249515139 73.0940314945427,19.2212132071513 73.094059668405,19.2211105940367 73.094099916523,19.2210269839632 73.094172363854,19.2208597628403 73.094305183362,19.2205405231217 73.094385679598,19.2203428970923 73.0946754680239,19.2196550080785 73.0947156784126,19.219571320074 73.0949198457137,19.2189576471719 73.0947661691214,19.2189786540801 73.0944887082763,19.2190165818701 73.0943623126208,19.2189611682573 73.0941456838901,19.218787371937 73.0940916637005,19.2188470056547 73.0932998176421,19.2194708647237 73.0926780002092,19.2199479318755 73.0923913810397,19.2201864649321 73.0921533409641,19.2204662824412 73.0919395913339,19.2207231630436 73.0914104324276,19.221414617817 73.0916137121932,19.2215603135274 73.0917129418961,19.2216267278871 73.0929199317866,19.2226291134874 73.0941172270585,19.2235948776055 73.0950236819774,19.2242905902468 73.096065861556,19.2249725681273 73.0968987363683,19.2254557570007 73.0970031098245,19.2252038017629 73.0971963015095,19.2248924741914 73.0973560066957,19.2247197851339 73.0976393550992,19.2244887213096 73.0977166317732,19.2243427864524 73.0977587735398,19.224126218234 73.0977686648894,19.2240172528941 73.0977620712552,19.223900505023 73.0977323963081,19.2236779044898 73.097728637757,19.2235788393476 73.0977571251313,19.2234453403836 73.0977703141963,19.2234101601746 73.0978626340581,19.2232202488366 73.0973457506301,19.2230131479192 73.0972323733598,19.2229677210089 73.0965755548684,19.2229445787691 73.0966241177927,19.2226320839923 73.0966321810707,19.2225801968476 73.0967078991676,19.2220929627736 73.0966930536093,19.2220071316746 73.0966527866266,19.2217743098849 73.0962998906538,19.2219372702434</coordinates></LinearRing></outerBoundaryIs></Polygon></MultiGeometry>
  </Placemark>
  <Placemark>
	<Style><LineStyle><color>ff0000ff</color></LineStyle><PolyStyle><fill>0</fill></PolyStyle></Style>
	<ExtendedData><SchemaData schemaUrl="#kalyan_dombivli_ward_boundary">
		<SimpleData name="objectid">33</SimpleData>
		<SimpleData name="townname">Kalyan-Dombivli</SimpleData>
		<SimpleData name="towncensuscode2011">802790</SimpleData>
		<SimpleData name="town_lgd_code">251483</SimpleData>
		<SimpleData name="ward_lgd_code">48895</SimpleData>
		<SimpleData name="ward_lgd_name">Kalyan-Dombivli (M Corp.) - Ward No.72</SimpleData>
		<SimpleData name="sourcewardcode">72</SimpleData>
		<SimpleData name="state">Maharashtra</SimpleData>
		<SimpleData name="st_area(shape)">146827.70743657</SimpleData>
		<SimpleData name="st_length(shape)">2056.94652346207</SimpleData>
	</SchemaData></ExtendedData>
      <MultiGeometry><Polygon><outerBoundaryIs><LinearRing><coordinates>73.0962998906538,19.2219372702434 73.096652787525,19.2217743090367 73.0967823515384,19.2200776488154 73.0968262315451,19.2194128055799 73.0968674462503,19.2190106610876 73.0968582870277,19.2186733771675 73.097031406756,19.2170757430284 73.0971240733674,19.2170016500765 73.0971445890919,19.2169656728201 73.0971504505991,19.2168715786808 73.0971533818019,19.2167885534475 73.0971299348746,19.216597597033 73.0970742501068,19.21642601218 73.097018565339,19.2163319168836 73.0970037799677,19.2162104438114 73.0970373922307,19.2160166034723 73.0970626016525,19.2159236505553 73.0970433947734,19.2157082723879 73.0970229868468,19.2155269009914 73.0970203763426,19.215434443186 73.0969747122817,19.2153382554916 73.0969581617209,19.2153205902968 73.0965213127949,19.2154074580785 73.0963067924101,19.21552874767 73.0961614647601,19.2162703422741 73.0961313963509,19.216602289619 73.0960537935885,19.2168484313412 73.0959980782779,19.2169912308983 73.0959085369053,19.2172655562829 73.0958468522897,19.2173989610208 73.0957573109171,19.2176657701716 73.0956777183863,19.2178649364592 73.0956379221209,19.2179833096334 73.0955841965788,19.2180734977726 73.0954568487091,19.2181787177713 73.095366670431,19.2182528984109 73.0952737055789,19.2183250491472 73.0951903374289,19.2184027796588 73.0951468104602,19.218482047167 73.0950939553855,19.2185789294365 73.0950473193475,19.2186992980317 73.0949882470327,19.2188460886959 73.0949198457137,19.2189576463237 73.0947156784126,19.219571320074 73.0946754680239,19.2196550080785 73.094385679598,19.2203428970923 73.094305183362,19.2205405231217 73.094172363854,19.2208597628403 73.094099916523,19.2210269839632 73.094059668405,19.2211105940367 73.0940314945427,19.2212132071513 73.0940890522979,19.221249515139 73.0942572070376,19.2212899888152 73.0944599810518,19.2213351320297 73.0945828966338,19.2213576247462 73.0947157161418,19.2213956291768 73.0949531812956,19.2214526358062 73.0949411070399,19.2215210444139 73.0948324360433,19.2218022779 73.0947720638663,19.2219466958255 73.0947517790089,19.2220248326248 73.0947749618315,19.2220686142221 73.0949102957239,19.2221082598204 73.0953951587036,19.2222502973353 73.0954333766291,19.222159358257 73.095466661007,19.2220801578365 73.095498709303,19.2221072724764 73.0959898559981,19.222522804664 73.0960447206041,19.2224899280548 73.0961249069213,19.222362406548 73.096172385579,19.2221561799264 73.0962335806128,19.2220645240383 73.0962998906538,19.2219372702434</coordinates></LinearRing></outerBoundaryIs></Polygon></MultiGeometry>
  </Placemark>
  <Placemark>
	<Style><LineStyle><color>ff0000ff</color></LineStyle><PolyStyle><fill>0</fill></PolyStyle></Style>
	<ExtendedData><SchemaData schemaUrl="#kalyan_dombivli_ward_boundary">
		<SimpleData name="objectid">34</SimpleData>
		<SimpleData name="townname">Kalyan-Dombivli</SimpleData>
		<SimpleData name="towncensuscode2011">802790</SimpleData>
		<SimpleData name="town_lgd_code">251483</SimpleData>
		<SimpleData name="ward_lgd_code">48897</SimpleData>
		<SimpleData name="ward_lgd_name">Kalyan-Dombivli (M Corp.) - Ward No.74</SimpleData>
		<SimpleData name="sourcewardcode">74</SimpleData>
		<SimpleData name="state">Maharashtra</SimpleData>
		<SimpleData name="st_area(shape)">175457.299484445</SimpleData>
		<SimpleData name="st_length(shape)">2390.56451626808</SimpleData>
	</SchemaData></ExtendedData>
      <MultiGeometry><Polygon><outerBoundaryIs><LinearRing><coordinates>73.0965213127949,19.2154074580785 73.0969581599243,19.2153205902968 73.0973809789623,19.2154799510675 73.0975624673957,19.2156552234764 73.0977563292239,19.2158129671273 73.0978738845587,19.215888918317 73.0982306729316,19.2159629218543 73.098597773964,19.2160330301254 73.0988596939548,19.2160934011361 73.0989485040988,19.2161017998048 73.0990645125345,19.2162143873912 73.0991219436273,19.2163462593219 73.0992235772219,19.2165269825901 73.0992961727749,19.2166329237532 73.0993621684056,19.2167463431201 73.0994096847926,19.2167999371114 73.0995113183872,19.2168385745502 73.0996367097261,19.2168647484855 73.099719864077,19.2168834433027 73.0997330630235,19.2169208346274 73.0997700206126,19.2169457616069 73.0998650542848,19.2170006016271 73.0999270901417,19.2170342537957 73.0999838465997,19.2170903398797 73.1000274041112,19.217141441573 73.1000775606467,19.2171676146118 73.1001224377834,19.2171788319907 73.1001699541703,19.2171888032762 73.1002689476163,19.2172212084657 73.1003296638481,19.2172336719331 73.100433936693,19.2172324258409 73.1004920127761,19.2172324258409 73.1005910062221,19.2172436432153 73.1006662419238,19.217254860589 73.1007243180069,19.2172573527731 73.1008074723578,19.2172710631781 73.1009091050541,19.2173159318125 73.1010714548805,19.2173620473742 73.1012140049396,19.2174393219786 73.1012430429812,19.2174468002189 73.1012628418501,19.2174256124359 73.1012852808675,19.2174143950739 73.1013420364272,19.2174430610988 73.1013354374031,19.2174692349378 73.1013301571059,19.2174929157439 73.1013407168021,19.2175165965466 73.1014159516054,19.2175490016714 73.1014911864088,19.2175838998172 73.1016970928483,19.2176861011845 73.1017111065667,19.2176925632024 73.101709184172,19.21771253031 73.1016870784295,19.2177687993859 73.1016668941834,19.2178305142445 73.1016611278976,19.2178659094084 73.101663049394,19.2178831535949 73.1016611278976,19.2179321623961 73.1016543995161,19.2180102137338 73.101607304439,19.2182216767388 73.1016236429974,19.2182334750995 73.1017159116552,19.2182434590449 73.1018172577889,19.2182657443625 73.101895856783,19.2182867191255 73.1019419915611,19.2182802656136 73.1021077334259,19.2183367363793 73.102135071855,19.2183399631343 73.1021589930926,19.2182754254794 73.1021982925897,19.218136668121 73.1022700572011,19.217967254711 73.102384538501,19.2177445977903 73.1025263591281,19.2175187129487 73.102692100993,19.2173380051913 73.1027522243366,19.2172844962013 73.1027014982692,19.2172053986156 73.1025306306173,19.2169885885681 73.102423837998,19.2168373259102 73.1023570931724,19.2166709369106 73.1022983577258,19.2165247160328 73.1022524017125,19.2164198775419 73.1019988459354,19.2164265677923 73.1019599336122,19.2164275941905 73.1019020443787,19.2164041668616 73.1018524250357,19.2163625179859 73.1017253089313,19.2160907452193 73.1017063230378,19.216050152354 73.1015877876412,19.2159095880077 73.1015133586266,19.2158028625805 73.1014486179424,19.215691710828 73.1014223898311,19.2156466797311 73.1011356987963,19.215094830213 73.1009730570175,19.2148735698969 73.1008632774999,19.2147990484237 73.1008297371021,19.2147848755046 73.1007690469215,19.2147712310575 73.1005985376975,19.2147985207988 73.1004916085342,19.2148176238696 73.1003326588312,19.2148640166685 73.1002517394888,19.2149022219443 73.1001592597269,19.2149404280594 73.1000407701443,19.2149950074813 73.0997286522955,19.215079606313 73.0996448421744,19.215079606313 73.0995321332506,19.215079606313 73.0994541028901,19.215068690775 73.0993876338473,19.2150414002302 73.0993385040861,19.2149759052795 73.0992662543844,19.2147821466153 73.0992604746239,19.2146320525428 73.0992749240252,19.2144628543753 73.0992929963321,19.2143249013552 73.0992732675319,19.2139460915117 73.0992701539711,19.2139232270844 73.0991950646948,19.2139332511605 73.098986117458,19.2139876807721 73.0988179986509,19.2140239674525 73.0985682220862,19.2140693255798 73.0984049065709,19.2140693255798 73.0983064368427,19.214060254125 73.0982463943474,19.2140058245374 73.0982271811801,19.2138334625029 73.0982055659177,19.2137155316858 73.0981599332979,19.2135590448665 73.0981287114519,19.2134796681013 73.0980936466131,19.2134566254706 73.0980185753032,19.2134530262257 73.0978185088113,19.2134479170452 73.0976048535041,19.213459528279 73.0974788126832,19.2134740431684 73.0974157922728,19.2134754945725 73.0973281777865,19.2134769459765 73.0972005999482,19.2134885580566 73.0970960782699,19.213495815076 73.0970407429467,19.2135016215397 73.0969669625158,19.2135088785585 73.0967948093747,19.2135001701358 73.0966810646935,19.2134871066527 73.0965857651199,19.2134783973805 73.0964889294272,19.2134638833398 73.0964028519584,19.2134754945725 73.0963582766557,19.2134682375521 73.0963352204956,19.2134450142366 73.0962583660298,19.2134130816422 73.0962122537096,19.2134174358559 73.0961108060663,19.2134275965357 73.0960370256354,19.2134174333111 73.0960105540806,19.213591128426 73.0960023560553,19.2137382103694 73.0960679384609,19.2138053005731 73.0961335208666,19.2138594884683 73.0961335208666,19.2139265786225 73.0961061950139,19.2141949381172 73.0960406126083,19.2143420195204 73.0959408106786,19.2152994582256 73.095917861418,19.215519594862 73.0963067924101,19.21552874767 73.0965213127949,19.2154074580785</coordinates></LinearRing></outerBoundaryIs></Polygon></MultiGeometry>
  </Placemark>
  <Placemark>
	<Style><LineStyle><color>ff0000ff</color></LineStyle><PolyStyle><fill>0</fill></PolyStyle></Style>
	<ExtendedData><SchemaData schemaUrl="#kalyan_dombivli_ward_boundary">
		<SimpleData name="objectid">35</SimpleData>
		<SimpleData name="townname">Kalyan-Dombivli</SimpleData>
		<SimpleData name="towncensuscode2011">802790</SimpleData>
		<SimpleData name="town_lgd_code">251483</SimpleData>
		<SimpleData name="ward_lgd_code">48896</SimpleData>
		<SimpleData name="ward_lgd_name">Kalyan-Dombivli (M Corp.) - Ward No.73</SimpleData>
		<SimpleData name="sourcewardcode">73</SimpleData>
		<SimpleData name="state">Maharashtra</SimpleData>
		<SimpleData name="st_area(shape)">336610.89263921</SimpleData>
		<SimpleData name="st_length(shape)">2708.31419058884</SimpleData>
	</SchemaData></ExtendedData>
      <MultiGeometry><Polygon><outerBoundaryIs><LinearRing><coordinates>73.0984413467304,19.2222503931857 73.0984670816666,19.2221989342783 73.0986342392764,19.2221994152265 73.0991047956868,19.2222595837893 73.099541040945,19.2222410702572 73.0995635302681,19.2221985746274 73.0996107591942,19.2221093319877 73.0997058216125,19.221929703991 73.0998703094292,19.2216188893366 73.1000906850331,19.2212024701506 73.1001844763352,19.2210843859998 73.1002612948684,19.2209740046275 73.1004449913609,19.2207437803837 73.100505110213,19.2205955544933 73.1005919485549,19.2203211769862 73.1007255451056,19.2201414130124 73.1008858620445,19.2200215696884 73.1010146660832,19.2199303978059 73.1011432608144,19.2198528911053 73.101349577784,19.2197061929508 73.1015334072271,19.2195164614018 73.1017876430289,19.2191921270369 73.102017398841,19.2189702996674 73.1025057481822,19.2185100157423 73.1023844558559,19.2183772625162 73.1023833608096,19.2183767679848 73.1021589903977,19.2182754246312 73.102135071855,19.2183399631343 73.1021077334259,19.2183367363793 73.1019419915611,19.2182802656136 73.101895856783,19.2182867191255 73.1018172577889,19.2182657443625 73.1017159116552,19.2182434590449 73.1016236429974,19.2182334750995 73.101607304439,19.2182216767388 73.1016543995161,19.2180102137338 73.1016611278976,19.2179321623961 73.101663049394,19.2178831535949 73.1016611278976,19.2178659094084 73.1016668941834,19.2178305142445 73.1016870784295,19.2177687993859 73.101709184172,19.21771253031 73.1017111065667,19.2176925632024 73.1016970928483,19.2176861011845 73.1014911864088,19.2175838998172 73.1014159516054,19.2175490016714 73.1013407168021,19.2175165965466 73.1013301571059,19.2174929157439 73.1013354374031,19.2174692349378 73.1013420364272,19.2174430610988 73.1012852808675,19.2174143950739 73.1012628418501,19.2174256124359 73.1012430429812,19.2174468002189 73.1012140049396,19.2174393219786 73.1010714548805,19.2173620473742 73.1009091050541,19.2173159318125 73.1008074723578,19.2172710631781 73.1007243180069,19.2172573527731 73.1006662419238,19.217254860589 73.1005910062221,19.2172436432153 73.1004920127761,19.2172324258409 73.100433936693,19.2172324258409 73.1003296638481,19.2172336719331 73.1002689476163,19.2172212084657 73.1001699541703,19.2171888032762 73.1001224377834,19.2171788319907 73.1000775606467,19.2171676146118 73.1000274041112,19.217141441573 73.0999838465997,19.2170903398797 73.0999270901417,19.2170342537957 73.0998650542848,19.2170006016271 73.0997700206126,19.2169457616069 73.0997330630235,19.2169208346274 73.099719864077,19.2168834433027 73.0996367097261,19.2168647484855 73.0995113183872,19.2168385745502 73.0994096847926,19.2167999371114 73.0993621684056,19.2167463431201 73.0992961727749,19.2166329237532 73.0992235772219,19.2165269825901 73.0991219436273,19.2163462593219 73.0990645125345,19.2162143873912 73.0989485040988,19.2161017998048 73.0988596939548,19.2160934011361 73.098597773964,19.2160330301254 73.0982306729316,19.2159629218543 73.0978738845587,19.215888918317 73.0977563292239,19.2158129671273 73.0975624673957,19.2156552234764 73.0973809789623,19.2154799510675 73.0969581599243,19.2153205902968 73.0969747113835,19.2153382563399 73.0970203763426,19.215434443186 73.0970229868468,19.2155269009914 73.0970433947734,19.2157082723879 73.0970626016525,19.2159236505553 73.0970373922307,19.2160166034723 73.0970037799677,19.2162104438114 73.097018565339,19.2163319168836 73.0970742501068,19.21642601218 73.0971299348746,19.216597597033 73.0971533818019,19.2167885534475 73.0971504505991,19.2168715786808 73.0971445890919,19.2169656728201 73.0971240733674,19.2170016500765 73.097031406756,19.2170757430284 73.0968582870277,19.2186733771675 73.0968674462503,19.2190106610876 73.0968262315451,19.2194128055799 73.0967823515384,19.2200776488154 73.0966527866266,19.2217743098849 73.0966930536093,19.2220071316746 73.0967078991676,19.2220929627736 73.0966321810707,19.2225801968476 73.0966241177927,19.2226320839923 73.0965755548684,19.2229445787691 73.0972323733598,19.2229677210089 73.0973457506301,19.2230131479192 73.0978626331597,19.223220250533 73.0984266691569,19.2226772539815 73.0984413467304,19.2222503931857</coordinates></LinearRing></outerBoundaryIs></Polygon></MultiGeometry>
  </Placemark>
  <Placemark>
	<Style><LineStyle><color>ff0000ff</color></LineStyle><PolyStyle><fill>0</fill></PolyStyle></Style>
	<ExtendedData><SchemaData schemaUrl="#kalyan_dombivli_ward_boundary">
		<SimpleData name="objectid">36</SimpleData>
		<SimpleData name="townname">Kalyan-Dombivli</SimpleData>
		<SimpleData name="towncensuscode2011">802790</SimpleData>
		<SimpleData name="town_lgd_code">251483</SimpleData>
		<SimpleData name="ward_lgd_code">48870</SimpleData>
		<SimpleData name="ward_lgd_name">Kalyan-Dombivli (M Corp.) - Ward No.47</SimpleData>
		<SimpleData name="sourcewardcode">47</SimpleData>
		<SimpleData name="state">Maharashtra</SimpleData>
		<SimpleData name="st_area(shape)">310747.337664965</SimpleData>
		<SimpleData name="st_length(shape)">2850.53239583199</SimpleData>
	</SchemaData></ExtendedData>
      <MultiGeometry><Polygon><outerBoundaryIs><LinearRing><coordinates>73.0984413467304,19.2222503931857 73.0984266691569,19.2226772539815 73.0978626322614,19.223220250533 73.0977703141963,19.2234101601746 73.0977571251313,19.2234453403836 73.097728637757,19.2235788393476 73.0977323963081,19.2236779044898 73.0977620712552,19.223900505023 73.0977686648894,19.2240172528941 73.0977587735398,19.224126218234 73.0977166317732,19.2243427864524 73.0976393550992,19.2244887213096 73.0973560066957,19.2247197851339 73.0971963015095,19.2248924741914 73.0970031098245,19.2252038017629 73.0968987363683,19.2254557570007 73.0972098364259,19.2256362361439 73.0988140065378,19.226379712275 73.1008695854698,19.2270825643658 73.1019286309178,19.2274050425488 73.1020700266419,19.2269565689579 73.1019647252259,19.2269238620294 73.1015958122916,19.2268092774613 73.1014448351367,19.2267623841978 73.1014153254796,19.2267532184442 73.1012947230595,19.2266312085241 73.1012344209511,19.2264237912823 73.101346409426,19.2258666104526 73.1014928563769,19.2253622987959 73.1016694534836,19.2251142095931 73.1022143194327,19.2246612418142 73.1026719643576,19.2244833088089 73.1028351864481,19.2241795850396 73.1027317140021,19.2237894037028 73.1028064268842,19.2235424894631 73.1029994353129,19.223324969327 73.1031488610773,19.2231250852693 73.1032111224113,19.2228840491112 73.1032858352935,19.2226194962442 73.1032982877399,19.2224901596221 73.1029728972828,19.2224121053226 73.1025572144615,19.2222724404547 73.1018967119792,19.2220484941133 73.1015111532626,19.2218970885194 73.1011445615749,19.2215020210083 73.1012854165132,19.221351146756 73.1013454347539,19.2212868588173 73.1014195331884,19.2210651267332 73.1017599048496,19.2200465988353 73.1015963872134,19.21943611627 73.1015334072271,19.2195164614018 73.101349577784,19.2197061929508 73.1011432608144,19.2198528911053 73.1010146660832,19.2199303978059 73.1008858620445,19.2200215696884 73.1007255451056,19.2201414130124 73.1005919485549,19.2203211769862 73.100505110213,19.2205955544933 73.1004449913609,19.2207437803837 73.1003240466826,19.2208953532951 73.1002612948684,19.2209740046275 73.1001844763352,19.2210843859998 73.1000906850331,19.2212024701506 73.0998703094292,19.2216188893366 73.0997058216125,19.221929703991 73.0996107591942,19.2221093319877 73.0995635302681,19.2221985746274 73.099541040945,19.2222410702572 73.0991047956868,19.2222595837893 73.0986342392764,19.2221994152265 73.0984670816666,19.2221989342783 73.0984413467304,19.2222503931857</coordinates></LinearRing></outerBoundaryIs></Polygon></MultiGeometry>
  </Placemark>
  <Placemark>
	<Style><LineStyle><color>ff0000ff</color></LineStyle><PolyStyle><fill>0</fill></PolyStyle></Style>
	<ExtendedData><SchemaData schemaUrl="#kalyan_dombivli_ward_boundary">
		<SimpleData name="objectid">37</SimpleData>
		<SimpleData name="townname">Kalyan-Dombivli</SimpleData>
		<SimpleData name="towncensuscode2011">802790</SimpleData>
		<SimpleData name="town_lgd_code">251483</SimpleData>
		<SimpleData name="ward_lgd_code">48915</SimpleData>
		<SimpleData name="ward_lgd_name">Kalyan-Dombivli (M Corp.) - Ward No.92</SimpleData>
		<SimpleData name="sourcewardcode">92</SimpleData>
		<SimpleData name="state">Maharashtra</SimpleData>
		<SimpleData name="st_area(shape)">229396.70643304</SimpleData>
		<SimpleData name="st_length(shape)">2225.30839198111</SimpleData>
	</SchemaData></ExtendedData>
      <MultiGeometry><Polygon><outerBoundaryIs><LinearRing><coordinates>73.1407596062412,19.2336653441411 73.1412883186848,19.2335178076007 73.1409578401699,19.2325888602282 73.1409218617444,19.2324877275076 73.1410999698175,19.2324081885533 73.1412112737761,19.2323584826245 73.1411749548892,19.2322020169512 73.1411238084102,19.2319816719582 73.1410988639914,19.2319051268451 73.1410988639914,19.2318188564242 73.1410966352711,19.2316862946144 73.1410966352711,19.231562148388 73.1410721220437,19.2313538357509 73.1410587506207,19.2311770855815 73.1410565219004,19.2311307966259 73.1410057320526,19.2307039874811 73.1410039929142,19.2306893723307 73.1409756115412,19.2306208080808 73.1408113842358,19.2302240617707 73.1408581828689,19.2297946395286 73.1408782395542,19.2294032603037 73.1405194470399,19.229293842134 73.1403768206239,19.2296220964243 73.1400871121481,19.2301965396418 73.1398419735852,19.2306300007607 73.1394138176562,19.2304332596554 73.1387591874608,19.2301340711439 73.1380975935254,19.2298085795961 73.1377254412662,19.2296409942051 73.1376238058749,19.229745972695 73.1375080354927,19.2298484421607 73.1373231846651,19.2300829692502 73.1371854657455,19.2303343690733 73.1369192095869,19.2307764855965 73.1366284698452,19.2313052898217 73.1365948054799,19.2314786683166 73.1365795035774,19.2316318182776 73.1365458383138,19.2317098385103 73.13645096544,19.2317936382295 73.1361755276008,19.2320883800918 73.1358388821515,19.2324553618008 73.1358177456912,19.2324864484521 73.1356527925471,19.2327487886467 73.1353019492247,19.2333067671661 73.1352918710255,19.2333840113706 73.1352616759539,19.2336154528426 73.1358904113128,19.233596846443 73.1370725034969,19.2336371389606 73.138122303484,19.2336935493168 73.1391721034711,19.2337096663155 73.1398805050227,19.2337419003082 73.1407596062412,19.2336653441411</coordinates></LinearRing></outerBoundaryIs></Polygon></MultiGeometry>
  </Placemark>
  <Placemark>
	<Style><LineStyle><color>ff0000ff</color></LineStyle><PolyStyle><fill>0</fill></PolyStyle></Style>
	<ExtendedData><SchemaData schemaUrl="#kalyan_dombivli_ward_boundary">
		<SimpleData name="objectid">38</SimpleData>
		<SimpleData name="townname">Kalyan-Dombivli</SimpleData>
		<SimpleData name="towncensuscode2011">802790</SimpleData>
		<SimpleData name="town_lgd_code">251483</SimpleData>
		<SimpleData name="ward_lgd_code">48868</SimpleData>
		<SimpleData name="ward_lgd_name">Kalyan-Dombivli (M Corp.) - Ward No.45</SimpleData>
		<SimpleData name="sourcewardcode">45</SimpleData>
		<SimpleData name="state">Maharashtra</SimpleData>
		<SimpleData name="st_area(shape)">1227416.86224596</SimpleData>
		<SimpleData name="st_length(shape)">5204.00125552966</SimpleData>
	</SchemaData></ExtendedData>
      <MultiGeometry><Polygon><outerBoundaryIs><LinearRing><coordinates>73.1180925918485,19.2325441153578 73.1181576658077,19.2324794399399 73.1182229068535,19.2323348828417 73.1182266698962,19.2323353713939 73.1183034893277,19.2321749854029 73.1184075447804,19.2320266688921 73.1184490235903,19.2319675471712 73.1203788186196,19.2317854659796 73.1202241772367,19.2312933024059 73.1201996199918,19.2312151437209 73.1205995724141,19.2309526730001 73.1206129070062,19.2305169913226 73.1205360013364,19.230394215737 73.1204590022418,19.2302712916262 73.1204313529957,19.2301564227041 73.1204258229669,19.2300598280127 73.1204774716041,19.2299184342425 73.1204384631612,19.2295823746052 73.1205594617384,19.229286489966 73.120765909862,19.2287573933982 73.1208801450235,19.2285166063922 73.1212338620565,19.2279708800142 73.1218427841735,19.2270314089339 73.1217526705741,19.226863895352 73.1216414483621,19.2266571366151 73.1214778615556,19.2266601070472 73.1214811053721,19.2264660279631 73.1213045477912,19.2264235648098 73.1212475290252,19.2264098509275 73.1211065016104,19.2261268830983 73.1209169966114,19.2260665446126 73.1212941426053,19.2249133751619 73.1216129852423,19.2249469112005 73.12163823958,19.2248740440815 73.1216581139073,19.2248167078334 73.1215970212815,19.2247321920501 73.1215503061917,19.224667566146 73.121495148735,19.2245491986348 73.1214600488619,19.2243621793539 73.1214678677981,19.2242222328372 73.12147333225,19.2241244233936 73.1214395412223,19.2240647440904 73.1212256882857,19.2239343143966 73.1212035412207,19.2238962918922 73.1213042091264,19.2236358409784 73.1206434623023,19.2229381237435 73.1204006728338,19.2226383320614 73.1203892489584,19.2226242259804 73.1203917525631,19.2225880591027 73.1204440093598,19.2218334140683 73.1204557359675,19.2216640629973 73.1214341073131,19.2214863142068 73.121406640425,19.2212636968313 73.1213837495549,19.2210713383877 73.1212784598171,19.2208854636655 73.1212029249764,19.2207795583249 73.1210220986013,19.2205807153563 73.1209615799989,19.2205147509902 73.1208458518375,19.2203902570248 73.1206773862807,19.2201841517718 73.1205440789875,19.2199780454121 73.1204312811305,19.2198009878147 73.1203228769336,19.2196377623815 73.1201882859478,19.2194659372551 73.1199749908651,19.2195500799737 73.1196713046035,19.2196698778361 73.11966857642,19.2196709551089 73.1194452875797,19.2195564231637 73.1194122960526,19.2195208858584 73.1192711976709,19.2193689028238 73.1183708764488,19.2199112342557 73.1174831648782,19.2205033998168 73.1162995518464,19.2211904709706 73.1156627271584,19.2215346755772 73.1155961745722,19.2215706475923 73.1154073316315,19.221608983634 73.1153802159846,19.2218362081547 73.1153526377054,19.2218882906283 73.1152749145687,19.2219001268963 73.1148363031481,19.2218223344212 73.1147295078339,19.2218622353977 73.114359291444,19.2219876019294 73.1141194637211,19.2221203522391 73.1139871445746,19.2222166623512 73.1139264993098,19.2223390004226 73.1139515434416,19.2224801250408 73.1142567658223,19.2229334966522 73.1142910715847,19.2230112886013 73.1143014013122,19.2231068687147 73.1143096712027,19.2232786620426 73.1142250067838,19.2236933846056 73.1141243280983,19.2238923926044 73.1140450347065,19.224049129142 73.1139854305891,19.2241276245882 73.113805413596,19.2242531335893 73.1136369651072,19.2243308121001 73.1136537159923,19.2250851623599 73.1136511998112,19.2252227339807 73.1136480557077,19.2253444183833 73.1136471007986,19.2253813692547 73.1137427354437,19.2260878144064 73.1137035608125,19.2265945658341 73.1136291300013,19.2269866506746 73.1136013540927,19.2270545310893 73.1135192633471,19.2271750249482 73.1132217188671,19.2274342182992 73.1130767738994,19.2275155943313 73.1130066424252,19.2275459448268 73.1129827562218,19.2275562819081 73.1128848209912,19.2278004088538 73.112784393834,19.2281708862551 73.1127163716041,19.2284218216458 73.1126157701737,19.2286547408888 73.1126030131984,19.2289317669747 73.11259131893,19.2292814296249 73.1125484396465,19.22952803413 73.112364614695,19.2299171280247 73.1122232737682,19.230216297423 73.1119973555591,19.2306944852161 73.1116454513263,19.231761937362 73.111631876884,19.2318031141371 73.1115960511722,19.2319117850822 73.1127613358773,19.232246636384 73.1143721705902,19.2329292462062 73.1158341293078,19.2346620337732 73.1160829734213,19.2347060876573 73.1161010205754,19.2340588141315 73.1161872040454,19.2338146956396 73.1166024502855,19.2332857731161 73.1167489008296,19.2329559850091 73.1168285445644,19.232872923798 73.1168766349748,19.2328402307703 73.1169617054322,19.2327823994219 73.1172253196456,19.2326791743626 73.1178951987429,19.2326088976209 73.1180284763917,19.232569572624 73.1180832340982,19.2325534156489 73.1180925918485,19.2325441153578</coordinates></LinearRing></outerBoundaryIs></Polygon></MultiGeometry>
  </Placemark>
  <Placemark>
	<Style><LineStyle><color>ff0000ff</color></LineStyle><PolyStyle><fill>0</fill></PolyStyle></Style>
	<ExtendedData><SchemaData schemaUrl="#kalyan_dombivli_ward_boundary">
		<SimpleData name="objectid">39</SimpleData>
		<SimpleData name="townname">Kalyan-Dombivli</SimpleData>
		<SimpleData name="towncensuscode2011">802790</SimpleData>
		<SimpleData name="town_lgd_code">251483</SimpleData>
		<SimpleData name="ward_lgd_code">48867</SimpleData>
		<SimpleData name="ward_lgd_name">Kalyan-Dombivli (M Corp.) - Ward No.44</SimpleData>
		<SimpleData name="sourcewardcode">44</SimpleData>
		<SimpleData name="state">Maharashtra</SimpleData>
		<SimpleData name="st_area(shape)">195735.6895724</SimpleData>
		<SimpleData name="st_length(shape)">2737.58193566666</SimpleData>
	</SchemaData></ExtendedData>
      <MultiGeometry><Polygon><outerBoundaryIs><LinearRing><coordinates>73.1212035412207,19.2238962918922 73.1212256882857,19.2239343135484 73.1214395412223,19.2240647440904 73.12147333225,19.2241244233936 73.1214678677981,19.2242222328372 73.1214600488619,19.2243621793539 73.121495148735,19.2245491986348 73.1215503061917,19.224667566146 73.1215970212815,19.2247321920501 73.1216581139073,19.2248167078334 73.1216382404782,19.2248740440815 73.1216129852423,19.2249469112005 73.1212941426053,19.2249133751619 73.1209169966114,19.2260665446126 73.1211065016104,19.2261268830983 73.1212475290252,19.2264098509275 73.1213045477912,19.2264235648098 73.1214811053721,19.2264660279631 73.1214778624539,19.2266601070472 73.1216414483621,19.2266571366151 73.1217526714724,19.226863895352 73.1218427841735,19.2270314089339 73.1212338620565,19.2279708800142 73.1208801450235,19.2285166063922 73.120765909862,19.22875739255 73.1205594617384,19.229286489966 73.1204384631612,19.2295823754534 73.1204774716041,19.2299184342425 73.1204258229669,19.2300598280127 73.1204313529957,19.2301564227041 73.1204590022418,19.2302712916262 73.1205360013364,19.230394215737 73.1206129070062,19.2305169913226 73.1205995697192,19.2309526738483 73.1209691276439,19.2306218606842 73.1211478564529,19.2304267905049 73.1215643064354,19.2299432023346 73.1220113620197,19.2294399142419 73.1224670144813,19.2289393303601 73.1228366954752,19.2285226269199 73.1230602232674,19.2282926278481 73.1232768097773,19.2279843537247 73.1235147016308,19.2275883109945 73.1237150313291,19.2272040896243 73.1237546802708,19.2270878376748 73.1237692877756,19.2269577929229 73.1237442463388,19.2266464737645 73.1236628625673,19.2262464870147 73.1235606109318,19.2256947791162 73.1234875734076,19.2253795167493 73.1234354046458,19.2251824775688 73.1232935040686,19.2248396284242 73.1230785668655,19.2243608213505 73.1229846623755,19.2242248631759 73.1227822458909,19.2240317634582 73.1225652210031,19.2238130479728 73.1224801460541,19.2236930139311 73.122147652618,19.223436234669 73.1219431727031,19.2232467822523 73.121808301443,19.2230875918723 73.1216544847135,19.2228994716223 73.1215870984908,19.2227279501799 73.1215270371309,19.2224927984709 73.1215094579991,19.2222106169938 73.1214775965526,19.2218991276758 73.1214341073131,19.2214863142068 73.1204557359675,19.2216640629973 73.1204440093598,19.2218334140683 73.1203917534614,19.2225880591027 73.1203892489584,19.2226242259804 73.1204006728338,19.2226383320614 73.1206434623023,19.2229381237435 73.1213042091264,19.2236358409784 73.1212035412207,19.2238962918922</coordinates></LinearRing></outerBoundaryIs></Polygon></MultiGeometry>
  </Placemark>
  <Placemark>
	<Style><LineStyle><color>ff0000ff</color></LineStyle><PolyStyle><fill>0</fill></PolyStyle></Style>
	<ExtendedData><SchemaData schemaUrl="#kalyan_dombivli_ward_boundary">
		<SimpleData name="objectid">40</SimpleData>
		<SimpleData name="townname">Kalyan-Dombivli</SimpleData>
		<SimpleData name="towncensuscode2011">802790</SimpleData>
		<SimpleData name="town_lgd_code">251483</SimpleData>
		<SimpleData name="ward_lgd_code">48866</SimpleData>
		<SimpleData name="ward_lgd_name">Kalyan-Dombivli (M Corp.) - Ward No.43</SimpleData>
		<SimpleData name="sourcewardcode">43</SimpleData>
		<SimpleData name="state">Maharashtra</SimpleData>
		<SimpleData name="st_area(shape)">532865.785508455</SimpleData>
		<SimpleData name="st_length(shape)">4527.23037433381</SimpleData>
	</SchemaData></ExtendedData>
      <MultiGeometry><Polygon><outerBoundaryIs><LinearRing><coordinates>73.1183756087737,19.2320721891421 73.1246971073269,19.2326228688322 73.1249502417942,19.2325308192909 73.1251803650172,19.2324157577158 73.1253843257058,19.2321362557258 73.1256780137183,19.2313505778686 73.1258573264321,19.23086189735 73.1264039881135,19.2297075689999 73.1267910245587,19.2288903036368 73.1266870661241,19.228779652692 73.1264682859283,19.2285467870627 73.126454925285,19.2285325661337 73.1264461676093,19.2284354055854 73.1264075436453,19.2280068879411 73.1263878867103,19.2277888037224 73.1263815940117,19.2277189956418 73.1262981692679,19.2274609520593 73.1262406258858,19.2272829618634 73.1262043779657,19.2271708441333 73.1260225832067,19.2269587997466 73.1259966084203,19.2269285025798 73.1260122292248,19.2268833838036 73.1260750888368,19.2267018330448 73.126100493193,19.2266284586262 73.1264005152266,19.2266405150875 73.1265900651414,19.2266481303191 73.1271636735863,19.226671177886 73.1272493414234,19.2266746199226 73.1273128711786,19.2266378288055 73.1277076591864,19.2264091978046 73.1279667827216,19.2258283780382 73.1280468244101,19.2257748438217 73.1288693775798,19.2257508826017 73.1289542818489,19.2257484092071 73.1288473499907,19.2262027659055 73.1288447754191,19.2262137078468 73.1288637541261,19.2262170633753 73.1298606999368,19.2263933175888 73.1299396744267,19.2260345779973 73.1301350795606,19.2253877614162 73.1302519306161,19.2248201694179 73.1296616674059,19.2247742043875 73.1290076049458,19.2247012600039 73.128307192112,19.2245650993862 73.1279363864274,19.2245213328738 73.1275243777156,19.2244824292033 73.1270660204267,19.2242976389748 73.1267582504238,19.2240776413293 73.1265341180655,19.223878456276 73.1262473605555,19.2236605972943 73.1261254061708,19.2235734531119 73.1259803803547,19.2235174320091 73.1258551300513,19.2234894218746 73.1255815571146,19.2234800845966 73.125288207767,19.2235112077237 73.1248926804458,19.223579677395 73.124299389913,19.2236668224223 73.1237621317961,19.2236948316783 73.1234292296265,19.223701056805 73.1226678400496,19.2237166183483 73.1224801460541,19.2236930139311 73.1225652210031,19.2238130479728 73.1227822458909,19.22403176261 73.1229846623755,19.2242248631759 73.1230785668655,19.2243608213505 73.1232935040686,19.224839627576 73.1234354046458,19.225182478417 73.1234875734076,19.2253795167493 73.1235606109318,19.2256947791162 73.1236628625673,19.2262464870147 73.1237442463388,19.2266464737645 73.1237692877756,19.2269577929229 73.1237546802708,19.2270878376748 73.1237150313291,19.2272040896243 73.1235147016308,19.2275883109945 73.1232768097773,19.2279843537247 73.1230602232674,19.2282926278481 73.1228366945769,19.2285226269199 73.122467013583,19.2289393303601 73.1220113620197,19.2294399142419 73.1215643064354,19.2299432023346 73.1211478555546,19.2304267913531 73.1209691276439,19.2306218606842 73.1205995706175,19.2309526738483 73.1201996199918,19.2312151437209 73.1202241772367,19.2312933024059 73.1203788186196,19.2317854659796 73.1184490235903,19.2319675471712 73.1184075447804,19.2320266688921 73.1183756087737,19.2320721891421</coordinates></LinearRing></outerBoundaryIs></Polygon></MultiGeometry>
  </Placemark>
  <Placemark>
	<Style><LineStyle><color>ff0000ff</color></LineStyle><PolyStyle><fill>0</fill></PolyStyle></Style>
	<ExtendedData><SchemaData schemaUrl="#kalyan_dombivli_ward_boundary">
		<SimpleData name="objectid">41</SimpleData>
		<SimpleData name="townname">Kalyan-Dombivli</SimpleData>
		<SimpleData name="towncensuscode2011">802790</SimpleData>
		<SimpleData name="town_lgd_code">251483</SimpleData>
		<SimpleData name="ward_lgd_code">48709</SimpleData>
		<SimpleData name="ward_lgd_name">Kalyan-Dombivli (M Corp.) - Ward No.39</SimpleData>
		<SimpleData name="sourcewardcode">39</SimpleData>
		<SimpleData name="state">Maharashtra</SimpleData>
		<SimpleData name="st_area(shape)">607768.522467145</SimpleData>
		<SimpleData name="st_length(shape)">4039.54976302318</SimpleData>
	</SchemaData></ExtendedData>
      <MultiGeometry><Polygon><outerBoundaryIs><LinearRing><coordinates>73.1495525075833,19.236703180983 73.1488199781815,19.2367395746037 73.148335568851,19.2368121718336 73.1480510741972,19.2368629900451 73.1477066367611,19.2368162099126 73.1474282605326,19.2366451983265 73.147228345856,19.2365000028388 73.1470976319991,19.2363039897021 73.1470438085405,19.2361624248904 73.1469553846721,19.2358103265475 73.1469794649116,19.2354464812158 73.1470018635049,19.2352588127729 73.1466233520717,19.235352533367 73.1461333704916,19.2354681899924 73.145402773366,19.2356458057594 73.144746548661,19.2358275518873 73.1437480361884,19.2360990138098 73.1432384560637,19.2362417669494 73.1426728776592,19.2363237170629 73.1421940953757,19.2363290044939 73.1418126751976,19.2363529098885 73.1412860549303,19.2363714981646 73.1409366147763,19.2363947326585 73.1405724099124,19.2363993788784 73.1401688318895,19.2363993788784 73.1398932170822,19.2364109961238 73.1396274460139,19.2364690823384 73.1393223017866,19.2365573740239 73.1387686116865,19.2367083980047 73.1382668945155,19.2368373951948 73.1378088821796,19.2369709468864 73.1376464667763,19.237049943355 73.137466825279,19.2372032908294 73.1373093308468,19.2374216933272 73.137221740615,19.2376538407089 73.1367653569248,19.2389380603643 73.1367334532575,19.2390278332818 73.1368243699508,19.2390604716443 73.1379723881378,19.2394726022937 73.1386054973938,19.2395046426265 73.1388765236066,19.239518358808 73.1389883746393,19.2395240193193 73.1390555497579,19.2397228614084 73.1392596981944,19.2403271458597 73.1399673613309,19.2402728479545 73.1406958842465,19.2402169495909 73.1407485982857,19.2399316850357 73.1408201769458,19.2395443281198 73.1410434594979,19.2395230100283 73.1411682534572,19.2395110953046 73.1411776678013,19.2394446618836 73.1412425620975,19.2389867533108 73.1447942824403,19.2397497339597 73.1458932597993,19.2398526509391 73.1467471066802,19.2399425175002 73.147903298638,19.2400112390048 73.1488327315636,19.2400614591348 73.1498265530338,19.2400878897493 73.1504956326304,19.2401143212077 73.1505533826251,19.239808694276 73.1508557357868,19.2382085456627 73.1508790614414,19.2381149785178 73.1511151593594,19.2371678981354 73.1509100407423,19.236978247821 73.1508740686051,19.2369449881935 73.1507616839732,19.2369116785181 73.1504333955509,19.2368143770438 73.1495525075833,19.236703180983</coordinates></LinearRing></outerBoundaryIs></Polygon></MultiGeometry>
  </Placemark>
  <Placemark>
	<Style><LineStyle><color>ff0000ff</color></LineStyle><PolyStyle><fill>0</fill></PolyStyle></Style>
	<ExtendedData><SchemaData schemaUrl="#kalyan_dombivli_ward_boundary">
		<SimpleData name="objectid">42</SimpleData>
		<SimpleData name="townname">Kalyan-Dombivli</SimpleData>
		<SimpleData name="towncensuscode2011">802790</SimpleData>
		<SimpleData name="town_lgd_code">251483</SimpleData>
		<SimpleData name="ward_lgd_code">48710</SimpleData>
		<SimpleData name="ward_lgd_name">Kalyan-Dombivli (M Corp.) - Ward No.40</SimpleData>
		<SimpleData name="sourcewardcode">40</SimpleData>
		<SimpleData name="state">Maharashtra</SimpleData>
		<SimpleData name="st_area(shape)">417140.348820805</SimpleData>
		<SimpleData name="st_length(shape)">3274.09236251148</SimpleData>
	</SchemaData></ExtendedData>
      <MultiGeometry><Polygon><outerBoundaryIs><LinearRing><coordinates>73.1352616750555,19.2336154502981 73.1357961412086,19.2342493897798 73.1360646054262,19.2345678191504 73.1361280893673,19.2346672313518 73.1361393416646,19.2348549225233 73.1362218573133,19.2351488531334 73.1369232412259,19.2354640314409 73.1378871748482,19.235977522274 73.1383897705716,19.236285616003 73.1389960803878,19.236646356063 73.1393223017866,19.2365573740239 73.1396274460139,19.2364690823384 73.1398932170822,19.2364109961238 73.1401688318895,19.2363993788784 73.1405724099124,19.2363993788784 73.1409366147763,19.2363947326585 73.1412860549303,19.2363714981646 73.1418126751976,19.2363529098885 73.1421940953757,19.2363290044939 73.1426728776592,19.2363237170629 73.1432384560637,19.2362417669494 73.1437480361884,19.2360990138098 73.144746548661,19.2358275518873 73.145402773366,19.2356458057594 73.1461333704916,19.2354681899924 73.1466233520717,19.235352533367 73.1470018635049,19.2352588127729 73.1470014700428,19.234721969614 73.1469075412984,19.2344414503525 73.1465453019483,19.2335509076173 73.1464359464355,19.2332024338699 73.1463881039601,19.2328539585348 73.1461019007106,19.2321992298266 73.145885645679,19.2315129383915 73.145867624576,19.2311329238791 73.1458703087421,19.2310266451559 73.1450441560231,19.2316506912298 73.1442565500129,19.2323048920116 73.1437820491,19.2326089137363 73.1428618733135,19.2330307314966 73.1416349731631,19.2334210690001 73.1407596062412,19.2336653441411 73.1398805050227,19.2337419003082 73.1391721034711,19.2337096663155 73.138122303484,19.2336935493168 73.1370725034969,19.2336371389606 73.1358904113128,19.233596846443 73.1352616750555,19.2336154502981</coordinates></LinearRing></outerBoundaryIs></Polygon></MultiGeometry>
  </Placemark>
  <Placemark>
	<Style><LineStyle><color>ff0000ff</color></LineStyle><PolyStyle><fill>0</fill></PolyStyle></Style>
	<ExtendedData><SchemaData schemaUrl="#kalyan_dombivli_ward_boundary">
		<SimpleData name="objectid">43</SimpleData>
		<SimpleData name="townname">Kalyan-Dombivli</SimpleData>
		<SimpleData name="towncensuscode2011">802790</SimpleData>
		<SimpleData name="town_lgd_code">251483</SimpleData>
		<SimpleData name="ward_lgd_code">48865</SimpleData>
		<SimpleData name="ward_lgd_name">Kalyan-Dombivli (M Corp.) - Ward No.42</SimpleData>
		<SimpleData name="sourcewardcode">42</SimpleData>
		<SimpleData name="state">Maharashtra</SimpleData>
		<SimpleData name="st_area(shape)">287377.37219152</SimpleData>
		<SimpleData name="st_length(shape)">2379.27060390895</SimpleData>
	</SchemaData></ExtendedData>
      <MultiGeometry><Polygon><outerBoundaryIs><LinearRing><coordinates>73.1279667827216,19.2258283780382 73.1277076591864,19.2264091978046 73.1273128711786,19.2266378288055 73.1272493414234,19.2266746199226 73.1271636735863,19.226671177886 73.1265900651414,19.2266481303191 73.1264005152266,19.2266405150875 73.126100493193,19.2266284594744 73.1260750888368,19.2267018330448 73.1260122292248,19.2268833838036 73.125996607522,19.2269285025798 73.1260225832067,19.2269587997466 73.1262043779657,19.2271708441333 73.1262406258858,19.2272829618634 73.1262981692679,19.2274609520593 73.1263815940117,19.2277189956418 73.1263878867103,19.2277888037224 73.1264075436453,19.2280068879411 73.1264461676093,19.2284354055854 73.126454925285,19.2285325661337 73.1264682859283,19.2285467870627 73.1266870661241,19.228779652692 73.1267910245587,19.2288903044851 73.1264039881135,19.2297075689999 73.1258573255338,19.2308618965018 73.1274938861999,19.2314447146077 73.1286760179098,19.2318004457514 73.1299242880825,19.2305845954649 73.130227666222,19.2302922962398 73.1302923018033,19.2299575580042 73.1306296685998,19.2299640856985 73.1307711811049,19.2299586131564 73.1310568498568,19.2299475671368 73.1313244391153,19.2299608659574 73.1313362636394,19.2298079951905 73.1313242253163,19.2296419586026 73.1311443224093,19.2287388101977 73.1311932886771,19.2285464732286 73.131236379963,19.2284392080705 73.131263801037,19.2278085617932 73.1312696769173,19.2276920490243 73.1312411904413,19.22767991715 73.1311248613069,19.2276814320439 73.1306781596589,19.2276828018949 73.1306154824049,19.2276643076344 73.130509713865,19.2275293004875 73.1303667317162,19.2273036725314 73.1304362424546,19.2268412973631 73.1298768228996,19.2266789008389 73.1298606981402,19.2263933175888 73.1288637541261,19.2262170633753 73.1288447745208,19.2262137078468 73.1288473499907,19.2262027659055 73.1289542818489,19.2257484092071 73.1288693775798,19.2257508826017 73.1280468244101,19.2257748438217 73.1279667827216,19.2258283780382</coordinates></LinearRing></outerBoundaryIs></Polygon></MultiGeometry>
  </Placemark>
  <Placemark>
	<Style><LineStyle><color>ff0000ff</color></LineStyle><PolyStyle><fill>0</fill></PolyStyle></Style>
	<ExtendedData><SchemaData schemaUrl="#kalyan_dombivli_ward_boundary">
		<SimpleData name="objectid">44</SimpleData>
		<SimpleData name="townname">Kalyan-Dombivli</SimpleData>
		<SimpleData name="towncensuscode2011">802790</SimpleData>
		<SimpleData name="town_lgd_code">251483</SimpleData>
		<SimpleData name="ward_lgd_code">48912</SimpleData>
		<SimpleData name="ward_lgd_name">Kalyan-Dombivli (M Corp.) - Ward No.89</SimpleData>
		<SimpleData name="sourcewardcode">89</SimpleData>
		<SimpleData name="state">Maharashtra</SimpleData>
		<SimpleData name="st_area(shape)">166932.50746596</SimpleData>
		<SimpleData name="st_length(shape)">2010.37422717653</SimpleData>
	</SchemaData></ExtendedData>
      <MultiGeometry><Polygon><outerBoundaryIs><LinearRing><coordinates>73.1332528282812,19.2273753375124 73.1332222244761,19.2270748075035 73.1332895532067,19.2267887261944 73.1331873905043,19.2264607470002 73.1329225689552,19.2265112299786 73.1326488442033,19.2265286539268 73.1325873329626,19.2262643885345 73.1325565773422,19.2260959547076 73.1325196709571,19.2260785307134 73.1323566662588,19.2260727221495 73.1322649967774,19.2260519485586 73.1323215520127,19.2255977415773 73.1323283576493,19.2255430867924 73.1324136859232,19.2255356021347 73.1327864104093,19.2255029084949 73.1327759459346,19.2253621104917 73.132743591313,19.2249268160426 73.1320639026128,19.224964565182 73.1302519306161,19.2248201685697 73.1301350795606,19.225387760568 73.1299396744267,19.2260345779973 73.1298606972419,19.2263933175888 73.1298768228996,19.2266789008389 73.1304362424546,19.2268412973631 73.1303667317162,19.2273036725314 73.130509713865,19.2275293004875 73.1306154824049,19.2276643076344 73.1306781596589,19.2276828018949 73.1311248613069,19.2276814320439 73.1312411904413,19.22767991715 73.1312696769173,19.2276920490243 73.131263801037,19.2278085617932 73.131236379963,19.2284392080705 73.1311932886771,19.2285464732286 73.1311443224093,19.2287388101977 73.1313242253163,19.2296419586026 73.1313362636394,19.2298079951905 73.1313244391153,19.2299608659574 73.1319904491686,19.2300099059322 73.1326926083273,19.2299360138969 73.1333908373567,19.2298435989746 73.1336782263823,19.2298055617221 73.1334946017551,19.2281179898021 73.1333721847381,19.2275833964925 73.1332528282812,19.2273753375124</coordinates></LinearRing></outerBoundaryIs></Polygon></MultiGeometry>
  </Placemark>
  <Placemark>
	<Style><LineStyle><color>ff0000ff</color></LineStyle><PolyStyle><fill>0</fill></PolyStyle></Style>
	<ExtendedData><SchemaData schemaUrl="#kalyan_dombivli_ward_boundary">
		<SimpleData name="objectid">45</SimpleData>
		<SimpleData name="townname">Kalyan-Dombivli</SimpleData>
		<SimpleData name="towncensuscode2011">802790</SimpleData>
		<SimpleData name="town_lgd_code">251483</SimpleData>
		<SimpleData name="ward_lgd_code">48914</SimpleData>
		<SimpleData name="ward_lgd_name">Kalyan-Dombivli (M Corp.) - Ward No.91</SimpleData>
		<SimpleData name="sourcewardcode">91</SimpleData>
		<SimpleData name="state">Maharashtra</SimpleData>
		<SimpleData name="st_area(shape)">201369.526950485</SimpleData>
		<SimpleData name="st_length(shape)">1906.76494670552</SimpleData>
	</SchemaData></ExtendedData>
      <MultiGeometry><Polygon><outerBoundaryIs><LinearRing><coordinates>73.1351515999922,19.2252571292005 73.1351856901589,19.2255401231258 73.1352046940188,19.2258955583066 73.1352119497113,19.2260196460479 73.1352248495188,19.2260401999556 73.1352683612162,19.2260437980767 73.1355826691577,19.226064465642 73.1357703721363,19.2260811186118 73.1358785526527,19.2260939800675 73.1358824890703,19.22615159578 73.1358569005594,19.2262761201572 73.1358214701063,19.2264192304496 73.1358450904084,19.2266422590078 73.1358903628038,19.2269229035535 73.1359769702786,19.2271384968876 73.1360970408961,19.2274098476376 73.136256477486,19.2276681873239 73.1363214337659,19.2278335990841 73.1363411167521,19.2280993726012 73.1363489904856,19.2282610662583 73.1363332439169,19.2283911651114 73.1362860033128,19.2286346351578 73.1362314710834,19.2289331071283 73.136542411241,19.2289644370309 73.1367715750632,19.2290069724724 73.1369576484979,19.2291456773935 73.1372416553665,19.2294064410387 73.137508033696,19.2298484447053 73.1376238058749,19.229745972695 73.1379095608651,19.2294508262807 73.1382895428404,19.2290994421501 73.1384795329297,19.2289533400525 73.1387331417075,19.2287854153575 73.1388962398305,19.2286439136171 73.1390867203999,19.2284724974112 73.1392336201017,19.2283115995754 73.1395117510901,19.2279602130078 73.1398212207055,19.2275755361728 73.1400778065001,19.2273018234404 73.1402913171785,19.2271028865798 73.1401907965965,19.2269678883018 73.1401051054033,19.2268060644441 73.1400224738719,19.2265980044795 73.1399092385353,19.2263841653859 73.1398051839811,19.2262107815137 73.1395909546504,19.225953595651 73.1393216379316,19.22564439428 73.1391624959891,19.2255056872509 73.138957448339,19.2253785387553 73.1387707631516,19.2252976256395 73.1383943313183,19.2251849255253 73.1382290682555,19.2251386900154 73.1377057367204,19.2250202100305 73.1370477468259,19.2249075105742 73.1364662673425,19.2248381559151 73.1354104234902,19.2247399049155 73.1352311988112,19.2247399023709 73.1352794221723,19.2252263864056 73.1351515999922,19.2252571292005</coordinates></LinearRing></outerBoundaryIs></Polygon></MultiGeometry>
  </Placemark>
  <Placemark>
	<Style><LineStyle><color>ff0000ff</color></LineStyle><PolyStyle><fill>0</fill></PolyStyle></Style>
	<ExtendedData><SchemaData schemaUrl="#kalyan_dombivli_ward_boundary">
		<SimpleData name="objectid">46</SimpleData>
		<SimpleData name="townname">Kalyan-Dombivli</SimpleData>
		<SimpleData name="towncensuscode2011">802790</SimpleData>
		<SimpleData name="town_lgd_code">251483</SimpleData>
		<SimpleData name="ward_lgd_code">48864</SimpleData>
		<SimpleData name="ward_lgd_name">Kalyan-Dombivli (M Corp.) - Ward No.41</SimpleData>
		<SimpleData name="sourcewardcode">41</SimpleData>
		<SimpleData name="state">Maharashtra</SimpleData>
		<SimpleData name="st_area(shape)">306205.113644265</SimpleData>
		<SimpleData name="st_length(shape)">2448.77533558798</SimpleData>
	</SchemaData></ExtendedData>
      <MultiGeometry><Polygon><outerBoundaryIs><LinearRing><coordinates>73.1349459325045,19.233583952496 73.1352616759539,19.2336154528426 73.1352918710255,19.2333840113706 73.1353019492247,19.2333067671661 73.1356527925471,19.2327487886467 73.1358177456912,19.2324864484521 73.1358388821515,19.2324553618008 73.1361755276008,19.2320883800918 73.13645096544,19.2317936382295 73.1365458383138,19.2317098385103 73.1365795035774,19.2316318182776 73.1365948054799,19.2314786683166 73.1366284698452,19.2313052898217 73.1369192095869,19.2307764855965 73.1371854657455,19.2303343690733 73.1373231846651,19.2300829692502 73.1375080345944,19.2298484438571 73.1372416553665,19.2294064410387 73.1369576484979,19.2291456773935 73.1367715750632,19.2290069724724 73.136542411241,19.2289644370309 73.1360468681909,19.2289145027427 73.135788324069,19.2289662861031 73.1355689527816,19.2290143704557 73.1351918705681,19.2291996795645 73.1348031138491,19.2293694537519 73.1344800563167,19.2295339333287 73.1341802570654,19.2296912471936 73.1340326297282,19.2297588304709 73.1336782263823,19.2298055617221 73.1333908373567,19.2298435989746 73.1326926083273,19.2299360138969 73.1319904491686,19.2300099059322 73.1313244391153,19.2299608634128 73.1310568498568,19.2299475654404 73.1307711811049,19.2299586131564 73.1306296685998,19.2299640856985 73.1302923018033,19.2299575580042 73.130227666222,19.2302922962398 73.1299242880825,19.2305845954649 73.1286760179098,19.2318004457514 73.1295644499292,19.2320677913172 73.1308582314492,19.2324182199836 73.1317127897958,19.2327380320437 73.133525714905,19.2332461370006 73.1344679748745,19.2334962758349 73.1349459325045,19.233583952496</coordinates></LinearRing></outerBoundaryIs></Polygon></MultiGeometry>
  </Placemark>
  <Placemark>
	<Style><LineStyle><color>ff0000ff</color></LineStyle><PolyStyle><fill>0</fill></PolyStyle></Style>
	<ExtendedData><SchemaData schemaUrl="#kalyan_dombivli_ward_boundary">
		<SimpleData name="objectid">47</SimpleData>
		<SimpleData name="townname">Kalyan-Dombivli</SimpleData>
		<SimpleData name="towncensuscode2011">802790</SimpleData>
		<SimpleData name="town_lgd_code">251483</SimpleData>
		<SimpleData name="ward_lgd_code">48917</SimpleData>
		<SimpleData name="ward_lgd_name">Kalyan-Dombivli (M Corp.) - Ward No.94</SimpleData>
		<SimpleData name="sourcewardcode">94</SimpleData>
		<SimpleData name="state">Maharashtra</SimpleData>
		<SimpleData name="st_area(shape)">158788.4124747</SimpleData>
		<SimpleData name="st_length(shape)">2031.71994474507</SimpleData>
	</SchemaData></ExtendedData>
      <MultiGeometry><Polygon><outerBoundaryIs><LinearRing><coordinates>73.146551153574,19.2304589632241 73.1474236890061,19.2297314482162 73.1472217567134,19.2294072001741 73.1468255987748,19.2295831540965 73.1463127406976,19.2295924816975 73.1456611512995,19.2294711074883 73.1452161834,19.2293621821659 73.1451278349901,19.2293369016756 73.145156455315,19.2296745199486 73.1451792006581,19.2299428316741 73.1451838853723,19.2299980897568 73.1446511385947,19.2303438323422 73.144528092757,19.2304754885199 73.1444179602014,19.2306314698252 73.144246293049,19.2305480427167 73.1440775490144,19.2304660345886 73.1437249494856,19.2303644255739 73.1437009833322,19.2303573830435 73.1433608209785,19.2302996441219 73.1428819659314,19.2302590072679 73.1423109051087,19.2303675036591 73.1420218928273,19.2304365472425 73.1418773610846,19.2305366871473 73.1416245859434,19.2307118239017 73.1412941864802,19.2310852337057 73.1410565219004,19.2311307940814 73.1410587506207,19.2311770855815 73.1410721220437,19.2313538357509 73.1410966352711,19.231562148388 73.1410966352711,19.2316862946144 73.1410988639914,19.2318188564242 73.1410988639914,19.2319051268451 73.1411238084102,19.2319816719582 73.1411749548892,19.2322020169512 73.1412112737761,19.2323584826245 73.1410999698175,19.2324081885533 73.1409218617444,19.2324877275076 73.1409578401699,19.2325888602282 73.1412883186848,19.2335178076007 73.1416349731631,19.2334210690001 73.1428618733135,19.2330307314966 73.1437820491,19.2326089137363 73.1442565500129,19.2323048920116 73.1450441560231,19.2316506912298 73.1458703087421,19.2310266451559 73.146551153574,19.2304589632241</coordinates></LinearRing></outerBoundaryIs></Polygon></MultiGeometry>
  </Placemark>
  <Placemark>
	<Style><LineStyle><color>ff0000ff</color></LineStyle><PolyStyle><fill>0</fill></PolyStyle></Style>
	<ExtendedData><SchemaData schemaUrl="#kalyan_dombivli_ward_boundary">
		<SimpleData name="objectid">48</SimpleData>
		<SimpleData name="townname">Kalyan-Dombivli</SimpleData>
		<SimpleData name="towncensuscode2011">802790</SimpleData>
		<SimpleData name="town_lgd_code">251483</SimpleData>
		<SimpleData name="ward_lgd_code">48916</SimpleData>
		<SimpleData name="ward_lgd_name">Kalyan-Dombivli (M Corp.) - Ward No.93</SimpleData>
		<SimpleData name="sourcewardcode">93</SimpleData>
		<SimpleData name="state">Maharashtra</SimpleData>
		<SimpleData name="st_area(shape)">175066.631563655</SimpleData>
		<SimpleData name="st_length(shape)">2324.91512842551</SimpleData>
	</SchemaData></ExtendedData>
      <MultiGeometry><Polygon><outerBoundaryIs><LinearRing><coordinates>73.1437009833322,19.2303573830435 73.1437249494856,19.2303644255739 73.1440775490144,19.2304660345886 73.144246293049,19.2305480427167 73.1444179602014,19.2306314698252 73.144528092757,19.2304754885199 73.1446511385947,19.2303438323422 73.1451838853723,19.2299980897568 73.1451792006581,19.2299428316741 73.145156455315,19.2296745199486 73.1451278349901,19.2293369016756 73.1446723334455,19.2292065737101 73.1439966413501,19.2290571891823 73.1435879294554,19.2289513756251 73.1430704486477,19.2288517860831 73.1427872242117,19.2288029425448 73.1424754441294,19.228689330476 73.1421906638113,19.2284542984136 73.1414038779629,19.227881562475 73.1406571147555,19.2273904186229 73.1403481095691,19.2271715922523 73.1402913171785,19.2271028865798 73.1400778065001,19.2273018234404 73.1398212207055,19.2275755361728 73.1395117510901,19.2279602130078 73.1392336201017,19.2283115995754 73.1390867203999,19.2284724974112 73.1388962398305,19.2286439136171 73.1387331417075,19.2287854153575 73.1384795329297,19.2289533400525 73.1382895428404,19.2290994421501 73.1379095608651,19.2294508262807 73.1377254412662,19.2296409942051 73.1380975935254,19.2298085795961 73.1387591874608,19.2301340711439 73.1394138176562,19.2304332596554 73.1398419735852,19.2306300007607 73.1400871121481,19.2301965396418 73.1403768206239,19.2296220964243 73.1405194470399,19.229293842134 73.1408782395542,19.2294032603037 73.1408581828689,19.2297946395286 73.1408113842358,19.2302240617707 73.1409756115412,19.2306208080808 73.1410039929142,19.2306893723307 73.1410057320526,19.2307039874811 73.1410565219004,19.2311307940814 73.1412941864802,19.2310852337057 73.1416245859434,19.2307118239017 73.1418773610846,19.2305366871473 73.1420218928273,19.2304365472425 73.1423109051087,19.2303675036591 73.1428819659314,19.2302590072679 73.1433608209785,19.2302996441219 73.1437009833322,19.2303573830435</coordinates></LinearRing></outerBoundaryIs></Polygon></MultiGeometry>
  </Placemark>
  <Placemark>
	<Style><LineStyle><color>ff0000ff</color></LineStyle><PolyStyle><fill>0</fill></PolyStyle></Style>
	<ExtendedData><SchemaData schemaUrl="#kalyan_dombivli_ward_boundary">
		<SimpleData name="objectid">62</SimpleData>
		<SimpleData name="townname">Kalyan-Dombivli</SimpleData>
		<SimpleData name="towncensuscode2011">802790</SimpleData>
		<SimpleData name="town_lgd_code">251483</SimpleData>
		<SimpleData name="ward_lgd_code">48695</SimpleData>
		<SimpleData name="ward_lgd_name">Kalyan-Dombivli (M Corp.) - Ward No.25</SimpleData>
		<SimpleData name="sourcewardcode">25</SimpleData>
		<SimpleData name="state">Maharashtra</SimpleData>
		<SimpleData name="st_area(shape)">364008.449943555</SimpleData>
		<SimpleData name="st_length(shape)">3098.34332894038</SimpleData>
	</SchemaData></ExtendedData>
      <MultiGeometry><Polygon><outerBoundaryIs><LinearRing><coordinates>73.151174336777,19.2415656760296 73.1507487491314,19.2413830338392 73.1504875936069,19.2411912595749 73.1503715240857,19.2409355593592 73.1504956326304,19.2401143212077 73.1498265530338,19.2400878897493 73.1488327315636,19.2400614591348 73.147903298638,19.2400112390048 73.1467471066802,19.2399425175002 73.1461904162071,19.2398839244774 73.146140300994,19.2401136740764 73.1461331405229,19.2402860526435 73.1461295607365,19.2405818004205 73.1460973417605,19.2409079660859 73.1460901812894,19.2410820341534 73.1460737295432,19.2411035352398 73.1460212894902,19.2410994090602 73.1457328674019,19.2410622759834 73.1455075483691,19.2410083090944 73.1452220449072,19.2409398509295 73.1447317300521,19.2407914872069 73.1439482535973,19.240554417426 73.1438562346711,19.2405265738878 73.1438115165363,19.2407881396094 73.1437591932642,19.2410941836967 73.1435867400859,19.24210288271 73.1435555209348,19.2424844883665 73.1438334785484,19.2437450474932 73.1438624761657,19.2438765521373 73.1442625723186,19.2437600804536 73.1445279607046,19.2436828233202 73.1448482029169,19.2435574597789 73.1450161339761,19.2435685209973 73.1453774471632,19.2434777701325 73.1455495571851,19.243862612416 73.1456436161852,19.244072927709 73.1456917658844,19.2441805906 73.145813910712,19.2441466734426 73.1461244358478,19.2440604459231 73.1461565066017,19.2440515406598 73.1461535430596,19.244035077795 73.1460549664319,19.2434874031167 73.1461214669158,19.243474101151 73.1465148427719,19.2433954156427 73.1465158012743,19.2433952239667 73.1465162207876,19.2433968905298 73.1465742079375,19.2436272051502 73.1466246142047,19.2438274119851 73.1466290572721,19.2438450588481 73.1466935563095,19.2438350942694 73.1468438534397,19.2438118743985 73.1468417226358,19.2438983938023 73.1468330898259,19.2442488727007 73.1468321376118,19.2442875189492 73.1467893005491,19.244316406732 73.1467774625503,19.2443243900757 73.1468161134637,19.2445273465064 73.1468054360883,19.2445858157427 73.1468374682147,19.2446926734342 73.146884450104,19.2447632393 73.1469206683796,19.2447821913139 73.1469165675703,19.2448234827117 73.1469070005126,19.2448905814231 73.1469001670282,19.24493445361 73.1468609591593,19.2450616336103 73.1468369804294,19.2451272844924 73.1468258395233,19.2451950539381 73.1468396044084,19.2452249431841 73.1469518803442,19.2453293282079 73.1474775573805,19.2458180589578 73.1478713770044,19.2454243559322 73.1482130718839,19.2450862018072 73.1486656089881,19.2446383532259 73.1503169855682,19.2430040756207 73.1504017227506,19.2429782680001 73.1507010360134,19.2429692354592 73.1511106264604,19.2429647997605 73.1513049581076,19.2429607677696 73.1516380983307,19.242918426771 73.1518110707353,19.2428845653292 73.1517663705667,19.2427026378813 73.1515225444424,19.241921827971 73.151174336777,19.2415656760296</coordinates></LinearRing></outerBoundaryIs></Polygon></MultiGeometry>
  </Placemark>
  <Placemark>
	<Style><LineStyle><color>ff0000ff</color></LineStyle><PolyStyle><fill>0</fill></PolyStyle></Style>
	<ExtendedData><SchemaData schemaUrl="#kalyan_dombivli_ward_boundary">
		<SimpleData name="objectid">49</SimpleData>
		<SimpleData name="townname">Kalyan-Dombivli</SimpleData>
		<SimpleData name="towncensuscode2011">802790</SimpleData>
		<SimpleData name="town_lgd_code">251483</SimpleData>
		<SimpleData name="ward_lgd_code">48671</SimpleData>
		<SimpleData name="ward_lgd_name">Kalyan-Dombivli (M Corp.) - Ward No.1</SimpleData>
		<SimpleData name="sourcewardcode">1</SimpleData>
		<SimpleData name="state">Maharashtra</SimpleData>
		<SimpleData name="st_area(shape)">7019394.06697847</SimpleData>
		<SimpleData name="st_length(shape)">11496.0131049251</SimpleData>
	</SchemaData></ExtendedData>
      <MultiGeometry><Polygon><outerBoundaryIs><LinearRing><coordinates>73.108343204816,19.2607573445623 73.1066498068436,19.2618753895926 73.1056940245341,19.2628267023162 73.1048940756719,19.2639251185897 73.1048488068698,19.2640147565687 73.1044681287002,19.2647685403004 73.1042187941065,19.2659355939999 73.1042499611553,19.2671124456756 73.1048629086231,19.2690346197054 73.1057459687171,19.2706233378562 73.1083433647161,19.2732639405382 73.110563112563,19.2753369791065 73.1129481612019,19.2770756368007 73.1142469499312,19.2781678600107 73.1164430828659,19.2784799225685 73.1183322300269,19.2789925961463 73.1210714942638,19.2798396178047 73.1232203991707,19.2803745758812 73.1252512322116,19.2816005162965 73.1286044679958,19.2817342545416 73.1292892842796,19.2815559374225 73.130163014471,19.2810432718678 73.1313437313344,19.2802408365259 73.1327605919297,19.2786805345652 73.1337996229132,19.27729853969 73.1343899813449,19.2760056956574 73.1348150398828,19.2746905510498 73.1354247983314,19.2733735473139 73.1345713619805,19.273019391105 73.1342801847593,19.2728379846671 73.133968849343,19.2727271742608 73.1337533003873,19.2727213571724 73.1336417502902,19.2726884516125 73.1335824893292,19.2726045413448 73.1335580874929,19.2724663361542 73.1334668644741,19.2722418825291 73.1334517655908,19.2722047336072 73.1332979192169,19.2719457008581 73.1332731778174,19.2718968650595 73.1332293912355,19.2718228112683 73.1328677968757,19.2713013039008 73.1328379593335,19.271258271483 73.1327496495512,19.2711413799901 73.1324961252151,19.2708058024834 73.1317545866093,19.2699986666424 73.1308537569408,19.2692513796701 73.1303714945838,19.2688304919947 73.1311267351926,19.2678684598117 73.1314394603026,19.2675166287911 73.1314469136245,19.2674532993647 73.1312531065935,19.2668446305964 73.1310853884351,19.2661691112699 73.1308617645232,19.2654654420265 73.1307089548051,19.2651311986926 73.1304256971314,19.2643888224332 73.1303325202769,19.2641073523808 73.1298101346678,19.2641688539287 73.1297099922766,19.2639364540404 73.1294549866186,19.2639506142366 73.1290853280825,19.2640021881064 73.1290492167064,19.2640179858179 73.1290182706432,19.2640659793393 73.1289405555913,19.2643148068024 73.128168716811,19.2642430773892 73.1278087915211,19.2641902239388 73.1278255828303,19.2639411325531 73.1278367857203,19.2637749464777 73.127680040483,19.2637342627914 73.1275846277217,19.2637162483318 73.1275607738576,19.2636644581273 73.1275607738576,19.2635969049246 73.1275727007897,19.263551869158 73.1276371046056,19.2635203448773 73.1278204768063,19.2634845974516 73.127734754172,19.2629814664906 73.1276955238452,19.2625218190095 73.1276811795468,19.2620666376473 73.1276762666605,19.2619107430361 73.1276507347435,19.2618384350638 73.1275794291712,19.2618018468751 73.1275260378022,19.2617816858425 73.1273360369331,19.2617926669655 73.1268704922236,19.2618622502432 73.1253649436553,19.262040137643 73.1248533926268,19.2620105813434 73.1248494103952,19.2619892441223 73.1248224241057,19.2617326002392 73.124806084649,19.2615772031039 73.1248015508518,19.2614509526284 73.1247940966315,19.2610885532255 73.1249394521293,19.2609970734156 73.1250251747636,19.2609161490238 73.125036356094,19.2608492985566 73.1249804503406,19.2600154233991 73.1249783985885,19.2598499575696 73.125008185825,19.2597736315276 73.1259935577416,19.2595478257067 73.1258780352944,19.2593472191231 73.1256772896762,19.2588869763042 73.1256205502862,19.2587318766798 73.1252981260661,19.2578504957771 73.1249887471806,19.2571038734263 73.1249410924531,19.2568935680525 73.1241107239404,19.2569064194617 73.1237860943563,19.2568940777329 73.1236452537911,19.2568665278499 73.1235442562037,19.2568467715804 73.1233764949261,19.256840601138 73.1232697382394,19.2568591124647 73.1231259422169,19.2569660664732 73.1229581809393,19.2569886916932 73.1227468450822,19.2569660664732 73.1225986922306,19.2569187603414 73.1224483609644,19.2568467715804 73.1223050617103,19.2567915912286 73.1222827781013,19.256783009765 73.1220082592387,19.2565567596854 73.1219070523439,19.256542861748 73.1218884293697,19.2565403048599 73.1217882088251,19.2565197369616 73.121460242898,19.2562488218916 73.1214396130875,19.2562317810275 73.1213873239514,19.2561762468287 73.1213547977516,19.2559694876952 73.1213546432414,19.2559685073393 73.1213549028545,19.2559675727786 73.1213846227173,19.2558604434187 73.1214025755483,19.2557957330892 73.1215180476899,19.2557155168049 73.1216425101708,19.255678996791 73.1216792728255,19.2556682094644 73.121655306672,19.2553329454461 73.1214821698758,19.2547910693828 73.1214548646843,19.2547056081716 73.121436517493,19.2545932852804 73.1213829671223,19.2542654430484 73.1213720732528,19.2541626004091 73.1212653156678,19.2540556437244 73.1209815863786,19.2538061001881 73.1209714336193,19.2537957249004 73.1206820215876,19.2535717138483 73.1206269512674,19.2535290880915 73.1205855551024,19.2534673824083 73.1204155642063,19.2534326386043 73.1203549378061,19.2533945559334 73.1202805348426,19.253280207795 73.1202565731808,19.2531614453558 73.1202543902746,19.2531506247887 73.1200866280987,19.2530950895468 73.1195506635558,19.2528791189825 73.119472498448,19.2528873181686 73.1192848601481,19.2532185020182 73.1192521785397,19.2532760937946 73.1191693880065,19.253309004099 73.119134808258,19.2533025443307 73.1187151872224,19.2532241603609 73.1184743758442,19.2531629667992 73.1183131507086,19.2531115447179 73.1182943049523,19.2530910840951 73.1182695761291,19.2530642366264 73.1179471258579,19.2533686524187 73.1178991944493,19.2534591544167 73.117860185108,19.2538119187958 73.1178577982843,19.2538335030211 73.1178403682729,19.2539281187468 73.1177902584497,19.2540247909847 73.1172891521331,19.2543518305782 73.1170707348566,19.2554094915068 73.1170364210094,19.2555756521379 73.1170277064528,19.2556661529182 73.116890944239,19.255845012979 73.1167902260277,19.2559767343569 73.1167139707381,19.2560260981502 73.1166115708806,19.2560446095688 73.1164873841824,19.2560446095688 73.116389341154,19.2560528374307 73.1161148222914,19.2561515649565 73.1160015294627,19.2561885877634 73.1159100234746,19.2561741902888 73.1158359465996,19.2560939733416 73.1157008660321,19.2560302120816 73.1155461770384,19.2560158137451 73.1154437771809,19.2560219850667 73.1153457350508,19.2560857463299 73.1151997606137,19.2562955430572 73.1151561860342,19.2563551911389 73.1146056508175,19.2561862742622 73.1136759510922,19.2560890155939 73.1126828878001,19.2570890172355 73.1113190817055,19.2585140105235 73.1100602482433,19.2594848442908 73.1098014292369,19.2596844500193 73.1087661783642,19.2604828484549 73.108343204816,19.2607573445623</coordinates></LinearRing></outerBoundaryIs></Polygon></MultiGeometry>
  </Placemark>
  <Placemark>
	<Style><LineStyle><color>ff0000ff</color></LineStyle><PolyStyle><fill>0</fill></PolyStyle></Style>
	<ExtendedData><SchemaData schemaUrl="#kalyan_dombivli_ward_boundary">
		<SimpleData name="objectid">50</SimpleData>
		<SimpleData name="townname">Kalyan-Dombivli</SimpleData>
		<SimpleData name="towncensuscode2011">802790</SimpleData>
		<SimpleData name="town_lgd_code">251483</SimpleData>
		<SimpleData name="ward_lgd_code">48704</SimpleData>
		<SimpleData name="ward_lgd_name">Kalyan-Dombivli (M Corp.) - Ward No.34</SimpleData>
		<SimpleData name="sourcewardcode">34</SimpleData>
		<SimpleData name="state">Maharashtra</SimpleData>
		<SimpleData name="st_area(shape)">674009.51758884</SimpleData>
		<SimpleData name="st_length(shape)">3300.86584560875</SimpleData>
	</SchemaData></ExtendedData>
      <MultiGeometry><Polygon><outerBoundaryIs><LinearRing><coordinates>73.1180832340982,19.2325534156489 73.1180284763917,19.232569572624 73.1178951987429,19.2326088976209 73.1172253196456,19.2326791743626 73.1169617054322,19.2327823994219 73.1168766349748,19.2328402307703 73.1168285445644,19.232872923798 73.1167489008296,19.2329559850091 73.1166024502855,19.2332857731161 73.1161872040454,19.2338146956396 73.1161010205754,19.2340588141315 73.1160829734213,19.2347060876573 73.1159990285529,19.2359809072887 73.1160383747624,19.2374616456445 73.1160617740789,19.2383422370318 73.1161779289401,19.2393992081363 73.1161905134389,19.2395137143727 73.1162067424028,19.2396613973431 73.1163193731732,19.2402979647665 73.117349062576,19.2402393243748 73.1173722759413,19.2402393243748 73.117502273841,19.2402144840475 73.1176461992209,19.2401516546601 73.1176980436909,19.2400794193667 73.1177996054202,19.2400588706086 73.1179519453194,19.2401227966773 73.1181115400128,19.2401935706059 73.1181647382439,19.2402095529605 73.1182348634299,19.2402141176509 73.118367859906,19.2401821563337 73.1184524937822,19.2401684580186 73.1185733989346,19.2401524773563 73.1187402484222,19.2401798731399 73.1189602961409,19.2402072697671 73.119139236054,19.2402392327757 73.1192810602744,19.2403127139159 73.1197734511362,19.2402773159553 73.1205782715621,19.2401074080129 73.1216080454066,19.2403245132344 73.1220134964169,19.2404073560968 73.1221171952383,19.2402160895768 73.1222779406735,19.2399196058022 73.1223819197694,19.2398305670153 73.1226406570291,19.2396547716497 73.1228123430462,19.2395383359849 73.1230759168354,19.2393442763602 73.1233080549795,19.2391616316982 73.1235909739884,19.238947023579 73.1239536903439,19.238636526951 73.1242896557686,19.2383669818015 73.1254884835664,19.2373341959796 73.1251847505924,19.2370443048104 73.124563054432,19.2361913429405 73.1241809919586,19.2359150873569 73.1239512720791,19.2357735349324 73.1235837191941,19.235618283691 73.1229912829592,19.2353694245777 73.122580204902,19.2351936235872 73.122111091186,19.2349858609279 73.1218837895713,19.2348854039768 73.1216709957485,19.2347415673951 73.121339715038,19.2344949893779 73.1209383091415,19.2341205567981 73.1205610840958,19.2338146167595 73.1201040617034,19.2334584472313 73.1198743409257,19.2332598146889 73.1196518749422,19.2330018188272 73.1195744958603,19.2328488482611 73.1195237158939,19.2327095756429 73.1195236512152,19.2327080149937 73.1195527988512,19.2325366140556 73.1180925918485,19.2325441153578 73.1180832340982,19.2325534156489</coordinates></LinearRing></outerBoundaryIs></Polygon></MultiGeometry>
  </Placemark>
  <Placemark>
	<Style><LineStyle><color>ff0000ff</color></LineStyle><PolyStyle><fill>0</fill></PolyStyle></Style>
	<ExtendedData><SchemaData schemaUrl="#kalyan_dombivli_ward_boundary">
		<SimpleData name="objectid">51</SimpleData>
		<SimpleData name="townname">Kalyan-Dombivli</SimpleData>
		<SimpleData name="towncensuscode2011">802790</SimpleData>
		<SimpleData name="town_lgd_code">251483</SimpleData>
		<SimpleData name="ward_lgd_code">48706</SimpleData>
		<SimpleData name="ward_lgd_name">Kalyan-Dombivli (M Corp.) - Ward No.36</SimpleData>
		<SimpleData name="sourcewardcode">36</SimpleData>
		<SimpleData name="state">Maharashtra</SimpleData>
		<SimpleData name="st_area(shape)">348901.20739433</SimpleData>
		<SimpleData name="st_length(shape)">3119.65736021566</SimpleData>
	</SchemaData></ExtendedData>
      <MultiGeometry><Polygon><outerBoundaryIs><LinearRing><coordinates>73.1195236512152,19.2327080149937 73.1195237158939,19.2327095756429 73.1195744958603,19.2328488482611 73.1196518749422,19.2330018188272 73.1198743409257,19.2332598146889 73.1201040617034,19.2334584472313 73.1205610840958,19.2338146167595 73.1209383091415,19.2341205567981 73.121339715038,19.2344949893779 73.1216709957485,19.2347415673951 73.1218837895713,19.2348854039768 73.122111091186,19.2349858609279 73.122580204902,19.2351936235872 73.1229912829592,19.2353694245777 73.1235837191941,19.235618283691 73.1239512720791,19.2357735349324 73.1241809919586,19.2359150873569 73.124563054432,19.2361913429405 73.1251847505924,19.2370443048104 73.1254884835664,19.2373341959796 73.1259411572144,19.2377492553937 73.1264383405882,19.2380454665905 73.1268717157291,19.2383115552085 73.127331677409,19.2385952136412 73.127679972211,19.2388236478708 73.1279485047006,19.2390319993763 73.1280601715786,19.2390922457397 73.1283306066999,19.238705889354 73.1284643002687,19.2385148863222 73.1285812842749,19.2384245168752 73.1288498167645,19.238341678101 73.12903294642,19.2382778811057 73.1290710619375,19.2382573177035 73.1290775962829,19.2382274992815 73.1290362135927,19.2381143966862 73.1288856568494,19.2377187303679 73.1287069900242,19.2372753153494 73.1284696173969,19.2366372001907 73.1282888233611,19.236225511949 73.1282575646842,19.2361669642485 73.1282477640644,19.2361381742664 73.1282586543406,19.236109382583 73.1282826124092,19.2360713399965 73.128393896605,19.2359723739302 73.1284789760455,19.2359113232123 73.1285861756016,19.2358599118406 73.1288618344263,19.2358036811909 73.1291306858179,19.2357635155812 73.1293569965908,19.235741023989 73.1296773492958,19.2356713626281 73.129990442715,19.2355741316646 73.1294015395541,19.2353084966196 73.1248361988723,19.2332492116392 73.124306359043,19.233150857952 73.1242029234279,19.2331412811891 73.1216057906353,19.2326765636674 73.1198865032163,19.2325348998841 73.1195527988512,19.2325366140556 73.1195236512152,19.2327080149937</coordinates></LinearRing></outerBoundaryIs></Polygon></MultiGeometry>
  </Placemark>
  <Placemark>
	<Style><LineStyle><color>ff0000ff</color></LineStyle><PolyStyle><fill>0</fill></PolyStyle></Style>
	<ExtendedData><SchemaData schemaUrl="#kalyan_dombivli_ward_boundary">
		<SimpleData name="objectid">52</SimpleData>
		<SimpleData name="townname">Kalyan-Dombivli</SimpleData>
		<SimpleData name="towncensuscode2011">802790</SimpleData>
		<SimpleData name="town_lgd_code">251483</SimpleData>
		<SimpleData name="ward_lgd_code">48703</SimpleData>
		<SimpleData name="ward_lgd_name">Kalyan-Dombivli (M Corp.) - Ward No.33</SimpleData>
		<SimpleData name="sourcewardcode">33</SimpleData>
		<SimpleData name="state">Maharashtra</SimpleData>
		<SimpleData name="st_area(shape)">234551.983183105</SimpleData>
		<SimpleData name="st_length(shape)">2687.6072358642</SimpleData>
	</SchemaData></ExtendedData>
      <MultiGeometry><Polygon><outerBoundaryIs><LinearRing><coordinates>73.1200270626089,19.2432267195054 73.120369972909,19.2432477767416 73.1213506017209,19.2434465490144 73.1219001667572,19.243498465188 73.1219743693963,19.2430965620117 73.1228027795817,19.2432058505501 73.1231377047573,19.243236527218 73.1232600624855,19.2432333569284 73.1243749310419,19.2429439129612 73.1248423271792,19.2427645672777 73.124830006785,19.2427266118943 73.1248088990708,19.2426615825775 73.124737948333,19.2424429936774 73.1246998588666,19.2423256440108 73.124706096768,19.2422337619019 73.1247123562289,19.2421415786553 73.1247050574172,19.2420970204325 73.1246748641422,19.2419126766335 73.1245223975806,19.2417569282552 73.1242674997204,19.2417166216157 73.1238634339123,19.2416822722497 73.1233073542936,19.241631978828 73.1225749021469,19.241623699355 73.1220734724368,19.2416735322432 73.1216471562574,19.2417291163018 73.121338584059,19.2418000328722 73.1210645233372,19.2418632831501 73.1206564770941,19.2419054497058 73.1205894843335,19.2418766997441 73.1205793342691,19.241849866555 73.1206260260026,19.2417731996706 73.1208649410373,19.2414386205405 73.1208998333995,19.2413697393361 73.1209030053508,19.241243957594 73.1209378968148,19.2411451286511 73.1210425730032,19.2410522900323 73.1211662808993,19.2409654400514 73.1213914930326,19.2408875751849 73.1216227948452,19.2408321112768 73.121738509532,19.2407976107573 73.1218339231915,19.240743944022 73.1219719681996,19.2405101081251 73.1220134973152,19.2404073552487 73.1216080445083,19.2403245132344 73.1205782724604,19.2401074080129 73.1197734511362,19.2402773159553 73.1192810602744,19.2403127139159 73.119139236054,19.2402392327757 73.1189602961409,19.2402072697671 73.1187402484222,19.2401798731399 73.1185733989346,19.2401524765082 73.1184524937822,19.2401684580186 73.118367859906,19.2401821563337 73.1182348634299,19.2402141184991 73.1181647382439,19.2402095529605 73.1181115400128,19.2401935714541 73.1179519453194,19.2401227966773 73.1177996045219,19.2400588714567 73.1176980436909,19.2400794193667 73.1176461992209,19.2401516546601 73.117502273841,19.2402144840475 73.1173722759413,19.2402393235267 73.117349062576,19.2402393235267 73.1163193731732,19.2402979647665 73.1169208024424,19.2424328678691 73.1170358981899,19.242466147588 73.1181903195682,19.2427999477394 73.1185041603858,19.2428685501582 73.1186247547211,19.2428950719184 73.1189119065916,19.2430161495384 73.1193300903226,19.2431082737732 73.1197315465248,19.2431898701835 73.1200270626089,19.2432267195054</coordinates></LinearRing></outerBoundaryIs></Polygon></MultiGeometry>
  </Placemark>
  <Placemark>
	<Style><LineStyle><color>ff0000ff</color></LineStyle><PolyStyle><fill>0</fill></PolyStyle></Style>
	<ExtendedData><SchemaData schemaUrl="#kalyan_dombivli_ward_boundary">
		<SimpleData name="objectid">53</SimpleData>
		<SimpleData name="townname">Kalyan-Dombivli</SimpleData>
		<SimpleData name="towncensuscode2011">802790</SimpleData>
		<SimpleData name="town_lgd_code">251483</SimpleData>
		<SimpleData name="ward_lgd_code">48705</SimpleData>
		<SimpleData name="ward_lgd_name">Kalyan-Dombivli (M Corp.) - Ward No.35</SimpleData>
		<SimpleData name="sourcewardcode">35</SimpleData>
		<SimpleData name="state">Maharashtra</SimpleData>
		<SimpleData name="st_area(shape)">206561.069558435</SimpleData>
		<SimpleData name="st_length(shape)">2291.57533052493</SimpleData>
	</SchemaData></ExtendedData>
      <MultiGeometry><Polygon><outerBoundaryIs><LinearRing><coordinates>73.1219719681996,19.2405101081251 73.1218339231915,19.240743944022 73.121738509532,19.2407976107573 73.1216227948452,19.2408321112768 73.1213914930326,19.2408875751849 73.1211662808993,19.2409654400514 73.1210425730032,19.2410522900323 73.1209378968148,19.2411451286511 73.1209030053508,19.241243957594 73.1208998333995,19.2413697393361 73.1208649410373,19.2414386205405 73.1206260260026,19.2417731996706 73.1205793342691,19.241849866555 73.1205894843335,19.2418766997441 73.1206564770941,19.2419054497058 73.1210645233372,19.2418632831501 73.121338584059,19.2418000328722 73.1216471562574,19.2417291163018 73.1220734724368,19.2416735322432 73.1225749021469,19.241623699355 73.1233073542936,19.241631978828 73.1238634339123,19.2416822722497 73.1242674997204,19.2417166216157 73.1242821979551,19.2416639491924 73.1242943791103,19.2416102827403 73.1242233259646,19.241504864869 73.1241969352582,19.2414454480178 73.1241888144881,19.2413936982773 73.1242476873768,19.241364948226 73.124406033412,19.2413170311799 73.1248648308753,19.2411713631719 73.1251145310833,19.2410966127571 73.1252322750642,19.2410467796937 73.1253581398153,19.240945195037 73.1254657346301,19.2408378616454 73.1257174641323,19.2406162925039 73.1260077654961,19.2403682729911 73.1261316000547,19.2402858558751 73.1262890585543,19.2402287141426 73.1266538383401,19.240105926311 73.1268601274619,19.2400662519793 73.1277031074228,19.2399349173034 73.1288758768909,19.2397522020545 73.1287537176903,19.2395342962766 73.1287161339755,19.2395098247852 73.1284095111212,19.2393344090449 73.128184740959,19.2391786192056 73.1280601688836,19.2390922440434 73.1279485047006,19.2390319993763 73.127679972211,19.2388236478708 73.127331677409,19.2385952144893 73.1268717157291,19.2383115552085 73.1264383414866,19.2380454665905 73.1259411572144,19.2377492545455 73.1254884835664,19.2373341959796 73.1242896557686,19.2383669818015 73.1239536903439,19.238636526951 73.1235909739884,19.238947023579 73.1233080549795,19.2391616316982 73.1230759168354,19.2393442763602 73.1228123430462,19.2395383359849 73.1226406570291,19.2396547716497 73.1223819197694,19.2398305670153 73.1222779406735,19.2399196058022 73.1221171952383,19.2402160895768 73.1220134973152,19.2404073535524 73.1219719681996,19.2405101081251</coordinates></LinearRing></outerBoundaryIs></Polygon></MultiGeometry>
  </Placemark>
  <Placemark>
	<Style><LineStyle><color>ff0000ff</color></LineStyle><PolyStyle><fill>0</fill></PolyStyle></Style>
	<ExtendedData><SchemaData schemaUrl="#kalyan_dombivli_ward_boundary">
		<SimpleData name="objectid">54</SimpleData>
		<SimpleData name="townname">Kalyan-Dombivli</SimpleData>
		<SimpleData name="towncensuscode2011">802790</SimpleData>
		<SimpleData name="town_lgd_code">251483</SimpleData>
		<SimpleData name="ward_lgd_code">48702</SimpleData>
		<SimpleData name="ward_lgd_name">Kalyan-Dombivli (M Corp.) - Ward No.32</SimpleData>
		<SimpleData name="sourcewardcode">32</SimpleData>
		<SimpleData name="state">Maharashtra</SimpleData>
		<SimpleData name="st_area(shape)">349298.26759735</SimpleData>
		<SimpleData name="st_length(shape)">3111.81379317312</SimpleData>
	</SchemaData></ExtendedData>
      <MultiGeometry><Polygon><outerBoundaryIs><LinearRing><coordinates>73.1202047134394,19.2466049770583 73.1203942319132,19.2466322055359 73.1205325365344,19.2466349830863 73.1211077233192,19.2466465326069 73.1218508950622,19.2465974670694 73.1230617962174,19.2464698972817 73.1238785570502,19.2464192618432 73.1246502080826,19.2463595982754 73.1254386225765,19.2463227954548 73.1258196582757,19.2463006878064 73.1260985168994,19.2462544641785 73.1262624262011,19.2462042213482 73.1263220285219,19.2461620168839 73.1260777065275,19.245641605933 73.1257871177028,19.2452989767588 73.1255096793155,19.2453202143775 73.1254999945784,19.2452910706409 73.1253779871932,19.2449239064419 73.1253097233164,19.2447184731521 73.1251647558908,19.2444117022001 73.1251501277247,19.244172329066 73.1251497585171,19.2441662845167 73.1251388466814,19.2441676974842 73.1250772006933,19.2441756774426 73.1244063828566,19.2442625146994 73.1237597557521,19.244277958102 73.1234159138991,19.2442861695916 73.1232976695565,19.2442889938283 73.1232326836322,19.2442465174733 73.1231826950816,19.2441898825988 73.1231651985948,19.2440270579681 73.1232082710161,19.2436666886418 73.1232600624855,19.2432333569284 73.1231377047573,19.243236527218 73.1228027795817,19.2432058505501 73.1219743693963,19.2430965620117 73.1219001667572,19.243498465188 73.1213506017209,19.2434465490144 73.120369972909,19.2432477767416 73.1200270626089,19.2432267195054 73.1197315465248,19.2431898701835 73.1193300903226,19.2431082737732 73.1189119065916,19.2430161495384 73.1186247547211,19.2428950719184 73.1185041603858,19.2428685501582 73.1182688197476,19.2428171070401 73.1181903195682,19.2427999477394 73.1170358981899,19.242466147588 73.1169208024424,19.2424328678691 73.1176084807587,19.2452260974676 73.1174760717808,19.2475887495611 73.1180376931065,19.2479225562556 73.1190038222114,19.2464324465313 73.1202047134394,19.2466049770583</coordinates></LinearRing></outerBoundaryIs></Polygon></MultiGeometry>
  </Placemark>
  <Placemark>
	<Style><LineStyle><color>ff0000ff</color></LineStyle><PolyStyle><fill>0</fill></PolyStyle></Style>
	<ExtendedData><SchemaData schemaUrl="#kalyan_dombivli_ward_boundary">
		<SimpleData name="objectid">55</SimpleData>
		<SimpleData name="townname">Kalyan-Dombivli</SimpleData>
		<SimpleData name="towncensuscode2011">802790</SimpleData>
		<SimpleData name="town_lgd_code">251483</SimpleData>
		<SimpleData name="ward_lgd_code">48701</SimpleData>
		<SimpleData name="ward_lgd_name">Kalyan-Dombivli (M Corp.) - Ward No.31</SimpleData>
		<SimpleData name="sourcewardcode">31</SimpleData>
		<SimpleData name="state">Maharashtra</SimpleData>
		<SimpleData name="st_area(shape)">329200.82000305</SimpleData>
		<SimpleData name="st_length(shape)">2542.18647098566</SimpleData>
	</SchemaData></ExtendedData>
      <MultiGeometry><Polygon><outerBoundaryIs><LinearRing><coordinates>73.1257871177028,19.2452989767588 73.1260777065275,19.245641605933 73.1263220267252,19.2461620185801 73.1265043236425,19.2460985519946 73.1266229039549,19.2460261115315 73.126870527258,19.2458450119299 73.1272227791387,19.2455387867238 73.1275715446579,19.2452193905798 73.1279342601151,19.2449526779208 73.1284050923084,19.2445608403744 73.1290147339759,19.2440446657962 73.1292781209156,19.2437959958655 73.1295191874153,19.2435641845452 73.1296307923096,19.2434398488389 73.1296999868409,19.2432733655038 73.1297580216016,19.243031016333 73.1297557892881,19.2428434591833 73.1297223081791,19.2425189206812 73.1296776655028,19.242253389319 73.1296151670135,19.2417750095845 73.129490170035,19.2410268798806 73.1294120462497,19.2405822151601 73.1293648442731,19.240249526651 73.1292912453018,19.2400243385453 73.1291912475394,19.2399069973274 73.1290641071806,19.2398301183481 73.1288758759926,19.2397522020545 73.1277031074228,19.2399349173034 73.1268601274619,19.2400662519793 73.1266538383401,19.240105926311 73.1262890585543,19.2402287141426 73.1261316000547,19.2402858558751 73.1260077654961,19.2403682729911 73.1257174641323,19.2406162925039 73.1254657346301,19.2408378616454 73.1253581398153,19.240945195037 73.1252322750642,19.2410467796937 73.1251145310833,19.2410966127571 73.1248648308753,19.2411713631719 73.124406033412,19.2413170311799 73.1242476873768,19.241364948226 73.1241888144881,19.2413936982773 73.1241969352582,19.2414454480178 73.1242233259646,19.241504864869 73.1242943791103,19.2416102827403 73.1242821979551,19.2416639491924 73.1242674997204,19.2417166216157 73.1245223975806,19.2417569282552 73.1246748641422,19.2419126766335 73.1247050574172,19.2420970204325 73.1247123562289,19.2421415786553 73.124706096768,19.2422337619019 73.1246998588666,19.2423256440108 73.124737948333,19.2424429936774 73.1248088990708,19.2426615825775 73.124830006785,19.2427266118943 73.1248423271792,19.2427645672777 73.1243749310419,19.2429439129612 73.1232600624855,19.2432333569284 73.1232082710161,19.2436666886418 73.1231651985948,19.2440270579681 73.1231826950816,19.2441898825988 73.1232326836322,19.2442465174733 73.1232976695565,19.2442889938283 73.1234159138991,19.2442861695916 73.1237597557521,19.244277958102 73.1244063828566,19.2442625146994 73.1250772006933,19.2441756774426 73.1251388466814,19.2441676974842 73.1251497585171,19.2441662845167 73.1251501277247,19.244172329066 73.1251647558908,19.2444117022001 73.1253097233164,19.2447184731521 73.1253779871932,19.2449239064419 73.1254999945784,19.2452910706409 73.1255096793155,19.2453202143775 73.1257871177028,19.2452989767588</coordinates></LinearRing></outerBoundaryIs></Polygon></MultiGeometry>
  </Placemark>
  <Placemark>
	<Style><LineStyle><color>ff0000ff</color></LineStyle><PolyStyle><fill>0</fill></PolyStyle></Style>
	<ExtendedData><SchemaData schemaUrl="#kalyan_dombivli_ward_boundary">
		<SimpleData name="objectid">56</SimpleData>
		<SimpleData name="townname">Kalyan-Dombivli</SimpleData>
		<SimpleData name="towncensuscode2011">802790</SimpleData>
		<SimpleData name="town_lgd_code">251483</SimpleData>
		<SimpleData name="ward_lgd_code">48691</SimpleData>
		<SimpleData name="ward_lgd_name">Kalyan-Dombivli (M Corp.) - Ward No.21</SimpleData>
		<SimpleData name="sourcewardcode">21</SimpleData>
		<SimpleData name="state">Maharashtra</SimpleData>
		<SimpleData name="st_area(shape)">381604.18023895</SimpleData>
		<SimpleData name="st_length(shape)">2622.59041987584</SimpleData>
	</SchemaData></ExtendedData>
      <MultiGeometry><Polygon><outerBoundaryIs><LinearRing><coordinates>73.1262624262011,19.2462042213482 73.1260985168994,19.2462544641785 73.1258196582757,19.2463006878064 73.1254386225765,19.2463227954548 73.1246502080826,19.2463595982754 73.1238785570502,19.2464192618432 73.1230617962174,19.2464698972817 73.1218508950622,19.2465974670694 73.1211077233192,19.2466465326069 73.1203942319132,19.2466322055359 73.1202047116428,19.2466049762102 73.1205131940097,19.2471048896606 73.1212993097148,19.2482887469132 73.1220087308542,19.2493820880349 73.1226683008853,19.2503849139866 73.1231936563247,19.2511958592888 73.1235081026068,19.2516411533623 73.1236768304717,19.251775103479 73.1240833091545,19.2518692302017 73.1246623506103,19.2519814582772 73.1254177888485,19.252115408116 73.1261463836293,19.2521443699998 73.126917160601,19.252198674154 73.12694400316,19.251583228564 73.1273006316328,19.2514492782906 73.1275284138462,19.2512238078754 73.1282303187816,19.2508808943755 73.1275502177547,19.2502759109465 73.1274737235133,19.250041483095 73.1274618262257,19.2500050118552 73.1273787060108,19.2497386165277 73.1271013799129,19.2489091280544 73.126924676805,19.2483043866958 73.1267798782626,19.2477506182404 73.1266718926806,19.2472756265895 73.1265484875168,19.246921954253 73.1263220267252,19.2461620160358 73.1262624262011,19.2462042213482</coordinates></LinearRing></outerBoundaryIs></Polygon></MultiGeometry>
  </Placemark>
  <Placemark>
	<Style><LineStyle><color>ff0000ff</color></LineStyle><PolyStyle><fill>0</fill></PolyStyle></Style>
	<ExtendedData><SchemaData schemaUrl="#kalyan_dombivli_ward_boundary">
		<SimpleData name="objectid">57</SimpleData>
		<SimpleData name="townname">Kalyan-Dombivli</SimpleData>
		<SimpleData name="towncensuscode2011">802790</SimpleData>
		<SimpleData name="town_lgd_code">251483</SimpleData>
		<SimpleData name="ward_lgd_code">48699</SimpleData>
		<SimpleData name="ward_lgd_name">Kalyan-Dombivli (M Corp.) - Ward No.29</SimpleData>
		<SimpleData name="sourcewardcode">29</SimpleData>
		<SimpleData name="state">Maharashtra</SimpleData>
		<SimpleData name="st_area(shape)">239680.71012256</SimpleData>
		<SimpleData name="st_length(shape)">2121.8407303217</SimpleData>
	</SchemaData></ExtendedData>
      <MultiGeometry><Polygon><outerBoundaryIs><LinearRing><coordinates>73.1298454492383,19.2447119630067 73.1298730805181,19.2445264483496 73.1302305426275,19.2442787629672 73.1303201567637,19.2441619574097 73.1303517846482,19.2441207328469 73.1302851341457,19.2440851143481 73.1300362936255,19.2439588902714 73.129881063846,19.2438754080217 73.1296904638006,19.2437585334794 73.1294611769092,19.243619964728 73.1292781209156,19.2437959958655 73.1290147339759,19.2440446657962 73.1284050923084,19.2445608403744 73.1279342601151,19.2449526779208 73.1275715446579,19.2452193905798 73.1272227791387,19.2455387867238 73.126870527258,19.2458450119299 73.1266229039549,19.2460261115315 73.1265043236425,19.2460985519946 73.1263220267252,19.2461620160358 73.1265484875168,19.246921954253 73.1266718926806,19.2472756265895 73.1267798782626,19.2477506182404 73.126924676805,19.2483043866958 73.1271013799129,19.2489091280544 73.1273787060108,19.2497386165277 73.1274618235308,19.2500050127033 73.1279313567601,19.2499265635512 73.1283959205093,19.2498483026376 73.1285686198261,19.2498287371913 73.1288656639444,19.2498743890475 73.1290798124267,19.2499086289914 73.1293544049511,19.2499184117101 73.1297343456039,19.2499363462688 73.1299013406186,19.2499564375179 73.1303647203883,19.2499535616453 73.1304469943902,19.2499530510952 73.130416130972,19.2496211312948 73.13041282607,19.2495855843815 73.1303758792607,19.2491882435917 73.1303544589328,19.2489578791055 73.1305982661925,19.2488582643829 73.1305454596268,19.2485903194167 73.1305116874637,19.2482888664951 73.1305014637374,19.2481595271913 73.1304600307416,19.2478819687128 73.1301596179409,19.2463079900222 73.1299822150454,19.2455303683574 73.129915755884,19.245152670262 73.1298548249549,19.2448063889258 73.1298454492383,19.2447119630067</coordinates></LinearRing></outerBoundaryIs></Polygon></MultiGeometry>
  </Placemark>
  <Placemark>
	<Style><LineStyle><color>ff0000ff</color></LineStyle><PolyStyle><fill>0</fill></PolyStyle></Style>
	<ExtendedData><SchemaData schemaUrl="#kalyan_dombivli_ward_boundary">
		<SimpleData name="objectid">58</SimpleData>
		<SimpleData name="townname">Kalyan-Dombivli</SimpleData>
		<SimpleData name="towncensuscode2011">802790</SimpleData>
		<SimpleData name="town_lgd_code">251483</SimpleData>
		<SimpleData name="ward_lgd_code">48692</SimpleData>
		<SimpleData name="ward_lgd_name">Kalyan-Dombivli (M Corp.) - Ward No.22</SimpleData>
		<SimpleData name="sourcewardcode">22</SimpleData>
		<SimpleData name="state">Maharashtra</SimpleData>
		<SimpleData name="st_area(shape)">253496.39078265</SimpleData>
		<SimpleData name="st_length(shape)">2390.75724516813</SimpleData>
	</SchemaData></ExtendedData>
      <MultiGeometry><Polygon><outerBoundaryIs><LinearRing><coordinates>73.1333088041032,19.250122522256 73.1330902305198,19.2499518357824 73.1328554666001,19.2497658631433 73.1327286397534,19.2496843403943 73.1325991143675,19.2496308419428 73.1323940334797,19.2495696996224 73.1322186347255,19.2495340339651 73.1320324427132,19.249488177624 73.1318732351937,19.249452511949 73.1317032335178,19.2493990125738 73.1314414851053,19.2493327756722 73.1313308485949,19.2492843716026 73.1311419580434,19.2491977541153 73.1307992570508,19.2490041384399 73.1306778272822,19.2489302583458 73.1305982652941,19.2488582635348 73.1303544589328,19.2489578791055 73.1303758792607,19.2491882435917 73.13041282607,19.2495855843815 73.130416130972,19.2496211312948 73.1304469943902,19.2499530510952 73.1303647203883,19.2499535616453 73.1299013406186,19.2499564375179 73.1297343456039,19.2499363462688 73.1293544049511,19.2499184117101 73.1290798124267,19.2499086289914 73.1288656639444,19.2498743890475 73.1285686198261,19.2498287371913 73.1283959205093,19.2498483026376 73.1279313567601,19.2499265635512 73.1274618235308,19.2500050127033 73.1274737235133,19.250041483095 73.1275502177547,19.2502759109465 73.1282303187816,19.2508808943755 73.1275284138462,19.2512238078754 73.1273006316328,19.2514492782906 73.12694400316,19.251583228564 73.126917157906,19.2521986733059 73.127285890279,19.2522599138716 73.127901134739,19.2523541726163 73.12859463324,19.2524662638196 73.1290911455723,19.2525401423213 73.1297009929541,19.2526394961453 73.1302730616866,19.252713373721 73.1310070364776,19.2528331075305 73.1312444989365,19.2528636780854 73.1318336015234,19.2529294352475 73.1326389169211,19.2530130265327 73.1332713632205,19.2530806943449 73.1334813264518,19.2531086315854 73.1339758571006,19.2531417649666 73.1340726326061,19.2529186282344 73.1341036559245,19.2523151449365 73.1340760237463,19.2521097115716 73.1339672224941,19.2518292788473 73.133770036001,19.251652697442 73.1336203802679,19.2515186802269 73.1336107278702,19.2513965742197 73.1335759460007,19.2509565511767 73.1336959187019,19.2506922665841 73.1336776631387,19.2506503830027 73.1335219806084,19.2502932085519 73.1333088041032,19.250122522256</coordinates></LinearRing></outerBoundaryIs></Polygon></MultiGeometry>
  </Placemark>
  <Placemark>
	<Style><LineStyle><color>ff0000ff</color></LineStyle><PolyStyle><fill>0</fill></PolyStyle></Style>
	<ExtendedData><SchemaData schemaUrl="#kalyan_dombivli_ward_boundary">
		<SimpleData name="objectid">59</SimpleData>
		<SimpleData name="townname">Kalyan-Dombivli</SimpleData>
		<SimpleData name="towncensuscode2011">802790</SimpleData>
		<SimpleData name="town_lgd_code">251483</SimpleData>
		<SimpleData name="ward_lgd_code">48707</SimpleData>
		<SimpleData name="ward_lgd_name">Kalyan-Dombivli (M Corp.) - Ward No.37</SimpleData>
		<SimpleData name="sourcewardcode">37</SimpleData>
		<SimpleData name="state">Maharashtra</SimpleData>
		<SimpleData name="st_area(shape)">331055.90509961</SimpleData>
		<SimpleData name="st_length(shape)">3500.39498029575</SimpleData>
	</SchemaData></ExtendedData>
      <MultiGeometry><Polygon><outerBoundaryIs><LinearRing><coordinates>73.1344068346379,19.2406353323548 73.134378345467,19.2403748978076 73.1343615056487,19.23998754533 73.1343532645042,19.2397638343293 73.1343429626246,19.2395167787161 73.1343306000096,19.2392716692241 73.1342996943706,19.2390479572477 73.1342790906112,19.2388456428746 73.1342292547742,19.2384292215599 73.1342292547742,19.2383076384518 73.1341657690365,19.2382756623449 73.1339494277666,19.2382425912696 73.133372518013,19.2381336522576 73.1332756796254,19.2381239256626 73.1332530151308,19.2380889097462 73.133310706735,19.2380110969489 73.133672304688,19.2377817896877 73.1342839837346,19.2374808707589 73.134760449263,19.237192108744 73.1353219358414,19.2369359154573 73.1334334714,19.2362477320634 73.1313836147364,19.2356061583393 73.1310778345018,19.2360499137375 73.129990442715,19.2355741316646 73.1296773492958,19.2356713634763 73.1293569974891,19.235741023989 73.1291306858179,19.2357635164294 73.1288618344263,19.2358036811909 73.1285861765,19.2358599118406 73.1284789760455,19.2359113232123 73.128393896605,19.2359723739302 73.1282826124092,19.2360713399965 73.1282586543406,19.2361093834311 73.1282477640644,19.2361381742664 73.1282575646842,19.2361669642485 73.1282888233611,19.236225511949 73.1284696173969,19.2366372001907 73.1287069900242,19.2372753145013 73.1288856568494,19.2377187303679 73.1290362135927,19.2381143966862 73.1290775962829,19.2382274992815 73.1290710619375,19.2382573177035 73.12903294642,19.2382778811057 73.1288498167645,19.238341678101 73.1285812842749,19.2384245168752 73.1284643002687,19.2385148863222 73.1283306066999,19.2387058885058 73.1280601688836,19.2390922440434 73.128184740959,19.2391786192056 73.1284095111212,19.2393344090449 73.1287161339755,19.2395098247852 73.1287537176903,19.2395342962766 73.1288758750943,19.2397522020545 73.1290641071806,19.2398301183481 73.1291912475394,19.2399069973274 73.1292524290984,19.2399787942075 73.1293712375829,19.2398455375717 73.1295772769732,19.2396529515346 73.1297894976708,19.239473982224 73.1300532277669,19.2392872318366 73.1303016335025,19.2391344019813 73.1305012337687,19.2390340968421 73.1307298082961,19.2389277112772 73.1310111444734,19.2388118721926 73.1312550954636,19.2387197413059 73.1314950893749,19.2386388161033 73.1315307902209,19.238626629908 73.1317988394169,19.2394683089888 73.1319094983851,19.23981577796 73.1319291930494,19.2398776176943 73.1323197311276,19.2398518070378 73.1323235902901,19.239851300697 73.1323281357654,19.239850703605 73.1326626225631,19.2398067800189 73.1327837612775,19.2404170935823 73.1328417097999,19.2406298618647 73.132856483493,19.2406758105836 73.1329164074107,19.2410177420635 73.1329535356797,19.2412295995185 73.1329602137555,19.2412677079124 73.1330333725522,19.2412645927135 73.1330447784614,19.2412641067323 73.1333292497591,19.2412519928233 73.133415786267,19.2413998353754 73.1335909200182,19.2417188632296 73.1337990192453,19.2420223281121 73.1340339035393,19.2422791063037 73.1342110971274,19.2424891971755 73.1343190126408,19.2425886486831 73.1345089694924,19.2427637072769 73.1345806083397,19.2427354069729 73.134876959857,19.2426183357013 73.1354549951997,19.2423899881725 73.134975391856,19.2406925002381 73.1346814217725,19.2407095808823 73.1344191972529,19.2407248168255 73.1344068346379,19.2406353323548</coordinates></LinearRing></outerBoundaryIs></Polygon></MultiGeometry>
  </Placemark>
  <Placemark>
	<Style><LineStyle><color>ff0000ff</color></LineStyle><PolyStyle><fill>0</fill></PolyStyle></Style>
	<ExtendedData><SchemaData schemaUrl="#kalyan_dombivli_ward_boundary">
		<SimpleData name="objectid">63</SimpleData>
		<SimpleData name="townname">Kalyan-Dombivli</SimpleData>
		<SimpleData name="towncensuscode2011">802790</SimpleData>
		<SimpleData name="town_lgd_code">251483</SimpleData>
		<SimpleData name="ward_lgd_code">48698</SimpleData>
		<SimpleData name="ward_lgd_name">Kalyan-Dombivli (M Corp.) - Ward No.28</SimpleData>
		<SimpleData name="sourcewardcode">28</SimpleData>
		<SimpleData name="state">Maharashtra</SimpleData>
		<SimpleData name="st_area(shape)">344760.54512705</SimpleData>
		<SimpleData name="st_length(shape)">2750.56063996224</SimpleData>
	</SchemaData></ExtendedData>
      <MultiGeometry><Polygon><outerBoundaryIs><LinearRing><coordinates>73.1330890914561,19.2440183562519 73.1330626962581,19.2444364638653 73.133053943074,19.2445751167391 73.1328079043991,19.2445714299717 73.1314129114927,19.2444004832884 73.1308796212344,19.2443371025298 73.1307219067149,19.2442718304409 73.1304972174011,19.2441780021387 73.1303517828515,19.2441207319988 73.1303201567637,19.2441619574097 73.1302305426275,19.2442787629672 73.1298730805181,19.2445264483496 73.1298454492383,19.2447119630067 73.1298548249549,19.2448063889258 73.129915755884,19.245152670262 73.1299822150454,19.2455303683574 73.1301596179409,19.2463079900222 73.1304600307416,19.2478819687128 73.1305014637374,19.2481595271913 73.1305116874637,19.2482888664951 73.1305454596268,19.2485903194167 73.1305982652941,19.2488582635348 73.1306778272822,19.2489302583458 73.1307992570508,19.2490041384399 73.1311419580434,19.2491977541153 73.1313308485949,19.2492843716026 73.1314414851053,19.2493327756722 73.1317032335178,19.2493990125738 73.1318732351937,19.249452511949 73.1320324427132,19.249488177624 73.1322186347255,19.2495340339651 73.1323940334797,19.2495696996224 73.1325991143675,19.2496308419428 73.1327286397534,19.2496843403943 73.1328554666001,19.2497658631433 73.1330902305198,19.2499518357824 73.1333088041032,19.250122522256 73.13352197971,19.2502932110962 73.1335467857883,19.2502230911587 73.133551645674,19.2501382169896 73.133561364547,19.2499524124835 73.1335735133629,19.249862950854 73.1337291563674,19.2497747324767 73.1338371221864,19.2493882494289 73.1338443302683,19.2493624453566 73.1338661063291,19.2493652067471 73.1339515064682,19.2493760368928 73.133994697467,19.2492038722634 73.1339720141078,19.2491824570477 73.1339563052684,19.2491676272784 73.1339671919514,19.2489533842021 73.133979570736,19.2487097619459 73.133944730476,19.2486457527158 73.1339328107305,19.2486238548602 73.1340341047619,19.2480827199256 73.1340352878431,19.2480763990398 73.1340186618239,19.2480592301119 73.1339603063647,19.2479989717741 73.1339553063418,19.2479938085416 73.133927626553,19.2479791092724 73.133915315142,19.2479725704209 73.1339160814049,19.247966029873 73.1339826690254,19.2473980070565 73.1340013414069,19.2472387188095 73.1340231120778,19.2470508009352 73.1340402168991,19.246955372999 73.1340565087451,19.2469316625164 73.1341265728457,19.2469166289985 73.1342265724048,19.2469046020134 73.1343463169339,19.2468871632653 73.13441701794,19.2468691232082 73.1344711576055,19.2468462718445 73.1346110109222,19.2467753455811 73.1347057706083,19.2467409362102 73.1355774463527,19.2467289889343 73.1356299349147,19.2465166119031 73.1356319731921,19.2464699074589 73.1356376694093,19.2463394226231 73.1356749252391,19.2454860527667 73.1356898148149,19.2453966853871 73.1356849549292,19.2450434160965 73.135677665999,19.2447750230325 73.1356387905067,19.2445960940793 73.135592625186,19.2443162303233 73.1354711379253,19.2440294835926 73.1351941477973,19.2434192860834 73.1350726614349,19.2431554787196 73.1350129414348,19.2430640465817 73.134677645255,19.2430571827023 73.1345089694924,19.2427637072769 73.134497494413,19.2427647708282 73.133264834265,19.2428790177345 73.1332882659209,19.2432145523094 73.1333425942326,19.2434526970613 73.1333429418806,19.2434542185948 73.1331242398382,19.2437971255636 73.1330890914561,19.2440183562519</coordinates></LinearRing></outerBoundaryIs></Polygon></MultiGeometry>
  </Placemark>
  <Placemark>
	<Style><LineStyle><color>ff0000ff</color></LineStyle><PolyStyle><fill>0</fill></PolyStyle></Style>
	<ExtendedData><SchemaData schemaUrl="#kalyan_dombivli_ward_boundary">
		<SimpleData name="objectid">64</SimpleData>
		<SimpleData name="townname">Kalyan-Dombivli</SimpleData>
		<SimpleData name="towncensuscode2011">802790</SimpleData>
		<SimpleData name="town_lgd_code">251483</SimpleData>
		<SimpleData name="ward_lgd_code">48696</SimpleData>
		<SimpleData name="ward_lgd_name">Kalyan-Dombivli (M Corp.) - Ward No.26</SimpleData>
		<SimpleData name="sourcewardcode">26</SimpleData>
		<SimpleData name="state">Maharashtra</SimpleData>
		<SimpleData name="st_area(shape)">288011.109756865</SimpleData>
		<SimpleData name="st_length(shape)">2593.15655933355</SimpleData>
	</SchemaData></ExtendedData>
      <MultiGeometry><Polygon><outerBoundaryIs><LinearRing><coordinates>73.1345089694924,19.2427637072769 73.134677645255,19.2430571827023 73.1350129414348,19.2430640465817 73.1350726614349,19.2431554787196 73.1351941477973,19.2434192860834 73.1354711379253,19.2440294835926 73.135592625186,19.2443162303233 73.1356387905067,19.2445960940793 73.135677665999,19.2447750230325 73.1356849549292,19.2450434160965 73.1356898148149,19.2453966853871 73.1356749225441,19.2454860527667 73.1358947861082,19.2454864954817 73.1361797487843,19.2454864954817 73.136521703277,19.2454765310026 73.1368045558105,19.2454625803917 73.1370409690371,19.2454446453441 73.1372858255291,19.2454147518975 73.1375327930619,19.245354965836 73.1377586528805,19.2453031511753 73.1379824007599,19.2452513364983 73.1382863610077,19.2451736144519 73.1386430918884,19.2450919062286 73.1388731728906,19.2450301269786 73.1389886090996,19.2449709641421 73.1391337292388,19.2448401812737 73.1407872869283,19.2443135536598 73.140903765183,19.2442764569311 73.1410537362248,19.2446305488502 73.1410853272783,19.2446275660215 73.1411929795854,19.2446016585783 73.1415602647724,19.2444362492914 73.1417227987534,19.2443585268591 73.141851559673,19.2443226548244 73.1419423254493,19.2443166764338 73.14205842192,19.2443027257243 73.1421829607577,19.2442768182299 73.1423131733548,19.2442547722185 73.1424813801968,19.2441862670648 73.142725445273,19.244058597869 73.1429332300898,19.2439869783343 73.1432003827671,19.2439464975296 73.143401572153,19.2439060167148 73.1434603552103,19.2438979103732 73.1438624761657,19.2438765521373 73.1438334785484,19.2437450474932 73.1435555209348,19.2424844883665 73.1435867400859,19.24210288271 73.143463072614,19.242101510435 73.1432001716629,19.242085667358 73.1429540512414,19.2420751047405 73.1426547918775,19.2420751047405 73.1421289890771,19.242101510435 73.141689888973,19.2421120730509 73.1413270845826,19.2421686865909 73.1412053673532,19.2421889662277 73.141047850463,19.2421889662277 73.140799101571,19.2421680199606 73.1401872967602,19.2421432647382 73.1395798622533,19.2421350124311 73.13901612809,19.2421437600462 73.1384287960825,19.2421305563548 73.1379952888893,19.2421279161252 73.1372904904804,19.2422071331705 73.1368704427451,19.2422299080004 73.1363372989121,19.2422670416612 73.135992066467,19.2423041744654 73.1354549943013,19.2423899881725 73.134876959857,19.2426183357013 73.1345806083397,19.2427354069729 73.1345089694924,19.2427637072769</coordinates></LinearRing></outerBoundaryIs></Polygon></MultiGeometry>
  </Placemark>
  <Placemark>
	<Style><LineStyle><color>ff0000ff</color></LineStyle><PolyStyle><fill>0</fill></PolyStyle></Style>
	<ExtendedData><SchemaData schemaUrl="#kalyan_dombivli_ward_boundary">
		<SimpleData name="objectid">65</SimpleData>
		<SimpleData name="townname">Kalyan-Dombivli</SimpleData>
		<SimpleData name="towncensuscode2011">802790</SimpleData>
		<SimpleData name="town_lgd_code">251483</SimpleData>
		<SimpleData name="ward_lgd_code">48693</SimpleData>
		<SimpleData name="ward_lgd_name">Kalyan-Dombivli (M Corp.) - Ward No.23</SimpleData>
		<SimpleData name="sourcewardcode">23</SimpleData>
		<SimpleData name="state">Maharashtra</SimpleData>
		<SimpleData name="st_area(shape)">441481.96550298</SimpleData>
		<SimpleData name="st_length(shape)">2986.34524748541</SimpleData>
	</SchemaData></ExtendedData>
      <MultiGeometry><Polygon><outerBoundaryIs><LinearRing><coordinates>73.1411120871924,19.2476891062952 73.1408056413062,19.2474859688884 73.1405320926241,19.247328298908 73.1400738835572,19.2476258904904 73.1397758935129,19.247766557454 73.1395409391503,19.2478882879099 73.1392801977492,19.2480424801434 73.1389764764534,19.2481966722319 73.1388751446927,19.2482589667818 73.138074188819,19.2487112113424 73.1379666164621,19.2487719502889 73.1378942167417,19.2486533838888 73.1376271943202,19.2482160894555 73.1375009891076,19.2480094067955 73.1373575865472,19.2478693523687 73.1371942647437,19.2478125448838 73.1369191970105,19.247807134 73.1365381128023,19.2478179549194 73.1362515834644,19.24782877499 73.1358303858855,19.2479234543938 73.1356699297078,19.2479423907769 73.1355981426385,19.2479331040791 73.1355447530662,19.2483037820017 73.1352367360266,19.2482949702595 73.1352280232667,19.2482947209185 73.1352166056794,19.2483421016256 73.1351831605031,19.2484808868951 73.1351592392654,19.248580152431 73.1351960306662,19.2486269690713 73.1352680144665,19.2486858676799 73.1351905769941,19.2489120539829 73.1351604052786,19.2489078457344 73.1348495495628,19.2488595517918 73.1344049086499,19.2488038285162 73.1339795689393,19.2487097610977 73.1339671919514,19.2489533842021 73.1339563052684,19.2491676272784 73.1339720141078,19.2491824570477 73.133994697467,19.2492038722634 73.1339515064682,19.2493760368928 73.1338661063291,19.2493652067471 73.1338443302683,19.2493624453566 73.1338371221864,19.2493882494289 73.1337291563674,19.2497747324767 73.1335735133629,19.249862950854 73.133561364547,19.2499524124835 73.133551645674,19.2501382169896 73.1335467857883,19.2502230911587 73.13352197971,19.2502932110962 73.1336776631387,19.2506503830027 73.1336959187019,19.2506922665841 73.1335759460007,19.2509565511767 73.1336107278702,19.2513965742197 73.1336203802679,19.2515186802269 73.133770036001,19.251652697442 73.1339672224941,19.2518292788473 73.1340760237463,19.2521097115716 73.1341036559245,19.2523151449365 73.1340726326061,19.2529186282344 73.133975855304,19.2531417641186 73.1341070407765,19.2531884454617 73.1345012978799,19.2532308898194 73.1349993059072,19.2532831294053 73.1354488965372,19.2533484284401 73.1358742784686,19.253407198143 73.13616478375,19.2534300528332 73.1362789102153,19.253407198143 73.1365037055303,19.2533223086597 73.1370362951027,19.2530774343497 73.1380721622198,19.2524980175098 73.1384181160121,19.2523045066504 73.1389314960104,19.2519248990072 73.1392911688738,19.2516473740371 73.1397615096886,19.251294754266 73.140152566993,19.2509995007221 73.1404132868345,19.2508026534231 73.1409399062035,19.2504205082196 73.1416774580861,19.2499401804832 73.1423750133789,19.2494599870355 73.1423143887753,19.2492909010728 73.1422628380545,19.2491471212148 73.1422628380545,19.2488237392596 73.1422628380545,19.2487857903661 73.1422386760683,19.2487484631182 73.1421769195874,19.2486530556754 73.142166139804,19.2486176858046 73.1420077524464,19.2480979950451 73.141938691764,19.2478713971392 73.14180417983,19.2478482312697 73.1417453994677,19.2478381083392 73.1412555301769,19.2477537409491 73.1411120871924,19.2476891062952</coordinates></LinearRing></outerBoundaryIs></Polygon></MultiGeometry>
  </Placemark>
  <Placemark>
	<Style><LineStyle><color>ff0000ff</color></LineStyle><PolyStyle><fill>0</fill></PolyStyle></Style>
	<ExtendedData><SchemaData schemaUrl="#kalyan_dombivli_ward_boundary">
		<SimpleData name="objectid">66</SimpleData>
		<SimpleData name="townname">Kalyan-Dombivli</SimpleData>
		<SimpleData name="towncensuscode2011">802790</SimpleData>
		<SimpleData name="town_lgd_code">251483</SimpleData>
		<SimpleData name="ward_lgd_code">48697</SimpleData>
		<SimpleData name="ward_lgd_name">Kalyan-Dombivli (M Corp.) - Ward No.27</SimpleData>
		<SimpleData name="sourcewardcode">27</SimpleData>
		<SimpleData name="state">Maharashtra</SimpleData>
		<SimpleData name="st_area(shape)">245805.45375152</SimpleData>
		<SimpleData name="st_length(shape)">2506.15803973503</SimpleData>
	</SchemaData></ExtendedData>
      <MultiGeometry><Polygon><outerBoundaryIs><LinearRing><coordinates>73.1339795689393,19.2487097610977 73.1344049086499,19.2488038285162 73.1348495495628,19.2488595517918 73.1351604052786,19.2489078457344 73.1351905769941,19.2489120539829 73.1352680144665,19.2486858676799 73.1351960306662,19.2486269690713 73.1351592392654,19.248580152431 73.1351831605031,19.2484808868951 73.1352166056794,19.2483421016256 73.1352280232667,19.2482947209185 73.1352367360266,19.2482949702595 73.1355447530662,19.2483037820017 73.1355981426385,19.2479331040791 73.1356699297078,19.2479423907769 73.1358303858855,19.2479234543938 73.1362515834644,19.24782877499 73.1365381128023,19.2478179549194 73.1369191970105,19.247807134 73.1371942647437,19.2478125448838 73.1373575865472,19.2478693523687 73.1375009891076,19.2480094067955 73.1376271943202,19.2482160894555 73.1378942167417,19.2486533838888 73.1379666164621,19.2487719502889 73.138074188819,19.2487112113424 73.1388751446927,19.2482589667818 73.1389764764534,19.2481966722319 73.1392801977492,19.2480424801434 73.1395409391503,19.2478882879099 73.1397758935129,19.247766557454 73.1400738835572,19.2476258904904 73.140613275173,19.2472755757032 73.1409982984936,19.2470177426533 73.1411178885125,19.2469470946426 73.1411234975931,19.2466661077618 73.1411436692628,19.2465916617756 73.1411436692628,19.246551842289 73.141114328489,19.246510290957 73.1410684838668,19.2464670086263 73.1410483121971,19.246371787289 73.1411198297718,19.2461830762879 73.1411020089932,19.2461096104974 73.1410710054378,19.2460460870683 73.1410108344834,19.2458404948903 73.1410108344834,19.2456294923471 73.1410108344834,19.245223717659 73.1410537362248,19.244630547154 73.140903765183,19.2442764569311 73.1407872869283,19.2443135536598 73.1391337292388,19.2448401812737 73.1389886090996,19.2449709641421 73.1388731728906,19.2450301269786 73.1386430918884,19.2450919062286 73.1382863610077,19.2451736144519 73.1379824007599,19.2452513364983 73.1377586528805,19.2453031511753 73.1375327930619,19.245354965836 73.1372858255291,19.2454147518975 73.1370409690371,19.2454446453441 73.1368045558105,19.2454625803917 73.136521703277,19.2454765310026 73.1361797487843,19.2454864954817 73.1358947861082,19.2454864954817 73.1356749225441,19.2454860527667 73.1356376694093,19.2463394226231 73.1356319731921,19.2464699074589 73.1356299349147,19.2465166119031 73.1355774463527,19.2467289889343 73.1347057706083,19.2467409362102 73.1346110109222,19.2467753455811 73.1344711576055,19.2468462718445 73.13441701794,19.2468691232082 73.1343463169339,19.2468871632653 73.1342265724048,19.2469046020134 73.1341265728457,19.2469166289985 73.1340565087451,19.2469316625164 73.1340402168991,19.246955372999 73.1340231120778,19.2470508009352 73.1340013414069,19.2472387188095 73.1339826690254,19.2473980070565 73.1339160814049,19.247966029873 73.133915315142,19.2479725704209 73.133927626553,19.2479791092724 73.1339553063418,19.2479938085416 73.1339603063647,19.2479989717741 73.1340186618239,19.2480592301119 73.1340352878431,19.2480763990398 73.1340341047619,19.2480827199256 73.1339328107305,19.2486238548602 73.133944730476,19.2486457527158 73.1339795689393,19.2487097610977</coordinates></LinearRing></outerBoundaryIs></Polygon></MultiGeometry>
  </Placemark>
  <Placemark>
	<Style><LineStyle><color>ff0000ff</color></LineStyle><PolyStyle><fill>0</fill></PolyStyle></Style>
	<ExtendedData><SchemaData schemaUrl="#kalyan_dombivli_ward_boundary">
		<SimpleData name="objectid">67</SimpleData>
		<SimpleData name="townname">Kalyan-Dombivli</SimpleData>
		<SimpleData name="towncensuscode2011">802790</SimpleData>
		<SimpleData name="town_lgd_code">251483</SimpleData>
		<SimpleData name="ward_lgd_code">48694</SimpleData>
		<SimpleData name="ward_lgd_name">Kalyan-Dombivli (M Corp.) - Ward No.24</SimpleData>
		<SimpleData name="sourcewardcode">24</SimpleData>
		<SimpleData name="state">Maharashtra</SimpleData>
		<SimpleData name="st_area(shape)">313375.801317425</SimpleData>
		<SimpleData name="st_length(shape)">2564.70452933378</SimpleData>
	</SchemaData></ExtendedData>
      <MultiGeometry><Polygon><outerBoundaryIs><LinearRing><coordinates>73.1468258395233,19.2451950539381 73.1468369804294,19.2451272844924 73.1468609591593,19.2450616336103 73.1469001670282,19.24493445361 73.1469070005126,19.2448905814231 73.1469165675703,19.2448234827117 73.1469206683796,19.2447821913139 73.146884450104,19.2447632393 73.1468374682147,19.2446926734342 73.1468054360883,19.2445858157427 73.1468161134637,19.2445273465064 73.1467774625503,19.2443243900757 73.1467893005491,19.244316406732 73.1468321376118,19.2442875189492 73.1468330898259,19.2442488727007 73.1468417226358,19.2438983938023 73.1468438534397,19.2438118743985 73.1466935563095,19.2438350942694 73.1466290572721,19.2438450588481 73.1466246142047,19.2438274119851 73.1465742079375,19.2436272051502 73.1465162207876,19.2433968905298 73.1465158012743,19.2433952239667 73.1465148427719,19.2433954156427 73.1461214669158,19.243474101151 73.1460549664319,19.2434874031167 73.1461535430596,19.244035077795 73.1461565066017,19.2440515406598 73.1461244358478,19.2440604459231 73.145813910712,19.2441466734426 73.1456917658844,19.2441805906 73.1456436161852,19.244072927709 73.1455495571851,19.243862612416 73.1453774471632,19.2434777701325 73.1450161339761,19.2435685209973 73.1448482029169,19.2435574597789 73.1445279607046,19.2436828233202 73.1442625723186,19.2437600804536 73.1438624761657,19.2438765521373 73.1434603552103,19.2438979103732 73.143401572153,19.2439060167148 73.1432003827671,19.2439464975296 73.1429332300898,19.2439869783343 73.142725445273,19.244058597869 73.1424813801968,19.2441862670648 73.1423131733548,19.2442547722185 73.1421829607577,19.2442768182299 73.14205842192,19.2443027257243 73.1419423254493,19.2443166764338 73.141851559673,19.2443226548244 73.1417227987534,19.2443585268591 73.1415602647724,19.2444362492914 73.1411929795854,19.2446016585783 73.1410853272783,19.2446275660215 73.1410537362248,19.244630547154 73.1410108344834,19.245223717659 73.1410108344834,19.2456294923471 73.1410108344834,19.2458404948903 73.1410710054378,19.2460460870683 73.1411020089932,19.2461096104974 73.1411198297718,19.2461830762879 73.1410483121971,19.246371787289 73.1410684838668,19.2464670086263 73.141114328489,19.246510290957 73.1411436692628,19.246551842289 73.1411436692628,19.2465916617756 73.1411234975931,19.2466661077618 73.1411178885125,19.2469470946426 73.1409982984936,19.2470177426533 73.140613275173,19.2472755757032 73.1405320926241,19.247328298908 73.1408056413062,19.2474859688884 73.1411120871924,19.2476891062952 73.1412555301769,19.2477537409491 73.1417453994677,19.2478381083392 73.14180417983,19.2478482312697 73.141938691764,19.2478713971392 73.1420077524464,19.2480979950451 73.142166139804,19.2486176858046 73.1421769195874,19.2486530556754 73.1422386760683,19.2487484631182 73.1422628380545,19.2487857903661 73.1422628380545,19.2488237392596 73.1422628380545,19.2491471212148 73.1423143887753,19.2492909010728 73.1423750133789,19.2494599870355 73.1424555958532,19.2494045107587 73.1434170285658,19.2487382376236 73.144281626484,19.2481766469191 73.1451808077441,19.2475856692544 73.1459278206832,19.2470763161673 73.1465745394159,19.2466192040551 73.147020671532,19.2462339221302 73.1474183871493,19.2458812907251 73.1474775573805,19.2458180589578 73.1469518803442,19.2453293282079 73.1468396044084,19.2452249431841 73.1468258395233,19.2451950539381</coordinates></LinearRing></outerBoundaryIs></Polygon></MultiGeometry>
  </Placemark>
  <Placemark>
	<Style><LineStyle><color>ff0000ff</color></LineStyle><PolyStyle><fill>0</fill></PolyStyle></Style>
	<ExtendedData><SchemaData schemaUrl="#kalyan_dombivli_ward_boundary">
		<SimpleData name="objectid">68</SimpleData>
		<SimpleData name="townname">Kalyan-Dombivli</SimpleData>
		<SimpleData name="towncensuscode2011">802790</SimpleData>
		<SimpleData name="town_lgd_code">251483</SimpleData>
		<SimpleData name="ward_lgd_code">48686</SimpleData>
		<SimpleData name="ward_lgd_name">Kalyan-Dombivli (M Corp.) - Ward No.16</SimpleData>
		<SimpleData name="sourcewardcode">16</SimpleData>
		<SimpleData name="state">Maharashtra</SimpleData>
		<SimpleData name="st_area(shape)">383154.445927665</SimpleData>
		<SimpleData name="st_length(shape)">3018.28704510072</SimpleData>
	</SchemaData></ExtendedData>
      <MultiGeometry><Polygon><outerBoundaryIs><LinearRing><coordinates>73.1516380983307,19.242918426771 73.1513049581076,19.2429607677696 73.1511106264604,19.2429647997605 73.1507010360134,19.2429692354592 73.1504017227506,19.2429782680001 73.1503169855682,19.2430040756207 73.1486656089881,19.2446383532259 73.1482130718839,19.2450862018072 73.1478713770044,19.2454243559322 73.1482901365555,19.2458436854842 73.1490207229014,19.2452202073139 73.1492529023681,19.2457533718068 73.1494432401054,19.246147886532 73.1493994849645,19.2463131278645 73.1492769682345,19.246472172755 73.1492086217127,19.2465999045294 73.1491876191014,19.2467506037752 73.1491932191989,19.2469158445008 73.1492142218102,19.2469991258992 73.1493316630589,19.2471496602461 73.1494280585771,19.2472963474572 73.1494848087468,19.2474326351002 73.1494913718383,19.2475131895869 73.1494454284014,19.2476701673386 73.1494498040952,19.2478023591917 73.1494607428804,19.248039891743 73.1494804330531,19.2483373225924 73.1494804330531,19.2483889598907 73.1494476157991,19.2484922344386 73.149373230802,19.2485913786897 73.1493338504566,19.2486822598778 73.1492988458049,19.2487999925789 73.149301034101,19.2490519820017 73.1493075971924,19.2493927858771 73.14931783619,19.2495980123173 73.1493164357165,19.2497487088097 73.1493066341984,19.2498280230991 73.1492772305426,19.2499694667213 73.1492548274577,19.2501796495186 73.1492394258422,19.2503290241558 73.1492324243728,19.2504453512426 73.1494287269236,19.2507342035843 73.1496081348589,19.2509981963682 73.1501131425589,19.2507903663607 73.1502237575097,19.2508115159158 73.1504169833307,19.2508776114383 73.1505934070626,19.2509318091532 73.1507796323125,19.2509701434288 73.1510232644007,19.2510018694219 73.1513266389469,19.2510396168069 73.1516004526321,19.2510772174647 73.1518120373225,19.2511077671447 73.1519340087751,19.2511218673865 73.1519589010917,19.2511077671447 73.1520842043957,19.2506991750927 73.152172961539,19.2505716627714 73.1522983789291,19.2504332202015 73.1521737996672,19.250189154048 73.1521505710306,19.2501348517728 73.1521272974782,19.250061609951 73.1521445190805,19.2500183624807 73.1522576079916,19.2499115973067 73.1523870471392,19.2498810465558 73.1524308858234,19.2498851038194 73.1527603797848,19.2499975842866 73.1529872160721,19.2498461993734 73.1529704885432,19.2497697847152 73.1527447365224,19.2487385022296 73.152794246271,19.2487162278316 73.1544540203023,19.2479695104758 73.153919040313,19.2468471241909 73.1538497316955,19.2467134100652 73.1534006962244,19.246033563875 73.1532068002602,19.2458344461618 73.152684670671,19.2455221102838 73.1525197965786,19.2453264225702 73.1523266587926,19.2449128105421 73.1521099662814,19.2443746682544 73.1519780675466,19.2436897575676 73.1519243500892,19.2433456129616 73.1518110707353,19.2428845653292 73.1516380983307,19.242918426771</coordinates></LinearRing></outerBoundaryIs></Polygon></MultiGeometry>
  </Placemark>
  <Placemark>
	<Style><LineStyle><color>ff0000ff</color></LineStyle><PolyStyle><fill>0</fill></PolyStyle></Style>
	<ExtendedData><SchemaData schemaUrl="#kalyan_dombivli_ward_boundary">
		<SimpleData name="objectid">69</SimpleData>
		<SimpleData name="townname">Kalyan-Dombivli</SimpleData>
		<SimpleData name="towncensuscode2011">802790</SimpleData>
		<SimpleData name="town_lgd_code">251483</SimpleData>
		<SimpleData name="ward_lgd_code">48687</SimpleData>
		<SimpleData name="ward_lgd_name">Kalyan-Dombivli (M Corp.) - Ward No.17</SimpleData>
		<SimpleData name="sourcewardcode">17</SimpleData>
		<SimpleData name="state">Maharashtra</SimpleData>
		<SimpleData name="st_area(shape)">405920.444678515</SimpleData>
		<SimpleData name="st_length(shape)">2957.65397284785</SimpleData>
	</SchemaData></ExtendedData>
      <MultiGeometry><Polygon><outerBoundaryIs><LinearRing><coordinates>73.1474183871493,19.2458812907251 73.147020671532,19.2462339221302 73.1465745394159,19.2466192040551 73.1459278206832,19.2470763161673 73.1451808077441,19.2475856692544 73.144281626484,19.2481766469191 73.1434170285658,19.2487382376236 73.1424555958532,19.2494045107587 73.1416774580861,19.2499401804832 73.1409399053052,19.2504205065235 73.1412973153124,19.2511421951058 73.1415789057129,19.2516184994181 73.1423962450607,19.2513135113145 73.1428261868405,19.2525670229508 73.1428642439675,19.2526779784352 73.1429086369122,19.2528074057691 73.1430541864461,19.2527673783164 73.1430842907879,19.2527590994052 73.1438023734833,19.2525616173122 73.1438081604304,19.2525600254729 73.143814202499,19.2525645126448 73.1441014837269,19.2527778681593 73.1454921009395,19.2523160405065 73.1456810894073,19.2520896171938 73.1463180874702,19.2512803758678 73.1470256922161,19.2505422324661 73.1475234361387,19.2500299838507 73.1480122121797,19.2496362705764 73.1482722951157,19.2495007989323 73.1485652024922,19.2493783666037 73.1488493198536,19.2492185103602 73.1489612454464,19.2491182614214 73.1492995626605,19.2488823621666 73.1492988458049,19.2487999925789 73.1493338504566,19.2486822598778 73.149373230802,19.2485913786897 73.1494476157991,19.2484922344386 73.1494804330531,19.2483889598907 73.1494804330531,19.2483373225924 73.1494607428804,19.248039891743 73.1494498040952,19.2478023591917 73.1494454284014,19.2476701673386 73.1494913718383,19.2475131895869 73.1494848087468,19.2474326351002 73.1494280585771,19.2472963474572 73.1493316630589,19.2471496602461 73.1492142218102,19.2469991258992 73.1491932191989,19.2469158445008 73.1491876191014,19.2467506037752 73.1492086217127,19.2465999045294 73.1492769682345,19.246472172755 73.1493994849645,19.2463131278645 73.1494432401054,19.246147886532 73.1492529023681,19.2457533718068 73.1490207229014,19.2452202073139 73.1482901365555,19.2458436854842 73.1478713761061,19.245424355084 73.1474775573805,19.2458180589578 73.1474183871493,19.2458812907251</coordinates></LinearRing></outerBoundaryIs></Polygon></MultiGeometry>
  </Placemark>
  <Placemark>
	<Style><LineStyle><color>ff0000ff</color></LineStyle><PolyStyle><fill>0</fill></PolyStyle></Style>
	<ExtendedData><SchemaData schemaUrl="#kalyan_dombivli_ward_boundary">
		<SimpleData name="objectid">70</SimpleData>
		<SimpleData name="townname">Kalyan-Dombivli</SimpleData>
		<SimpleData name="towncensuscode2011">802790</SimpleData>
		<SimpleData name="town_lgd_code">251483</SimpleData>
		<SimpleData name="ward_lgd_code">48675</SimpleData>
		<SimpleData name="ward_lgd_name">Kalyan-Dombivli (M Corp.) - Ward No.5</SimpleData>
		<SimpleData name="sourcewardcode">5</SimpleData>
		<SimpleData name="state">Maharashtra</SimpleData>
		<SimpleData name="st_area(shape)">1551517.23495459</SimpleData>
		<SimpleData name="st_length(shape)">5819.01229585797</SimpleData>
	</SchemaData></ExtendedData>
      <MultiGeometry><Polygon><outerBoundaryIs><LinearRing><coordinates>73.1454392503564,19.254158265085 73.1451679151231,19.2551942813097 73.1451015880141,19.2555301307736 73.1448871727322,19.2567067391152 73.145736152541,19.2569581117304 73.1469555957762,19.2573843522562 73.1479002937734,19.2576648933621 73.1478903179822,19.2580859844009 73.1479566441929,19.2588658243981 73.1480229704035,19.2590109763516 73.1485749411282,19.259252775284 73.1490369842047,19.2601150372825 73.149454940662,19.2607068814447 73.1501725535385,19.2614870855032 73.1510026633363,19.261860054698 73.1513858990096,19.2620878434142 73.1517664729747,19.2622973195412 73.1520472324336,19.2623684282029 73.1537389927772,19.2633267537411 73.1546787096161,19.2639782587555 73.1546948173075,19.2639631564144 73.1549549316845,19.2636454760702 73.155162117325,19.2633398734686 73.1553339641406,19.2630638060599 73.1556264034948,19.2624433656678 73.1561962084728,19.2611967850034 73.1565489454438,19.2604283401228 73.1566996872401,19.260038423879 73.1570898641955,19.2593289370484 73.157148898781,19.2592215893934 73.1572281948678,19.2589502284756 73.1572453742493,19.2588914395578 73.1572453742493,19.2587092873182 73.1571634640651,19.2585012822069 73.1560085593931,19.2561952136373 73.1557404428235,19.255630568304 73.1556375461976,19.2551205804005 73.1556648648637,19.2548274437273 73.1558538766877,19.2540826521639 73.1559982476319,19.253410911002 73.1561738673716,19.2523299226885 73.1561722288446,19.2520731729452 73.1561849211412,19.2508331488768 73.1561635951364,19.2506820225528 73.1561046342127,19.2505420179002 73.1559430551409,19.2503393530179 73.1549670301948,19.2488936189361 73.1544540203023,19.2479695104758 73.152794246271,19.2487162278316 73.1527447365224,19.2487385022296 73.1529704885432,19.2497697847152 73.1529872160721,19.2498461993734 73.1527603797848,19.2499975842866 73.1524308858234,19.2498851038194 73.1523870471392,19.2498810465558 73.1522576079916,19.2499115973067 73.1521445190805,19.2500183624807 73.1521272974782,19.250061609951 73.1521505710306,19.2501348517728 73.1521737996672,19.250189154048 73.1522983789291,19.2504332202015 73.152172961539,19.2505716627714 73.1520842043957,19.2506991750927 73.1519589010917,19.2511077671447 73.1519340087751,19.2511218673865 73.1518120373225,19.2511077671447 73.1516004526321,19.2510772174647 73.1513266389469,19.2510396168069 73.1510232644007,19.2510018694219 73.1507796323125,19.2509701434288 73.1505934070626,19.2509318091532 73.1504169833307,19.2508776114383 73.1502237575097,19.2508115159158 73.1501131425589,19.2507903663607 73.1496081348589,19.2509981963682 73.1494287269236,19.2507342035843 73.1492324243728,19.2504453512426 73.1492394258422,19.2503290241558 73.1492548274577,19.2501796495186 73.1492772305426,19.2499694667213 73.1493066341984,19.2498280230991 73.1493164357165,19.2497487088097 73.14931783619,19.2495980123173 73.1493075971924,19.2493927858771 73.149301034101,19.2490519820017 73.1492995626605,19.2488823621666 73.1489612454464,19.2491182614214 73.1488493198536,19.2492185103602 73.1485652024922,19.2493783666037 73.1482722951157,19.2495007989323 73.1480122121797,19.2496362705764 73.1475234361387,19.2500299838507 73.1470256922161,19.2505422324661 73.1463180874702,19.2512803758678 73.1458280376181,19.2519029320468 73.146088969462,19.2522112927095 73.1462181382168,19.2524528387625 73.1462351693762,19.2524846857438 73.1456854282701,19.2528554051156 73.1455954754691,19.2531766301067 73.1455219771092,19.2537039967783 73.1454960005262,19.2538903855956 73.1454392503564,19.254158265085</coordinates></LinearRing></outerBoundaryIs></Polygon></MultiGeometry>
  </Placemark>
  <Placemark>
	<Style><LineStyle><color>ff0000ff</color></LineStyle><PolyStyle><fill>0</fill></PolyStyle></Style>
	<ExtendedData><SchemaData schemaUrl="#kalyan_dombivli_ward_boundary">
		<SimpleData name="objectid">71</SimpleData>
		<SimpleData name="townname">Kalyan-Dombivli</SimpleData>
		<SimpleData name="towncensuscode2011">802790</SimpleData>
		<SimpleData name="town_lgd_code">251483</SimpleData>
		<SimpleData name="ward_lgd_code">48688</SimpleData>
		<SimpleData name="ward_lgd_name">Kalyan-Dombivli (M Corp.) - Ward No.18</SimpleData>
		<SimpleData name="sourcewardcode">18</SimpleData>
		<SimpleData name="state">Maharashtra</SimpleData>
		<SimpleData name="st_area(shape)">396660.520982465</SimpleData>
		<SimpleData name="st_length(shape)">3052.01126405926</SimpleData>
	</SchemaData></ExtendedData>
      <MultiGeometry><Polygon><outerBoundaryIs><LinearRing><coordinates>73.1370362951027,19.2530774343497 73.1379666119705,19.2537016484712 73.1389508232638,19.2543620218002 73.1393103326337,19.2545850556492 73.1399848407497,19.2549891025774 73.140809999932,19.2555030479431 73.1415290186719,19.2559943654963 73.1419003058536,19.2562807503974 73.1426168596164,19.2567958560945 73.1432523350349,19.2571764947216 73.14359292319,19.2573806623844 73.1437573184803,19.2574152620314 73.1439020244961,19.2573857252514 73.144132133346,19.2571311544368 73.1441523265753,19.2571088141822 73.1441541303924,19.257102697177 73.1442407459521,19.2568089144366 73.1442869121712,19.2567462627101 73.1443704626791,19.2567034444218 73.1443791628627,19.2566989853488 73.1443811256815,19.2566990150308 73.1448871727322,19.2567067391152 73.1451015880141,19.2555301307736 73.1451679151231,19.2551942813097 73.1454392503564,19.254158265085 73.1454960005262,19.2538903855956 73.1455219771092,19.2537039967783 73.1455954754691,19.2531766301067 73.1456854282701,19.2528554051156 73.1462351693762,19.2524846857438 73.1462181382168,19.2524528387625 73.146088969462,19.2522112927095 73.1458280376181,19.2519029320468 73.1456810894073,19.2520896171938 73.1454921009395,19.2523160405065 73.1441014837269,19.2527778681593 73.143814202499,19.2525645126448 73.1438081604304,19.2525600254729 73.1438023734833,19.2525616173122 73.1430842907879,19.2527590994052 73.1430541864461,19.2527673783164 73.1429086369122,19.2528074057691 73.1428642439675,19.2526779784352 73.1428261868405,19.2525670229508 73.1423962450607,19.2513135113145 73.1415789057129,19.2516184994181 73.1412973153124,19.2511421951058 73.1409399053052,19.2504205065235 73.1404132859362,19.250802652575 73.140152566993,19.2509995007221 73.1397615096886,19.251294754266 73.1392911688738,19.2516473740371 73.1389314960104,19.2519248990072 73.1384181160121,19.2523045066504 73.1380721622198,19.2524980175098 73.1370362951027,19.2530774343497</coordinates></LinearRing></outerBoundaryIs></Polygon></MultiGeometry>
  </Placemark>
  <Placemark>
	<Style><LineStyle><color>ff0000ff</color></LineStyle><PolyStyle><fill>0</fill></PolyStyle></Style>
	<ExtendedData><SchemaData schemaUrl="#kalyan_dombivli_ward_boundary">
		<SimpleData name="objectid">72</SimpleData>
		<SimpleData name="townname">Kalyan-Dombivli</SimpleData>
		<SimpleData name="towncensuscode2011">802790</SimpleData>
		<SimpleData name="town_lgd_code">251483</SimpleData>
		<SimpleData name="ward_lgd_code">48674</SimpleData>
		<SimpleData name="ward_lgd_name">Kalyan-Dombivli (M Corp.) - Ward No.4</SimpleData>
		<SimpleData name="sourcewardcode">4</SimpleData>
		<SimpleData name="state">Maharashtra</SimpleData>
		<SimpleData name="st_area(shape)">1564211.79676987</SimpleData>
		<SimpleData name="st_length(shape)">5554.54335675255</SimpleData>
	</SchemaData></ExtendedData>
      <MultiGeometry><Polygon><outerBoundaryIs><LinearRing><coordinates>73.1432523350349,19.2571764947216 73.1426168596164,19.2567958560945 73.1423355485919,19.256593631447 73.1422719406832,19.2566042287482 73.1418587354155,19.2566593489512 73.1404214992328,19.2566381492667 73.1398555875533,19.2566847897562 73.1391684095986,19.2568967932017 73.138301576672,19.257079116217 73.1371832280422,19.2572868788932 73.1368014620127,19.2573716798233 73.136621807939,19.2574225603604 73.1370612862339,19.2583847123555 73.1374776445883,19.2592962433545 73.1375470277659,19.2594492935787 73.1378524405895,19.2601658516695 73.1382791196882,19.2614293617733 73.1383343112809,19.2616238150517 73.1386563941412,19.2625147854913 73.1387036670847,19.262510416467 73.1398678217092,19.2624661342963 73.1401248252204,19.2625092656972 73.1402390244492,19.2640801997334 73.1402666503391,19.265169661091 73.1403096670648,19.2668660104337 73.1407658531257,19.2667548762924 73.1415923552893,19.2665988334987 73.1430800588246,19.2665096667271 73.1444024615679,19.2665765420224 73.1466458243269,19.2670223769097 73.1480390700101,19.267267585708 73.1495031595315,19.2672898770904 73.1504730067633,19.2668643025569 73.1506826268383,19.2668461671769 73.1508098157061,19.2668239325503 73.1509417153393,19.26673499571 73.1514781649724,19.266423232178 73.151773608293,19.2662935891729 73.1521005447507,19.266027943653 73.1538858969706,19.2646316183313 73.1543796469833,19.2642586495053 73.1546787096161,19.2639782587555 73.1537389927772,19.2633267537411 73.1520472324336,19.2623684282029 73.1517664729747,19.2622973195412 73.1513858990096,19.2620878434142 73.1510026633363,19.261860054698 73.1501725535385,19.2614870855032 73.149454940662,19.2607068814447 73.1490369842047,19.2601150372825 73.1485749411282,19.259252775284 73.1480229704035,19.2590109763516 73.1479566441929,19.2588658243981 73.1478903179822,19.2580859844009 73.1479002937734,19.2576648933621 73.1469555957762,19.2573843522562 73.145736152541,19.2569581117304 73.1448871727322,19.2567067391152 73.1443811256815,19.2566990150308 73.1443791628627,19.2566989853488 73.1443704626791,19.2567034444218 73.1442869121712,19.2567462627101 73.1442407459521,19.2568089144366 73.1441541303924,19.257102697177 73.1441523265753,19.2571088141822 73.144132133346,19.2571311544368 73.1439020244961,19.2573857252514 73.1437573184803,19.2574152620314 73.14359292319,19.2573806623844 73.1432523350349,19.2571764947216</coordinates></LinearRing></outerBoundaryIs></Polygon></MultiGeometry>
  </Placemark>
  <Placemark>
	<Style><LineStyle><color>ff0000ff</color></LineStyle><PolyStyle><fill>0</fill></PolyStyle></Style>
	<ExtendedData><SchemaData schemaUrl="#kalyan_dombivli_ward_boundary">
		<SimpleData name="objectid">73</SimpleData>
		<SimpleData name="townname">Kalyan-Dombivli</SimpleData>
		<SimpleData name="towncensuscode2011">802790</SimpleData>
		<SimpleData name="town_lgd_code">251483</SimpleData>
		<SimpleData name="ward_lgd_code">48689</SimpleData>
		<SimpleData name="ward_lgd_name">Kalyan-Dombivli (M Corp.) - Ward No.19</SimpleData>
		<SimpleData name="sourcewardcode">19</SimpleData>
		<SimpleData name="state">Maharashtra</SimpleData>
		<SimpleData name="st_area(shape)">267476.97265031</SimpleData>
		<SimpleData name="st_length(shape)">2548.95817974264</SimpleData>
	</SchemaData></ExtendedData>
      <MultiGeometry><Polygon><outerBoundaryIs><LinearRing><coordinates>73.1334478049187,19.2539328518215 73.133424781098,19.2544545280795 73.1334106443103,19.254859230883 73.1333787325582,19.2553437455157 73.1337868848025,19.2554418993307 73.1346853078844,19.2555472081772 73.1350712070625,19.255581362131 73.1353154095809,19.255581362131 73.1358270073218,19.2556018835035 73.1358481958843,19.2556311186953 73.1360015005741,19.255901279165 73.136231458507,19.2563547611742 73.1364307551427,19.2567407020153 73.1365636195665,19.2571459393874 73.1366218088374,19.2574225629045 73.1368014620127,19.2573716798233 73.1371832280422,19.2572868788932 73.138301576672,19.257079116217 73.1391684095986,19.2568967932017 73.1398555875533,19.2566847897562 73.1404214992328,19.2566381492667 73.1418587354155,19.2566593489512 73.1422719406832,19.2566042287482 73.1423355485919,19.256593631447 73.1419003058536,19.2562807503974 73.1415290186719,19.2559943654963 73.140809999932,19.2555030479431 73.1399848407497,19.2549891025774 73.1393103326337,19.2545850556492 73.1389508232638,19.2543620218002 73.1379666119705,19.2537016484712 73.1370362951027,19.2530774343497 73.1365037055303,19.2533223086597 73.1362789102153,19.253407198143 73.13616478375,19.2534300528332 73.1358742784686,19.253407198143 73.1354488965372,19.2533484284401 73.1349993059072,19.2532831294053 73.1345012978799,19.2532308898194 73.1341070407765,19.2531884454617 73.133975855304,19.2531417641186 73.1334813264518,19.2531086298892 73.1334478049187,19.2539328518215</coordinates></LinearRing></outerBoundaryIs></Polygon></MultiGeometry>
  </Placemark>
  <Placemark>
	<Style><LineStyle><color>ff0000ff</color></LineStyle><PolyStyle><fill>0</fill></PolyStyle></Style>
	<ExtendedData><SchemaData schemaUrl="#kalyan_dombivli_ward_boundary">
		<SimpleData name="objectid">74</SimpleData>
		<SimpleData name="townname">Kalyan-Dombivli</SimpleData>
		<SimpleData name="towncensuscode2011">802790</SimpleData>
		<SimpleData name="town_lgd_code">251483</SimpleData>
		<SimpleData name="ward_lgd_code">48673</SimpleData>
		<SimpleData name="ward_lgd_name">Kalyan-Dombivli (M Corp.) - Ward No.3</SimpleData>
		<SimpleData name="sourcewardcode">3</SimpleData>
		<SimpleData name="state">Maharashtra</SimpleData>
		<SimpleData name="st_area(shape)">590578.1608303</SimpleData>
		<SimpleData name="st_length(shape)">4810.13061946967</SimpleData>
	</SchemaData></ExtendedData>
      <MultiGeometry><Polygon><outerBoundaryIs><LinearRing><coordinates>73.1398678217092,19.2624661342963 73.1387036670847,19.262510416467 73.1386563941412,19.2625147854913 73.1383343112809,19.2616238150517 73.1382791196882,19.2614293617733 73.1378524405895,19.2601658516695 73.1375470277659,19.2594492935787 73.1374776445883,19.2592962433545 73.1370612862339,19.2583847123555 73.136621807939,19.2574225603604 73.1365636195665,19.2571459393874 73.1364307551427,19.2567407020153 73.136231458507,19.2563547611742 73.1360015005741,19.255901279165 73.1358481958843,19.2556311186953 73.1358270073218,19.2556018835035 73.1353154095809,19.255581362131 73.1350712070625,19.255581362131 73.1346853078844,19.2555472081772 73.1337868848025,19.2554418993307 73.1333787325582,19.2553437455157 73.1334106443103,19.254859230883 73.133424781098,19.2544545280795 73.1334478049187,19.2539328518215 73.1334813264518,19.2531086298892 73.1332713632205,19.2530806943449 73.1326389169211,19.2530130265327 73.1319684575122,19.2529434310196 73.1319678816921,19.2534087238244 73.1320268237511,19.2536262473572 73.1320964827115,19.2541371753262 73.1321179165142,19.2545266934401 73.1321286334155,19.2549010345199 73.1320579692403,19.2554287145186 73.1319909899544,19.2560057150642 73.1320077345513,19.2564088239346 73.1322621652876,19.2568581160011 73.1322621652876,19.256989974798 73.1322856158081,19.2573050984397 73.1322734337545,19.2574854475867 73.1321701239036,19.2575160452602 73.1321196763138,19.2575309862174 73.1321437951809,19.2577017546979 73.1322868563815,19.2578781854229 73.1322149534295,19.2578978135128 73.1321407804348,19.2579180615238 73.1318302517057,19.2573374473735 73.1316584057885,19.2572833705023 73.1310399678176,19.257222292094 73.1307965863594,19.2572027156546 73.1306407556071,19.2572027156546 73.1304717555527,19.2572130754618 73.1303883532667,19.2572420839364 73.1303385955832,19.2573031123023 73.1303188362402,19.2573567380035 73.1303200714237,19.2574511659736 73.1302990786938,19.2574954656116 73.1300701071111,19.257670986601 73.1302237432791,19.2578243139579 73.1306263520198,19.2582049120359 73.1309288138777,19.2584189819007 73.1315257524688,19.2587405945766 73.1323277009808,19.2591077448146 73.1324935174058,19.2591902822269 73.1328402239864,19.2595802004874 73.1339195372238,19.2607101039747 73.134416986499,19.2612878593429 73.1346400848964,19.2615952364553 73.134845093919,19.2617973082261 73.1354231166851,19.2623620468098 73.1360289935134,19.2629897016366 73.1363450450848,19.2632694114202 73.1367883951186,19.2635822715031 73.1373261212577,19.2639303525542 73.137780445111,19.2642618583973 73.1385178990772,19.2647839783805 73.1389239366873,19.2651279134966 73.139406793729,19.2656914686598 73.1396152998929,19.2660789113926 73.1398260006411,19.2665740912911 73.1400017371618,19.2669410272509 73.1403096670648,19.2668660104337 73.1402666503391,19.265169661091 73.1402390244492,19.2640801997334 73.1401248252204,19.2625092656972 73.1398678217092,19.2624661342963</coordinates></LinearRing></outerBoundaryIs></Polygon></MultiGeometry>
  </Placemark>
  <Placemark>
	<Style><LineStyle><color>ff0000ff</color></LineStyle><PolyStyle><fill>0</fill></PolyStyle></Style>
	<ExtendedData><SchemaData schemaUrl="#kalyan_dombivli_ward_boundary">
		<SimpleData name="objectid">75</SimpleData>
		<SimpleData name="townname">Kalyan-Dombivli</SimpleData>
		<SimpleData name="towncensuscode2011">802790</SimpleData>
		<SimpleData name="town_lgd_code">251483</SimpleData>
		<SimpleData name="ward_lgd_code">48690</SimpleData>
		<SimpleData name="ward_lgd_name">Kalyan-Dombivli (M Corp.) - Ward No.20</SimpleData>
		<SimpleData name="sourcewardcode">20</SimpleData>
		<SimpleData name="state">Maharashtra</SimpleData>
		<SimpleData name="st_area(shape)">1289747.04640591</SimpleData>
		<SimpleData name="st_length(shape)">6846.70783774211</SimpleData>
	</SchemaData></ExtendedData>
      <MultiGeometry><Polygon><outerBoundaryIs><LinearRing><coordinates>73.1146056508175,19.2561862742622 73.1151561860342,19.2563551911389 73.1151997606137,19.2562955430572 73.1153457350508,19.2560857463299 73.1154437771809,19.2560219850667 73.1155461770384,19.2560158137451 73.1157008660321,19.2560302120816 73.1158359465996,19.2560939733416 73.1159100234746,19.2561741902888 73.1160015294627,19.2561885877634 73.1161148222914,19.2561515649565 73.116389341154,19.2560528374307 73.1164873841824,19.2560446095688 73.1166115708806,19.2560446095688 73.1167139707381,19.2560260981502 73.1167902260277,19.2559767343569 73.116890944239,19.255845012979 73.1170277064528,19.2556661529182 73.1170364210094,19.2555756521379 73.1170707348566,19.2554094915068 73.1172891521331,19.2543518305782 73.1177902584497,19.2540247909847 73.1178403682729,19.2539281187468 73.1178577982843,19.2538335030211 73.117860185108,19.2538119187958 73.1178991944493,19.2534591544167 73.1179471258579,19.2533686524187 73.1182695761291,19.2530642366264 73.1182943049523,19.2530910840951 73.1183131507086,19.2531115447179 73.1184743758442,19.2531629667992 73.1187151872224,19.2532241603609 73.119134808258,19.2533025443307 73.1191693880065,19.253309004099 73.1192521785397,19.2532760937946 73.1192848601481,19.2532185020182 73.119472498448,19.2528873181686 73.1195506635558,19.2528791189825 73.1200866280987,19.2530950895468 73.1202543902746,19.2531506247887 73.1202565731808,19.2531614453558 73.1202805348426,19.253280207795 73.1203549378061,19.2533945559334 73.1204155642063,19.2534326386043 73.1205855551024,19.2534673824083 73.1206269512674,19.2535290880915 73.1206820215876,19.2535717138483 73.1209714336193,19.2537957249004 73.1209815863786,19.2538061001881 73.1212653156678,19.2540556437244 73.1213720732528,19.2541626004091 73.1213829671223,19.2542654430484 73.121436517493,19.2545932852804 73.1214548646843,19.2547056081716 73.1214821698758,19.2547910693828 73.121655306672,19.2553329454461 73.1216792728255,19.2556682094644 73.1216425101708,19.255678996791 73.1215180476899,19.2557155168049 73.1214025755483,19.2557957330892 73.1213846227173,19.2558604434187 73.1213549028545,19.2559675727786 73.1213546432414,19.2559685073393 73.1213547977516,19.2559694876952 73.1213873239514,19.2561762468287 73.1214396130875,19.2562317810275 73.121460242898,19.2562488218916 73.1217882088251,19.2565197369616 73.1218884293697,19.2565403048599 73.1219070523439,19.256542861748 73.1220082592387,19.2565567596854 73.1222827781013,19.256783009765 73.1223050617103,19.2567915912286 73.1224483609644,19.2568467715804 73.1225986922306,19.2569187603414 73.1227468450822,19.2569660664732 73.1229581809393,19.2569886916932 73.1231259422169,19.2569660664732 73.1232697382394,19.2568591124647 73.1233764949261,19.256840601138 73.1235442562037,19.2568467715804 73.1236452537911,19.2568665278499 73.1237860943563,19.2568940777329 73.1241107239404,19.2569064194617 73.1249410924531,19.2568935680525 73.1249887471806,19.2571038734263 73.1252981260661,19.2578504957771 73.1256205502862,19.2587318766798 73.1256772896762,19.2588869763042 73.1258780352944,19.2593472191231 73.125993555945,19.2595478257067 73.1296519907536,19.2588738316271 73.1297067071376,19.2588637509311 73.1297972788778,19.2580429222246 73.1298072897033,19.2579521929346 73.1300701080094,19.257670986601 73.1302990786938,19.2574954656116 73.1303200714237,19.2574511659736 73.1303188362402,19.2573567380035 73.1303385973798,19.2573031131504 73.1303883532667,19.2572420839364 73.1304717555527,19.2572130754618 73.1306407556071,19.2572027156546 73.1307965863594,19.2572027156546 73.1310399678176,19.257222292094 73.1316584057885,19.2572833705023 73.1318302517057,19.2573374473735 73.1321407804348,19.2579180615238 73.1322149534295,19.2578978135128 73.1322868563815,19.2578781854229 73.1321437951809,19.2577017546979 73.1321196763138,19.2575309862174 73.1321701239036,19.2575160452602 73.1322734337545,19.2574854475867 73.1322856158081,19.2573050984397 73.1322621652876,19.256989974798 73.1322621652876,19.2568581160011 73.1320077345513,19.2564088239346 73.1319909899544,19.2560057150642 73.1320579692403,19.2554287145186 73.1321286334155,19.2549010345199 73.1321179165142,19.2545266934401 73.1320964827115,19.2541371753262 73.1320268237511,19.2536262473572 73.1319678816921,19.2534087238244 73.1319684575122,19.2529434310196 73.1318336015234,19.2529294352475 73.1312444989365,19.2528636780854 73.1310070364776,19.2528331075305 73.1302730616866,19.252713373721 73.1297009929541,19.2526394961453 73.1290911455723,19.2525401423213 73.12859463324,19.2524662638196 73.127901134739,19.2523541726163 73.127285890279,19.2522599138716 73.126917157906,19.2521986733059 73.1261463836293,19.2521443699998 73.1254177888485,19.252115408116 73.1246623506103,19.2519814582772 73.1240833091545,19.2518692302017 73.1236768304717,19.251775103479 73.1235081026068,19.2516411533623 73.1231936563247,19.2511958592888 73.1226683008853,19.2503849139866 73.1220087308542,19.2493820880349 73.1212993097148,19.2482887469132 73.1205131940097,19.2471048896606 73.1202047116428,19.2466049762102 73.1190038222114,19.2464324465313 73.1179544013134,19.2480510213554 73.1175529567893,19.2491006337834 73.1172506934591,19.2500994092858 73.1167670719512,19.251055374211 73.1161311096458,19.2521585795546 73.1155882442449,19.253766289237 73.1153159451193,19.2542077761413 73.1144222049549,19.255261008569 73.1136759510922,19.2560890155939 73.1146056508175,19.2561862742622</coordinates></LinearRing></outerBoundaryIs></Polygon></MultiGeometry>
  </Placemark>
  <Placemark>
	<Style><LineStyle><color>ff0000ff</color></LineStyle><PolyStyle><fill>0</fill></PolyStyle></Style>
	<ExtendedData><SchemaData schemaUrl="#kalyan_dombivli_ward_boundary">
		<SimpleData name="objectid">76</SimpleData>
		<SimpleData name="townname">Kalyan-Dombivli</SimpleData>
		<SimpleData name="towncensuscode2011">802790</SimpleData>
		<SimpleData name="town_lgd_code">251483</SimpleData>
		<SimpleData name="ward_lgd_code">48672</SimpleData>
		<SimpleData name="ward_lgd_name">Kalyan-Dombivli (M Corp.) - Ward No.2</SimpleData>
		<SimpleData name="sourcewardcode">2</SimpleData>
		<SimpleData name="state">Maharashtra</SimpleData>
		<SimpleData name="st_area(shape)">1302221.84979456</SimpleData>
		<SimpleData name="st_length(shape)">5877.47685734812</SimpleData>
	</SchemaData></ExtendedData>
      <MultiGeometry><Polygon><outerBoundaryIs><LinearRing><coordinates>73.125008185825,19.2597736315276 73.1249783985885,19.2598499575696 73.1249804503406,19.2600154233991 73.125036356094,19.2608492985566 73.1250251747636,19.2609161490238 73.1249394521293,19.2609970734156 73.1247940966315,19.2610885532255 73.1248015508518,19.2614509526284 73.124806084649,19.2615772031039 73.1248224241057,19.2617326002392 73.1248494103952,19.2619892441223 73.1248533926268,19.2620105813434 73.1253649436553,19.262040137643 73.1268704922236,19.2618622502432 73.1273360369331,19.2617926669655 73.1275260378022,19.2617816858425 73.1275794291712,19.2618018468751 73.1276507347435,19.2618384350638 73.1276762666605,19.2619107430361 73.1276811795468,19.2620666376473 73.1276955238452,19.2625218190095 73.127734754172,19.2629814664906 73.1278204768063,19.2634845974516 73.1276371046056,19.2635203448773 73.1275727007897,19.263551869158 73.1275607738576,19.2635969049246 73.1275607738576,19.2636644581273 73.1275846277217,19.2637162483318 73.127680040483,19.2637342627914 73.1278367857203,19.2637749464777 73.1278255828303,19.2639411325531 73.1278087915211,19.2641902239388 73.128168716811,19.2642430773892 73.1289405555913,19.2643148068024 73.1290182706432,19.2640659793393 73.1290492167064,19.2640179858179 73.1290853280825,19.2640021881064 73.1294549866186,19.2639506142366 73.1297099922766,19.2639364540404 73.1298101346678,19.2641688539287 73.1303325202769,19.2641073523808 73.1304256971314,19.2643888224332 73.1307089548051,19.2651311986926 73.1308617645232,19.2654654420265 73.1310853884351,19.2661691112699 73.1312531065935,19.2668446305964 73.1314469136245,19.2674532993647 73.1314394603026,19.2675166287911 73.1311267351926,19.2678684598117 73.1303714945838,19.2688304919947 73.1308537569408,19.2692513796701 73.1317545866093,19.2699986666424 73.1324961252151,19.2708058024834 73.1327496495512,19.2711413799901 73.1328379593335,19.271258271483 73.1328677968757,19.2713013039008 73.1332293912355,19.2718228112683 73.1332731778174,19.2718968650595 73.1332979192169,19.2719457008581 73.1334517655908,19.2722047336072 73.1334668644741,19.2722418825291 73.1335580874929,19.2724663361542 73.1335824893292,19.2726045413448 73.1336417502902,19.2726884516125 73.1337533003873,19.2727213571724 73.133968849343,19.2727271742608 73.1342801847593,19.2728379846671 73.1345713619805,19.273019391105 73.1354247983314,19.2733735473139 73.136208285566,19.2716812813468 73.1368458729237,19.2704775576526 73.1374310822122,19.2694405551143 73.1375821941143,19.2689139420393 73.1377612005027,19.2685626441069 73.1381602617963,19.2681484233015 73.1383423961185,19.2679593693254 73.1384498489995,19.267864409777 73.1388729240573,19.2675348946888 73.1391533044271,19.267335675878 73.139412580676,19.2671535330199 73.1400017371618,19.2669410272509 73.1398260006411,19.2665740912911 73.1396152998929,19.2660789113926 73.139406793729,19.2656914686598 73.1389239366873,19.2651279134966 73.1385178990772,19.2647839783805 73.137780445111,19.2642618583973 73.1373261212577,19.2639303525542 73.1367883951186,19.2635822715031 73.1363450450848,19.2632694114202 73.1360289935134,19.2629897016366 73.1354231166851,19.2623620468098 73.134845093919,19.2617973082261 73.1346400848964,19.2615952364553 73.134416986499,19.2612878593429 73.1339195372238,19.2607101039747 73.1328402239864,19.2595802004874 73.1324935174058,19.2591902822269 73.1323277009808,19.2591077448146 73.1315257524688,19.2587405945766 73.1309288138777,19.2584189819007 73.1306263520198,19.2582049120359 73.1302237432791,19.2578243139579 73.1300701080094,19.257670986601 73.1298072897033,19.2579521929346 73.1297972788778,19.2580429222246 73.1297067071376,19.2588637509311 73.1296519907536,19.2588738316271 73.125993555945,19.2595478257067 73.125008185825,19.2597736315276</coordinates></LinearRing></outerBoundaryIs></Polygon></MultiGeometry>
  </Placemark>
  <Placemark>
	<Style><LineStyle><color>ff0000ff</color></LineStyle><PolyStyle><fill>0</fill></PolyStyle></Style>
	<ExtendedData><SchemaData schemaUrl="#kalyan_dombivli_ward_boundary">
		<SimpleData name="objectid">77</SimpleData>
		<SimpleData name="townname">Kalyan-Dombivli</SimpleData>
		<SimpleData name="towncensuscode2011">802790</SimpleData>
		<SimpleData name="town_lgd_code">251483</SimpleData>
		<SimpleData name="ward_lgd_code">48685</SimpleData>
		<SimpleData name="ward_lgd_name">Kalyan-Dombivli (M Corp.) - Ward No.15</SimpleData>
		<SimpleData name="sourcewardcode">15</SimpleData>
		<SimpleData name="state">Maharashtra</SimpleData>
		<SimpleData name="st_area(shape)">1190926.39315761</SimpleData>
		<SimpleData name="st_length(shape)">5661.20818516273</SimpleData>
	</SchemaData></ExtendedData>
      <MultiGeometry><Polygon><outerBoundaryIs><LinearRing><coordinates>73.1568112364388,19.2567292592121 73.1569191214095,19.256959671301 73.157640318564,19.2584013713751 73.157743953605,19.2585081013418 73.1578880379867,19.2585629537706 73.157977595529,19.2585227216474 73.1592362699893,19.2579572829216 73.1600137421048,19.2578052472679 73.1603265426732,19.2576619090742 73.1606611902694,19.257400063256 73.1619244093067,19.2566372927309 73.1636425486787,19.2554501823468 73.1634157411375,19.2551567239988 73.1629174564292,19.2545306623899 73.1624631379658,19.2539288107713 73.161909896125,19.2530744542187 73.1616006672582,19.2524301408303 73.1613769193787,19.2518892847467 73.1611064537147,19.251141832974 73.1608015664056,19.2503154539008 73.1605311007415,19.2495772798669 73.1602827650745,19.2489110634077 73.1600418054743,19.2483098416644 73.1598721496497,19.2478525396213 73.1596729895579,19.2473116684475 73.1595082511113,19.2468798992399 73.1592722088889,19.2463065261867 73.1590091201899,19.245747078819 73.1588216633497,19.2453257975104 73.1586107991081,19.2448533525188 73.1584046555134,19.2444210196294 73.1582016596153,19.2440050271894 73.157967190343,19.243624691315 73.157775209587,19.2433305248351 73.157561198547,19.2430348710639 73.1573046989906,19.2427407035269 73.1570670829199,19.2424851626286 73.1565399218668,19.2419874529688 73.1560127608137,19.2415863119569 73.1555865084147,19.2413016129426 73.1551488465133,19.2410439341978 73.1545965074794,19.2407869988649 73.1541401597218,19.2405953409473 73.1537262986839,19.240473512635 73.1533092908475,19.2403561403569 73.152789998138,19.2402536257115 73.1523541068161,19.2401867685208 73.152080321877,19.2401638441348 73.150917604557,19.2401460781363 73.1507122101572,19.2401429400163 73.1507453732626,19.2404475103928 73.1508719970901,19.240760618403 73.1510408282612,19.2410367233464 73.1513273540059,19.2413098449364 73.1513867425276,19.2413580978457 73.1516498258367,19.2415718521354 73.1518729242341,19.2417711013917 73.1519018302233,19.2417999980988 73.1520266816748,19.2419248083045 73.1521683792327,19.2421468294294 73.1523914776302,19.2427445752271 73.1524909669462,19.2435273352991 73.1525362626978,19.2439494006473 73.1525603088013,19.2441734646983 73.152647739133,19.2445861897626 73.1530456981938,19.2452123902442 73.1531944618997,19.2453627549112 73.1533019596965,19.2454714092483 73.1533176981803,19.2454860748177 73.153958456591,19.2460831723715 73.1541638078717,19.246400784959 73.1545013947555,19.2471527202065 73.1548580618559,19.2479321270676 73.1552398063258,19.2486417573327 73.1558107611473,19.2495413080501 73.1561819162766,19.2499947720214 73.1564865367861,19.2504030613643 73.1565551042934,19.2505778826387 73.1567097869988,19.25143461071 73.1566479146353,19.2526515473042 73.1563385492245,19.2543065658386 73.1561924598031,19.2550995865965 73.1561939456166,19.2551815781774 73.156243529027,19.2553625784268 73.1564961972686,19.2559416255711 73.1568112364388,19.2567292592121</coordinates></LinearRing></outerBoundaryIs></Polygon></MultiGeometry>
  </Placemark>
  <Placemark>
	<Style><LineStyle><color>ff0000ff</color></LineStyle><PolyStyle><fill>0</fill></PolyStyle></Style>
	<ExtendedData><SchemaData schemaUrl="#kalyan_dombivli_ward_boundary">
		<SimpleData name="objectid">78</SimpleData>
		<SimpleData name="townname">Kalyan-Dombivli</SimpleData>
		<SimpleData name="towncensuscode2011">802790</SimpleData>
		<SimpleData name="town_lgd_code">251483</SimpleData>
		<SimpleData name="ward_lgd_code">48680</SimpleData>
		<SimpleData name="ward_lgd_name">Kalyan-Dombivli (M Corp.) - Ward No.10</SimpleData>
		<SimpleData name="sourcewardcode">10</SimpleData>
		<SimpleData name="state">Maharashtra</SimpleData>
		<SimpleData name="st_area(shape)">7213840.50455946</SimpleData>
		<SimpleData name="st_length(shape)">14277.3799971141</SimpleData>
	</SchemaData></ExtendedData>
      <MultiGeometry><Polygon><outerBoundaryIs><LinearRing><coordinates>73.2062488422056,19.292093292154 73.2062908707845,19.2921165467317 73.2067175633579,19.2927002018914 73.2068288789947,19.292760676111 73.2069085568654,19.2927774401627 73.207039471945,19.2928141757459 73.2071173145576,19.2928909857902 73.2071491589361,19.293017889484 73.2073205359328,19.2934772156968 73.2073855946206,19.293567821876 73.207528894773,19.2936743330789 73.2076900857727,19.2938411298074 73.2077402647662,19.2938681935836 73.2078191179835,19.2938727042125 73.2079405261925,19.2938612453495 73.2079624873062,19.2938591723253 73.2079242550077,19.2940170425764 73.2079096609776,19.2940344907239 73.2079029011551,19.294522598906 73.2079027502381,19.2945335015271 73.2085598597836,19.2945786076273 73.2087916395,19.2946304787793 73.2092862644718,19.2947094135519 73.2097546038401,19.2947139241576 73.2112958245085,19.2946778393083 73.2112445864013,19.2959967676011 73.2112393977322,19.2961303329946 73.210564640783,19.2963286926727 73.2105461139285,19.2963323638624 73.2103447538627,19.2963722636703 73.2101321432962,19.2964143924645 73.2102850706935,19.2966151096646 73.2104666714164,19.2966940434799 73.2106458835189,19.2970368407647 73.2108298737605,19.2972104939824 73.2115690569836,19.2987108739496 73.2122083520387,19.2999049418838 73.2138399432246,19.3005495467609 73.2151987645678,19.3011092080698 73.216969566775,19.3024110179404 73.2188637328235,19.3037059416995 73.2206000514019,19.3047029108594 73.2217292660534,19.3051842047842 73.2222756600367,19.3057571708865 73.2227492015489,19.3068916391192 73.2227127748641,19.3075448139206 73.222568760551,19.3089562326727 73.2225707063019,19.3091144308605 73.2225720888091,19.3092268197952 73.2227587677083,19.3095987502503 73.2236403060562,19.3101762186959 73.2246670400018,19.310469846368 73.2265130859955,19.3106949605596 73.2284524714388,19.3104600587875 73.2316056847485,19.3095815233381 73.2335438251268,19.3082660609586 73.2366103366385,19.306205148312 73.2396370222405,19.3049335081157 73.2389290851179,19.3028918285712 73.2389064969801,19.302725108046 73.2390768732535,19.30094291388 73.2383913553855,19.3011379027068 73.2382962004407,19.3011661276439 73.2380868597418,19.3011763914104 73.2380025798019,19.301148166475 73.2379536431785,19.3010583597532 73.2379394003896,19.3008032980848 73.2379281319227,19.300601515216 73.2379237804835,19.3004516293834 73.2379074257554,19.2998883048891 73.2378461561614,19.299337872319 73.2377577251066,19.2989005316971 73.2366779959491,19.297033306094 73.2365379629694,19.296709562488 73.2356238247598,19.2923251654217 73.2355548790618,19.2921264057831 73.2355215964805,19.2920871383004 73.2353569694249,19.2919748172909 73.2347186454486,19.2915964292076 73.2344007945516,19.2912529735981 73.2342840090731,19.2910730507914 73.2339651224186,19.2906539963403 73.2338905460804,19.290592285134 73.2335933411636,19.2903463507 73.2330282694088,19.2898909956653 73.2323556747045,19.2896334857066 73.2323023390311,19.2896197211486 73.2314009326441,19.2894522935311 73.2303660707418,19.2892600769358 73.229796841584,19.2890916772716 73.229550457956,19.2890275252557 73.2275539073213,19.2888310585436 73.226993028004,19.2887512959401 73.2268658535092,19.2887125490997 73.2252990398385,19.2878252297001 73.2245705151262,19.2873839969955 73.2242197481606,19.2871940554236 73.2238963771162,19.2870856432569 73.2235461617161,19.2870199447367 73.2233754342014,19.2870210520916 73.2228900942163,19.2870766682593 73.2228107020099,19.2870901718786 73.2222916554387,19.2871784541151 73.222060173963,19.2871960742667 73.2206475480259,19.287092886847 73.220424918549,19.2870766250165 73.2198411708195,19.2871490549714 73.2194749276782,19.2871773255639 73.2192600102381,19.2873591960305 73.2186597245242,19.2881216488963 73.2182595331499,19.2884084414512 73.217473973502,19.2889330620638 73.2170070840145,19.2892058639145 73.2166439472474,19.2893387675634 73.2163252770869,19.2894162711132 73.2160786410324,19.2894789451127 73.2159031497518,19.2894655154565 73.2158652058125,19.2892998758735 73.215947267812,19.2877039163889 73.2159154710442,19.2874794259864 73.2157981726276,19.2873558230989 73.2155663965046,19.2871868389707 73.2154098776427,19.2869585221418 73.2149389349567,19.2853806986018 73.2148181232291,19.2850891923102 73.2147857470479,19.2850368899411 73.2146609234442,19.2849845477037 73.2130287169124,19.2851873274637 73.2127633994932,19.285173351403 73.21218232515,19.285036253162 73.212093913858,19.2850588075221 73.2114430898246,19.2854131793548 73.2113698986885,19.2854422260811 73.2111667922977,19.2854512478032 73.2110316039323,19.2854184355264 73.2109158955338,19.2853903520176 73.2108083689909,19.2853474996655 73.2105455246337,19.2851287251708 73.2100963005163,19.284790413827 73.2092514179236,19.2841676077746 73.2076618867576,19.282917312289 73.2070805563945,19.2831427145226 73.2068900803167,19.283215049555 73.2052695330188,19.2838070511004 73.2050640371094,19.2838566702131 73.2049302258613,19.2838453937986 73.204844204088,19.2838566702131 73.2041728274991,19.2841703431414 73.203176929124,19.2845387650854 73.2028622600598,19.2846426095494 73.2027175369759,19.2846721236109 73.2024831925695,19.2847126189501 73.2022986031516,19.2847758297811 73.2022384537568,19.2848037234635 73.201705122176,19.2851116898532 73.2013070121983,19.2854095977982 73.2011402363725,19.2855636292503 73.2009662874992,19.2857684407204 73.2008999864414,19.2858651552275 73.2008465887843,19.2859384141203 73.2008295935574,19.2860375535301 73.2008143608251,19.2861264137559 73.2008226935977,19.2867706531902 73.2008011888281,19.286829293051 73.1998622795746,19.2873603101662 73.2008024608425,19.2884860861913 73.2012957293583,19.2893667596711 73.2016582516778,19.2903876611448 73.2018911426101,19.2912921632763 73.2020547779256,19.2919937282358 73.2021183130707,19.292266123943 73.2021351295329,19.292338210758 73.202829865014,19.2922398687709 73.2027927645928,19.2921095424638 73.202348702195,19.290549605415 73.2023350190566,19.2905033383046 73.202067551969,19.290055166966 73.201718943655,19.289507716403 73.2016068940946,19.2892282956045 73.2015514878046,19.2889831697023 73.201529983035,19.2887644009134 73.2015562668418,19.2886877186598 73.2016040850627,19.2886426465476 73.2018545910595,19.2884663498437 73.2023297621156,19.2882039300456 73.2037139752385,19.2873863719526 73.2041516416315,19.2881986154589 73.2042546873777,19.2883898505949 73.2046673815041,19.2889764035568 73.204696055728,19.2890643625789 73.2048800459695,19.28948836851 73.2050568685534,19.2897364561625 73.2054487451214,19.2904581649467 73.2054917555589,19.2906340805036 73.20558228418,19.290838208176 73.2056987902824,19.2909802641859 73.2059697976306,19.291163908425 73.2060128188478,19.2912136126394 73.2060788962252,19.2913363986536 73.2060863558353,19.2913874297407 73.2060764438245,19.2914395545708 73.2060570842318,19.2914959916761 73.2060134422787,19.2915783754179 73.2059384302575,19.2917370643712 73.2059246069819,19.291788693932 73.2059189493922,19.2918759120979 73.2059317854194,19.291911890733 73.2060915786404,19.2920237056061 73.2062488422056,19.292093292154</coordinates></LinearRing></outerBoundaryIs></Polygon></MultiGeometry>
  </Placemark>
  <Placemark>
	<Style><LineStyle><color>ff0000ff</color></LineStyle><PolyStyle><fill>0</fill></PolyStyle></Style>
	<ExtendedData><SchemaData schemaUrl="#kalyan_dombivli_ward_boundary">
		<SimpleData name="objectid">79</SimpleData>
		<SimpleData name="townname">Kalyan-Dombivli</SimpleData>
		<SimpleData name="towncensuscode2011">802790</SimpleData>
		<SimpleData name="town_lgd_code">251483</SimpleData>
		<SimpleData name="ward_lgd_code">48676</SimpleData>
		<SimpleData name="ward_lgd_name">Kalyan-Dombivli (M Corp.) - Ward No.6</SimpleData>
		<SimpleData name="sourcewardcode">6</SimpleData>
		<SimpleData name="state">Maharashtra</SimpleData>
		<SimpleData name="st_area(shape)">2421013.08398814</SimpleData>
		<SimpleData name="st_length(shape)">7073.00079948078</SimpleData>
	</SchemaData></ExtendedData>
      <MultiGeometry><Polygon><outerBoundaryIs><LinearRing><coordinates>73.1574976121979,19.2628020333174 73.1566772625956,19.2641789385386 73.1560132423106,19.2648774158347 73.1543816484298,19.2661669056063 73.1526741675686,19.2676533880787 73.150814910052,19.2689428551646 73.1510425745861,19.2693726752721 73.1531674396777,19.2705188578451 73.1557476338373,19.2713426708761 73.1581950237603,19.2717903939626 73.1606234412645,19.2721127537597 73.1656510253472,19.2727574706035 73.1687470842452,19.2730869760389 73.1687501960094,19.2727462638065 73.1687445833355,19.2726689507934 73.1687095984467,19.2724958235786 73.1686909485231,19.2724019300178 73.1686598641193,19.2722786939487 73.1686474754533,19.2721976674334 73.1686448856103,19.2721440872895 73.1686635948227,19.2719841022991 73.1688040931298,19.2719923174894 73.1688117207249,19.2717683253624 73.1688207990991,19.2716538229863 73.1688215887182,19.2716438694248 73.1688278086533,19.2716412856369 73.1688413462646,19.2716356626968 73.1688480908158,19.2714653810545 73.1688488534855,19.2714524256372 73.1688668341642,19.2713432161267 73.1689338835187,19.2710167387166 73.1689341071992,19.2710002632948 73.1689214535301,19.2709756955878 73.168878187971,19.2709239780594 73.1686474871314,19.2706482083459 73.1686325517415,19.2705995850044 73.16881453335,19.2697405063774 73.1688253841003,19.2696892836841 73.1678968126591,19.2697974292248 73.1677346074615,19.2700094716819 73.1674888814004,19.2699867651561 73.1672878141853,19.2699681857767 73.1673390666655,19.2696978212247 73.1674566453564,19.2693250029965 73.1674988535984,19.2692026278676 73.1675561355708,19.2691514007662 73.1676507039157,19.2687893609751 73.1677067012972,19.2685749866533 73.1679451213602,19.2686034758417 73.1682917399058,19.2687259743769 73.1685038096865,19.2687927046092 73.1687322431784,19.268627708947 73.1687952357411,19.2685822098621 73.1688468906666,19.2685915301584 73.1690185129033,19.2686224954843 73.1692042863007,19.2682335917319 73.1690622240267,19.2681624135347 73.1689551313701,19.2681025823412 73.1690541499689,19.2679379981107 73.1690768045821,19.2679250373266 73.1691178234546,19.2679015698587 73.1692268726418,19.2677452983492 73.1692779724085,19.2676720703284 73.1693638845873,19.2676006425757 73.1694882877794,19.2674972138526 73.1695052228192,19.2674622211655 73.1696730927929,19.2671153611034 73.1698020414604,19.2671720983024 73.1699263584142,19.2672331602842 73.169939113593,19.2672369406703 73.1699603901905,19.2672432455536 73.1701092176769,19.2671188133158 73.1704626849782,19.2668232855244 73.1704446009932,19.2667646232381 73.1705910344694,19.2667470865371 73.1707177984341,19.2667254234512 73.1706861067691,19.2666036959522 73.1710106653864,19.2664840324055 73.1710868874382,19.2664419951282 73.1710991808829,19.2664283269899 73.1706753844779,19.2654297484496 73.1703560854967,19.2647092446607 73.1700675205763,19.264088673117 73.1698045684213,19.2635777083108 73.1695074668107,19.2630473985285 73.1689474130452,19.262180201171 73.168390773776,19.2614387282699 73.1677590057047,19.2606182677792 73.1672843260271,19.2600250842456 73.1668659931756,19.2595124938027 73.1664647355012,19.258995066216 73.1660549393399,19.2584792491316 73.1656445035782,19.2579529527861 73.1651536030215,19.2573509941502 73.1646969282771,19.2567826908965 73.1637075795188,19.2574738487942 73.1627251900089,19.258120884956 73.1625790359088,19.2582565233309 73.1623435641166,19.2585578722829 73.1620894019767,19.2592534206437 73.1619968225018,19.2593822338954 73.1618532393801,19.2594947400757 73.1615529577334,19.2595390552744 73.1614083406507,19.2595325541975 73.1609662931742,19.2595380494986 73.159750708203,19.2595531624238 73.1589922866598,19.259779962139 73.1585918778933,19.2600734664889 73.1583516324537,19.2603358414532 73.158092544851,19.2608917197309 73.1578983012388,19.2614609364899 73.1574976121979,19.2628020333174</coordinates></LinearRing></outerBoundaryIs></Polygon></MultiGeometry>
  </Placemark>
  <Placemark>
	<Style><LineStyle><color>ff0000ff</color></LineStyle><PolyStyle><fill>0</fill></PolyStyle></Style>
	<ExtendedData><SchemaData schemaUrl="#kalyan_dombivli_ward_boundary">
		<SimpleData name="objectid">80</SimpleData>
		<SimpleData name="townname">Kalyan-Dombivli</SimpleData>
		<SimpleData name="towncensuscode2011">802790</SimpleData>
		<SimpleData name="town_lgd_code">251483</SimpleData>
		<SimpleData name="ward_lgd_code">48684</SimpleData>
		<SimpleData name="ward_lgd_name">Kalyan-Dombivli (M Corp.) - Ward No.14</SimpleData>
		<SimpleData name="sourcewardcode">14</SimpleData>
		<SimpleData name="state">Maharashtra</SimpleData>
		<SimpleData name="st_area(shape)">1569440.02446202</SimpleData>
		<SimpleData name="st_length(shape)">5869.10181680487</SimpleData>
	</SchemaData></ExtendedData>
      <MultiGeometry><Polygon><outerBoundaryIs><LinearRing><coordinates>73.1730027361227,19.2654997024598 73.1731868647049,19.2656894181753 73.1731740556272,19.2654461650706 73.1730894612769,19.2653341047874 73.1731016684833,19.2652985053111 73.1731231759479,19.2652357855954 73.1732013895647,19.2650076908806 73.173269743273,19.2645418908001 73.1733316892983,19.2642253080621 73.1733786828658,19.2639954319532 73.1733911568718,19.2639100145477 73.173446127479,19.2637635643748 73.1734467158755,19.2637569879917 73.1734447108358,19.2637452022307 73.1734404106005,19.2637403549568 73.1734374802961,19.2637379457361 73.1733446762424,19.2636880423803 73.1732830661869,19.263657959758 73.1733264224758,19.2634535344808 73.1730869388076,19.2633955366846 73.1730809048238,19.2633789324456 73.1730797819297,19.2633589267948 73.1730850415657,19.2632658302276 73.1731051647264,19.2632047107985 73.1731086645627,19.2631824103804 73.1731072802589,19.2630879000605 73.1731393474196,19.2629767082364 73.1732185698445,19.2627888711456 73.1732217804233,19.2627812601348 73.1732232842031,19.2627815442227 73.1732631298758,19.2627890670391 73.1733540986714,19.2626563487686 73.1733749180264,19.2625851028518 73.1733761514133,19.2625808822337 73.1733797500644,19.2625813673037 73.1734533373575,19.2625912908866 73.1734660125862,19.2625194988135 73.1734726340681,19.2624819940617 73.1735504254768,19.2624904675278 73.1736159791363,19.2624976078983 73.1736214471814,19.262492133897 73.1737069479319,19.2624065265985 73.1737663741828,19.2624065265985 73.1738199703676,19.2624065265985 73.1738351986083,19.2623562123931 73.1738530499297,19.2622972296505 73.1738993931169,19.2622775673182 73.1740464320575,19.2622151822653 73.1740983906136,19.2621931369686 73.1741519598489,19.2622037830935 73.1742031431588,19.262213955171 73.1742651296084,19.2621708381089 73.1743078957041,19.2621410910268 73.1745515277923,19.2622264109829 73.1746497181445,19.2622607976009 73.1749722447725,19.2620369982458 73.1752234505569,19.2620595455956 73.1758130193694,19.262112465031 73.1758984428647,19.2620592055367 73.1759261765525,19.2620023893977 73.1768307989082,19.2601491351626 73.1774598846101,19.2598056365187 73.1782778527786,19.2590189623724 73.1784145601951,19.2589902832529 73.1795879683653,19.2597789648452 73.1796155205934,19.2597796678695 73.1796502126314,19.2597717124152 73.1797386535677,19.259734621726 73.1799312856023,19.259622088573 73.1799756713605,19.2595887809565 73.1800312680935,19.2595302704249 73.1800784619852,19.2594618047233 73.1803322665957,19.2589508492433 73.1805921554956,19.2582729211651 73.1806052143049,19.258253922371 73.1806288346069,19.2582325286899 73.1806972889265,19.2581971973505 73.1807496804706,19.2581850770593 73.1809043595827,19.2581695425285 73.1809710891369,19.2581514053387 73.1810168304529,19.2581329882911 73.1811790949393,19.258011596176 73.1817676980629,19.2573591354453 73.1818138040949,19.2573007063792 73.1814053868476,19.2572771025503 73.1803605958665,19.257167216179 73.1801184594732,19.2571012402221 73.1800575563919,19.2570759546754 73.179854871311,19.2569483642018 73.1789041159738,19.2561881416851 73.174872942306,19.2535172922666 73.1727723613715,19.2523824542998 73.1708539111659,19.251591502446 73.1699068281416,19.2515227238806 73.1688990342756,19.2517749118128 73.1683912956972,19.2522965262392 73.1679956740528,19.2529127943297 73.167760946964,19.2533583534298 73.1672558988399,19.2543170318372 73.1668553247834,19.2548253210215 73.1661790874105,19.2554881271546 73.1658646581965,19.2557565018458 73.1657397483545,19.255947617107 73.1646969282771,19.2567826908965 73.1651536030215,19.2573509941502 73.1656445035782,19.2579529527861 73.1660549393399,19.2584792491316 73.1664647355012,19.258995066216 73.1668659931756,19.2595124938027 73.1672843260271,19.2600250842456 73.1677590057047,19.2606182677792 73.168390773776,19.2614387282699 73.1689474130452,19.262180201171 73.1695074668107,19.2630473985285 73.1698045684213,19.2635777083108 73.1700675205763,19.264088673117 73.1703560854967,19.2647092446607 73.1706753844779,19.2654297484496 73.1710991781879,19.2664283286859 73.1712325411767,19.2663478148654 73.1712243386598,19.2663026467177 73.1711794094209,19.2662076200651 73.1711582639774,19.2660113439208 73.1712401022965,19.265905627119 73.171373626982,19.2658243065863 73.1723384499365,19.2652144004574 73.1724289022007,19.2651818724512 73.1725495046209,19.2651940702422 73.1726351167624,19.265217167517 73.1728638925124,19.2653605677948 73.1730027361227,19.2654997024598</coordinates></LinearRing></outerBoundaryIs></Polygon></MultiGeometry>
  </Placemark>
  <Placemark>
	<Style><LineStyle><color>ff0000ff</color></LineStyle><PolyStyle><fill>0</fill></PolyStyle></Style>
	<ExtendedData><SchemaData schemaUrl="#kalyan_dombivli_ward_boundary">
		<SimpleData name="objectid">81</SimpleData>
		<SimpleData name="townname">Kalyan-Dombivli</SimpleData>
		<SimpleData name="towncensuscode2011">802790</SimpleData>
		<SimpleData name="town_lgd_code">251483</SimpleData>
		<SimpleData name="ward_lgd_code">48683</SimpleData>
		<SimpleData name="ward_lgd_name">Kalyan-Dombivli (M Corp.) - Ward No.13</SimpleData>
		<SimpleData name="sourcewardcode">13</SimpleData>
		<SimpleData name="state">Maharashtra</SimpleData>
		<SimpleData name="st_area(shape)">398375.640407665</SimpleData>
		<SimpleData name="st_length(shape)">3012.81295312489</SimpleData>
	</SchemaData></ExtendedData>
      <MultiGeometry><Polygon><outerBoundaryIs><LinearRing><coordinates>73.1731868647049,19.2656894181753 73.1733169937586,19.2656483694724 73.1736896014637,19.2655727855936 73.1738047933309,19.265549418702 73.174237328547,19.2654121700533 73.1747341921205,19.2652584512268 73.1756277121977,19.2651362647123 73.1764711287398,19.2649391884576 73.1770765510205,19.2648367086776 73.1775358371674,19.2646159834976 73.1781746624036,19.2639735132505 73.1785742968223,19.2635111854164 73.1786501730228,19.2634434667866 73.1788612546567,19.2632845943872 73.1789206871959,19.263254598189 73.178936440951,19.2632502732816 73.1790425760035,19.263258183622 73.1790878052798,19.2632735056655 73.1793103512133,19.2634256371634 73.1805723440503,19.2641939925228 73.1806872071341,19.2641630221203 73.1808074565164,19.264031847505 73.1808766636242,19.2639214958585 73.1809960991328,19.2637035950447 73.1811011067996,19.2634968097852 73.1811970495669,19.2632996569338 73.1812002826036,19.2632868950679 73.1812014270573,19.2632728883062 73.1811952277835,19.2632381720203 73.1811721581487,19.2631807033133 73.1811584507557,19.2631561870115 73.1810428124259,19.2630382381932 73.1809879244637,19.2629570493777 73.1809460908192,19.2628771037237 73.1809217824076,19.2627674653358 73.1809247315767,19.262715121072 73.1811474949025,19.2621682753723 73.1812477028708,19.2616952844179 73.1813061571447,19.261360248121 73.1814296763946,19.2609084022407 73.1814368314758,19.2608281426635 73.181423811294,19.2606359705025 73.1814192164114,19.2606160849379 73.1814093412315,19.2605975986283 73.181396985803,19.2605869625754 73.1811735487407,19.2604473123758 73.1798614945896,19.2599136715505 73.1795879656704,19.2597789631491 73.1784145601951,19.2589902832529 73.1782778527786,19.2590189623724 73.1774598846101,19.2598056365187 73.1768307989082,19.2601491351626 73.1759261765525,19.2620023893977 73.1758984428647,19.2620592055367 73.1758130193694,19.262112465031 73.1752234505569,19.2620595455956 73.1749722447725,19.2620369982458 73.1746497181445,19.2622607976009 73.1745515277923,19.2622264109829 73.1743078957041,19.2621410910268 73.1742651296084,19.2621708381089 73.1742031431588,19.262213955171 73.1741519598489,19.2622037830935 73.1740983906136,19.2621931369686 73.1740464320575,19.2622151822653 73.1738993931169,19.2622775673182 73.1738530499297,19.2622972296505 73.1738351986083,19.2623562123931 73.1738199703676,19.2624065265985 73.1737663741828,19.2624065265985 73.1737069479319,19.2624065265985 73.1736214471814,19.262492133897 73.1736159791363,19.2624976078983 73.1735504254768,19.2624904675278 73.1734726340681,19.2624819940617 73.1734660125862,19.2625194988135 73.1734533373575,19.2625912908866 73.1733797500644,19.2625813673037 73.1733761514133,19.2625808822337 73.1733749180264,19.2625851028518 73.1733540986714,19.2626563487686 73.1732631298758,19.2627890670391 73.1732232842031,19.2627815442227 73.1732217804233,19.2627812601348 73.1732185698445,19.2627888711456 73.1731393474196,19.2629767082364 73.1731072802589,19.2630879000605 73.1731086645627,19.2631824103804 73.1731051647264,19.2632047107985 73.1730850415657,19.2632658302276 73.1730797819297,19.2633589267948 73.1730809048238,19.2633789324456 73.1730869388076,19.2633955366846 73.1733264224758,19.2634535344808 73.1732830661869,19.263657959758 73.1733446762424,19.2636880423803 73.1734374802961,19.2637379457361 73.1734404106005,19.2637403549568 73.1734447108358,19.2637452022307 73.1734467158755,19.2637569879917 73.173446127479,19.2637635643748 73.1733911568718,19.2639100145477 73.1733786828658,19.2639954319532 73.1733316892983,19.2642253080621 73.173269743273,19.2645418908001 73.1732013895647,19.2650076908806 73.1731231759479,19.2652357855954 73.1731016684833,19.2652985053111 73.1730894612769,19.2653341047874 73.1731740556272,19.2654461650706 73.1731868647049,19.2656894181753</coordinates></LinearRing></outerBoundaryIs></Polygon></MultiGeometry>
  </Placemark>
  <Placemark>
	<Style><LineStyle><color>ff0000ff</color></LineStyle><PolyStyle><fill>0</fill></PolyStyle></Style>
	<ExtendedData><SchemaData schemaUrl="#kalyan_dombivli_ward_boundary">
		<SimpleData name="objectid">82</SimpleData>
		<SimpleData name="townname">Kalyan-Dombivli</SimpleData>
		<SimpleData name="towncensuscode2011">802790</SimpleData>
		<SimpleData name="town_lgd_code">251483</SimpleData>
		<SimpleData name="ward_lgd_code">48682</SimpleData>
		<SimpleData name="ward_lgd_name">Kalyan-Dombivli (M Corp.) - Ward No.12</SimpleData>
		<SimpleData name="sourcewardcode">12</SimpleData>
		<SimpleData name="state">Maharashtra</SimpleData>
		<SimpleData name="st_area(shape)">1339852.57197429</SimpleData>
		<SimpleData name="st_length(shape)">5426.0891346411</SimpleData>
	</SchemaData></ExtendedData>
      <MultiGeometry><Polygon><outerBoundaryIs><LinearRing><coordinates>73.1808766618275,19.2639214950105 73.1809744973451,19.2639926309523 73.1809920791719,19.2640054148117 73.1810015402284,19.2640042852529 73.1810245056587,19.2640015453093 73.1810802065962,19.2639948993984 73.1811662346577,19.2640101899964 73.1812442793913,19.2640449807444 73.1814090402958,19.2641295704154 73.1814403555667,19.2641399628578 73.1815015371257,19.2641602677631 73.1815989261806,19.264184748298 73.1816447061241,19.264197772131 73.1817322846778,19.2642226868445 73.1817430402067,19.2642295769748 73.181751568812,19.2642350398939 73.181795515294,19.2642631906302 73.1818847153068,19.2643100901397 73.1819362552479,19.264349779809 73.1820203950507,19.2644145741085 73.1821815043036,19.2645509145211 73.1822416465119,19.2645902055654 73.1824450304821,19.264699197396 73.1826592912537,19.2648568939269 73.1827360711594,19.2648942005485 73.1829596366808,19.2649506925927 73.1829991553668,19.2649624172102 73.1830080558746,19.2649658236752 73.1830409333157,19.2649784056319 73.1831473818802,19.2650729038378 73.1832114299634,19.2651297621614 73.1833198251771,19.2652160990232 73.1833372210526,19.2652248233593 73.1833920892518,19.2652523396136 73.1836460546608,19.2653610630328 73.1836959273287,19.2653121243589 73.1837234606921,19.2652739604937 73.183784220043,19.2651519749694 73.1838216016369,19.2650547182269 73.1838292732495,19.2650291404946 73.1838661850245,19.2649060769642 73.1838742231496,19.2648792780705 73.1838839662772,19.2648827820587 73.1839246042641,19.2648973958599 73.1840876260302,19.2649560223498 73.1840802580483,19.2649977581159 73.1840695600116,19.2650583477171 73.1840913989544,19.2650662232019 73.1841532722162,19.2650885369319 73.1841700518475,19.2650945874944 73.184231024099,19.2651031150982 73.1842687497477,19.2651230849198 73.1843269156624,19.2651538779067 73.1843518403183,19.2651670687209 73.18434304132,19.2651978014907 73.1843292575703,19.2652459439166 73.1843551200674,19.2652604940846 73.184441040331,19.2653088315344 73.184439196988,19.2653331965684 73.1844387819664,19.2653386764109 73.1844500360603,19.2653434286605 73.1845106921049,19.2653690453522 73.1845245953305,19.2653749169742 73.184545723706,19.265325528011 73.1845483063624,19.2653194901772 73.1846389814089,19.2653535343984 73.184647669016,19.2653567966936 73.1846553172723,19.2653436025026 73.1847131579969,19.2652438120176 73.1847495819867,19.2652563761446 73.1847893369296,19.2652700893252 73.1848554861722,19.2652929067457 73.1849047722402,19.2651805130894 73.1849452629033,19.265088175679 73.1849675276477,19.2650852653033 73.1850710890269,19.2651009831973 73.1852269072028,19.2651393548656 73.1853220594526,19.2651639225994 73.1858008579058,19.2652174685609 73.1863378635961,19.2652638437267 73.187561260317,19.2654660695537 73.1876464044362,19.2654624290483 73.1877153204899,19.2654380326572 73.1880599007581,19.2649704377096 73.1881675818112,19.2648647202366 73.1883958652845,19.2647874654105 73.1885349074225,19.2647407966973 73.188659756179,19.2646757209862 73.1888093616064,19.2645760301603 73.1891410196093,19.2642548105375 73.1892616220295,19.2640718374396 73.1893019671655,19.2640035457819 73.1893262306613,19.2638156742508 73.1893252928202,19.2635180272394 73.1892874656619,19.2634131314094 73.1890764109774,19.2632626866137 73.18874083093,19.2631701556222 73.188945419541,19.2629681906982 73.1893685880236,19.2625830184075 73.1894142709491,19.2625080174045 73.1896099922899,19.2619329053987 73.1896322049319,19.2618879709384 73.1896485857111,19.2618548350839 73.1897372772775,19.2617865696396 73.1898032845862,19.2617724457218 73.1898900348932,19.261749591346 73.189912226874,19.2617353079956 73.1899445060371,19.2616762682117 73.1899515667952,19.2616134190578 73.189943497229,19.261577232785 73.1899313924306,19.261552474555 73.189856746922,19.2614877206778 73.1898396133546,19.2614666937677 73.189794120872,19.2613666125924 73.1897911797878,19.2613010776052 73.1898657174985,19.2607930374604 73.1899077092464,19.260506826654 73.1900029998368,19.2603264307957 73.1909458194567,19.2593933737627 73.1915590912164,19.2583319613263 73.1922308199448,19.2574984736479 73.1931983908458,19.2561372760301 73.1936991108868,19.2549555056783 73.1938551374719,19.2540148906294 73.1937865232522,19.2526804938279 73.1934810107156,19.2517303791039 73.1933999683039,19.2516701797839 73.1925759859146,19.2515762946502 73.1924421315474,19.251573657965 73.1923413765051,19.2515922979464 73.1922281645248,19.2516385718034 73.1903715606316,19.25282378125 73.1893618686253,19.2533663838256 73.1889994702734,19.2536219968261 73.1885692194731,19.2540417218292 73.1882799835112,19.2544513079707 73.1882385424305,19.254494242184 73.1882035252024,19.2545181220349 73.1881343701969,19.2545496251485 73.1877497502198,19.2546497927464 73.1876241208273,19.2547072602028 73.1871083746665,19.2550805467277 73.1860838856108,19.2558507060016 73.1850214526159,19.256549218774 73.1837113756567,19.2571686002007 73.1835277528261,19.2572292164406 73.1825953114426,19.2573458787029 73.1818138040949,19.2573007063792 73.1817676980629,19.2573591354453 73.1811790949393,19.258011596176 73.1810168304529,19.2581329882911 73.1809710891369,19.2581514053387 73.1809043595827,19.2581695425285 73.1807496804706,19.2581850770593 73.1806972889265,19.2581971973505 73.1806288346069,19.2582325286899 73.1806052143049,19.258253922371 73.1805921554956,19.2582729211651 73.1803322665957,19.2589508492433 73.1800784619852,19.2594618047233 73.1800312680935,19.2595302704249 73.1799756713605,19.2595887809565 73.1799312856023,19.259622088573 73.1797386535677,19.2597346208779 73.179650211733,19.2597717124152 73.1796155205934,19.2597796670215 73.1795879656704,19.2597789631491 73.1798614945896,19.2599136715505 73.1811735487407,19.2604473123758 73.181396985803,19.2605869625754 73.1814093412315,19.2605975986283 73.1814192164114,19.2606160849379 73.181423811294,19.2606359705025 73.1814368314758,19.2608281426635 73.1814296763946,19.2609084022407 73.1813061571447,19.261360248121 73.1812477028708,19.2616952844179 73.1811474949025,19.2621682753723 73.1809247315767,19.262715121072 73.1809217824076,19.2627674653358 73.1809460908192,19.2628771037237 73.1809879244637,19.2629570493777 73.1810428124259,19.2630382381932 73.1811584507557,19.2631561870115 73.1811721581487,19.2631807033133 73.1811952277835,19.2632381720203 73.1812014270573,19.2632728883062 73.1812002826036,19.2632868950679 73.1811970495669,19.2632996569338 73.1811011067996,19.2634968097852 73.1809960991328,19.2637035950447 73.1808766618275,19.2639214950105</coordinates></LinearRing></outerBoundaryIs></Polygon></MultiGeometry>
  </Placemark>
  <Placemark>
	<Style><LineStyle><color>ff0000ff</color></LineStyle><PolyStyle><fill>0</fill></PolyStyle></Style>
	<ExtendedData><SchemaData schemaUrl="#kalyan_dombivli_ward_boundary">
		<SimpleData name="objectid">83</SimpleData>
		<SimpleData name="townname">Kalyan-Dombivli</SimpleData>
		<SimpleData name="towncensuscode2011">802790</SimpleData>
		<SimpleData name="town_lgd_code">251483</SimpleData>
		<SimpleData name="ward_lgd_code">48677</SimpleData>
		<SimpleData name="ward_lgd_name">Kalyan-Dombivli (M Corp.) - Ward No.7</SimpleData>
		<SimpleData name="sourcewardcode">7</SimpleData>
		<SimpleData name="state">Maharashtra</SimpleData>
		<SimpleData name="st_area(shape)">2585645.14264038</SimpleData>
		<SimpleData name="st_length(shape)">9871.06036057968</SimpleData>
	</SchemaData></ExtendedData>
      <MultiGeometry><Polygon><outerBoundaryIs><LinearRing><coordinates>73.1990875176764,19.2881071804605 73.1991756388125,19.2880590269465 73.1998622813713,19.2873603110141 73.1995639400856,19.2870350458005 73.1993702237845,19.286852989284 73.1988882632615,19.2865124557635 73.1981454427598,19.2860129355082 73.1975397096621,19.285718037875 73.1968861547501,19.2854622578646 73.1962549175831,19.2852064783025 73.1956810647965,19.2849597260254 73.1953176243988,19.2847701470903 73.1947437716122,19.2844451556943 73.1940392085618,19.2839546568724 73.1936183828855,19.283608598241 73.1929775813556,19.2829736548212 73.1927320996363,19.2827208806413 73.1920955570192,19.282055030353 73.1914398847782,19.281383241019 73.1910279892541,19.2809944481083 73.1902154046891,19.2801375141417 73.1893804044629,19.2792726406866 73.1879513770853,19.2778470452125 73.1868710244971,19.276745439827 73.1858013888101,19.2756373588181 73.1848573501764,19.2746687507961 73.1840432887811,19.2738874028247 73.1833005922469,19.2733912766426 73.1823949817444,19.272911583487 73.1816300312456,19.2725994755559 73.1810388059397,19.272419616205 73.1800411136289,19.2721374281411 73.1785306530726,19.2717158822156 73.1771559144809,19.2713315301247 73.1762906239615,19.2710941534188 73.1759516922998,19.2709925848268 73.1755697214545,19.2708605456478 73.1750407008887,19.2706320161134 73.17486079888,19.270564981356 73.174645029837,19.2704544738388 73.1743462133426,19.2702776199356 73.1735966545779,19.2697613795885 73.1730390541114,19.2692376625827 73.1727602538781,19.2689923346209 73.1724529123717,19.2686614115878 73.1720968776852,19.2682290668289 73.1716700943819,19.2675664843415 73.1714841359316,19.267192249344 73.1711976820521,19.2666487817606 73.1710991772896,19.2664283261419 73.1710868874382,19.2664419951282 73.1710106653864,19.2664840324055 73.1706861067691,19.2666036959522 73.1707177984341,19.2667254234512 73.1705910344694,19.2667470865371 73.1704446009932,19.2667646232381 73.1704626849782,19.2668232855244 73.1701092176769,19.2671188133158 73.1699603901905,19.2672432455536 73.169939113593,19.2672369406703 73.1699263584142,19.2672331602842 73.1698020414604,19.2671720983024 73.1696730927929,19.2671153611034 73.1695052228192,19.2674622211655 73.1694882877794,19.2674972138526 73.1693638845873,19.2676006425757 73.1692779724085,19.2676720703284 73.1692268726418,19.2677452983492 73.1691178234546,19.2679015698587 73.1690768045821,19.2679250373266 73.1690541499689,19.2679379981107 73.1689551313701,19.2681025823412 73.1690622240267,19.2681624135347 73.1692042863007,19.2682335917319 73.1690185129033,19.2686224954843 73.1688468906666,19.2685915301584 73.1687952357411,19.2685822098621 73.1687322431784,19.268627708947 73.1685038096865,19.2687927046092 73.1682917399058,19.2687259743769 73.1679451213602,19.2686034758417 73.1677067012972,19.2685749866533 73.1676507039157,19.2687893609751 73.1675561355708,19.2691514007662 73.1674988535984,19.2692026278676 73.1674566453564,19.2693250029965 73.1673390666655,19.2696978212247 73.1672878141853,19.2699681857767 73.1674888814004,19.2699867651561 73.1677346074615,19.2700094716819 73.1678968126591,19.2697974292248 73.1688253841003,19.2696892836841 73.16881453335,19.2697405063774 73.1686325517415,19.2705995850044 73.1686474871314,19.2706482083459 73.168878187971,19.2709239780594 73.1689214535301,19.2709756955878 73.1689341071992,19.2710002632948 73.1689338835187,19.2710167387166 73.1688668341642,19.2713432161267 73.1688488534855,19.2714524256372 73.1688480908158,19.2714653810545 73.1688413462646,19.2716356626968 73.1688278086533,19.2716412856369 73.1688215887182,19.2716438694248 73.1688207990991,19.2716538229863 73.1688117207249,19.2717683253624 73.1688040931298,19.2719923174894 73.1686635948227,19.2719841022991 73.1686448856103,19.2721440872895 73.1686474754533,19.2721976674334 73.1686598641193,19.2722786939487 73.1686909485231,19.2724019300178 73.1687095984467,19.2724958235786 73.1687445833355,19.2726689507934 73.1687501960094,19.2727462638065 73.1687470842452,19.2730869760389 73.1695213161375,19.2731693724336 73.1729552511768,19.2736708160417 73.1753077808025,19.2747095165644 73.1759907735062,19.2749244196203 73.1773757304343,19.2760884713159 73.1790073243152,19.277879303602 73.1797092885394,19.2787030796253 73.1801266727699,19.2792403232158 73.1804681691218,19.2804043433958 73.1816634063534,19.2841291549232 73.1820049027053,19.2849349925259 73.1828017272269,19.2855080295268 73.1844333202094,19.2859378061734 73.1866909895377,19.2864033970448 73.1886830512909,19.2866720060062 73.1903715606316,19.2871913158678 73.1936537190155,19.2876389956364 73.1953422283561,19.2880687666895 73.1957530315288,19.2883051979868 73.1990875176764,19.2881071804605</coordinates></LinearRing></outerBoundaryIs></Polygon></MultiGeometry>
  </Placemark>
  <Placemark>
	<Style><LineStyle><color>ff0000ff</color></LineStyle><PolyStyle><fill>0</fill></PolyStyle></Style>
	<ExtendedData><SchemaData schemaUrl="#kalyan_dombivli_ward_boundary">
		<SimpleData name="objectid">84</SimpleData>
		<SimpleData name="townname">Kalyan-Dombivli</SimpleData>
		<SimpleData name="towncensuscode2011">802790</SimpleData>
		<SimpleData name="town_lgd_code">251483</SimpleData>
		<SimpleData name="ward_lgd_code">48681</SimpleData>
		<SimpleData name="ward_lgd_name">Kalyan-Dombivli (M Corp.) - Ward No.11</SimpleData>
		<SimpleData name="sourcewardcode">11</SimpleData>
		<SimpleData name="state">Maharashtra</SimpleData>
		<SimpleData name="st_area(shape)">6491918.20158862</SimpleData>
		<SimpleData name="st_length(shape)">13081.7690735469</SimpleData>
	</SchemaData></ExtendedData>
      <MultiGeometry><Polygon><outerBoundaryIs><LinearRing><coordinates>73.1711794094209,19.2662076200651 73.1712243386598,19.2663026467177 73.1712325411767,19.2663478148654 73.1710991772896,19.2664283261419 73.1711976820521,19.2666487817606 73.1714841359316,19.267192249344 73.1716700943819,19.2675664843415 73.1720968776852,19.2682290668289 73.1724529123717,19.2686614115878 73.1727602538781,19.2689923346209 73.1730390541114,19.2692376625827 73.1735966545779,19.2697613795885 73.1743462133426,19.2702776199356 73.174645029837,19.2704544738388 73.17486079888,19.270564981356 73.1750407008887,19.2706320161134 73.1755697214545,19.2708605456478 73.1759516922998,19.2709925848268 73.1762906239615,19.2710941534188 73.1771559144809,19.2713315301247 73.1785306530726,19.2717158822156 73.1800411136289,19.2721374281411 73.1810388059397,19.272419616205 73.1816300312456,19.2725994755559 73.1823949817444,19.272911583487 73.1833005922469,19.2733912766426 73.1840432887811,19.2738874028247 73.1848573501764,19.2746687507961 73.1858013888101,19.2756373588181 73.1868710244971,19.276745439827 73.1879513770853,19.2778470452125 73.1893804044629,19.2792726406866 73.1902154046891,19.2801375141417 73.1910279892541,19.2809944481083 73.1914398847782,19.281383241019 73.1920955570192,19.282055030353 73.1927320996363,19.2827208806413 73.1929775813556,19.2829736548212 73.1936183828855,19.283608598241 73.1940392085618,19.2839546568724 73.1947437716122,19.2844451556943 73.1953176243988,19.2847701470903 73.1956810647965,19.2849597260254 73.1962549175831,19.2852064783025 73.1968861547501,19.2854622578646 73.1975397096621,19.285718037875 73.1981454427598,19.2860129355082 73.1988882632615,19.2865124557635 73.1993702237845,19.286852989284 73.1995639391873,19.2870350466484 73.1998622795746,19.2873603101662 73.2008011888281,19.286829293051 73.2008226935977,19.2867706531902 73.2008143608251,19.2861264137559 73.2008295935574,19.2860375535301 73.2008465887843,19.2859384141203 73.2008999864414,19.2858651552275 73.2009662874992,19.2857684407204 73.2011402363725,19.2855636292503 73.2013070121983,19.2854095977982 73.201705122176,19.2851116898532 73.2022384537568,19.2848037234635 73.2022986031516,19.2847758297811 73.2024831925695,19.2847126189501 73.2027175369759,19.2846721236109 73.2028622600598,19.2846426095494 73.203176929124,19.2845387650854 73.2041728274991,19.2841703431414 73.204844204088,19.2838566702131 73.2049302258613,19.2838453937986 73.2050640371094,19.2838566702131 73.2052695330188,19.2838070511004 73.2068900803167,19.283215049555 73.2070805563945,19.2831427145226 73.2076618867576,19.282917312289 73.2070023104384,19.2817770942725 73.2056300799429,19.2804629736652 73.2051486054086,19.2800194969915 73.2047387858911,19.278287731251 73.2046330685552,19.2778802329501 73.2044279023274,19.2768221013862 73.2044025878027,19.2767465421636 73.2042707267971,19.2763529523992 73.2040965596332,19.2760963233758 73.2035523683189,19.275681054036 73.2036567139274,19.2753900409518 73.2039223224007,19.2746781767415 73.2043871367799,19.2736708160417 73.2044447789767,19.2735599943271 73.2047465006227,19.2728202561264 73.2048094536595,19.272691276208 73.2049340266333,19.2724360490855 73.2051203228501,19.2720543613269 73.205571545719,19.2709955188411 73.2056345463666,19.2708054013878 73.2058479815865,19.2700621765543 73.2060092444513,19.2694935620537 73.206021287266,19.2688797001275 73.2059939335656,19.2686872134715 73.2059864739555,19.2684794686335 73.2060001508057,19.2683045875792 73.2060449111614,19.2680815834154 73.2061381625761,19.2678855749381 73.2061108088757,19.2675698483525 73.2061001189238,19.2675145791775 73.2060123984363,19.2674308434926 73.2058556127748,19.2673690472166 73.2057630350966,19.2673469313809 73.2054527426244,19.2672337047005 73.2052568065862,19.2671726325429 73.2051227060806,19.2671001657712 73.2049382397319,19.2669372070019 73.2048230334917,19.266811566128 73.2046274711526,19.266670032727 73.2045010072253,19.2666417255233 73.2041150981657,19.2666084956533 73.2037591757687,19.266550651614 73.2034423651208,19.2664657316224 73.2024606439575,19.2662958906594 73.2023286931204,19.2662576786869 73.2021434991363,19.2662160958827 73.202210540406,19.2658196315194 73.2022132739794,19.264388645198 73.2022421970366,19.2632956491874 73.2022100984349,19.2624775063131 73.1992628274973,19.2622339770741 73.1982116063754,19.2621174811105 73.1966811232697,19.2618712122056 73.1957681762262,19.2616488013909 73.1944053870244,19.2612486811433 73.1940302047477,19.2611254875705 73.1939394326832,19.2610835167618 73.1938969881843,19.2610638907493 73.1928584422911,19.2602195010277 73.1923446068469,19.2597575221767 73.1922820760183,19.2596702597733 73.1922222643901,19.2595188329047 73.1922086710832,19.2593571403576 73.1922308199448,19.2574984736479 73.1915590912164,19.2583319613263 73.1909458194567,19.2593933737627 73.1900029998368,19.2603264307957 73.1899077092464,19.260506826654 73.1898657174985,19.2607930374604 73.1897911797878,19.2613010776052 73.189794120872,19.2613666125924 73.1898396133546,19.2614666937677 73.189856746922,19.2614877206778 73.1899313924306,19.261552474555 73.189943497229,19.261577232785 73.1899515667952,19.2616134190578 73.1899445060371,19.2616762682117 73.189912226874,19.2617353079956 73.1898900348932,19.261749591346 73.1898032845862,19.2617724457218 73.1897372772775,19.2617865696396 73.1896485857111,19.2618548350839 73.1896322049319,19.2618879709384 73.1896099922899,19.2619329053987 73.1894142709491,19.2625080174045 73.1893685880236,19.2625830184075 73.188945419541,19.2629681906982 73.18874083093,19.2631701556222 73.1890764109774,19.2632626866137 73.1892874656619,19.2634131314094 73.1893252928202,19.2635180272394 73.1893262306613,19.2638156742508 73.1893019671655,19.2640035457819 73.1892616220295,19.2640718374396 73.1891410196093,19.2642548105375 73.1888093616064,19.2645760301603 73.188659756179,19.2646757209862 73.1885349074225,19.2647407966973 73.1883958652845,19.2647874654105 73.1881675818112,19.2648647202366 73.1880599007581,19.2649704377096 73.1877153204899,19.2654380326572 73.1876464044362,19.2654624290483 73.187561260317,19.2654660695537 73.1863378635961,19.2652638437267 73.1858008579058,19.2652174685609 73.1853220594526,19.2651639225994 73.1852269072028,19.2651393548656 73.1850710890269,19.2651009831973 73.1849675276477,19.2650852653033 73.1849452629033,19.265088175679 73.1849047722402,19.2651805130894 73.1848554861722,19.2652929067457 73.1847893369296,19.2652700893252 73.1847495819867,19.2652563761446 73.1847131579969,19.2652438120176 73.1846553172723,19.2653436025026 73.184647669016,19.2653567966936 73.1846389814089,19.2653535343984 73.1845483063624,19.2653194901772 73.184545723706,19.265325528011 73.1845245953305,19.2653749169742 73.1845106921049,19.2653690453522 73.1844500360603,19.2653434286605 73.1844387819664,19.2653386764109 73.184439196988,19.2653331965684 73.184441040331,19.2653088315344 73.1843551200674,19.2652604940846 73.1843292575703,19.2652459439166 73.18434304132,19.2651978014907 73.1843518403183,19.2651670687209 73.1843269156624,19.2651538779067 73.1842687497477,19.2651230849198 73.184231024099,19.2651031150982 73.1841700518475,19.2650945874944 73.1841532722162,19.2650885369319 73.1840913989544,19.2650662232019 73.1840695600116,19.2650583477171 73.1840802580483,19.2649977581159 73.1840876260302,19.2649560223498 73.1839246042641,19.2648973958599 73.1838839662772,19.2648827820587 73.1838742231496,19.2648792780705 73.1838661850245,19.2649060769642 73.1838292732495,19.2650291404946 73.1838216016369,19.2650547182269 73.183784220043,19.2651519749694 73.1837234606921,19.2652739604937 73.1836959273287,19.2653121243589 73.1836460546608,19.2653610630328 73.1833920892518,19.2652523396136 73.1833372210526,19.2652248233593 73.1833198251771,19.2652160990232 73.1832114299634,19.2651297621614 73.1831473818802,19.2650729038378 73.1830409333157,19.2649784056319 73.1830080558746,19.2649658236752 73.1829991553668,19.2649624172102 73.1829596366808,19.2649506925927 73.1827360711594,19.2648942005485 73.1826592912537,19.2648568939269 73.1824450304821,19.264699197396 73.1822416465119,19.2645902055654 73.1821815043036,19.2645509145211 73.1820203950507,19.2644145741085 73.1819362552479,19.264349779809 73.1818847153068,19.2643100901397 73.181795515294,19.2642631906302 73.181751568812,19.2642350398939 73.1817430402067,19.2642295769748 73.1817322846778,19.2642226868445 73.1816447061241,19.264197772131 73.1815989261806,19.264184748298 73.1815015371257,19.2641602677631 73.1814403555667,19.2641399628578 73.1814090402958,19.2641295704154 73.1812442793913,19.2640449807444 73.1811662346577,19.2640101899964 73.1810802065962,19.2639948993984 73.1810245056587,19.2640015453093 73.1810015402284,19.2640042852529 73.1809920791719,19.2640054148117 73.1809744973451,19.2639926309523 73.1808766618275,19.2639214950105 73.1808074565164,19.264031847505 73.1806872071341,19.2641630221203 73.1805723440503,19.2641939925228 73.1793103512133,19.2634256371634 73.1790878052798,19.2632735056655 73.1790425760035,19.263258183622 73.178936440951,19.2632502732816 73.1789206871959,19.263254598189 73.1788612546567,19.2632845943872 73.1786501730228,19.2634434667866 73.1785742968223,19.2635111854164 73.1781746624036,19.2639735132505 73.1775358371674,19.2646159834976 73.1770765510205,19.2648367086776 73.1764711287398,19.2649391884576 73.1756277121977,19.2651362647123 73.1747341921205,19.2652584512268 73.174237328547,19.2654121700533 73.1738047933309,19.265549418702 73.1736896014637,19.2655727855936 73.1733169937586,19.2656483694724 73.1731868647049,19.2656894181753 73.1730027361227,19.2654997024598 73.1728638925124,19.2653605677948 73.1726351167624,19.265217167517 73.1725495046209,19.2651940702422 73.1724289022007,19.2651818724512 73.1723384499365,19.2652144004574 73.171373626982,19.2658243065863 73.1712401022965,19.265905627119 73.1711582639774,19.2660113439208 73.1711794094209,19.2662076200651</coordinates></LinearRing></outerBoundaryIs></Polygon></MultiGeometry>
  </Placemark>
  <Placemark>
	<Style><LineStyle><color>ff0000ff</color></LineStyle><PolyStyle><fill>0</fill></PolyStyle></Style>
	<ExtendedData><SchemaData schemaUrl="#kalyan_dombivli_ward_boundary">
		<SimpleData name="objectid">85</SimpleData>
		<SimpleData name="townname">Kalyan-Dombivli</SimpleData>
		<SimpleData name="towncensuscode2011">802790</SimpleData>
		<SimpleData name="town_lgd_code">251483</SimpleData>
		<SimpleData name="ward_lgd_code">48678</SimpleData>
		<SimpleData name="ward_lgd_name">Kalyan-Dombivli (M Corp.) - Ward No.8</SimpleData>
		<SimpleData name="sourcewardcode">8</SimpleData>
		<SimpleData name="state">Maharashtra</SimpleData>
		<SimpleData name="st_area(shape)">2395269.65447367</SimpleData>
		<SimpleData name="st_length(shape)">7093.66681702004</SimpleData>
	</SchemaData></ExtendedData>
      <MultiGeometry><Polygon><outerBoundaryIs><LinearRing><coordinates>73.1990875176764,19.2881071804605 73.1957530315288,19.2883051979868 73.1960193990786,19.2884584992247 73.1961459312779,19.2885503732339 73.1973342901094,19.2901101648448 73.1979975396399,19.2908806402393 73.198045808815,19.2910231252383 73.1980619811851,19.2911772641766 73.1980229224365,19.2918408483099 73.1979654419364,19.2920808725276 73.1976568149408,19.2929394287014 73.1964372935521,19.2945610399898 73.1950645869496,19.295442048754 73.1944704430173,19.2956936086677 73.1933325695048,19.295967468392 73.192696993475,19.2961340889739 73.192311969256,19.2963102807645 73.1919736134143,19.2965855799514 73.1918681377253,19.2967306391369 73.1917694335368,19.2968663845941 73.1916177565943,19.2972573077525 73.1913085699483,19.2979675748208 73.1911277247085,19.2991898870227 73.1909250198647,19.3000158017251 73.1908884772972,19.3001787826902 73.1908325392045,19.300428267468 73.1908213381112,19.3010660639419 73.1908288058061,19.3014889111746 73.1908250715095,19.30197166009 73.190937078849,19.3024649790245 73.191168561223,19.3034903727374 73.1915083166399,19.3047765097683 73.1918667399467,19.3057948412232 73.1919254592235,19.3059066873038 73.192116438358,19.3062704559253 73.1923890671653,19.306743881931 73.1925289132954,19.306895429611 73.1929084074855,19.3071514330048 73.1933601702419,19.3072606644112 73.1938791377613,19.3073029472432 73.194431706764,19.3071972392949 73.1946440442426,19.3071752772024 73.1962983286692,19.3070041686199 73.1977023199998,19.3068554501335 73.19879526607,19.3065640914582 73.2011476654399,19.3057063206235 73.2052835647036,19.3041127517272 73.2064977734557,19.3032532927568 73.2077294364737,19.301929715856 73.2078232439456,19.3018233524605 73.2063815054067,19.3010165517849 73.2056048750127,19.3004592437308 73.2049587527614,19.2998352993092 73.2042378825937,19.2988897862167 73.2036628979298,19.297902241001 73.2030375016088,19.2961218688992 73.2025775138777,19.2941833404134 73.202285609021,19.2929833592492 73.2018911426101,19.2912921632763 73.2016582516778,19.2903876611448 73.2012957293583,19.2893667596711 73.2008024608425,19.2884860861913 73.1998622795746,19.2873603101662 73.1991756388125,19.2880590269465 73.1990875176764,19.2881071804605</coordinates></LinearRing></outerBoundaryIs></Polygon></MultiGeometry>
  </Placemark>
  <Placemark>
	<Style><LineStyle><color>ff0000ff</color></LineStyle><PolyStyle><fill>0</fill></PolyStyle></Style>
	<ExtendedData><SchemaData schemaUrl="#kalyan_dombivli_ward_boundary">
		<SimpleData name="objectid">86</SimpleData>
		<SimpleData name="townname">Kalyan-Dombivli</SimpleData>
		<SimpleData name="towncensuscode2011">802790</SimpleData>
		<SimpleData name="town_lgd_code">251483</SimpleData>
		<SimpleData name="ward_lgd_code">48679</SimpleData>
		<SimpleData name="ward_lgd_name">Kalyan-Dombivli (M Corp.) - Ward No.9</SimpleData>
		<SimpleData name="sourcewardcode">9</SimpleData>
		<SimpleData name="state">Maharashtra</SimpleData>
		<SimpleData name="st_area(shape)">918817.80236345</SimpleData>
		<SimpleData name="st_length(shape)">4944.10937373726</SimpleData>
	</SchemaData></ExtendedData>
      <MultiGeometry><Polygon><outerBoundaryIs><LinearRing><coordinates>73.2062488422056,19.292093292154 73.2060915786404,19.2920237056061 73.2059317854194,19.291911890733 73.2059189493922,19.2918759120979 73.2059246069819,19.291788693932 73.2059384302575,19.2917370643712 73.2060134422787,19.2915783754179 73.2060570842318,19.2914959916761 73.2060764438245,19.2914395545708 73.2060863558353,19.2913874297407 73.2060788962252,19.2913363986536 73.2060128188478,19.2912136126394 73.2059697976306,19.291163908425 73.2056987902824,19.2909802641859 73.20558228418,19.290838208176 73.2054917555589,19.2906340805036 73.2054487451214,19.2904581649467 73.2050568685534,19.2897364561625 73.2048800459695,19.28948836851 73.204696055728,19.2890643625789 73.2046673815041,19.2889764035568 73.2042546873777,19.2883898505949 73.2041516416315,19.2881986154589 73.2037139752385,19.2873863719526 73.2023297621156,19.2882039300456 73.2018545910595,19.2884663498437 73.2016040850627,19.2886426465476 73.2015562668418,19.2886877186598 73.201529983035,19.2887644009134 73.2015514878046,19.2889831697023 73.2016068940946,19.2892282956045 73.201718943655,19.289507716403 73.202067551969,19.290055166966 73.2023350190566,19.2905033383046 73.202348702195,19.290549605415 73.2027927645928,19.2921095424638 73.202829865014,19.2922398687709 73.2021351295329,19.292338210758 73.202285609021,19.2929833592492 73.2025775138777,19.2941833404134 73.2030375016088,19.2961218688992 73.2036628979298,19.297902241001 73.2042378825937,19.2988897862167 73.2049587527614,19.2998352993092 73.2056048750127,19.3004592437308 73.2063815054067,19.3010165517849 73.2078232439456,19.3018233524605 73.2092454306522,19.3002107128087 73.2094805871358,19.3000653218154 73.2097218674345,19.2999598465825 73.2109106637456,19.2997409220515 73.2122083520387,19.2999049418838 73.2115690569836,19.2987108739496 73.2108298737605,19.2972104939824 73.2106458835189,19.2970368407647 73.2104666714164,19.2966940434799 73.2102850706935,19.2966151096646 73.2101321432962,19.2964143924645 73.2103447538627,19.2963722636703 73.2105461139285,19.2963323638624 73.210564640783,19.2963286926727 73.2112393977322,19.2961303329946 73.2112445864013,19.2959967676011 73.2112958245085,19.2946778393083 73.2097546038401,19.2947139241576 73.2092862644718,19.2947094135519 73.2087916395,19.2946304787793 73.2085598597836,19.2945786076273 73.2079027502381,19.2945335015271 73.2079029011551,19.294522598906 73.2079096609776,19.2940344907239 73.2079242550077,19.2940170425764 73.2079624873062,19.2938591723253 73.2079405261925,19.2938612453495 73.2078191179835,19.2938727042125 73.2077402647662,19.2938681935836 73.2076900857727,19.2938411298074 73.207528894773,19.2936743330789 73.2073855946206,19.293567821876 73.2073205359328,19.2934772156968 73.2071491589361,19.293017889484 73.2071173145576,19.2928909857902 73.207039471945,19.2928141757459 73.2069085568654,19.2927774401627 73.2068288789947,19.292760676111 73.2067175633579,19.2927002018914 73.2062908707845,19.2921165467317 73.2062488422056,19.292093292154</coordinates></LinearRing></outerBoundaryIs></Polygon></MultiGeometry>
  </Placemark>
  <Placemark>
	<Style><LineStyle><color>ff0000ff</color></LineStyle><PolyStyle><fill>0</fill></PolyStyle></Style>
	<ExtendedData><SchemaData schemaUrl="#kalyan_dombivli_ward_boundary">
		<SimpleData name="objectid">87</SimpleData>
		<SimpleData name="townname">Kalyan-Dombivli</SimpleData>
		<SimpleData name="towncensuscode2011">802790</SimpleData>
		<SimpleData name="town_lgd_code">251483</SimpleData>
		<SimpleData name="ward_lgd_code">2517874</SimpleData>
		<SimpleData name="ward_lgd_name">Kalyan-Dombivli (M Corp.) - Ward No.114</SimpleData>
		<SimpleData name="sourcewardcode">114</SimpleData>
		<SimpleData name="state">Maharashtra</SimpleData>
		<SimpleData name="st_area(shape)">5043680.43844903</SimpleData>
		<SimpleData name="st_length(shape)">12270.8426848151</SimpleData>
	</SchemaData></ExtendedData>
      <MultiGeometry><Polygon><outerBoundaryIs><LinearRing><coordinates>73.0688463775428,19.2110201798839 73.0690770038224,19.2109623315247 73.0692955998636,19.210907500518 73.0694866769144,19.2108291998034 73.0696836963208,19.2107123780946 73.0698509482537,19.2106634451841 73.0703786249398,19.2106719018141 73.0711053152922,19.2107027431884 73.0711385412797,19.210708341919 73.0711845278357,19.21072482 73.0712019470674,19.2107356408176 73.0712229802214,19.2107678861036 73.0712438031697,19.2108937285054 73.0711936053116,19.211201845519 73.0711385583477,19.2114121067737 73.0710916914427,19.2115370673111 73.0710716913512,19.2116342607538 73.0710439828162,19.2118921790402 73.0710643063012,19.2120361671092 73.0710917776809,19.2121330167014 73.0711371578741,19.2122274265699 73.0711874841913,19.2122918970398 73.0712646539658,19.2123471025264 73.0713583213005,19.2123937191211 73.0715414428711,19.2124436007461 73.0716567416378,19.2124631740394 73.0718316400304,19.2124674086704 73.0722140187108,19.2124242946597 73.0722710904775,19.2123542340502 73.0723224552471,19.2121009362505 73.0724337753755,19.2117043437256 73.07251259805,19.2115670169724 73.0726067558649,19.2114713156295 73.0728418054489,19.2113679898086 73.0736408065884,19.2109368429174 73.0738919216429,19.210742826702 73.0741715716825,19.210101493553 73.0743704955173,19.2093286324929 73.0743713219673,19.2093254225271 73.074428393734,19.2089050488034 73.0744909973261,19.2087092122778 73.0745197083809,19.2086194100694 73.0747137516688,19.2083930546059 73.0747708234354,19.2082367612246 73.0747708234354,19.208085856983 73.0746738017915,19.2078487221935 73.0746795087885,19.2077355435462 73.0747993584204,19.20757924954 73.0749762807174,19.2074552920899 73.0750585394479,19.2073564267035 73.0751389925647,19.2071921107118 73.0752357689686,19.2069944542146 73.0753034624152,19.2069636757682 73.0753861981512,19.2069613081299 73.0756553540715,19.2069732014613 73.0758801242337,19.2070113602167 73.0759670730684,19.2070261208374 73.0764079105143,19.2070613469684 73.0765222112528,19.2070373889586 73.0766453693799,19.2069583907855 73.0767372679317,19.2068667739293 73.0772353199764,19.2063702466503 73.0774376583076,19.206126732595 73.0776466657315,19.205552613291 73.0778058112673,19.2050844083506 73.0778853831368,19.2048185136356 73.0779343512013,19.2042751619339 73.0780187254643,19.2040470342751 73.0781725790247,19.2038335433511 73.0784428811954,19.2035375886064 73.0785290646654,19.2033600153344 73.0785839077119,19.2031084529415 73.0785766448328,19.2028203711211 73.0785760735043,19.2027976994152 73.078566912485,19.2026877087243 73.0785486515319,19.2024684473583 73.0785799910572,19.2023204688246 73.0786284515735,19.2021838400517 73.0787052494455,19.2021007022086 73.0789827004092,19.2018663345527 73.0789965173966,19.2018496927032 73.0793715999603,19.2014377060773 73.0794065659844,19.2013993000101 73.0794614099292,19.2012513205147 73.0794222352979,19.2010737447748 73.079296878095,19.2009368630087 73.0790383285831,19.20062240575 73.0789874021914,19.2004781251895 73.0789834846385,19.2003116475277 73.0791010076338,19.1998936023888 73.0792871798832,19.199642863533 73.0794582703172,19.1994124363585 73.0797286057256,19.1991402767271 73.0799097285447,19.1990282093685 73.0800720307604,19.1989919702806 73.0815600648757,19.1989453923051 73.0817563521552,19.1986701727345 73.0818162625981,19.1986064002114 73.0818971235501,19.1985339099648 73.0822770965422,19.1981272715647 73.0827733079389,19.1975583163088 73.0827951325087,19.1975332922226 73.0829128046244,19.1973586503454 73.0829965321005,19.1972343865704 73.0830254937852,19.1971796841804 73.0834352351492,19.1967776465071 73.0837451512273,19.1965066430821 73.0839288046006,19.1962247996236 73.0842529643658,19.1954074662199 73.0843323745386,19.1952124781175 73.084576827687,19.1946122357273 73.0846423058881,19.1944514557652 73.0850742392329,19.1944287939351 73.0857890933831,19.1943912872079 73.0862797540896,19.1942302805132 73.0862631801727,19.1940516587813 73.0862611499801,19.1940297765559 73.0862458741287,19.1938651358988 73.0862371326227,19.1937709318283 73.0862760602172,19.1937534255094 73.0863290230897,19.1937296063927 73.0863424331403,19.1937235761072 73.0864326904701,19.1937046334756 73.0865154262061,19.1937306795935 73.0865730908608,19.1938040805705 73.0869967983326,19.1936691168838 73.0879445002961,19.1934465449929 73.0879774648738,19.1934760847861 73.0880279996,19.1935213696801 73.0881171466122,19.193601254076 73.0882350738495,19.1936590423666 73.0883310211083,19.1935599073883 73.0883588509158,19.1935403912323 73.0883732697745,19.1935338561531 73.0884073716193,19.1935293512496 73.0889012231417,19.1935938086867 73.0891976007101,19.1936324922993 73.0903522215145,19.1929784108021 73.0904413200176,19.1929388396259 73.0909281071886,19.1927190782963 73.0914817604578,19.1924664790261 73.0921343766302,19.1921810408159 73.0924999855609,19.1920249152853 73.0923427498435,19.1913454341707 73.0919680751149,19.1901572318042 73.0917708787404,19.1894420710674 73.0915250394915,19.1887107671504 73.0910272263987,19.1870552838691 73.0909544826237,19.1867341179624 73.0899743730379,19.1868672259114 73.0889964526466,19.1869154040224 73.0877069120731,19.186907965118 73.086821882872,19.1869336839747 73.0865188999913,19.1868786947907 73.0856717958649,19.1866055073632 73.0847901883468,19.1862930971055 73.084175314891,19.1860995235514 73.0837343247315,19.1859425421364 73.0830036117232,19.1856484327748 73.0826055637292,19.1854865309275 73.0825137514156,19.1854555779253 73.0822906116957,19.1854380155746 73.0815523914665,19.1853905980668 73.0811295885983,19.1853712794733 73.0807722163204,19.1853218851199 73.0804959547261,19.1852728403021 73.080218274692,19.1852436528296 73.0797175330914,19.1852148658081 73.0793340117539,19.1851709598637 73.0776151725943,19.1852027596465 73.0772439941088,19.1851614566644 73.0766394710417,19.1850806637524 73.0762256225802,19.1850467607009 73.0759673758006,19.1849558120825 73.0758984831032,19.184952633033 73.0754626636465,19.1851155636957 73.0757389090711,19.1874545786168 73.0757230681794,19.1876548004262 73.0754220885417,19.1882112215932 73.0751028847819,19.1886399786904 73.0747411206406,19.1889548457169 73.074315515927,19.1892094195198 73.0737402042763,19.1894153192485 73.073547225492,19.1894544153182 73.0731451018416,19.1894706919114 73.0726511218601,19.1893730450539 73.0724435247912,19.1894019789704 73.0722867984185,19.1894907897053 73.0716793180976,19.189705970587 73.0710715548073,19.1898169099823 73.0706502054131,19.1898337922974 73.0701752301898,19.1898217339859 73.0699070992472,19.1898747920771 73.0697640955388,19.1900894362688 73.069566029595,19.1902076113941 73.0693713898258,19.1902922289127 73.0693316959683,19.1903176528467 73.069323668623,19.1903291036692 73.0693177091994,19.1903644580894 73.069321922298,19.1904301036733 73.0695503423152,19.190592747248 73.0695816818405,19.1906667418046 73.0695660116287,19.1916952632908 73.0693790425737,19.1921587595995 73.0693306170917,19.1923668504166 73.0694582991346,19.1930903584165 73.0694622885528,19.1933164541203 73.0694902189716,19.1937837177604 73.0695540595439,19.1945185249909 73.0696622346704,19.1956473150635 73.0697473554334,19.1960760527917 73.0696693277679,19.1961966355272 73.0694919922459,19.1962636251436 73.0686420566298,19.1964968868758 73.0677415252019,19.1965557642994 73.0670626638501,19.196660436448 73.066245258027,19.1966473521149 73.0659750986884,19.1966342686292 73.0655594688677,19.1969090317917 73.065344726599,19.1973211756754 73.0648251895477,19.197419304777 73.0641393994901,19.1974781818705 73.0637376243861,19.1979819114014 73.0635852269947,19.1985118069147 73.0633219945653,19.1988323602356 73.0627331857275,19.1992510417895 73.0626500592244,19.199519258106 73.0625946421545,19.1999248538396 73.0622275024946,19.1999510211352 73.0616179120309,19.1998790608504 73.0599969551013,19.1995912185482 73.0588124105166,19.1992575834285 73.0581404751756,19.1993818787613 73.0581162305444,19.1995094452389 73.0578815375916,19.2005308812279 73.0630330514542,19.2024065154984 73.0654950201359,19.2039890646973 73.0663639506288,19.2050050139216 73.0667777263268,19.2058646586902 73.0685983419131,19.2111591892532 73.0688463775428,19.2110201798839</coordinates></LinearRing></outerBoundaryIs></Polygon></MultiGeometry>
  </Placemark>
  <Placemark>
	<Style><LineStyle><color>ff0000ff</color></LineStyle><PolyStyle><fill>0</fill></PolyStyle></Style>
	<ExtendedData><SchemaData schemaUrl="#kalyan_dombivli_ward_boundary">
		<SimpleData name="objectid">88</SimpleData>
		<SimpleData name="townname">Kalyan-Dombivli</SimpleData>
		<SimpleData name="towncensuscode2011">802790</SimpleData>
		<SimpleData name="town_lgd_code">251483</SimpleData>
		<SimpleData name="ward_lgd_code">2517872</SimpleData>
		<SimpleData name="ward_lgd_name">Kalyan-Dombivli (M Corp.) - Ward No.112</SimpleData>
		<SimpleData name="sourcewardcode">112</SimpleData>
		<SimpleData name="state">Maharashtra</SimpleData>
		<SimpleData name="st_area(shape)">430124.32832409</SimpleData>
		<SimpleData name="st_length(shape)">4328.06897459973</SimpleData>
	</SchemaData></ExtendedData>
      <MultiGeometry><Polygon><outerBoundaryIs><LinearRing><coordinates>73.0898242906051,19.2009956938813 73.0896126259646,19.2009193311535 73.0895079830138,19.2009328070813 73.0893866924841,19.2010316288214 73.0891131932094,19.2010563342471 73.0887255378249,19.2010495967126 73.0884258778124,19.2010608262194 73.0882750964903,19.2010464519076 73.0881076675893,19.2010766376216 73.0879569814886,19.2010780747133 73.0877804203145,19.2010550761555 73.087544497568,19.2010378276592 73.0874470842586,19.20112694685 73.0873199897139,19.201155155913 73.0865970013188,19.2012449944337 73.0855849350652,19.2018617594652 73.0850491043712,19.2018617594652 73.0843000926806,19.2019814633248 73.0841662778392,19.2023011479764 73.0837686637316,19.2028099917643 73.0830774837823,19.2035013157303 73.0827815302187,19.2037568748456 73.0828578573734,19.2039036025007 73.0831260934189,19.2042539249474 73.0833943294644,19.2045988563974 73.0837881230373,19.2048090480486 73.0839308015555,19.2049276181015 73.084199037601,19.2052779375191 73.0843531310116,19.2055420245717 73.0845243454132,19.2058222792882 73.0846496747684,19.2058742336494 73.0847738623648,19.2059121763389 73.0850112799079,19.2059190748545 73.0851792981037,19.2058949300485 73.0854240207466,19.2058121469813 73.0855445557931,19.2057500594414 73.0856650908396,19.2055465486577 73.0856577857397,19.205377536255 73.0856066500405,19.2050360557142 73.0855226404935,19.2046048922227 73.0854824624441,19.2044151805731 73.0854495885962,19.2042323664427 73.0854495885962,19.2040495521092 73.0854824624441,19.2038253459578 73.085489767544,19.2035631971266 73.0855920389424,19.2034045280728 73.0857710156864,19.2032217128193 73.0860196190514,19.2030466587524 73.0862650271089,19.2029280873436 73.0863503140603,19.2028602215676 73.0865233008379,19.202791786532 73.0868375683552,19.2027595006589 73.0872539617439,19.2028871264459 73.0876703560309,19.2031147831926 73.0879698669231,19.2032389593899 73.0883241669627,19.2033527875592 73.0885433181628,19.2034244757073 73.0886734445216,19.2034670466013 73.0891585527413,19.2036449030996 73.0895523463141,19.2038389276885 73.0898776541263,19.204065290268 73.0901573041658,19.2043132101846 73.0902495135347,19.2044165599494 73.0903002108561,19.2044358763075 73.0903696102034,19.2044324270186 73.0905448580406,19.2042610602155 73.0907561813213,19.2040544155669 73.0906869409758,19.2039588184381 73.09048284015,19.2036770250715 73.0904390095507,19.2035252547436 73.0904061357028,19.2033596861822 73.090398830603,19.2032182635049 73.0905376283992,19.2031699730965 73.0907385204428,19.2032044662468 73.0909248022867,19.2032906999394 73.0910307271334,19.2033458889359 73.0912681446764,19.2033700341161 73.0914253507495,19.2033679650384 73.0915913243797,19.2033392660198 73.0917736608228,19.2033193981181 73.0920144389634,19.2032730393887 73.0920167763797,19.2033723797495 73.0918998938832,19.2037255918862 73.0919185950107,19.2038514235585 73.0919536598495,19.2039949147613 73.0919727598291,19.2040586173296 73.0919849095433,19.2040780041408 73.0920207487299,19.2041022874907 73.0920631626861,19.2041068650608 73.0921092130225,19.2040908435648 73.0921637452518,19.2040691001035 73.0922110074155,19.2040130239995 73.0922473622351,19.2039683926599 73.0922921998458,19.2039512267568 73.0923588512467,19.2039455047887 73.0924061125121,19.2039569487247 73.092488517668,19.2039981468876 73.092518132428,19.2040081605405 73.092540627141,19.2040095908199 73.0925684991693,19.2039924249212 73.0926072776435,19.2039523711504 73.0926436333614,19.2038997281885 73.0926678699078,19.2038653963662 73.0926896827995,19.2038596743952 73.0927357322376,19.2038756959137 73.0930066542458,19.2039616688178 73.0933852779684,19.2040553673896 73.0937470106687,19.2041351177258 73.0937716263041,19.2041458465095 73.0937716263041,19.2041816085511 73.0937716263041,19.2042334650247 73.0937742772325,19.2042590708916 73.0937992414142,19.2042739479799 73.0939520295727,19.2043003147885 73.093972336888,19.2043300231466 73.094002632571,19.2043371762262 73.0940480765446,19.2043353879563 73.0943945863941,19.2042817440927 73.0945044090308,19.2042728035885 73.094551746653,19.2042942611372 73.0945877232818,19.2043586337665 73.0946312736068,19.2044748619198 73.0946395291243,19.2044948170593 73.0947001213885,19.2044913838899 73.0948964392107,19.2044581965811 73.0949643015405,19.2046001017371 73.0950454948691,19.2047076751241 73.0950554167615,19.2048324863611 73.0950762450996,19.2049665951141 73.095087606093,19.2050273909556 73.0951463047086,19.2050881867746 73.0951993223784,19.2051471951585 73.0956317390168,19.2052480240385 73.0956279795674,19.2048497217347 73.0956491528586,19.2045270941086 73.095627132456,19.2042919460567 73.0955492125883,19.2038360467669 73.0953865977589,19.2031881867702 73.0952612477425,19.2026586999452 73.0950906927044,19.2019653449113 73.0949866318618,19.2014533817089 73.0949345349653,19.2012429923482 73.0949036185464,19.2010995844275 73.0945159955014,19.2010966627375 73.094231194522,19.2010945155837 73.0940718513569,19.201119221 73.093386177182,19.201040153814 73.0932090851035,19.2009934474702 73.0929945207013,19.2009368579186 73.092969763132,19.2009303282232 73.0927466359885,19.200871479512 73.0926765332604,19.2009780924683 73.0926440106538,19.2010275533843 73.0925497692957,19.2011708773819 73.0923095651786,19.2011169745905 73.0921050358564,19.2010473503021 73.0915537271901,19.2007886447127 73.0906791939048,19.2008517665591 73.0904998066308,19.2009014506273 73.0900216855073,19.2010338743837 73.0898242906051,19.2009956938813</coordinates></LinearRing></outerBoundaryIs></Polygon></MultiGeometry>
  </Placemark>
  <Placemark>
	<Style><LineStyle><color>ff0000ff</color></LineStyle><PolyStyle><fill>0</fill></PolyStyle></Style>
	<ExtendedData><SchemaData schemaUrl="#kalyan_dombivli_ward_boundary">
		<SimpleData name="objectid">89</SimpleData>
		<SimpleData name="townname">Kalyan-Dombivli</SimpleData>
		<SimpleData name="towncensuscode2011">802790</SimpleData>
		<SimpleData name="town_lgd_code">251483</SimpleData>
		<SimpleData name="ward_lgd_code">2517873</SimpleData>
		<SimpleData name="ward_lgd_name">Kalyan-Dombivli (M Corp.) - Ward No.113</SimpleData>
		<SimpleData name="sourcewardcode">113</SimpleData>
		<SimpleData name="state">Maharashtra</SimpleData>
		<SimpleData name="st_area(shape)">676259.43085999</SimpleData>
		<SimpleData name="st_length(shape)">4641.26501359864</SimpleData>
	</SchemaData></ExtendedData>
      <MultiGeometry><Polygon><outerBoundaryIs><LinearRing><coordinates>73.0898242906051,19.2009956938813 73.0900216855073,19.2010338743837 73.0904998066308,19.2009014506273 73.0906791939048,19.2008517665591 73.0915537271901,19.2007886447127 73.0921050358564,19.2010473503021 73.0923095651786,19.2011169745905 73.0925497692957,19.2011708773819 73.0926440106538,19.2010275533843 73.0926765332604,19.2009780924683 73.0927466359885,19.200871479512 73.092969763132,19.2009303282232 73.0929945207013,19.2009368579186 73.0932090851035,19.2009934474702 73.093386177182,19.201040153814 73.0940718513569,19.201119221 73.094231194522,19.2010945155837 73.0945159955014,19.2010966627375 73.0949036185464,19.2010995844275 73.0947801037882,19.2005267090672 73.0947209452351,19.200120733061 73.0945434677794,19.1994950054686 73.0943423269024,19.1989176952686 73.0941332979189,19.1981876745993 73.0939992037015,19.1975731134087 73.0939113224156,19.1972329867731 73.0934590440263,19.1973699369444 73.0927376600222,19.1975882447613 73.0926021518565,19.1976145914324 73.0913498689094,19.1974694692056 73.0909841620623,19.1970899876617 73.0909803136796,19.1970859935699 73.0909743129335,19.197088620101 73.0907427586943,19.1971899586955 73.0906917514542,19.197212281649 73.0906061959065,19.1972497249544 73.0905942662796,19.1972359551917 73.0905651339149,19.1972023295129 73.0903830328304,19.1972328052236 73.0902047028734,19.1972626514442 73.090014154032,19.1971455435341 73.089774873383,19.1971546736105 73.0894420960793,19.1972340684346 73.0892144054941,19.197399475185 73.0889354857849,19.1978061679819 73.0881582750792,19.1982765408269 73.0877887162561,19.1983886027589 73.0874104006557,19.1983720623604 73.087168699047,19.1984316084658 73.0870916352738,19.198520926735 73.0869445127898,19.1986003217483 73.08675885797,19.1986466351349 73.0865745703861,19.198655686231 73.0863363937666,19.1987044657683 73.0861484356665,19.1987044657683 73.0860312136067,19.198716118764 73.0859283439303,19.1987234358201 73.0854886868707,19.198754708702 73.0849282306598,19.198794573707 73.0847690581746,19.1987479956755 73.084652480207,19.1986506045865 73.0844865820353,19.1986484879416 73.0843946655171,19.1986400188164 73.0842399765235,19.1986209639195 73.0841435765137,19.1986315505392 73.0840763196484,19.1986993001382 73.0840314829359,19.1987839879461 73.0839026627275,19.1989085958308 73.0837154753819,19.1990239650597 73.0834829689285,19.1991263094565 73.0832800179462,19.1991393350561 73.0830908605952,19.1991207272987 73.0829824887376,19.1990909543734 73.0828603241471,19.1989979138411 73.0828090941248,19.1989327857765 73.0827915608071,19.1988863307955 73.0823970970911,19.1989045033741 73.0815600648757,19.1989453906084 73.0800720307604,19.1989919702806 73.0799097285447,19.1990282093685 73.0797286057256,19.1991402767271 73.0794582703172,19.1994124363585 73.0792871798832,19.199642863533 73.0791010076338,19.1998936023888 73.0789834846385,19.2003116475277 73.0789874021914,19.2004781251895 73.0790383285831,19.20062240575 73.079296878095,19.2009368630087 73.0794222352979,19.2010737447748 73.0794614099292,19.2012513205147 73.0794065659844,19.2013993000101 73.0793715999603,19.2014377060773 73.0789965173966,19.2018496927032 73.0789827004092,19.2018663345527 73.0792109874757,19.2018286047111 73.0795248803956,19.2018178257244 73.0799300879624,19.2019363979334 73.0803352964274,19.2022328272336 73.0805978245777,19.2023945157949 73.0808888895095,19.2024753604401 73.0811228826747,19.2025184770589 73.0813283408549,19.2025400357883 73.0814710193731,19.2025292559998 73.0816935985444,19.2024861393838 73.0819732485839,19.202469970968 73.0821901207581,19.2025669839839 73.0823442132704,19.202690945118 73.0824868917886,19.2029496460193 73.0825953283249,19.2032568532352 73.0826980569658,19.2035963973408 73.0827815302187,19.2037568748456 73.0830774837823,19.2035013157303 73.0837686637316,19.2028099917643 73.0841662778392,19.2023011479764 73.0843000926806,19.2019814633248 73.0850491043712,19.2018617594652 73.0855849350652,19.2018617594652 73.0865970013188,19.2012449944337 73.0873199897139,19.201155155913 73.0874470842586,19.20112694685 73.087544497568,19.2010378276592 73.0877804203145,19.2010550761555 73.0879569814886,19.2010780747133 73.0881076675893,19.2010766376216 73.0882750964903,19.2010464519076 73.0884258778124,19.2010608262194 73.0887255378249,19.2010495967126 73.0891131932094,19.2010563342471 73.0893866924841,19.2010316288214 73.0895079830138,19.2009328070813 73.0896126259646,19.2009193311535 73.0898242906051,19.2009956938813</coordinates></LinearRing></outerBoundaryIs></Polygon></MultiGeometry>
  </Placemark>
  <Placemark>
	<Style><LineStyle><color>ff0000ff</color></LineStyle><PolyStyle><fill>0</fill></PolyStyle></Style>
	<ExtendedData><SchemaData schemaUrl="#kalyan_dombivli_ward_boundary">
		<SimpleData name="objectid">90</SimpleData>
		<SimpleData name="townname">Kalyan-Dombivli</SimpleData>
		<SimpleData name="towncensuscode2011">802790</SimpleData>
		<SimpleData name="town_lgd_code">251483</SimpleData>
		<SimpleData name="ward_lgd_code">2517875</SimpleData>
		<SimpleData name="ward_lgd_name">Kalyan-Dombivli (M Corp.) - Ward No.115</SimpleData>
		<SimpleData name="sourcewardcode">115</SimpleData>
		<SimpleData name="state">Maharashtra</SimpleData>
		<SimpleData name="st_area(shape)">596044.095784455</SimpleData>
		<SimpleData name="st_length(shape)">3803.54812579176</SimpleData>
	</SchemaData></ExtendedData>
      <MultiGeometry><Polygon><outerBoundaryIs><LinearRing><coordinates>73.0883732697745,19.1935338561531 73.0883588509158,19.1935403912323 73.0883310211083,19.1935599073883 73.0882350738495,19.1936590423666 73.0881171466122,19.193601254076 73.0880279996,19.1935213696801 73.0879774648738,19.1934760847861 73.0879445002961,19.1934465449929 73.0869967983326,19.1936691168838 73.0865730908608,19.1938040805705 73.0865154262061,19.1937306795935 73.0864326904701,19.1937046334756 73.0863424331403,19.1937235761072 73.0863290230897,19.1937296063927 73.0862760602172,19.1937534255094 73.0862371326227,19.1937709318283 73.0862458741287,19.1938651358988 73.0862611499801,19.1940297765559 73.0862631801727,19.1940516587813 73.0862797540896,19.1942302805132 73.0857890933831,19.1943912872079 73.0850742392329,19.1944287939351 73.0846423058881,19.1944514557652 73.084576827687,19.1946122357273 73.0843323745386,19.1952124781175 73.0842529643658,19.1954074662199 73.0839288046006,19.1962247996236 73.0837451512273,19.1965066430821 73.0834352351492,19.1967776465071 73.0830254937852,19.1971796841804 73.0829965321005,19.1972343865704 73.0829128046244,19.1973586503454 73.0827951325087,19.1975332922226 73.0827733079389,19.1975583163088 73.0822770965422,19.1981272715647 73.0818971235501,19.1985339099648 73.0818162625981,19.1986064002114 73.0817563521552,19.1986701727345 73.0815600648757,19.1989453923051 73.0823970970911,19.1989045033741 73.0827915608071,19.1988863307955 73.0828090941248,19.1989327857765 73.0828603241471,19.1989979138411 73.0829824887376,19.1990909543734 73.0830908605952,19.1991207272987 73.0832800179462,19.1991393350561 73.0834829689285,19.1991263094565 73.0837154753819,19.1990239650597 73.0839026627275,19.1989085958308 73.0840314829359,19.1987839879461 73.0840763196484,19.1986993001382 73.0841435765137,19.1986315505392 73.0842399765235,19.1986209639195 73.0843946655171,19.1986400188164 73.0844865820353,19.1986484879416 73.084652480207,19.1986506045865 73.0847690581746,19.1987479956755 73.0849282306598,19.198794573707 73.0854886868707,19.198754708702 73.0859283439303,19.1987234358201 73.0860312136067,19.198716118764 73.0861484356665,19.1987044657683 73.0863363937666,19.1987044657683 73.0865745703861,19.198655686231 73.08675885797,19.1986466351349 73.0869445127898,19.1986003217483 73.0870916352738,19.198520926735 73.087168699047,19.1984316084658 73.0874104006557,19.1983720623604 73.0877887162561,19.1983886027589 73.0881582750792,19.1982765408269 73.0889354857849,19.1978061679819 73.0892144054941,19.197399475185 73.0894420960793,19.1972340684346 73.089774873383,19.1971546736105 73.090014154032,19.1971455435341 73.0902047028734,19.1972626514442 73.0903830328304,19.1972328052236 73.0905651339149,19.1972023295129 73.0905942662796,19.1972359551917 73.0906061959065,19.1972497249544 73.0906917514542,19.197212281649 73.0907427586943,19.1971899586955 73.0909743129335,19.197088620101 73.0909803136796,19.1970859935699 73.0909841620623,19.1970899876617 73.0913498689094,19.1974694692056 73.0926021518565,19.1976145914324 73.0927376600222,19.1975882447613 73.0934590440263,19.1973699369444 73.0939113224156,19.1972329867731 73.0937980628246,19.1967946663916 73.093640305186,19.1961838251799 73.0933878938625,19.1954575167317 73.0931512569554,19.1946120159981 73.0928909575254,19.1935839988597 73.0926030492735,19.1924703077946 73.0924999855609,19.1920249152853 73.0921343766302,19.1921810408159 73.0914817604578,19.1924664790261 73.0909281071886,19.1927190782963 73.0904413200176,19.1929388396259 73.0903522215145,19.1929784108021 73.0891976007101,19.1936324922993 73.0889012231417,19.1935938086867 73.0884073716193,19.1935293512496 73.0883732697745,19.1935338561531</coordinates></LinearRing></outerBoundaryIs></Polygon></MultiGeometry>
  </Placemark>
  <Placemark>
	<Style><LineStyle><color>ff0000ff</color></LineStyle><PolyStyle><fill>0</fill></PolyStyle></Style>
	<ExtendedData><SchemaData schemaUrl="#kalyan_dombivli_ward_boundary">
		<SimpleData name="objectid">91</SimpleData>
		<SimpleData name="townname">Kalyan-Dombivli</SimpleData>
		<SimpleData name="towncensuscode2011">802790</SimpleData>
		<SimpleData name="town_lgd_code">251483</SimpleData>
		<SimpleData name="ward_lgd_code">2517877</SimpleData>
		<SimpleData name="ward_lgd_name">Kalyan-Dombivli (M Corp.) - Ward No.117</SimpleData>
		<SimpleData name="sourcewardcode">117</SimpleData>
		<SimpleData name="state">Maharashtra</SimpleData>
		<SimpleData name="st_area(shape)">7489039.02175835</SimpleData>
		<SimpleData name="st_length(shape)">13794.228463086</SimpleData>
	</SchemaData></ExtendedData>
      <MultiGeometry><Polygon><outerBoundaryIs><LinearRing><coordinates>73.1069198817405,19.1913072497238 73.107162124135,19.1923699682391 73.1073663327586,19.1930021214344 73.1076919792356,19.1935111611097 73.1077704776184,19.1936723237615 73.1079820515291,19.1942382934383 73.1085840152959,19.1958485670084 73.1087895660026,19.196298360678 73.1088869361928,19.1965351515619 73.1094914134459,19.198005147929 73.1097756916057,19.198481069299 73.1100901208198,19.1989041097382 73.1105122301886,19.1996769688788 73.1108590903811,19.2004730631133 73.1112356273173,19.2013372659468 73.1113041310442,19.2014381862379 73.1114658035408,19.2017176649294 73.1117143062945,19.2021999575954 73.1118969266052,19.2025096815241 73.1123470077154,19.203149940598 73.112467671221,19.2032946014125 73.1128424510525,19.2037527231266 73.1130636171738,19.2038056342072 73.1131654942118,19.2038300075201 73.1131596614507,19.2038661199898 73.1131267292124,19.2040699933916 73.113191049485,19.2040790144979 73.1135617608466,19.204131006736 73.1138047515377,19.2041386560952 73.1138201962724,19.2041391421862 73.1138977262712,19.2041188044083 73.1141001670104,19.2039235611028 73.114124606576,19.2039165674908 73.1142423065395,19.2038828854911 73.1144232101698,19.2039235611028 73.1145819990743,19.2040060795942 73.1158203374733,19.2045544423878 73.1168585339219,19.2049471583566 73.1171079134313,19.2050200512752 73.1171940421041,19.2050316766773 73.1181376729027,19.2049857010236 73.1188039497557,19.204915789943 73.1191606438055,19.2048268127781 73.1196048283742,19.2046742800197 73.1200355534849,19.2044581914912 73.1203071186869,19.2042651016393 73.1206595259762,19.2038556558662 73.1211672043674,19.2032347559096 73.1213696720561,19.2029506809849 73.1219241921995,19.2021221396806 73.1221194536029,19.2018293470071 73.1222506830929,19.201586314873 73.1223206537687,19.2013910660169 73.122338522158,19.2013163390738 73.1227746398554,19.1999567101566 73.1231949957128,19.1986913519054 73.1234577170008,19.1977336434485 73.1236311143085,19.1973912486269 73.124093505033,19.1968354761006 73.1253603640439,19.1953061791268 73.1254286108527,19.1952336110729 73.1254451524303,19.1952187153514 73.1254650060964,19.1951987124262 73.1254889991993,19.1951852105777 73.1255218281314,19.1951741919146 73.1255489114389,19.1951728896626 73.1255734794636,19.195175604455 73.1256049717025,19.1951864016927 73.1256296601015,19.1952037330945 73.1258308324195,19.1954071311132 73.1274752623274,19.1971284473332 73.1282821560651,19.1983325586529 73.1283850392163,19.1985313682924 73.1284558570034,19.1987487252601 73.1284850208091,19.1989274275774 73.1284908122477,19.1990128838756 73.1285558251215,19.1993228267403 73.1286836967089,19.199659681214 73.1290927463701,19.2003534540192 73.1291735004226,19.2004605440814 73.1292533642446,19.200542245657 73.129426760654,19.2005670563509 73.1300835656706,19.2004578887604 73.1304179329924,19.2003841463229 73.1312592061543,19.2000741596467 73.1314537057864,19.2000319068534 73.1315935330519,19.2000149212376 73.1318343731762,19.1999856642696 73.13202870662,19.1999620572937 73.1324665095568,19.1999430110333 73.1325266625449,19.1999397364099 73.1329130135755,19.1999187050124 73.1333497951279,19.1998940452266 73.1339913961584,19.199889793305 73.1343853613094,19.1998557770799 73.1347942474773,19.1997447757351 73.1352961281416,19.1995752772057 73.1355073759639,19.1994829716187 73.1355847137233,19.199449179274 73.1359186238026,19.1992602939117 73.1361614977127,19.1990076402068 73.1366111278686,19.1987414591064 73.1366677028669,19.1987075775323 73.1371094790523,19.1983956475072 73.1372473111596,19.1981719240011 73.1372977228167,19.1981648707596 73.1373636061579,19.1981556533585 73.1375370304151,19.1979069504598 73.1375961979513,19.1978221010123 73.137850325057,19.197512953628 73.1379846043273,19.1974606191058 73.1381216818498,19.1974071935744 73.1383587382701,19.1973885932564 73.1384620382396,19.1973948151372 73.1385133679749,19.1973698427762 73.13859050541,19.1972751045472 73.1386500673066,19.1971545692619 73.1387910893315,19.1968777644976 73.1388668352763,19.1967075427532 73.1388926789087,19.1964634782277 73.1388827731861,19.1959910463004 73.1388668352763,19.1952309454871 73.1388709989676,19.1951676051496 73.1389056011741,19.1946411161237 73.1390213580816,19.1946293550957 73.1392421603851,19.1946069215031 73.1394989626737,19.1945301214418 73.1392889455434,19.1940390815711 73.1388926789087,19.1934533159256 73.1388065340662,19.1932458568302 73.1387893052774,19.1930099223232 73.1387785901726,19.1928083767596 73.1387376180126,19.1920377072918 73.1386643954354,19.191805839083 73.1382879806701,19.190883382085 73.1378675547441,19.1896905356307 73.1378564740251,19.1895370259056 73.1378426489529,19.1893176604805 73.137718217913,19.1889520502235 73.1375191278898,19.1886412818425 73.136802958606,19.187776870656 73.1360235371463,19.1866513023487 73.134954635383,19.1855554126418 73.1337239829697,19.1854761199343 73.1337003060737,19.1854731563941 73.1333664813343,19.1854313715757 73.1331080468069,19.185435439763 73.1321370263752,19.1854671571978 73.1318856211649,19.1854753690803 73.1313978215925,19.1854986922157 73.1311366849327,19.1855701955492 73.1307637924617,19.1857474927658 73.1305671305847,19.1857945309266 73.1303127618322,19.1858487297447 73.1300161480069,19.1858412398868 73.1295692792722,19.1857912602638 73.1288930966966,19.1856635346803 73.1287831770418,19.1856463914722 73.127887663603,19.1856144331201 73.1276507652862,19.1855778203184 73.127056365334,19.1854150996736 73.1266600986993,19.1853825558647 73.1264196637152,19.1853927293055 73.126135447539,19.1854247436965 73.1251553505298,19.1855989782665 73.1245306162671,19.1856423631658 73.124181500405,19.1856857480537 73.1239981093397,19.1857025103166 73.1238333160958,19.1857972916884 73.1237037628622,19.1859720883667 73.1231984632098,19.1874645211613 73.1230147182083,19.1880371959509 73.1228493473477,19.188271470463 73.1227299127374,19.1882627937923 73.1225461677359,19.1880805802078 73.122050055154,19.1874384910202 73.1211956396395,19.1865881529973 73.1209383962781,19.1862844593578 73.1208373358086,19.185998119588 73.120763838347,19.1853994072429 73.1206352166663,19.1851217427708 73.1193030627107,19.1835251631827 73.1184670222353,19.1824491994542 73.118295278726,19.1821776447119 73.1178834918981,19.1813812447923 73.1172448804609,19.1797103172651 73.117083255575,19.1793464937334 73.1170503978968,19.1791922294218 73.1170365252139,19.1789194899554 73.1170898141749,19.1782254460966 73.1170825584823,19.1781618871019 73.1170683408463,19.1781157232207 73.1170300618355,19.1780556564484 73.1169456327752,19.17800501436 73.1157421984166,19.1775179155309 73.1148869537571,19.1769916933339 73.1142321403055,19.1765989208492 73.1141332834034,19.1765126256595 73.1141086192589,19.1764830845201 73.1141024226801,19.1764683898863 73.1140978502553,19.1764262472747 73.1141181063666,19.176235666557 73.114130313573,19.1757678168862 73.1141477094485,19.1756262593544 73.1141473474275,19.1755894831224 73.1141311445147,19.1755070717178 73.1141254518907,19.1754939517648 73.1141080299641,19.1754700120689 73.114097151366,19.1754610173944 73.1136523343834,19.175057516521 73.1117785609902,19.1762048390868 73.111216428523,19.1765987333377 73.1111216230229,19.1766651649997 73.1101073496086,19.17749853747 73.1096766244979,19.1777751762762 73.1079580332733,19.1785806797693 73.1060111576772,19.1794268618376 73.1052703116725,19.1798052013544 73.1035603343932,19.1804845824618 73.1022890610609,19.1807750128473 73.1023467050544,19.1810370274364 73.1025141986341,19.1817248310366 73.1027042264527,19.1825637165096 73.1029385403165,19.18325626751 73.1031893939612,19.1838759158917 73.1032723237333,19.1840234274039 73.1034483135789,19.1843364715016 73.1035217346837,19.1844196844954 73.1037305336985,19.1846056190902 73.1042435822185,19.1848281766326 73.1047804935857,19.1850620026518 73.1050915846602,19.1853714287958 73.1054581161607,19.1857592722452 73.1059208967541,19.186161842488 73.1059910408047,19.1862449306903 73.1060556584197,19.1863847042059 73.10607588309,19.1864940321494 73.1060656081598,19.1866759887227 73.1060376013842,19.1868391034831 73.1060500771869,19.18701629413 73.1060961526761,19.1872048609657 73.1064355334955,19.1878907909677 73.1064871264372,19.1879854599381 73.1066750450115,19.1882164783322 73.1072333506555,19.1887146715144 73.107357156468,19.188821342402 73.107563500387,19.1889833996218 73.1077000919209,19.1890955756285 73.1077360694481,19.1891428894125 73.1077427897447,19.1891687708135 73.1077481571785,19.1892232374646 73.1077329190564,19.1892993086787 73.1076873061995,19.1894346976041 73.1075960804858,19.1896541926786 73.1070879691066,19.1907749597488 73.1069318616731,19.1912521474676 73.1069198817405,19.1913072497238</coordinates></LinearRing></outerBoundaryIs></Polygon></MultiGeometry>
  </Placemark>
  <Placemark>
	<Style><LineStyle><color>ff0000ff</color></LineStyle><PolyStyle><fill>0</fill></PolyStyle></Style>
	<ExtendedData><SchemaData schemaUrl="#kalyan_dombivli_ward_boundary">
		<SimpleData name="objectid">92</SimpleData>
		<SimpleData name="townname">Kalyan-Dombivli</SimpleData>
		<SimpleData name="towncensuscode2011">802790</SimpleData>
		<SimpleData name="town_lgd_code">251483</SimpleData>
		<SimpleData name="ward_lgd_code">2517881</SimpleData>
		<SimpleData name="ward_lgd_name">Kalyan-Dombivli (M Corp.) - Ward No.121</SimpleData>
		<SimpleData name="sourcewardcode">121</SimpleData>
		<SimpleData name="state">Maharashtra</SimpleData>
		<SimpleData name="st_area(shape)">5221344.54631632</SimpleData>
		<SimpleData name="st_length(shape)">11222.0359320854</SimpleData>
	</SchemaData></ExtendedData>
      <MultiGeometry><Polygon><outerBoundaryIs><LinearRing><coordinates>73.0903950361192,19.1827276023302 73.090304697941,19.1822899432882 73.0901682905617,19.1816290936716 73.0901441168974,19.1813754058028 73.0901017523486,19.1805656915542 73.0899433021089,19.1791938559099 73.0897903899829,19.1781190627613 73.0897327639558,19.1770505166431 73.0896489331735,19.1767133681552 73.0893920329685,19.1761565602686 73.0892054618671,19.1758037802418 73.0891235085638,19.1756657269348 73.0889843469499,19.1755205870586 73.088560824531,19.1751087101764 73.0881829940209,19.1747211174032 73.0874606578026,19.174015832143 73.0872919416158,19.1738736333502 73.0870162001461,19.1738086226197 73.0866392940023,19.1730612094965 73.0865123593577,19.1728107225055 73.0863220665362,19.1724793316768 73.0862001606606,19.1721647903683 73.0860670680647,19.1719134390978 73.0860468146483,19.1718869041915 73.0860222636915,19.1718674015884 73.0858773843008,19.1718274375782 73.0852696982657,19.1715694081438 73.0850613807479,19.1714598793831 73.0848286721736,19.1712981383804 73.0847413711993,19.1711757012666 73.084722423035,19.1709206626142 73.084710410763,19.1708123696841 73.0846951870139,19.1707548533809 73.0846837694267,19.1707153108048 73.0846152648014,19.1706847546699 73.0844695966899,19.1706726593195 73.0844181968859,19.1706235524423 73.084390719218,19.1705697219545 73.0840296575593,19.1701185886505 73.083296987122,19.1693058051851 73.0829852115312,19.1690142617044 73.0826113111504,19.1691788398089 73.0824260057753,19.1692113163929 73.081895701517,19.1692423793591 73.0812946396587,19.1692073827173 73.0812078480292,19.1691970716675 73.0811526833859,19.1691792182428 73.0810968656674,19.1691423107505 73.0810527233527,19.169052838239 73.0810432973304,19.1689718855439 73.081105229881,19.1683928060981 73.0811193549906,19.1682914217815 73.081268610075,19.1672201085597 73.0813347691991,19.1669701413174 73.0814305592528,19.1667707148849 73.0817399947322,19.1661264993945 73.0818364773869,19.165871323105 73.0818640439881,19.1657619619595 73.0818557731992,19.1655354270789 73.0818006408953,19.1652463995996 73.08169588835,19.1649183138534 73.0816848264956,19.1648950709603 73.081638057507,19.1647968053824 73.0816172642031,19.1647666435649 73.081582229907,19.1647475558987 73.0814660624694,19.1647207550975 73.0810725419845,19.164603803936 73.0808197066562,19.1644967626809 73.0807479689942,19.1644813728803 73.0804608880907,19.1644631846237 73.0803419834864,19.1644472135762 73.0801786482082,19.1644198382707 73.0800541632694,19.1644127369144 73.0799755328342,19.1644140631685 73.079800019994,19.1643875372372 73.0797192201275,19.1643689917385 73.0795949211399,19.1643164430364 73.0795206017198,19.1642668446625 73.079356321414,19.1641978776798 73.0791892320762,19.1641328885887 73.0791241302692,19.1641229030579 73.0790828598684,19.1641292373533 73.0790082511908,19.1641457888277 73.0789393010012,19.1641501307681 73.0786637445844,19.1641352924812 73.078535588231,19.1641158534494 73.0783843002591,19.1640777008743 73.0782795315441,19.1640326463231 73.0780675066792,19.1639578718799 73.0778291261421,19.1639130430059 73.077456652286,19.1639110990153 73.077400958535,19.1638924312742 73.0773772475031,19.1638592264487 73.077364163541,19.1638264009113 73.0773496261047,19.1637801473124 73.0773471045337,19.1637218691169 73.0773989930212,19.1635188129619 73.0775422123253,19.163101027416 73.0777269409819,19.162558236403 73.0779076496777,19.1620494311567 73.0779602307663,19.1618999058938 73.0781336909561,19.1614066414435 73.0782338405338,19.1611218460719 73.0783386541646,19.1608047365934 73.0784435989493,19.1605160911544 73.0785306367172,19.1602243649642 73.0785493683875,19.160128771242 73.0785542085102,19.1601040698592 73.0785506457918,19.1600843783318 73.0785387494025,19.1600628997484 73.078513526506,19.160052410779 73.07848089161,19.1600448544099 73.0769501641625,19.1600368211534 73.0767304946345,19.1600246147097 73.076157630893,19.1599310361878 73.0752384719993,19.1597629281965 73.0751450265485,19.159745836601 73.0749541444321,19.1597109244959 73.0739585523825,19.1594747153948 73.0739998748856,19.1596463494284 73.0740357625812,19.1603158703069 73.0741479118545,19.1604429935512 73.0742196477199,19.1606651042991 73.0742142290821,19.1607822220246 73.0741793133636,19.1609981005745 73.0739101556466,19.161604053978 73.0738170542505,19.1619505996011 73.0736632114699,19.162322658453 73.0735215956586,19.1626651473929 73.0729975769124,19.1633212627114 73.0728081572533,19.163698524231 73.0726611614318,19.1639918454566 73.0726188992909,19.1641810292244 73.072583988064,19.1643615339969 73.0725068146963,19.1645524517364 73.0723228397261,19.1649773527556 73.0719677312027,19.1654685454544 73.0718416894835,19.1656162626683 73.0716495739802,19.1659278712502 73.0714742740407,19.1663329583016 73.0713262370717,19.1668032988567 73.0713060806734,19.1668746966031 73.0712804732979,19.1672022235257 73.0712948355627,19.1672821130506 73.0713061139111,19.1674117281051 73.0712991762222,19.1677380321006 73.0712858631896,19.1678244846178 73.0712858631896,19.1679783667109 73.0712114548363,19.1682585928841 73.0711198823729,19.1684643109168 73.0710525931682,19.1687227838918 73.0708994115477,19.169062632557 73.0707832495,19.1692195146611 73.0706712861779,19.1693202340268 73.070455959106,19.1694939604058 73.0703217804469,19.1696710857087 73.0702313209961,19.1698386346152 73.0701015674382,19.1704854693403 73.0700925959634,19.1708074959108 73.0701284836591,19.170879528296 73.0702316605593,19.170879528296 73.0706039960749,19.17081597071 73.0712768917149,19.1707905471596 73.0718481878962,19.1708604973385 73.0721377104207,19.170991456144 73.0723894120751,19.1712015549451 73.0725471786969,19.1715124504143 73.0725778229262,19.1717989969427 73.0725374490441,19.1721464442916 73.0724342712455,19.1726210056098 73.0722996928361,19.1727904911606 73.0720753942895,19.1729260794757 73.0717254888082,19.1729387906624 73.0711782001028,19.1728582853321 73.0706847438392,19.1728455741392 73.070186801389,19.1728752338706 73.0697382042956,19.1729981109349 73.0690518509944,19.1733328446002 73.0684103577618,19.1736718140631 73.0681178672036,19.1738935531691 73.0680149768659,19.1740063596939 73.0679725988424,19.1740655769158 73.0678054825551,19.174315819334 73.067763780963,19.174466206419 73.0677339829467,19.1747969051365 73.0677875503854,19.1749716871862 73.0679677290752,19.1753580473847 73.0680346769201,19.1754987414004 73.0682274508885,19.1761989914291 73.0682511780901,19.176701582938 73.0680387058641,19.1787988097203 73.0679986284261,19.1789323237059 73.067897677551,19.1790848811684 73.0678189348265,19.179185762498 73.0673353178101,19.1798053455912 73.0672179403419,19.179955723423 73.0671640998153,19.1801718441205 73.0672859293341,19.1810500290141 73.0673066184334,19.1812876402163 73.0673128518432,19.1814171585611 73.0673066184334,19.1815643371406 73.0672692188732,19.1817321216978 73.0671808093779,19.181857374579 73.0670622919475,19.1819497197451 73.0669295083721,19.182005873787 73.0667362789579,19.1820824073414 73.0666772578471,19.1821605953177 73.0666700452737,19.1825418217276 73.0666700452737,19.1825917302196 73.0667145558977,19.1830678878989 73.0667544428929,19.1832141741473 73.0668425110284,19.1835226238237 73.0668718661753,19.1835711431347 73.0670039679294,19.1836543208811 73.0673057758137,19.1837503065076 73.0674395187898,19.1837666396612 73.0675798086878,19.1837628539602 73.0676678992811,19.1837755498874 73.0678713146924,19.1838346634827 73.0679335679416,19.1838788200704 73.0679617031763,19.1839142496891 73.0680094064128,19.1840702064377 73.0680791264587,19.1841949722392 73.0681635249762,19.1843162712671 73.0684057107768,19.1846073906059 73.0688183177666,19.1851381173612 73.0688656365242,19.1851783869686 73.0689352308059,19.1852043317762 73.0689931883114,19.1852043801363 73.0691376814265,19.1851714001958 73.0692254001174,19.1851640596298 73.0692699538605,19.1851730283217 73.0692942308311,19.1851937731393 73.0693233874503,19.1852387777865 73.0693330748823,19.1852977389886 73.0693301957818,19.1853652887575 73.0693369960285,19.1854237306796 73.069354272428,19.185470773175 73.0699165450324,19.1859751146809 73.0699944900529,19.1860235373978 73.0700121581179,19.1860292981679 73.0700654955879,19.1860394647813 73.0706493214709,19.1860695005323 73.0707323599391,19.1860630703605 73.0707679296311,19.1860543358809 73.0709175458383,19.1859836828744 73.071083993779,19.185902585783 73.0711847039055,19.1858457229418 73.0712306167997,19.1858066540131 73.0712834664845,19.1857491259766 73.0713425855116,19.1856492090806 73.0713825883895,19.1856065767333 73.0714618036279,19.1855557409812 73.0716414612949,19.1854771397382 73.0717965482421,19.1854365630748 73.0718742022086,19.1854267595492 73.0719571840829,19.1854284818475 73.0719969920264,19.1854294337779 73.07209171039,19.1854191933141 73.0721257215049,19.1854059070112 73.0722325383788,19.1853598512134 73.0722633389149,19.1853420911699 73.0723330904018,19.1852866908174 73.0724392820481,19.1851761640974 73.072582526505,19.1850967083097 73.0726634009317,19.1850730576255 73.0729597281945,19.1850466953722 73.0730352899846,19.1850512802598 73.0733108931138,19.185091071377 73.0737587994027,19.1851982909973 73.0743404846003,19.1852883308201 73.0747952279668,19.1853614352195 73.0751338667777,19.1852700549273 73.0754626636465,19.1851155636957 73.0758984831032,19.184952633033 73.0759673758006,19.1849558120825 73.0762256225802,19.1850467607009 73.0766394710417,19.1850806637524 73.0772439941088,19.1851614566644 73.0776151725943,19.1852027596465 73.0793340117539,19.1851709598637 73.0797175330914,19.1852148658081 73.080218274692,19.1852436528296 73.0804959547261,19.1852728403021 73.0807722163204,19.1853218851199 73.0811295885983,19.1853712794733 73.0815523914665,19.1853905980668 73.0822906116957,19.1854380155746 73.0825137514156,19.1854555779253 73.0826055637292,19.1854865309275 73.0830036117232,19.1856484327748 73.0837343247315,19.1859425421364 73.084175314891,19.1860995235514 73.0847901883468,19.1862930971055 73.0856717958649,19.1866055073632 73.0865188999913,19.1868786947907 73.086821882872,19.1869336839747 73.0877069120731,19.186907965118 73.0889964526466,19.1869154040224 73.0899743730379,19.1868672259114 73.0909544826237,19.1867341179624 73.0909439310123,19.1865240822405 73.0907582474464,19.1853876828852 73.0907177316305,19.1848738355159 73.0906742217297,19.1845223603752 73.0903950361192,19.1827276023302</coordinates></LinearRing></outerBoundaryIs></Polygon></MultiGeometry>
  </Placemark>
  <Placemark>
	<Style><LineStyle><color>ff0000ff</color></LineStyle><PolyStyle><fill>0</fill></PolyStyle></Style>
	<ExtendedData><SchemaData schemaUrl="#kalyan_dombivli_ward_boundary">
		<SimpleData name="objectid">99</SimpleData>
		<SimpleData name="townname">Kalyan-Dombivli</SimpleData>
		<SimpleData name="towncensuscode2011">802790</SimpleData>
		<SimpleData name="town_lgd_code">251483</SimpleData>
		<SimpleData name="ward_lgd_code">2517869</SimpleData>
		<SimpleData name="ward_lgd_name">Kalyan-Dombivli (M Corp.) - Ward No.109</SimpleData>
		<SimpleData name="sourcewardcode">109</SimpleData>
		<SimpleData name="state">Maharashtra</SimpleData>
		<SimpleData name="st_area(shape)">1228033.56282744</SimpleData>
		<SimpleData name="st_length(shape)">4897.36175121617</SimpleData>
	</SchemaData></ExtendedData>
      <MultiGeometry><Polygon><outerBoundaryIs><LinearRing><coordinates>73.1161939881224,19.2144859799957 73.1163375065655,19.2146731971351 73.1167965034549,19.2143890732587 73.1171886297545,19.2139246504913 73.117218613722,19.2138928613487 73.1173736746182,19.2138277841407 73.1175675005137,19.2137708410324 73.1177482568203,19.2137184709655 73.1178723680599,19.2136825125009 73.1180592167407,19.2135796037257 73.1184418721023,19.213303098899 73.1192289301402,19.2126184785475 73.1210653893131,19.2111554618662 73.1211611380443,19.2111087304011 73.1212899375914,19.2110820143401 73.1212886,19.2110505173081 73.1212792305716,19.2108299496934 73.1212549994151,19.210608944912 73.1211995518025,19.210323214977 73.121120458735,19.2100310485239 73.1210725533775,19.2097184995065 73.1209442182594,19.2089268416752 73.1207996281262,19.2074705048195 73.1204055443976,19.2045941032379 73.120383694675,19.2044947390135 73.1203071186869,19.2042651016393 73.1200355534849,19.2044581914912 73.1196048283742,19.2046742800197 73.1191606438055,19.2048268127781 73.1188039497557,19.204915789943 73.1181376729027,19.2049857010236 73.1171940421041,19.2050316766773 73.1171079134313,19.2050200512752 73.1168585339219,19.2049471583566 73.1158203374733,19.2045544423878 73.1145819990743,19.2040060795942 73.1144232101698,19.2039235611028 73.1142423065395,19.2038828854911 73.114124606576,19.2039165674908 73.1141001670104,19.2039235611028 73.1138977262712,19.2041188044083 73.1138201962724,19.2041391421862 73.1138047515377,19.2041386560952 73.1135617608466,19.204131006736 73.113191049485,19.2040790144979 73.1131267292124,19.2040699933916 73.1131596614507,19.2038661199898 73.1131654942118,19.2038300075201 73.1130636171738,19.2038056342072 73.1128424510525,19.2037527231266 73.112467671221,19.2032946014125 73.1123470077154,19.203149940598 73.1118969266052,19.2025096815241 73.1117143062945,19.2021999575954 73.1114658035408,19.2017176649294 73.1113041310442,19.2014381862379 73.1112356273173,19.2013372659468 73.1109811399872,19.2015501289456 73.1107118070987,19.2018035380092 73.1105587943614,19.201960914044 73.1100052731446,19.2025121052166 73.1093251873891,19.2031865359175 73.1090786797936,19.2034503650423 73.1088879117633,19.2036688879018 73.1087462160019,19.2038596939067 73.1082435780577,19.2044422616485 73.1080562748294,19.204688673526 73.1079486943876,19.2048071622267 73.1076636382867,19.2050944380555 73.107476154497,19.205260370497 73.1074109053664,19.2053295187913 73.1074798268099,19.2053941828375 73.1078592976438,19.2057809399131 73.108702665677,19.2066272951884 73.1096637561314,19.2076135195089 73.1104162335224,19.2083521561471 73.1110695449909,19.2090126312509 73.1118678202917,19.2098032393256 73.1122341460781,19.210157406405 73.1130128111562,19.2109314130046 73.1136249860729,19.2115191718217 73.1142858263218,19.2122036779908 73.1147699311233,19.2126898445509 73.1150670533951,19.2130333052028 73.1155921402383,19.2137008734588 73.1161533115081,19.2144329213587 73.1161939881224,19.2144859799957</coordinates></LinearRing></outerBoundaryIs></Polygon></MultiGeometry>
  </Placemark>
  <Placemark>
	<Style><LineStyle><color>ff0000ff</color></LineStyle><PolyStyle><fill>0</fill></PolyStyle></Style>
	<ExtendedData><SchemaData schemaUrl="#kalyan_dombivli_ward_boundary">
		<SimpleData name="objectid">93</SimpleData>
		<SimpleData name="townname">Kalyan-Dombivli</SimpleData>
		<SimpleData name="towncensuscode2011">802790</SimpleData>
		<SimpleData name="town_lgd_code">251483</SimpleData>
		<SimpleData name="ward_lgd_code">2517882</SimpleData>
		<SimpleData name="ward_lgd_name">Kalyan-Dombivli (M Corp.) - Ward No.122</SimpleData>
		<SimpleData name="sourcewardcode">122</SimpleData>
		<SimpleData name="state">Maharashtra</SimpleData>
		<SimpleData name="st_area(shape)">4138895.79620019</SimpleData>
		<SimpleData name="st_length(shape)">9459.2835459688</SimpleData>
	</SchemaData></ExtendedData>
      <MultiGeometry><Polygon><outerBoundaryIs><LinearRing><coordinates>73.0829157007929,19.1676612933304 73.082938688681,19.1675581572292 73.0832085937963,19.1670306805125 73.0833464259036,19.1669737220629 73.0835273295338,19.1669696534197 73.08366895343,19.1669770295856 73.0839367942167,19.1669909800671 73.0840718370551,19.1669692367974 73.0845378452952,19.1668195327166 73.0849895604409,19.1665638195382 73.0851407900224,19.1664825066965 73.085439761027,19.1663143858691 73.085584011597,19.1662451600954 73.0857657533554,19.1661496513221 73.0858160742827,19.1660666123813 73.0858327020986,19.1659990224556 73.0858012925047,19.1656481290164 73.0857172757711,19.1652665894442 73.0857156516171,19.1651838080108 73.0857237786755,19.165119010227 73.0857863651996,19.1649622786523 73.0858482914621,19.1649096631056 73.086167735072,19.1648445147716 73.087020653095,19.1647268874199 73.0876622864647,19.1646383985034 73.0878302696262,19.1645814392273 73.0880758402788,19.1644292841177 73.088105247528,19.1644015066055 73.0882323124283,19.1642774827055 73.0883719240982,19.1641525092044 73.088482205774,19.1640230341408 73.0886234056653,19.1638374488246 73.0887822367907,19.1636174059876 73.0888116638028,19.1635841255871 73.0892818114798,19.1629865655657 73.0895747044832,19.1627261760792 73.0900355797499,19.1624169636662 73.0912163109862,19.1616702388176 73.091269861357,19.1616165488102 73.0919161453049,19.1607485235653 73.0928653744044,19.159551405365 73.0935217563146,19.1586642927585 73.0941037244815,19.1578843253707 73.0941130040784,19.1578565043276 73.0941150549322,19.1577911139115 73.0941096291079,19.1577682900535 73.0940957186957,19.1577416960164 73.0940511029688,19.1576875083191 73.0939321525504,19.1575861080851 73.0939245375318,19.1575717613759 73.0939182493248,19.157544290738 73.0939121515606,19.1570403857814 73.0938494455605,19.1565791768562 73.0929908025743,19.1561711475976 73.0927192149145,19.1560394981602 73.092678241856,19.1560018596497 73.0925571004467,19.1557763585023 73.0925302974136,19.1556722688045 73.0925076149527,19.1556319843495 73.0924725060964,19.1555877446698 73.0923030613759,19.1554124380125 73.0922570757182,19.1553312308353 73.0921549408637,19.155012847536 73.0920366578936,19.1543536179568 73.091914433116,19.1539253028606 73.0918703447002,19.1536532038491 73.091786306407,19.1534560372221 73.0916187274874,19.1532027531958 73.0914058186803,19.1529047930546 73.0913545635051,19.1527595372482 73.0913427353877,19.1525397919119 73.0913111928432,19.1522120347492 73.0913111928432,19.1520779517773 73.0914176467976,19.1516347336564 73.0914767882827,19.1511393704687 73.0914728455769,19.1508563054858 73.0914294758133,19.1505844127144 73.0912945398744,19.150337866434 73.0911395050295,19.1501642895936 73.0910275354192,19.1500178339926 73.0908064672143,19.1498768017015 73.0904562024069,19.1497574673099 73.0902207791238,19.1496842393451 73.0899135795511,19.1495513440666 73.0897441896279,19.1494401458942 73.0895058944307,19.1491906269226 73.089307794351,19.1490306096668 73.0890494029427,19.1488271968285 73.088848430949,19.1487973630489 73.0886216207129,19.1487756657512 73.0882311616864,19.1486698913844 73.0879096079338,19.1484963127894 73.0874961807822,19.1482495045615 73.0870282043333,19.1479104828344 73.086531709069,19.147534389391 73.0862583454398,19.1472231763064 73.086126959643,19.1469331841013 73.0860870807326,19.1466830189317 73.0862232985673,19.1461902096654 73.0862687973381,19.1457842669449 73.0862366295661,19.1454968138532 73.0860340468931,19.1449652084242 73.0857817110281,19.1445546656445 73.085311055803,19.1438686698624 73.0852574515334,19.1438087085739 73.0848768811616,19.1434597588335 73.0848131304208,19.1434237247756 73.0847488775218,19.1434070592015 73.0840326049317,19.1434569761467 73.0838286235818,19.1434985102245 73.0826765791457,19.1438196585374 73.0824762934649,19.1439027867532 73.081567929626,19.1441403055305 73.0814216066426,19.144192663777 73.0809917969152,19.1443758593779 73.0808298306695,19.1444448932044 73.0806588534231,19.1445264536795 73.0805070848525,19.1446193815521 73.0803263959196,19.144723836346 73.0802174680049,19.1447718672325 73.08007528356,19.1448051149375 73.0798290643238,19.144813793896 73.079562633892,19.1447582475354 73.0792451387279,19.1446457604545 73.0791367381242,19.144586498722 73.0789409134771,19.14442629794 73.0788961630029,19.1443198792178 73.0788427680407,19.1441929039408 73.0786883970507,19.1435262310036 73.0786194809971,19.1433543536122 73.0785538761336,19.1432703815722 73.0784094027814,19.143191220431 73.0782572380537,19.1431342630838 73.0779730075046,19.1430447586414 73.0777524881703,19.1430213947049 73.0775910258795,19.1430305617258 73.077444739727,19.1430664566925 73.0772987859512,19.1430962270114 73.0771446170822,19.1431401365247 73.0769595371842,19.1432264797313 73.0767772968608,19.1433755483795 73.0766828201441,19.143498464398 73.0766368084352,19.1435869510773 73.0765363534302,19.1438273802852 73.0763766653121,19.1444214683645 73.0763031283246,19.1448684305048 73.0763122785641,19.145512874993 73.0762762345616,19.1458166658192 73.0761441678418,19.1462341769107 73.0760033533278,19.1466477119984 73.0759114071652,19.1470929632314 73.0758705239383,19.1474843311111 73.0758525800905,19.1477767383594 73.0758763396314,19.1484005586713 73.0759465753102,19.1491568946965 73.0759078103108,19.1494620628939 73.0757742856253,19.1506623873583 73.0756924482045,19.1513256133119 73.0755589235191,19.1517324996166 73.0753416390181,19.1523936150608 73.0752254976317,19.1527913008555 73.0751979121659,19.1528857583251 73.075181503539,19.1529335017095 73.0751517504384,19.1529794978335 73.0746673231417,19.1535227853991 73.0743615087712,19.1540557982136 73.0738661759269,19.1553984958857 73.0738228043667,19.1555250475855 73.0736914850452,19.1559082168992 73.073672349133,19.1560258980618 73.073672349133,19.1562889015499 73.0736910538538,19.1563909712565 73.0737972598732,19.156712701204 73.0739523207694,19.1572212921063 73.0739566272929,19.1575020329744 73.0739350910822,19.1578397358378 73.0739480133476,19.1581001330406 73.0739585523825,19.1594747153948 73.0749541444321,19.1597109244959 73.0751450265485,19.159745836601 73.0752384719993,19.1597629281965 73.076157630893,19.1599310361878 73.0767304946345,19.1600246147097 73.0769501641625,19.1600368211534 73.07848089161,19.1600448544099 73.078513526506,19.160052410779 73.0785387494025,19.1600628997484 73.0785506457918,19.1600843783318 73.0785542085102,19.1601040698592 73.0785493683875,19.160128771242 73.0785306367172,19.1602243649642 73.0784435989493,19.1605160911544 73.0783386541646,19.1608047365934 73.0782338405338,19.1611218460719 73.0781336909561,19.1614066414435 73.0779602307663,19.1618999058938 73.0779076496777,19.1620494311567 73.0777269409819,19.162558236403 73.0775422123253,19.163101027416 73.0773989930212,19.1635188129619 73.0773471045337,19.1637218691169 73.0773496261047,19.1637801473124 73.077364163541,19.1638264009113 73.0773772475031,19.1638592264487 73.077400958535,19.1638924312742 73.077456652286,19.1639110990153 73.0778291261421,19.1639130430059 73.0780675066792,19.1639578718799 73.0782795315441,19.1640326463231 73.0783843002591,19.1640777008743 73.078535588231,19.1641158534494 73.0786637445844,19.1641352924812 73.0789393010012,19.1641501307681 73.0790082511908,19.1641457888277 73.0790828598684,19.1641292373533 73.0791241302692,19.1641229030579 73.0791892320762,19.1641328885887 73.079356321414,19.1641978776798 73.0795206017198,19.1642668446625 73.0795949211399,19.1643164430364 73.0797192201275,19.1643689917385 73.079800019994,19.1643875372372 73.0799755328342,19.1644140631685 73.0800541632694,19.1644127369144 73.0801786482082,19.1644198382707 73.0803419834864,19.1644472135762 73.0804608880907,19.1644631846237 73.0807479689942,19.1644813728803 73.0808197066562,19.1644967626809 73.0810725419845,19.164603803936 73.0814660624694,19.1647207550975 73.081582229907,19.1647475558987 73.0816172642031,19.1647666435649 73.081638057507,19.1647968053824 73.0816848264956,19.1648950709603 73.08169588835,19.1649183138534 73.0818006408953,19.1652463995996 73.0818557731992,19.1655354270789 73.0818640439881,19.1657619619595 73.0818364773869,19.165871323105 73.0817399947322,19.1661264993945 73.0814305592528,19.1667707148849 73.0813347691991,19.1669701413174 73.081268610075,19.1672201085597 73.0811193549906,19.1682914217815 73.081105229881,19.1683928060981 73.0810432973304,19.1689718855439 73.0810527233527,19.169052838239 73.0810968656674,19.1691423107505 73.0811526833859,19.1691792182428 73.0812078480292,19.1691970716675 73.0812946396587,19.1692073827173 73.081895701517,19.1692423793591 73.0824260057753,19.1692113163929 73.0826113111504,19.1691788398089 73.0829852106329,19.16901426425 73.0830061530571,19.1687597737834 73.0829307879981,19.1678445171717 73.082930411604,19.167839947927 73.0829157007929,19.1676612933304</coordinates></LinearRing></outerBoundaryIs></Polygon></MultiGeometry>
  </Placemark>
  <Placemark>
	<Style><LineStyle><color>ff0000ff</color></LineStyle><PolyStyle><fill>0</fill></PolyStyle></Style>
	<ExtendedData><SchemaData schemaUrl="#kalyan_dombivli_ward_boundary">
		<SimpleData name="objectid">94</SimpleData>
		<SimpleData name="townname">Kalyan-Dombivli</SimpleData>
		<SimpleData name="towncensuscode2011">802790</SimpleData>
		<SimpleData name="town_lgd_code">251483</SimpleData>
		<SimpleData name="ward_lgd_code">2517880</SimpleData>
		<SimpleData name="ward_lgd_name">Kalyan-Dombivli (M Corp.) - Ward No.120</SimpleData>
		<SimpleData name="sourcewardcode">120</SimpleData>
		<SimpleData name="state">Maharashtra</SimpleData>
		<SimpleData name="st_area(shape)">6470077.08844384</SimpleData>
		<SimpleData name="st_length(shape)">11311.1971918025</SimpleData>
	</SchemaData></ExtendedData>
      <MultiGeometry><Polygon><outerBoundaryIs><LinearRing><coordinates>73.0963026233289,19.1829295191228 73.0965244380338,19.1829859222705 73.0967290904252,19.183013336065 73.0968668731252,19.1830108806933 73.0971813023392,19.1829824046572 73.0975120099246,19.1828695296167 73.0977009283237,19.18279022798 73.0980906875626,19.1825841002214 73.0982301168745,19.1824728759684 73.0985733505681,19.1821614123651 73.0994684498835,19.1808329167863 73.1022890610609,19.1807750128473 73.1035603343932,19.1804845824618 73.1052703116725,19.1798052013544 73.1060111576772,19.1794268618376 73.1079580332733,19.1785806797693 73.1096766244979,19.1777751762762 73.1101073496086,19.17749853747 73.1111216230229,19.1766651649997 73.111216428523,19.1765987333377 73.1117785609902,19.1762048390868 73.1136523343834,19.175057516521 73.1134697203609,19.1747867590411 73.1132570693702,19.1741160522158 73.1131412262244,19.1739043534993 73.1129723465443,19.1737248425695 73.1128175892787,19.173623596442 73.1122926371829,19.1734227755151 73.111841063971,19.1732521663713 73.111442768042,19.1730577739745 73.1113462862855,19.172982265442 73.1113374558463,19.1729594385963 73.1112939100129,19.1728468714768 73.1112911530833,19.1726437798961 73.1112939100129,19.1716257159073 73.1112470467012,19.1702561366557 73.1112056972486,19.1688188477956 73.1111722763268,19.1686489500273 73.1111575736006,19.1685742099215 73.1111326740975,19.1685139886361 73.1110955000144,19.1684508705147 73.1108722947175,19.1682121945848 73.1105694923981,19.1679897384778 73.1103803027077,19.1678949171624 73.1101814992471,19.1678448964571 73.1097900547688,19.1678202471413 73.1079169497221,19.1676804171454 73.1077842685547,19.1676605135457 73.1077146212724,19.1676397393679 73.1075448351921,19.1675824705724 73.1074846965771,19.1675556065935 73.1074400988165,19.1675182507216 73.1073906717129,19.1674444485612 73.1073712142039,19.1674153953896 73.107111852615,19.1668187783836 73.1069426899655,19.1664296464125 73.1068834487675,19.1662377397736 73.1068775064119,19.1661632242813 73.1068869468072,19.166086293012 73.1069301153482,19.165953091905 73.1069663785396,19.1658784693701 73.1069944257394,19.1657553222582 73.1069944257394,19.1655669192431 73.106943896403,19.1653673239532 73.1068916647591,19.1652357599221 73.1068818821057,19.1651814626819 73.1068818821057,19.1650852863497 73.1068924319204,19.165010546325 73.1068849417675,19.1649655056052 73.1068653935286,19.1649251131117 73.1068385994786,19.164907430627 73.1054082623574,19.1646607487794 73.1053460162947,19.1646459241149 73.105320650566,19.1646334405432 73.1053050315582,19.1646140338142 73.1052715261947,19.1645428107345 73.1052571235058,19.1644838590752 73.1052014108902,19.1641220621622 73.1051077282842,19.1637622551169 73.1048847529559,19.1632114060257 73.1046876158702,19.1625906939263 73.1045397864121,19.1618226807358 73.1045327193657,19.1615917509162 73.1045923854669,19.161186009016 73.1046297886204,19.1610463507397 73.1047598997078,19.1600519551058 73.1046730685525,19.1587183027859 73.1046561757335,19.1586552437076 73.1046230665271,19.158583727846 73.1045794587099,19.1585474179145 73.1045531955643,19.1585328752713 73.1044376776087,19.1584958720538 73.1040551336382,19.1584958720538 73.1036835949282,19.1584958720538 73.1036661523404,19.1584834177162 73.1036318034589,19.1584437245468 73.1036173774137,19.1584178323793 73.1036179837765,19.1583819365096 73.1036401883337,19.1583278898839 73.1037578326016,19.1581628809084 73.1038208179778,19.1580421175896 73.1038503294315,19.1579483512585 73.1038515718016,19.1579309039265 73.1038479938118,19.157917052809 73.1038425428346,19.1579106970609 73.1038318259333,19.1579060325017 73.1038069875157,19.1579025185958 73.1037758842473,19.1579062497342 73.1036364702068,19.1579378562146 73.1034693727841,19.1579951122375 73.1025718327461,19.1583857363706 73.1022204351632,19.1584986213931 73.1021671129645,19.1585089008667 73.1021068997893,19.158503505713 73.1020657273049,19.1584814872386 73.1020098493993,19.1584357574001 73.101972871149,19.1583911238911 73.1014757811999,19.1576494832386 73.1012215328217,19.1572063360934 73.1011881810702,19.157133481411 73.101058936857,19.1569057823181 73.1008448512568,19.1566410979459 73.1007272177687,19.1565265000829 73.1006703436314,19.1564950350435 73.1005827255518,19.1564711748999 73.1002701881898,19.1564338555511 73.100204796227,19.1564299953965 73.0995702604462,19.1563194264101 73.0984751629109,19.1561264549242 73.098032898042,19.1560050740493 73.0978044241259,19.1559546602411 73.0974891361225,19.1559125658451 73.0973141919158,19.1559222879662 73.0970488358691,19.1559849543509 73.0968097052388,19.1560607880355 73.0959597983687,19.1564376333941 73.09536481541,19.1566405905004 73.0952605874808,19.1566542601309 73.0950034492223,19.1566580006317 73.0943715338273,19.1566194899312 73.0938494455605,19.1565791768562 73.0939121515606,19.1570403857814 73.0939182493248,19.157544290738 73.0939245375318,19.1575717613759 73.0939321525504,19.1575861080851 73.0940511029688,19.1576875083191 73.0940957186957,19.1577416960164 73.0941096291079,19.1577682900535 73.0941150549322,19.1577911139115 73.0941130040784,19.1578565043276 73.0941037244815,19.1578843253707 73.0935217563146,19.1586642927585 73.0928653744044,19.159551405365 73.0919161453049,19.1607485235653 73.091269861357,19.1616165488102 73.0912163109862,19.1616702388176 73.0900355797499,19.1624169636662 73.0895747044832,19.1627261760792 73.0892818114798,19.1629865655657 73.0888116638028,19.1635841255871 73.0887822367907,19.1636174059876 73.0886234056653,19.1638374488246 73.088482205774,19.1640230341408 73.0883719240982,19.1641525092044 73.0882323124283,19.1642774827055 73.088105247528,19.1644015066055 73.0880758402788,19.1644292841177 73.0878302696262,19.1645814392273 73.0876622864647,19.1646383985034 73.087020653095,19.1647268874199 73.086167735072,19.1648445147716 73.0858482914621,19.1649096631056 73.0857863651996,19.1649622786523 73.0857237786755,19.165119010227 73.0857156516171,19.1651838080108 73.0857172757711,19.1652665894442 73.0858012925047,19.1656481290164 73.0858327020986,19.1659990224556 73.0858160742827,19.1660666123813 73.0857657533554,19.1661496513221 73.085584011597,19.1662451600954 73.085439761027,19.1663143858691 73.0851407900224,19.1664825066965 73.0849895604409,19.1665638195382 73.0845378452952,19.1668195327166 73.0840718370551,19.1669692367974 73.0839367942167,19.1669909800671 73.08366895343,19.1669770295856 73.0835273295338,19.1669696534197 73.0833464259036,19.1669737220629 73.0832085937963,19.1670306805125 73.082938688681,19.1675581572292 73.0829157007929,19.1676612933304 73.082930411604,19.167839947927 73.0829307879981,19.1678445171717 73.0830061530571,19.1687597737834 73.0829852106329,19.16901426425 73.083296987122,19.1693058051851 73.0840296575593,19.1701185886505 73.084390719218,19.1705697219545 73.0844181968859,19.1706235524423 73.0844695966899,19.1706726593195 73.0846152648014,19.1706847546699 73.0846837694267,19.1707153108048 73.0846951870139,19.1707548533809 73.084710410763,19.1708123696841 73.084722423035,19.1709206626142 73.0847413711993,19.1711757012666 73.0848286721736,19.1712981383804 73.0850613807479,19.1714598793831 73.0852696982657,19.1715694081438 73.0858773843008,19.1718274375782 73.0860222636915,19.1718674015884 73.0860468146483,19.1718869041915 73.0860670680647,19.1719134390978 73.0862001606606,19.1721647903683 73.0863220665362,19.1724793316768 73.0865123593577,19.1728107225055 73.0866392940023,19.1730612094965 73.0870162001461,19.1738086226197 73.0872919416158,19.1738736333502 73.0874606578026,19.174015832143 73.0881829940209,19.1747211174032 73.088560824531,19.1751087101764 73.0889843469499,19.1755205870586 73.0891235085638,19.1756657269348 73.0892054618671,19.1758037802418 73.0893920329685,19.1761565602686 73.0896489331735,19.1767133681552 73.0897327639558,19.1770505166431 73.0897903899829,19.1781190627613 73.0899433021089,19.1791938559099 73.0901017523486,19.1805656915542 73.0901441168974,19.1813754058028 73.0901682905617,19.1816290936716 73.090304697941,19.1822899432882 73.0903950361192,19.1827276023302 73.0906742217297,19.1845223603752 73.0924486001301,19.183553449076 73.0926031660545,19.1834969086765 73.0926204442507,19.1834905887005 73.0929843212295,19.1834567421667 73.0929732944094,19.1832484568261 73.0930063739714,19.1831260888324 73.0930697761658,19.1830740178416 73.0931910684922,19.1830557926092 73.0935515471443,19.1830390826799 73.093691616955,19.1830146782896 73.0938967679114,19.1829334244723 73.0943984760992,19.1826730673523 73.0948166238977,19.1829213834726 73.0949630699503,19.182937655621 73.0951233410751,19.1828935047199 73.0952357876907,19.182792035998 73.0952940245723,19.1827394829896 73.0953321194285,19.182715063283 73.0953765653739,19.1827017063417 73.095629972929,19.1827166651317 73.0958446945364,19.18276612899 73.0963026233289,19.1829295191228</coordinates></LinearRing></outerBoundaryIs></Polygon></MultiGeometry>
  </Placemark>
  <Placemark>
	<Style><LineStyle><color>ff0000ff</color></LineStyle><PolyStyle><fill>0</fill></PolyStyle></Style>
	<ExtendedData><SchemaData schemaUrl="#kalyan_dombivli_ward_boundary">
		<SimpleData name="objectid">95</SimpleData>
		<SimpleData name="townname">Kalyan-Dombivli</SimpleData>
		<SimpleData name="towncensuscode2011">802790</SimpleData>
		<SimpleData name="town_lgd_code">251483</SimpleData>
		<SimpleData name="ward_lgd_code">2517870</SimpleData>
		<SimpleData name="ward_lgd_name">Kalyan-Dombivli (M Corp.) - Ward No.110</SimpleData>
		<SimpleData name="sourcewardcode">110</SimpleData>
		<SimpleData name="state">Maharashtra</SimpleData>
		<SimpleData name="st_area(shape)">1099722.98906417</SimpleData>
		<SimpleData name="st_length(shape)">4398.14130322768</SimpleData>
	</SchemaData></ExtendedData>
      <MultiGeometry><Polygon><outerBoundaryIs><LinearRing><coordinates>73.1052315457747,19.1919482141292 73.1050377198791,19.1919929607166 73.1049453730679,19.1919988179942 73.1046862486343,19.1919623703514 73.104531876746,19.1919649740577 73.1042451866096,19.1920560935722 73.1041652437358,19.1920951448985 73.1041073545023,19.1921680409656 73.1040465250828,19.1927895392223 73.104012605596,19.1931361006952 73.1039955636567,19.1931908858739 73.1039780761531,19.1932165757524 73.1036932679872,19.1934281020262 73.1035318110863,19.1935783740949 73.1034682103642,19.1936137685395 73.1033365658525,19.19364484981 73.1032403868283,19.1936607976657 73.1031921248397,19.1936937691186 73.1030969420471,19.1940329214951 73.1030638130778,19.1940691285883 73.1021668353851,19.1945006268017 73.1021284512713,19.1945241616008 73.101826392757,19.1948051748681 73.1016095169896,19.195006939412 73.1008121858181,19.1955927563689 73.0998798495376,19.1965567857314 73.0998090308521,19.1966300115331 73.0996954451727,19.1967641413946 73.0996355877303,19.1968663294012 73.0994038520314,19.1971440402358 73.0998536250195,19.1976964327037 73.1005587477203,19.1984122311695 73.1010640473726,19.1989393163996 73.1018082153472,19.1996789684383 73.1024513237507,19.2003557148611 73.1030967291464,19.2010064296565 73.1038500850898,19.2017417339981 73.104222169077,19.2021343294314 73.1048055601754,19.2026896005088 73.1054785276806,19.203359827005 73.1062203995614,19.2041276566949 73.1070171189801,19.2049225510722 73.1072479024648,19.2051765835466 73.1074109053664,19.2053295187913 73.107476154497,19.205260370497 73.1076636382867,19.2050944380555 73.1079486943876,19.2048071622267 73.1080562748294,19.204688673526 73.1082435780577,19.2044422616485 73.1087462160019,19.2038596939067 73.1088879117633,19.2036688879018 73.1090786797936,19.2034503650423 73.1093251873891,19.2031865359175 73.1100052731446,19.2025121052166 73.1105587943614,19.201960914044 73.1107118070987,19.2018035380092 73.1109811399872,19.2015501289456 73.1112356273173,19.2013372659468 73.1108590903811,19.2004730631133 73.1105122301886,19.1996769688788 73.1100901208198,19.1989041097382 73.1097756916057,19.198481069299 73.1094914134459,19.198005147929 73.1088869361928,19.1965351515619 73.1087895660026,19.196298360678 73.1085840152959,19.1958485670084 73.1079820515291,19.1942382934383 73.1077704776184,19.1936723237615 73.1076919792356,19.1935111611097 73.1073663327586,19.1930021214344 73.107162124135,19.1923699682391 73.1069198817405,19.1913072497238 73.1065407010624,19.1914741352387 73.1052315457747,19.1919482141292</coordinates></LinearRing></outerBoundaryIs></Polygon></MultiGeometry>
  </Placemark>
  <Placemark>
	<Style><LineStyle><color>ff0000ff</color></LineStyle><PolyStyle><fill>0</fill></PolyStyle></Style>
	<ExtendedData><SchemaData schemaUrl="#kalyan_dombivli_ward_boundary">
		<SimpleData name="objectid">96</SimpleData>
		<SimpleData name="townname">Kalyan-Dombivli</SimpleData>
		<SimpleData name="towncensuscode2011">802790</SimpleData>
		<SimpleData name="town_lgd_code">251483</SimpleData>
		<SimpleData name="ward_lgd_code">2517876</SimpleData>
		<SimpleData name="ward_lgd_name">Kalyan-Dombivli (M Corp.) - Ward No.116</SimpleData>
		<SimpleData name="sourcewardcode">116</SimpleData>
		<SimpleData name="state">Maharashtra</SimpleData>
		<SimpleData name="st_area(shape)">1984039.97146354</SimpleData>
		<SimpleData name="st_length(shape)">6033.78444515096</SimpleData>
	</SchemaData></ExtendedData>
      <MultiGeometry><Polygon><outerBoundaryIs><LinearRing><coordinates>73.090818709455,19.184816983349 73.0912595262396,19.1857158432587 73.0917086757969,19.1864964272316 73.0921259405514,19.1871256946178 73.0928312725596,19.1880470909494 73.0929156171783,19.1881572729851 73.0937257709021,19.1892591249194 73.0949844094298,19.1909959487552 73.0957828491223,19.1921147732132 73.0964773061258,19.1931003141948 73.0971420540462,19.1939841397247 73.0973404218238,19.1942704121563 73.097403552727,19.1943938543957 73.0974551097361,19.1945605382612 73.0974653792765,19.1946801753204 73.0974597989419,19.1948501531333 73.0974181485538,19.1954246279242 73.0974516745785,19.1959112894714 73.0974825963872,19.1961739467896 73.0975229711676,19.1962945277567 73.0975854615721,19.1964025256672 73.097647227036,19.1964819972072 73.0982378585556,19.1969596366765 73.0983319301321,19.197014625038 73.0985354425614,19.1970848185875 73.0987339684426,19.1971401929121 73.0988592744416,19.1971514421981 73.0989409869965,19.1971476508664 73.0994038520314,19.1971440402358 73.0996355877303,19.1968663294012 73.0996954451727,19.1967641413946 73.0998090308521,19.1966300115331 73.0998798495376,19.1965567857314 73.1008121858181,19.1955927563689 73.1016095169896,19.195006939412 73.101826392757,19.1948051748681 73.1021284512713,19.1945241616008 73.1021668353851,19.1945006268017 73.1030638130778,19.1940691285883 73.1030969420471,19.1940329214951 73.1031921248397,19.1936937691186 73.1032403868283,19.1936607976657 73.1033365658525,19.19364484981 73.1034682103642,19.1936137685395 73.1035318110863,19.1935783740949 73.1036932679872,19.1934281020262 73.1039780761531,19.1932165757524 73.1039955636567,19.1931908858739 73.104012605596,19.1931361006952 73.1040465250828,19.1927895392223 73.1041073545023,19.1921680409656 73.1041652437358,19.1920951448985 73.1042451866096,19.1920560935722 73.104531876746,19.1919649740577 73.1046862486343,19.1919623703514 73.1049453730679,19.1919988179942 73.1050377198791,19.1919929607166 73.1052315457747,19.1919482141292 73.1065407010624,19.1914741352387 73.1069198817405,19.1913072497238 73.1069318616731,19.1912521474676 73.1070879691066,19.1907749597488 73.1075960804858,19.1896541926786 73.1076873061995,19.1894346976041 73.1077329190564,19.1892993086787 73.1077481571785,19.1892232374646 73.1077427897447,19.1891687708135 73.1077360694481,19.1891428894125 73.1077000919209,19.1890955756285 73.107563500387,19.1889833996218 73.107357156468,19.188821342402 73.1072333506555,19.1887146715144 73.1066750450115,19.1882164783322 73.1064871264372,19.1879854599381 73.1064355334955,19.1878907909677 73.1060961526761,19.1872048609657 73.1060500771869,19.18701629413 73.1060376013842,19.1868391034831 73.1060656081598,19.1866759887227 73.10607588309,19.1864940321494 73.1060556584197,19.1863847042059 73.1059910408047,19.1862449306903 73.1059208967541,19.186161842488 73.1054581161607,19.1857592722452 73.1050915846602,19.1853714287958 73.1047804935857,19.1850620026518 73.1042435822185,19.1848281766326 73.1037305336985,19.1846056190902 73.1035217346837,19.1844196844954 73.1034483135789,19.1843364715016 73.1032723237333,19.1840234274039 73.1031893939612,19.1838759158917 73.1029385403165,19.18325626751 73.1027042264527,19.1825637165096 73.1025141986341,19.1817248310366 73.1023467050544,19.1810370274364 73.1022890610609,19.1807750128473 73.0994684498835,19.1808329167863 73.0985733505681,19.1821614123651 73.0982301168745,19.1824728759684 73.0980906875626,19.1825841002214 73.0977009283237,19.18279022798 73.0975120099246,19.1828695296167 73.0971813023392,19.1829824046572 73.0968668731252,19.1830108806933 73.0967290904252,19.183013336065 73.0965244380338,19.1829859222705 73.0963026233289,19.1829295191228 73.0958446945364,19.18276612899 73.095629972929,19.1827166651317 73.0953765653739,19.1827017063417 73.0953321194285,19.182715063283 73.0952940245723,19.1827394829896 73.0952357876907,19.182792035998 73.0951233410751,19.1828935047199 73.0949630699503,19.182937655621 73.0948166238977,19.1829213834726 73.0943984760992,19.1826730673523 73.0938967679114,19.1829334244723 73.093691616955,19.1830146782896 73.0935515471443,19.1830390826799 73.0931910684922,19.1830557926092 73.0930697761658,19.1830740178416 73.0930063739714,19.1831260888324 73.0929732944094,19.1832484568261 73.0929843212295,19.1834567421667 73.0926204442507,19.1834905887005 73.0926031660545,19.1834969086765 73.0924486001301,19.183553449076 73.0906742217297,19.1845223603752 73.090818709455,19.184816983349</coordinates></LinearRing></outerBoundaryIs></Polygon></MultiGeometry>
  </Placemark>
  <Placemark>
	<Style><LineStyle><color>ff0000ff</color></LineStyle><PolyStyle><fill>0</fill></PolyStyle></Style>
	<ExtendedData><SchemaData schemaUrl="#kalyan_dombivli_ward_boundary">
		<SimpleData name="objectid">97</SimpleData>
		<SimpleData name="townname">Kalyan-Dombivli</SimpleData>
		<SimpleData name="towncensuscode2011">802790</SimpleData>
		<SimpleData name="town_lgd_code">251483</SimpleData>
		<SimpleData name="ward_lgd_code">2517868</SimpleData>
		<SimpleData name="ward_lgd_name">Kalyan-Dombivli (M Corp.) - Ward No.108</SimpleData>
		<SimpleData name="sourcewardcode">108</SimpleData>
		<SimpleData name="state">Maharashtra</SimpleData>
		<SimpleData name="st_area(shape)">2698662.12474268</SimpleData>
		<SimpleData name="st_length(shape)">7464.83250336286</SimpleData>
	</SchemaData></ExtendedData>
      <MultiGeometry><Polygon><outerBoundaryIs><LinearRing><coordinates>73.1213928252342,19.2117262193586 73.1235265387314,19.2119995983591 73.1236330950937,19.2121679643492 73.1239337908637,19.2126430829838 73.1239314741086,19.2133119362706 73.1237134368195,19.2139045743443 73.1238932876242,19.2139719316869 73.1243824265846,19.2141551218034 73.1243319834865,19.2143193740028 73.1243024837108,19.2144154291145 73.1242666472192,19.2145247587917 73.12410676237,19.2148163022629 73.1244547670161,19.2150404773123 73.1258535418298,19.2159657703295 73.1268100068589,19.2149975022445 73.1268496171731,19.2149620742287 73.1269516127888,19.2147902713593 73.1269597829663,19.2147681034803 73.1270493108641,19.2145251727488 73.1270544752787,19.2144987252971 73.1270559134815,19.2144811389016 73.1270611982702,19.2144632098018 73.1270721478353,19.2144497680652 73.1270886148527,19.2144426705633 73.127155541138,19.2144426705633 73.1272939832014,19.2144545548708 73.1274785726193,19.2144704006129 73.1275770046182,19.2144669897068 73.1275895963036,19.2144611646152 73.1276121970178,19.2144389237404 73.1279551100129,19.2137972487321 73.1280640487074,19.2136274771182 73.1281342107243,19.2135486025665 73.1284787900943,19.2132492475873 73.1285973254909,19.2131971852799 73.1286708912245,19.213179292516 73.1287189340242,19.2131676066138 73.1289612015715,19.2131086799979 73.1290142255295,19.2131698002654 73.1290728361102,19.2132373614961 73.1308121640448,19.2127704763063 73.1314214895053,19.2125389248854 73.1316586357572,19.2123772089726 73.1319956549057,19.2119085416356 73.1320837311261,19.211822911352 73.1321602397405,19.2117743884946 73.1323000562263,19.2116532556114 73.1324848908842,19.2114005335683 73.1325907223061,19.211269933498 73.1330712077954,19.2100598286596 73.1332084973203,19.2097140629099 73.1334191603392,19.2091889743229 73.1337221153722,19.2083939495671 73.1338685048309,19.2080422871314 73.1342593950486,19.2071032722046 73.134569331788,19.2063587248373 73.1346117439475,19.2062568379404 73.1362281086893,19.2061614694403 73.1369886071375,19.2060089379196 73.1383364259151,19.2055527430838 73.1380677955092,19.2050797705769 73.13792060116,19.2047507326235 73.1374413212098,19.2031772534762 73.1373030866572,19.2026451571403 73.1372553232336,19.2024123002968 73.1372541428473,19.2024065451901 73.1372531690735,19.2024017970573 73.1372351839032,19.2023736509849 73.1371566864187,19.2022508077187 73.137153421941,19.2022317956568 73.1371401466377,19.202154486759 73.1371649563093,19.2017457729389 73.1370649854962,19.2017080091361 73.1370133413505,19.2016885007332 73.137027124202,19.2016130053297 73.1370555540841,19.2015341462243 73.1371113727009,19.2013793139548 73.1369449957271,19.2010570392195 73.1368819699268,19.2007338968455 73.1368355333148,19.2004958089456 73.1368203769393,19.2004180962678 73.136618423087,19.200334772593 73.1365364428342,19.2003009481861 73.1366560166834,19.1999061307957 73.1365061902704,19.1997091501615 73.1363034836299,19.1995482360498 73.1361360295761,19.1994344866898 73.1360215123437,19.1993607819694 73.1359186238026,19.1992602939117 73.1355847137233,19.199449179274 73.1355073759639,19.1994829716187 73.1352961281416,19.1995752772057 73.1347942474773,19.1997447757351 73.1343853613094,19.1998557770799 73.1339913961584,19.199889793305 73.1333497951279,19.1998940452266 73.1329130135755,19.1999187050124 73.1324665095568,19.1999430110333 73.13202870662,19.1999620572937 73.1318343731762,19.1999856642696 73.1315935330519,19.2000149212376 73.1314537057864,19.2000319068534 73.1312592061543,19.2000741596467 73.1304179329924,19.2003841463229 73.1300835656706,19.2004578887604 73.129426760654,19.2005670563509 73.1292533642446,19.200542245657 73.1291735004226,19.2004605440814 73.1290927463701,19.2003534540192 73.1286836967089,19.199659681214 73.1285558251215,19.1993228267403 73.1284908122477,19.1990128838756 73.1284850208091,19.1989274275774 73.1284558570034,19.1987487252601 73.1283850392163,19.1985313682924 73.1282821560651,19.1983325586529 73.1274752623274,19.1971284473332 73.1258308324195,19.1954071311132 73.1256296601015,19.1952037330945 73.1256049717025,19.1951864016927 73.1255734794636,19.195175604455 73.1255489114389,19.1951728896626 73.1255218281314,19.1951741919146 73.1254889991993,19.1951852105777 73.1254650060964,19.1951987124262 73.1254451524303,19.1952187153514 73.1254286108527,19.1952336110729 73.1253603640439,19.1953061791268 73.124093505033,19.1968354761006 73.1236311143085,19.1973912486269 73.1234577170008,19.1977336434485 73.1231949957128,19.1986913519054 73.1227746398554,19.1999567101566 73.122338522158,19.2013163390738 73.1223206537687,19.2013910660169 73.1222506830929,19.201586314873 73.1221194536029,19.2018293470071 73.1219241921995,19.2021221396806 73.1213696720561,19.2029506809849 73.1211672043674,19.2032347559096 73.1206595259762,19.2038556558662 73.1203071186869,19.2042651016393 73.120383694675,19.2044947390135 73.1204055443976,19.2045941032379 73.1207996281262,19.2074705048195 73.1209442182594,19.2089268416752 73.1210725533775,19.2097184995065 73.121120458735,19.2100310485239 73.1211995518025,19.210323214977 73.1212549994151,19.210608944912 73.1212792305716,19.2108299496934 73.1212899375914,19.2110820143401 73.121375498529,19.2116177335633 73.1213928252342,19.2117262193586</coordinates></LinearRing></outerBoundaryIs></Polygon></MultiGeometry>
  </Placemark>
  <Placemark>
	<Style><LineStyle><color>ff0000ff</color></LineStyle><PolyStyle><fill>0</fill></PolyStyle></Style>
	<ExtendedData><SchemaData schemaUrl="#kalyan_dombivli_ward_boundary">
		<SimpleData name="objectid">98</SimpleData>
		<SimpleData name="townname">Kalyan-Dombivli</SimpleData>
		<SimpleData name="towncensuscode2011">802790</SimpleData>
		<SimpleData name="town_lgd_code">251483</SimpleData>
		<SimpleData name="ward_lgd_code">2517871</SimpleData>
		<SimpleData name="ward_lgd_name">Kalyan-Dombivli (M Corp.) - Ward No.111</SimpleData>
		<SimpleData name="sourcewardcode">111</SimpleData>
		<SimpleData name="state">Maharashtra</SimpleData>
		<SimpleData name="st_area(shape)">1368565.0659625</SimpleData>
		<SimpleData name="st_length(shape)">7973.94655091904</SimpleData>
	</SchemaData></ExtendedData>
      <MultiGeometry><Polygon><outerBoundaryIs><LinearRing><coordinates>73.0959300416749,19.205083860335 73.0961011608551,19.2049896889854 73.0962572359492,19.2053748275692 73.0961949422758,19.2055017692783 73.0962203008179,19.2055847849411 73.0962595509076,19.2057132806072 73.0962433947073,19.2057332322032 73.0962035571194,19.2057824278627 73.0962462576381,19.2059172501242 73.0962486363769,19.205924759428 73.0965220341421,19.2067879741795 73.0965999387385,19.2069199410467 73.0967896719096,19.2070828066982 73.0969652566151,19.2071636006854 73.0969850447042,19.2071727056048 73.0970133191777,19.2071857161461 73.0970994640202,19.2073321455306 73.0971433970275,19.2076200837196 73.0972024702406,19.2080072580176 73.0972185357111,19.2081125540198 73.0973719607751,19.2080961605077 73.0974048292331,19.2080926485209 73.0975560327633,19.2080764925325 73.0979566068199,19.2081944494499 73.098142011908,19.2082822006889 73.098279908694,19.2082959737686 73.0985145567311,19.2083140621739 73.0986749787728,19.208318584487 73.0987080978608,19.2083428375202 73.0987333513,19.2084580991845 73.098762812448,19.2087740743463 73.0987754364727,19.2089588896616 73.0991352988806,19.2089558281414 73.099437121138,19.2089694934303 73.0995903243181,19.2090133336444 73.0996699473916,19.2090445553686 73.0997010416769,19.2090567479996 73.0999034815177,19.2093107189489 73.100496232163,19.209258758887 73.1005568046643,19.2092534493773 73.101287313755,19.2091753548604 73.1015707780413,19.2091570519298 73.1016098403831,19.2091545290841 73.101626319977,19.2090914189069 73.1016594606244,19.2089644986312 73.1017715676769,19.2089428448858 73.1017807520524,19.2089410702388 73.1017824220205,19.2089146549727 73.1017876160795,19.2088325037139 73.1017907835392,19.2087823953451 73.1017917788725,19.2087666584859 73.1018211726469,19.2087666584859 73.101833128325,19.2087666584859 73.1018337499592,19.2087601452191 73.1018634518558,19.2084490715319 73.1018964990784,19.2084364199233 73.1019654474715,19.2084100240871 73.1019751690394,19.2082526364082 73.1019840372079,19.2081090734207 73.1019847432837,19.2080976433465 73.101783508982,19.2078737701598 73.1019213410893,19.2077227858442 73.101935423978,19.2076629411042 73.1019819872524,19.2074650705506 73.1020891059602,19.2073326112527 73.1025145696383,19.2068064987833 73.101237694412,19.2055360990624 73.1000495835155,19.2044557610408 73.0999475878999,19.2043984897786 73.0997739201993,19.2042943603913 73.0997175437287,19.2042284073057 73.0996347873314,19.2041315929296 73.0995892247802,19.2040782917235 73.1002657451224,19.2034889504765 73.1002975239238,19.2033897425256 73.1003572142796,19.2032033965012 73.1003996767447,19.2030708345164 73.1011526518024,19.2023782718682 73.1014750445814,19.2026664138462 73.101551613383,19.2029576814247 73.1019601078854,19.2033829516418 73.1020453894469,19.2034717353203 73.1022135576614,19.203320339765 73.1022687627288,19.2032706411573 73.102618175035,19.2029560780763 73.1027538457957,19.2028339385132 73.1029420814753,19.2029848687816 73.103046048893,19.2030682318341 73.1031508014383,19.2031307097705 73.1032252304528,19.2031385195108 73.1033382528886,19.2031046770171 73.1034056373147,19.2030331626377 73.1036276999546,19.2027974924219 73.1036418915395,19.2027477122162 73.1036469957669,19.2027298081355 73.1036341741129,19.2027171017936 73.1034237087233,19.2025085311821 73.1034921136355,19.2024211628553 73.1036065607994,19.2022749895381 73.103694874175,19.2022800439239 73.1039223491645,19.2024114621415 73.1042006705957,19.2026010081318 73.1043374795219,19.2026814912853 73.1044043734678,19.2026998229315 73.1044758685847,19.2027047330875 73.1045419899795,19.2026794383172 73.1046721576608,19.2025626252412 73.104222169077,19.2021343294314 73.1038500850898,19.2017417339981 73.1030967291464,19.2010064296565 73.1024513237507,19.2003557148611 73.1018082153472,19.1996789684383 73.1010640473726,19.1989393163996 73.1005587477203,19.1984122311695 73.0998536250195,19.1976964327037 73.0994038520314,19.1971440402358 73.0989409869965,19.1971476508664 73.0988592744416,19.1971514421981 73.0987339684426,19.1971401929121 73.0985354425614,19.1970848185875 73.0983319301321,19.197014625038 73.0982378585556,19.1969596366765 73.097647227036,19.1964819972072 73.0975854615721,19.1964025256672 73.0975229711676,19.1962945277567 73.0974825963872,19.1961739467896 73.0974516745785,19.1959112894714 73.0974181485538,19.1954246279242 73.0974597989419,19.1948501531333 73.0974653792765,19.1946801753204 73.0974551097361,19.1945605382612 73.097403552727,19.1943938543957 73.0973404218238,19.1942704121563 73.0971420540462,19.1939841397247 73.0964773061258,19.1931003141948 73.0957828491223,19.1921147732132 73.0949844094298,19.1909959487552 73.0937257709021,19.1892591249194 73.0929156171783,19.1881572729851 73.0928312725596,19.1880470909494 73.0921259405514,19.1871256946178 73.0917086757969,19.1864964272316 73.0912595271379,19.1857158432587 73.0906742217297,19.1845223603752 73.0907177316305,19.1848738355159 73.0907582474464,19.1853876828852 73.0909439310123,19.1865240822405 73.0909544826237,19.1867341179624 73.0910272263987,19.1870552838691 73.0915250394915,19.1887107671504 73.0917708787404,19.1894420710674 73.0919680751149,19.1901572318042 73.0923427498435,19.1913454341707 73.0924999855609,19.1920249152853 73.0926030492735,19.1924703077946 73.0928909575254,19.1935839988597 73.0931512569554,19.1946120159981 73.0933878938625,19.1954575167317 73.093640305186,19.1961838251799 73.0937980628246,19.1967946663916 73.0939113224156,19.1972329867731 73.0939992037015,19.1975731134087 73.0941332979189,19.1981876745993 73.0943423269024,19.1989176952686 73.0945434677794,19.1994950054686 73.0947209452351,19.200120733061 73.0947801037882,19.2005267090672 73.0949036185464,19.2010995844275 73.0949345349653,19.2012429923482 73.0949866318618,19.2014533817089 73.0950906927044,19.2019653449113 73.0952612477425,19.2026586999452 73.0953865977589,19.2031881867702 73.0955492125883,19.2038360467669 73.095627132456,19.2042919460567 73.0956491528586,19.2045270941086 73.0956279795674,19.2048497217347 73.0956317390168,19.2052480240385 73.0959300416749,19.205083860335</coordinates></LinearRing></outerBoundaryIs></Polygon></MultiGeometry>
  </Placemark>
  <Placemark>
	<Style><LineStyle><color>ff0000ff</color></LineStyle><PolyStyle><fill>0</fill></PolyStyle></Style>
	<ExtendedData><SchemaData schemaUrl="#kalyan_dombivli_ward_boundary">
		<SimpleData name="objectid">100</SimpleData>
		<SimpleData name="townname">Kalyan-Dombivli</SimpleData>
		<SimpleData name="towncensuscode2011">802790</SimpleData>
		<SimpleData name="town_lgd_code">251483</SimpleData>
		<SimpleData name="ward_lgd_code">48909</SimpleData>
		<SimpleData name="ward_lgd_name">Kalyan-Dombivli (M Corp.) - Ward No.86</SimpleData>
		<SimpleData name="sourcewardcode">86</SimpleData>
		<SimpleData name="state">Maharashtra</SimpleData>
		<SimpleData name="st_area(shape)">698736.01999482</SimpleData>
		<SimpleData name="st_length(shape)">3649.77907958974</SimpleData>
	</SchemaData></ExtendedData>
      <MultiGeometry><Polygon><outerBoundaryIs><LinearRing><coordinates>73.1213928252342,19.2117262193586 73.121375498529,19.2116177335633 73.1212899375914,19.2110820143401 73.1211611380443,19.2111087304011 73.1210653893131,19.2111554618662 73.1192289301402,19.2126184785475 73.1184418721023,19.213303098899 73.1180592167407,19.2135796037257 73.1178723680599,19.2136825125009 73.1177482568203,19.2137184709655 73.1175675005137,19.2137708410324 73.1173736746182,19.2138277841407 73.117218613722,19.2138928613487 73.1171886297545,19.2139246504913 73.1167965034549,19.2143890732587 73.1163375065655,19.2146731971351 73.1170162771874,19.2155463492223 73.1176028375421,19.2162743749201 73.1178897145281,19.2166758754904 73.1184762748827,19.2173918034198 73.1189296420302,19.2179239097208 73.119370202795,19.2184100593641 73.1197595353341,19.2188575095404 73.1200873943616,19.2192831907533 73.1201882868461,19.2194659389516 73.1203228769336,19.2196377623815 73.1204312811305,19.2198009878147 73.1205440789875,19.2199780454121 73.1206773862807,19.2201841517718 73.1208458518375,19.2203902570248 73.1209615799989,19.2205147509902 73.1210220994996,19.220580714508 73.1212029249764,19.2207795583249 73.1212784598171,19.2208854636655 73.1213837504532,19.2210713383877 73.1214066395266,19.2212636968313 73.1214341064148,19.2214863142068 73.1216493768928,19.2214220144457 73.1219620921214,19.2214201686815 73.1220910866029,19.2214164780013 73.1227458335792,19.2208462130521 73.1231328188204,19.2205177105062 73.1236937511383,19.2200249541837 73.1239677148421,19.2197818106775 73.1240586521967,19.2196939943237 73.1242057917486,19.2195519045527 73.1241710727612,19.2194545478381 73.1240921710348,19.2192332925423 73.1245283444278,19.2188915659441 73.1246751120772,19.2187298800318 73.1249553046992,19.2183477119263 73.1251243101435,19.2180180397326 73.1254378590085,19.2179592446384 73.1255854602945,19.2179411335431 73.1256966474722,19.2176786543406 73.1253804584585,19.2173210264524 73.1251719810406,19.217055265191 73.1251268110532,19.2169338681486 73.1250940854274,19.2167568810705 73.1250891572697,19.2166956009669 73.125066552064,19.2164145224573 73.1251689627013,19.2163949021316 73.1253041223206,19.2163690063519 73.1255210340207,19.2163202379915 73.1258309078779,19.2162031945462 73.1258397517919,19.2161104292011 73.1258535418298,19.2159657703295 73.1244547670161,19.2150404773123 73.12410676237,19.2148163022629 73.1242666472192,19.2145247587917 73.1243024837108,19.2144154291145 73.1243319834865,19.2143193740028 73.1243824265846,19.2141551218034 73.1238932876242,19.2139719316869 73.1237134368195,19.2139045743443 73.1239314741086,19.2133119362706 73.1239337908637,19.2126430829838 73.1236330950937,19.2121679643492 73.1235265387314,19.2119995983591 73.1213928252342,19.2117262193586</coordinates></LinearRing></outerBoundaryIs></Polygon></MultiGeometry>
  </Placemark>
  <Placemark>
	<Style><LineStyle><color>ff0000ff</color></LineStyle><PolyStyle><fill>0</fill></PolyStyle></Style>
	<ExtendedData><SchemaData schemaUrl="#kalyan_dombivli_ward_boundary">
		<SimpleData name="objectid">101</SimpleData>
		<SimpleData name="townname">Kalyan-Dombivli</SimpleData>
		<SimpleData name="towncensuscode2011">802790</SimpleData>
		<SimpleData name="town_lgd_code">251483</SimpleData>
		<SimpleData name="ward_lgd_code">2517867</SimpleData>
		<SimpleData name="ward_lgd_name">Kalyan-Dombivli (M Corp.) - Ward No.107</SimpleData>
		<SimpleData name="sourcewardcode">107</SimpleData>
		<SimpleData name="state">Maharashtra</SimpleData>
		<SimpleData name="st_area(shape)">576121.84509943</SimpleData>
		<SimpleData name="st_length(shape)">4225.13921842352</SimpleData>
	</SchemaData></ExtendedData>
      <MultiGeometry><Polygon><outerBoundaryIs><LinearRing><coordinates>73.1236937511383,19.2200249541837 73.1231328188204,19.2205177105062 73.1227458335792,19.2208462130521 73.1220910866029,19.2214164780013 73.1219620921214,19.2214201686815 73.1216493768928,19.2214220144457 73.1214341064148,19.2214863142068 73.1221960367775,19.2215570673263 73.1223471774258,19.2215423122514 73.1227800917308,19.2214752090891 73.1234964523558,19.2214667402913 73.1239880670732,19.2214482648406 73.1243806721748,19.2214618688663 73.1246302115843,19.2215032331387 73.1250318690091,19.2215546176192 73.1254165285121,19.2215777159464 73.1257117337791,19.2215448298176 73.1259289922289,19.2214555681617 73.1264720920901,19.22110968218 73.1267645242578,19.2209631980556 73.1268590297206,19.2209076349607 73.1270605227372,19.2208773281956 73.1272103051327,19.2208672256566 73.1274336415837,19.2205571045509 73.1277184946653,19.2198502522141 73.1278416456059,19.2198184981473 73.1281618482923,19.2196624438057 73.1284166338631,19.2194023526245 73.1288982781791,19.2185746135309 73.1291052419357,19.2182189309415 73.1293245413579,19.2182637467255 73.1295666103774,19.2183132151664 73.1296733446062,19.2180628750812 73.1298833698214,19.2178417951973 73.1298866729267,19.2178224142502 73.1299315725212,19.2175589423973 73.1300668677861,19.217450911724 73.129838610364,19.2171492930609 73.1298041797358,19.2169444680099 73.1306972183159,19.2165911850196 73.1307354155801,19.2165751367473 73.130892530025,19.2165316081653 73.1315322104574,19.2163543839886 73.1317640207165,19.2162623448428 73.13201733844,19.216145291177 73.1321346862639,19.2160778286918 73.1330212560757,19.2155681463035 73.1331095011793,19.2144832960599 73.1331012600349,19.2143799076632 73.1330302787544,19.2134893944588 73.1330130957797,19.2132738298739 73.1330165390222,19.2124089907738 73.1329829573019,19.2123787893255 73.1329442354216,19.2123439647237 73.1330076187514,19.2119875679689 73.1330199822646,19.2119180458351 73.1329908409168,19.2118735421871 73.132598394817,19.2112742088775 73.1325922503404,19.2112703805466 73.1325907223061,19.211269933498 73.1324848908842,19.2114005335683 73.1323000562263,19.2116532556114 73.1321602397405,19.2117743884946 73.1320837311261,19.211822911352 73.1319956549057,19.2119085416356 73.1316586357572,19.2123772089726 73.1314214895053,19.2125389248854 73.1308121640448,19.2127704763063 73.1290728361102,19.2132373614961 73.1290142255295,19.2131698002654 73.1289612015715,19.2131086799979 73.1287189340242,19.2131676066138 73.1286708912245,19.213179292516 73.1285973254909,19.2131971852799 73.1284787900943,19.2132492475873 73.1281342107243,19.2135486025665 73.1280640487074,19.2136274771182 73.1279551100129,19.2137972487321 73.1276121970178,19.2144389237404 73.1275895963036,19.2144611646152 73.1275770046182,19.2144669897068 73.1274785726193,19.2144704006129 73.1272939832014,19.2144545548708 73.127155541138,19.2144426705633 73.1270886148527,19.2144426705633 73.1270721478353,19.2144497680652 73.1270611982702,19.2144632098018 73.1270559134815,19.2144811389016 73.1270544752787,19.2144987252971 73.1270493108641,19.2145251727488 73.1269597829663,19.2147681034803 73.1269516127888,19.2147902713593 73.1268496171731,19.2149620742287 73.1268100059606,19.2149975022445 73.1258535418298,19.2159657703295 73.1258397517919,19.2161104292011 73.1258309078779,19.2162031945462 73.1255210340207,19.2163202379915 73.1253041223206,19.2163690063519 73.1251689627013,19.2163949021316 73.125066552064,19.2164145224573 73.1250891572697,19.2166956009669 73.1250940854274,19.2167568810705 73.1251268110532,19.2169338681486 73.1251719810406,19.217055265191 73.1253804584585,19.2173210264524 73.1256966474722,19.2176786543406 73.1255854602945,19.2179411335431 73.1254378590085,19.2179592446384 73.1251243101435,19.2180180397326 73.1249553046992,19.2183477119263 73.1246751120772,19.2187298800318 73.1245283444278,19.2188915659441 73.1240921710348,19.2192332925423 73.1241710727612,19.2194545478381 73.1242057917486,19.2195519045527 73.1240586521967,19.2196939943237 73.1239677148421,19.2197818106775 73.1236937511383,19.2200249541837</coordinates></LinearRing></outerBoundaryIs></Polygon></MultiGeometry>
  </Placemark>
  <Placemark>
	<Style><LineStyle><color>ff0000ff</color></LineStyle><PolyStyle><fill>0</fill></PolyStyle></Style>
	<ExtendedData><SchemaData schemaUrl="#kalyan_dombivli_ward_boundary">
		<SimpleData name="objectid">102</SimpleData>
		<SimpleData name="townname">Kalyan-Dombivli</SimpleData>
		<SimpleData name="towncensuscode2011">802790</SimpleData>
		<SimpleData name="town_lgd_code">251483</SimpleData>
		<SimpleData name="ward_lgd_code">2517879</SimpleData>
		<SimpleData name="ward_lgd_name">Kalyan-Dombivli (M Corp.) - Ward No.119</SimpleData>
		<SimpleData name="sourcewardcode">119</SimpleData>
		<SimpleData name="state">Maharashtra</SimpleData>
		<SimpleData name="st_area(shape)">8022992.12558942</SimpleData>
		<SimpleData name="st_length(shape)">13743.0893848978</SimpleData>
	</SchemaData></ExtendedData>
      <MultiGeometry><Polygon><outerBoundaryIs><LinearRing><coordinates>73.1567754161168,19.2070030374317 73.1574681294903,19.2065512133217 73.1573151967031,19.2062971142569 73.1572379847078,19.2062279451615 73.1574117063073,19.2061119718936 73.1575172619465,19.2060415047961 73.1577826961466,19.2059153049329 73.1578476793759,19.2058844092167 73.1580314450387,19.2059218768462 73.1581581874438,19.2059477191307 73.1581685881381,19.2059437405237 73.1582975628567,19.2058944049401 73.1583734255825,19.2058944049401 73.158473685653,19.2058773317046 73.1584810446518,19.2058760787398 73.158516022354,19.2057376027383 73.1585269153252,19.2056944784801 73.1585868868536,19.2056824874996 73.1585877645076,19.2056823118977 73.1587403954609,19.2056517953362 73.1586839336503,19.205274631614 73.1588691797367,19.2051463451406 73.1588253922564,19.2050796899864 73.158752895518,19.2049693334979 73.15875097492,19.2049664101798 73.1587458185902,19.2049691400804 73.1586345343946,19.2050280543432 73.1583646041264,19.2049780729119 73.1581987652435,19.2050530450532 73.1581699589673,19.205177726235 73.1581564231526,19.205236312123 73.1580646818059,19.2052479748359 73.1580401964261,19.2051564452524 73.1580223406133,19.2050896984835 73.1579288349753,19.2049630779705 73.1579164858351,19.2049230923019 73.1579376564314,19.2048097996627 73.1580241049045,19.2046815128268 73.1580028813076,19.20466944203 73.1579208759019,19.2046228011893 73.1578688508706,19.2045932116493 73.1578109742134,19.204692944835 73.1577603083331,19.2047802542693 73.1575865705639,19.2047498215244 73.157440137986,19.2046631864913 73.1572894473938,19.2045768949839 73.1570550257322,19.2044426569679 73.1570978744729,19.2042999830932 73.1571243379428,19.2042316742088 73.1571631514513,19.2041766941976 73.1571913792125,19.2041033869219 73.1573025268643,19.2038534756636 73.1572598137692,19.2038281208387 73.1572407784683,19.2038168219578 73.157261730774,19.203711803154 73.1572637133558,19.2037018624393 73.1572419453799,19.20369569509 73.1572107864159,19.2036868682299 73.1572135729899,19.2036586714776 73.1572231355561,19.2035619119076 73.1571966720862,19.2035121964063 73.1572339719334,19.2029818792584 73.157253616292,19.2028158562919 73.157184653526,19.2028008272201 73.15712099621,19.2027832930185 73.1570228570618,19.2027006339386 73.1569582592098,19.2026763351118 73.1569389436345,19.2026216421661 73.1573330471261,19.2023499069212 73.1573536904113,19.2023356735457 73.1573532439486,19.2023344867241 73.1573282662921,19.2022680102777 73.1572954696994,19.2021807275051 73.1572940710225,19.2020737361215 73.1572937054082,19.2020457740821 73.1573127838282,19.2020423205015 73.1575054158628,19.202007453839 73.1576906619491,19.2015509433518 73.1576994825069,19.2011077607481 73.1576917722668,19.2011074002028 73.1575473644916,19.2011006474002 73.1575403100217,19.2010527771479 73.1575192678845,19.2009099892002 73.1574786209145,19.200634169743 73.1574684807316,19.200393812374 73.1574552692087,19.2000806376269 73.1574335910643,19.1995667775876 73.1574234886106,19.1993273111248 73.1573545725569,19.1992414019701 73.1573321793535,19.1988035272343 73.1573077092452,19.1983250320354 73.157422124968,19.1983306252488 73.1579251105602,19.1983552131586 73.1585692574161,19.1983869917307 73.1587668238965,19.1984077230061 73.1588233090633,19.1984136496206 73.1588271044454,19.1984024979818 73.1588391867859,19.1983669976743 73.1588738312132,19.1983741298043 73.1592502136391,19.1984516093012 73.1593116431332,19.1983313175076 73.1601532486718,19.1960607702906 73.1602006285148,19.1958411115403 73.1602048119691,19.1956747131758 73.159879185255,19.1950829248126 73.1597421427668,19.194606397207 73.1597143093661,19.1941264255038 73.1598479041202,19.1927317506264 73.160616880868,19.1898506703688 73.1608543253605,19.1891896907471 73.1620633400536,19.1858141930809 73.1620648591048,19.1858099518251 73.1619463838952,19.1856208879136 73.1616745150627,19.1851870358038 73.1624552031469,19.1825300835915 73.1636110249988,19.1783464016526 73.1636598861637,19.1781695376679 73.1604361811553,19.1783030258613 73.1591305472635,19.1784682963637 73.1585854109215,19.1785000787746 73.155479620574,19.1781333584714 73.1552386807367,19.1781901331901 73.1549974749981,19.1781942015564 73.1547390395723,19.1781169059747 73.1544181802174,19.1779764101893 73.1536148482999,19.1776246522151 73.153063520769,19.1774253099471 73.1530204483477,19.1775107426197 73.1528610800298,19.1776734710739 73.1527714784701,19.177742589383 73.1520402677952,19.1783066402989 73.1516483795491,19.1786307006096 73.1514811473792,19.1787893969382 73.1507256929713,19.1794411167085 73.150623681186,19.1795170566889 73.1505677314151,19.1796090442716 73.1504786275221,19.1797029883341 73.1503335738582,19.179824333093 73.1502984614087,19.1799018993779 73.1502524047841,19.1799622760101 73.1501873137569,19.1800068773758 73.1501132153224,19.1800268736622 73.1500003033794,19.1800252073051 73.1498512261613,19.1799893339585 73.1497233168447,19.179958554704 73.1495430797644,19.1801399364615 73.1493193040372,19.1803651353211 73.1492840191112,19.1803834652105 73.1492593190341,19.1803884634224 73.1491552285472,19.1803384745085 73.1490850791067,19.1803208064045 73.1490493737691,19.1803118136917 73.1487247522698,19.1803634689674 73.1486400680879,19.1803934624827 73.1484442362543,19.1805201027461 73.1483858439642,19.1806532717154 73.148371902111,19.1806850672799 73.1482519339014,19.1807400551383 73.148110793299,19.1807850457305 73.1480050346406,19.1807727144049 73.1479678893036,19.1807683830838 73.1479454925069,19.1807914599878 73.1479290757951,19.1808083737724 73.1478845229503,19.180857968016 73.1478796774376,19.180863362438 73.1478759152932,19.1808846804997 73.1478443925116,19.1810633190621 73.1477785621709,19.1810553869466 73.1477246848134,19.1812060877429 73.1476563023591,19.1812843737063 73.147238466276,19.181941161523 73.1471413628854,19.1822667384798 73.1469800820542,19.1825242887615 73.1469082303062,19.1826196166593 73.1463175565659,19.1831667509086 73.1462187993768,19.1832538392918 73.1459444871267,19.1834957395361 73.1457933518683,19.1835891214163 73.14548195896,19.1837187253396 73.1449772036866,19.1837822889775 73.1437321404995,19.1838458525909 73.1427851131708,19.1836878076392 73.1416493174615,19.1836088881911 73.1413133520368,19.1834827780278 73.14113675493,19.1833444630516 73.1408636589988,19.1828363871572 73.1405208187673,19.1827220467663 73.1403183780281,19.182640685053 73.1401561090501,19.1824583473144 73.1400871103515,19.1823808153225 73.1398820168873,19.182065914514 73.1394155819474,19.1823586498643 73.1392373975175,19.1824568201257 73.1390443306983,19.1825729814478 73.1388257050127,19.1827066892115 73.1386672134505,19.1828036188515 73.1386337017988,19.1828104012516 73.1385662958132,19.182804278935 73.1383806607563,19.1827042643789 73.1382685851448,19.1826639483509 73.1381690616928,19.1826528889732 73.1379063197436,19.1826976380869 73.1362566445727,19.1833770081117 73.1353521219299,19.1838366997172 73.1351281458785,19.1839872172528 73.1350118499818,19.1842272329075 73.134954635383,19.1855554126418 73.1360235371463,19.1866513023487 73.136802958606,19.187776870656 73.1375191278898,19.1886412818425 73.137718217913,19.1889520502235 73.1378426489529,19.1893176604805 73.1378564740251,19.1895370259056 73.1378675547441,19.1896905356307 73.1382879806701,19.190883382085 73.1386643954354,19.191805839083 73.1387376180126,19.1920377072918 73.1387785901726,19.1928083767596 73.1387893052774,19.1930099223232 73.1388065340662,19.1932458568302 73.1388926789087,19.1934533159256 73.1392889455434,19.1940390815711 73.1394989626737,19.1945301214418 73.1392421603851,19.1946069215031 73.1390213580816,19.1946293550957 73.1389056011741,19.1946411161237 73.1388709989676,19.1951676051496 73.1388668352763,19.1952309454871 73.1388827731861,19.1959910463004 73.1388926789087,19.1964634782277 73.1388668352763,19.1967075427532 73.1387910893315,19.1968777644976 73.1386500673066,19.1971545692619 73.13859050541,19.1972751045472 73.1385133679749,19.1973698427762 73.1384620382396,19.1973948151372 73.1383587382701,19.1973885932564 73.1381216818498,19.1974071935744 73.1379846043273,19.1974606191058 73.137850325057,19.197512953628 73.1375961979513,19.1978221010123 73.1375370304151,19.1979069504598 73.1373636061579,19.1981556533585 73.1372977228167,19.1981648707596 73.1372473111596,19.1981719240011 73.1371094790523,19.1983956475072 73.1366677028669,19.1987075775323 73.1366111278686,19.1987414591064 73.1361614977127,19.1990076402068 73.1359186238026,19.1992602939117 73.1360215123437,19.1993607819694 73.1361360295761,19.1994344866898 73.1363034836299,19.1995482360498 73.1365061902704,19.1997091501615 73.1366560166834,19.1999061307957 73.1365364428342,19.2003009481861 73.136618423087,19.200334772593 73.1368203769393,19.2004180962678 73.1368355333148,19.2004958089456 73.1368819699268,19.2007338968455 73.1369449957271,19.2010570392195 73.1371113727009,19.2013793139548 73.1370555540841,19.2015341462243 73.137027124202,19.2016130053297 73.1370133413505,19.2016885007332 73.1370649854962,19.2017080091361 73.1371649563093,19.2017457729389 73.1371401466377,19.202154486759 73.137153421941,19.2022317956568 73.1371566864187,19.2022508077187 73.1372351839032,19.2023736509849 73.1372531690735,19.2024017970573 73.1372541428473,19.2024065451901 73.1372553232336,19.2024123002968 73.1373030866572,19.2026451571403 73.1374413212098,19.2031772534762 73.13792060116,19.2047507326235 73.1380677955092,19.2050797705769 73.1383364232201,19.2055527422355 73.1388058333803,19.2056585072327 73.139637162192,19.2058000100987 73.1411493187676,19.2059303964955 73.1420285691065,19.2059196661316 73.1423270379529,19.2076398077377 73.1428870845319,19.2099752213069 73.1429009185873,19.2100069458881 73.1430234425038,19.2099994808821 73.1430634058559,19.210010291568 73.1430930179209,19.2103452613009 73.1437081806342,19.2102118966472 73.1439278501622,19.2101874920448 73.144578244801,19.2102647725663 73.1449960476463,19.2102607058411 73.145332013071,19.2102607058411 73.1461540577943,19.2101753198567 73.1470850627716,19.2101508855586 73.147502865617,19.2101183457931 73.1476320828807,19.2100817392915 73.1477120149747,19.2100069128046 73.1478309905459,19.2097986517345 73.1482218178816,19.2088616378013 73.1484490431394,19.2086470630572 73.1487182448739,19.2085174634952 73.1488446342411,19.2084676027351 73.1495611412915,19.2081849399454 73.1496478745305,19.2081507243871 73.1505256300727,19.207701422905 73.1514938621337,19.2073902623842 73.1522144915529,19.2072553853417 73.1528961673265,19.2071634233885 73.153443533287,19.2070175605259 73.153786568453,19.2069497592123 73.1541003517783,19.2069346923441 73.1541310184655,19.2069277862363 73.1545869080823,19.206798653588 73.1546133742472,19.2068347552262 73.1546232691901,19.2068482518771 73.15463953229,19.2068401827293 73.1547565046181,19.206782143726 73.1548310270574,19.2068738429157 73.1548705457434,19.2068845053523 73.1548756095466,19.2068891608898 73.1549134528746,19.2069239569559 73.1549371639065,19.2069111618652 73.155175474375,19.2069862255913 73.1552464610454,19.2070125385215 73.1555735412336,19.2071355852194 73.1556344299419,19.2070173221503 73.1558191253609,19.2066789065767 73.1560975456068,19.2064211896474 73.1566410524048,19.2070369342636 73.1567124567918,19.2070189203693 73.1567754161168,19.2070030374317</coordinates></LinearRing></outerBoundaryIs></Polygon></MultiGeometry>
  </Placemark>
  <Placemark>
	<Style><LineStyle><color>ff0000ff</color></LineStyle><PolyStyle><fill>0</fill></PolyStyle></Style>
	<ExtendedData><SchemaData schemaUrl="#kalyan_dombivli_ward_boundary">
		<SimpleData name="objectid">103</SimpleData>
		<SimpleData name="townname">Kalyan-Dombivli</SimpleData>
		<SimpleData name="towncensuscode2011">802790</SimpleData>
		<SimpleData name="town_lgd_code">251483</SimpleData>
		<SimpleData name="ward_lgd_code">48910</SimpleData>
		<SimpleData name="ward_lgd_name">Kalyan-Dombivli (M Corp.) - Ward No.87</SimpleData>
		<SimpleData name="sourcewardcode">87</SimpleData>
		<SimpleData name="state">Maharashtra</SimpleData>
		<SimpleData name="st_area(shape)">415139.026802695</SimpleData>
		<SimpleData name="st_length(shape)">4361.30114471151</SimpleData>
	</SchemaData></ExtendedData>
      <MultiGeometry><Polygon><outerBoundaryIs><LinearRing><coordinates>73.1214341082114,19.2214863142068 73.1214775965526,19.2218991276758 73.1215094579991,19.2222106169938 73.1215270371309,19.2224927984709 73.1215870984908,19.2227279501799 73.1216544847135,19.2228994716223 73.121808301443,19.2230875918723 73.1219431727031,19.2232467822523 73.122147652618,19.223436234669 73.1224801460541,19.2236930139311 73.1226678400496,19.2237166175001 73.1234292296265,19.223701056805 73.1237621317961,19.2236948316783 73.124299389913,19.2236668215741 73.1248926804458,19.223579677395 73.125288207767,19.2235112077237 73.1255815571146,19.2234800845966 73.1258551300513,19.2234894218746 73.1259803803547,19.2235174320091 73.1261254061708,19.2235734531119 73.1262473605555,19.2236605972943 73.1265341180655,19.223878456276 73.1267582504238,19.2240776413293 73.1270660195284,19.2242976389748 73.1275243777156,19.2244824292033 73.1279363855291,19.2245213328738 73.128307192112,19.224565098538 73.1290076049458,19.2247012600039 73.1294570401673,19.2247513847257 73.1294521218911,19.2247078192912 73.1295164349773,19.2240469593859 73.1295804210766,19.2234276675779 73.1294045641817,19.2233883217221 73.1292362782879,19.2233618383746 73.1290630426769,19.2232995233516 73.1289952944332,19.2232586116367 73.1287279593979,19.2235997099489 73.1285820703008,19.2235803763332 73.1283721654599,19.2234838685354 73.1282898869664,19.2234460393225 73.1282444816204,19.2226892267578 73.1283997877566,19.2224942005978 73.1285784563784,19.2222698372281 73.128777741336,19.2218318439852 73.1287781527644,19.2218309397666 73.1291388335375,19.2213282248303 73.129286675572,19.2206327261272 73.129296778924,19.2205851966163 73.1293014959776,19.2205630066163 73.1293191119403,19.2205597137422 73.1305524539096,19.2203291470762 73.1307397131205,19.2203009905005 73.131201157919,19.2202839509943 73.1315830101867,19.2202334415037 73.1317320433873,19.2201954037228 73.1318622092719,19.2195562051642 73.1318770162028,19.2194062596531 73.131916487278,19.2175550819789 73.1322382584229,19.2169763770153 73.1330212560757,19.2155681463035 73.1329699407134,19.2155976464971 73.1321346862639,19.2160778286918 73.13201733844,19.216145291177 73.1317640207165,19.2162623439945 73.1315322104574,19.2163543831404 73.1307354155801,19.2165751367473 73.1306972183159,19.2165911850196 73.1298041797358,19.2169444680099 73.129838610364,19.2171492930609 73.1300668677861,19.217450911724 73.1299315725212,19.2175589423973 73.1298866729267,19.2178224142502 73.1298833698214,19.2178417951973 73.1296733446062,19.2180628750812 73.1295666103774,19.2183132151664 73.1293245413579,19.2182637467255 73.1291052419357,19.2182189309415 73.1288982781791,19.2185746135309 73.1284166338631,19.2194023526245 73.1281618482923,19.2196624438057 73.1278416456059,19.2198184981473 73.1277184946653,19.2198502522141 73.1274336415837,19.2205571045509 73.1272103051327,19.2208672256566 73.1270605227372,19.2208773281956 73.1268590297206,19.2209076349607 73.1267645242578,19.2209631980556 73.1264720920901,19.22110968218 73.1259289922289,19.2214555681617 73.1257117337791,19.2215448298176 73.1254165285121,19.2215777159464 73.1250318690091,19.2215546176192 73.1246302115843,19.2215032331387 73.1243806721748,19.2214618688663 73.1239880670732,19.2214482648406 73.1234964523558,19.2214667402913 73.1227800917308,19.2214752090891 73.1223471774258,19.2215423122514 73.1221960367775,19.2215570673263 73.1214341082114,19.2214863142068</coordinates></LinearRing></outerBoundaryIs></Polygon></MultiGeometry>
  </Placemark>
  <Placemark>
	<Style><LineStyle><color>ff0000ff</color></LineStyle><PolyStyle><fill>0</fill></PolyStyle></Style>
	<ExtendedData><SchemaData schemaUrl="#kalyan_dombivli_ward_boundary">
		<SimpleData name="objectid">104</SimpleData>
		<SimpleData name="townname">Kalyan-Dombivli</SimpleData>
		<SimpleData name="towncensuscode2011">802790</SimpleData>
		<SimpleData name="town_lgd_code">251483</SimpleData>
		<SimpleData name="ward_lgd_code">48911</SimpleData>
		<SimpleData name="ward_lgd_name">Kalyan-Dombivli (M Corp.) - Ward No.88</SimpleData>
		<SimpleData name="sourcewardcode">88</SimpleData>
		<SimpleData name="state">Maharashtra</SimpleData>
		<SimpleData name="st_area(shape)">190097.487479095</SimpleData>
		<SimpleData name="st_length(shape)">1880.80488426958</SimpleData>
	</SchemaData></ExtendedData>
      <MultiGeometry><Polygon><outerBoundaryIs><LinearRing><coordinates>73.1287781527644,19.2218309397666 73.128777741336,19.2218318439852 73.1285784563784,19.2222698372281 73.1283997877566,19.2224942005978 73.1282444816204,19.2226892267578 73.1282898869664,19.2234460393225 73.1283721654599,19.2234838685354 73.1285820703008,19.2235803763332 73.1287279593979,19.2235997099489 73.1289952944332,19.2232586116367 73.1290630426769,19.2232995233516 73.1292362782879,19.2233618383746 73.1294045641817,19.2233883217221 73.1295804210766,19.2234276675779 73.1295164349773,19.2240469593859 73.1294521227894,19.2247078192912 73.1294570401673,19.2247513830293 73.1295149617402,19.2247578447693 73.1296616665076,19.2247742035393 73.1302519306161,19.2248201685697 73.1320639026128,19.224964565182 73.1320924456826,19.2249059031988 73.1321394536231,19.2248092952414 73.1322000593621,19.2245827627391 73.1322204286612,19.2244220248006 73.1322907092557,19.2242484615792 73.1324745225292,19.2239676979548 73.1324799285906,19.2237966874107 73.1324366783029,19.2235108175395 73.1323501786259,19.223281100697 73.1322150217015,19.2229007914675 73.1321906935269,19.2226047107285 73.1322447568357,19.2221120929883 73.132342238417,19.2219002405598 73.1323718037697,19.2217686309489 73.132259023879,19.2214897928262 73.1320524868222,19.2209791500483 73.1319631538587,19.2209633337739 73.1317770435931,19.2209303830559 73.1317877497147,19.2208798364413 73.1318665625078,19.2205077377261 73.1318610917677,19.2204950361509 73.1317320433873,19.2201954037228 73.1315830101867,19.2202334415037 73.131201157919,19.2202839509943 73.1307397131205,19.2203009905005 73.1305524539096,19.2203291470762 73.1293191119403,19.2205597137422 73.1293014959776,19.2205630066163 73.129296778924,19.2205851966163 73.129286675572,19.2206327261272 73.1291388335375,19.2213282248303 73.1287781527644,19.2218309397666</coordinates></LinearRing></outerBoundaryIs></Polygon></MultiGeometry>
  </Placemark>
  <Placemark>
	<Style><LineStyle><color>ff0000ff</color></LineStyle><PolyStyle><fill>0</fill></PolyStyle></Style>
	<ExtendedData><SchemaData schemaUrl="#kalyan_dombivli_ward_boundary">
		<SimpleData name="objectid">105</SimpleData>
		<SimpleData name="townname">Kalyan-Dombivli</SimpleData>
		<SimpleData name="towncensuscode2011">802790</SimpleData>
		<SimpleData name="town_lgd_code">251483</SimpleData>
		<SimpleData name="ward_lgd_code">48913</SimpleData>
		<SimpleData name="ward_lgd_name">Kalyan-Dombivli (M Corp.) - Ward No.90</SimpleData>
		<SimpleData name="sourcewardcode">90</SimpleData>
		<SimpleData name="state">Maharashtra</SimpleData>
		<SimpleData name="st_area(shape)">164650.31309491</SimpleData>
		<SimpleData name="st_length(shape)">1900.04124055068</SimpleData>
	</SchemaData></ExtendedData>
      <MultiGeometry><Polygon><outerBoundaryIs><LinearRing><coordinates>73.1322649967774,19.2260519485586 73.1323566662588,19.2260727221495 73.1325196709571,19.2260785307134 73.1325565773422,19.2260959547076 73.1325873329626,19.2262643885345 73.1326488442033,19.2265286539268 73.1329225689552,19.2265112299786 73.1331873905043,19.2264607470002 73.1332895532067,19.2267887261944 73.1332222244761,19.2270748075035 73.1332528282812,19.2273753375124 73.1333721847381,19.2275833964925 73.1334946017551,19.2281179898021 73.1336782263823,19.2298055617221 73.1340326297282,19.2297588304709 73.1341802570654,19.2296912471936 73.1344800563167,19.2295339333287 73.1348031138491,19.2293694537519 73.1351918705681,19.2291996795645 73.1355689527816,19.2290143704557 73.135788324069,19.2289662861031 73.1360468681909,19.2289145027427 73.1362314710834,19.2289331071283 73.1362860033128,19.2286346351578 73.1363332439169,19.2283911651114 73.1363489904856,19.2282610662583 73.1363411167521,19.2280993726012 73.1363214337659,19.2278335990841 73.136256477486,19.2276681873239 73.1360970408961,19.2274098476376 73.1359769702786,19.2271384968876 73.1358903628038,19.2269229035535 73.1358450904084,19.2266422590078 73.1358214701063,19.2264192304496 73.1358569005594,19.2262761201572 73.1358824890703,19.22615159578 73.1358785526527,19.2260939800675 73.1357703721363,19.2260811186118 73.1355826691577,19.226064465642 73.1352683612162,19.2260437980767 73.1352248495188,19.2260401999556 73.1352119497113,19.2260196460479 73.1352046940188,19.2258955583066 73.1351856901589,19.2255401231258 73.1351515999922,19.2252571292005 73.1352794221723,19.2252263864056 73.1352311988112,19.2247399023709 73.134707143234,19.2247399040673 73.1345718686303,19.2247399049155 73.1338496096672,19.2247919203076 73.1335156214344,19.2248175602942 73.132743591313,19.2249268160426 73.1327759459346,19.2253621104917 73.1327864104093,19.2255029084949 73.1324136859232,19.2255356021347 73.1323283576493,19.2255430867924 73.1323215520127,19.2255977415773 73.1322649967774,19.2260519485586</coordinates></LinearRing></outerBoundaryIs></Polygon></MultiGeometry>
  </Placemark>
  <Placemark>
	<Style><LineStyle><color>ff0000ff</color></LineStyle><PolyStyle><fill>0</fill></PolyStyle></Style>
	<ExtendedData><SchemaData schemaUrl="#kalyan_dombivli_ward_boundary">
		<SimpleData name="objectid">106</SimpleData>
		<SimpleData name="townname">Kalyan-Dombivli</SimpleData>
		<SimpleData name="towncensuscode2011">802790</SimpleData>
		<SimpleData name="town_lgd_code">251483</SimpleData>
		<SimpleData name="ward_lgd_code">2517860</SimpleData>
		<SimpleData name="ward_lgd_name">Kalyan-Dombivli (M Corp.) - Ward No.100</SimpleData>
		<SimpleData name="sourcewardcode">100</SimpleData>
		<SimpleData name="state">Maharashtra</SimpleData>
		<SimpleData name="st_area(shape)">516981.90552426</SimpleData>
		<SimpleData name="st_length(shape)">3828.12363843738</SimpleData>
	</SchemaData></ExtendedData>
      <MultiGeometry><Polygon><outerBoundaryIs><LinearRing><coordinates>73.1348408439893,19.2218881099543 73.1348270737144,19.2216733944408 73.1348627970183,19.2215846256801 73.134883478931,19.2215295895503 73.1349455246694,19.2212739376087 73.1349903479071,19.2211892172742 73.1350059911695,19.221097181684 73.1350156175161,19.2208733431639 73.1350114708927,19.2208650762162 73.1350582641359,19.2208556073119 73.1350548208934,19.2207873341456 73.1349205353348,19.2207722905998 73.1348516812649,19.2207645767 73.1347793776643,19.2205695092367 73.1347875999441,19.2203567709507 73.1347924912709,19.2202302122412 73.1347965929784,19.2201241045962 73.1351684416072,19.2201273559151 73.1351746974748,19.2201746149687 73.1351856569213,19.2202574009835 73.1363907217221,19.2203906972627 73.1364041973496,19.2203207901874 73.1364944385098,19.2198526400246 73.1366682553308,19.2198899670554 73.1367630446613,19.2199067232887 73.1371771662106,19.2200057787692 73.1376022597828,19.2201074595051 73.137629225411,19.2201266976779 73.1377014194172,19.2201782038876 73.138051326695,19.2202720111241 73.1382700125678,19.2203306382871 73.1382835456876,19.2202798404082 73.1383246750529,19.2200967546655 73.1384247132395,19.2195535255524 73.1380351399519,19.219020832449 73.1379848504657,19.218952068232 73.1377043048058,19.2182476451765 73.1375114320227,19.2177633603679 73.1371718571673,19.2167613200217 73.1371671275373,19.2167473644268 73.1371643436582,19.2167359731249 73.1371504440258,19.2166790988848 73.136930418765,19.2157364424743 73.1363791145903,19.2157791043387 73.1353768067356,19.2158566672493 73.1353864285906,19.2156704015166 73.1353368658415,19.2156591399249 73.1342620109428,19.2154149143563 73.1330212560757,19.2155681463035 73.1322382584229,19.2169763770153 73.131916487278,19.2175550819789 73.1318770162028,19.2194062596531 73.1318622092719,19.2195562051642 73.1317320433873,19.2201954037228 73.1318610917677,19.2204950361509 73.1318665625078,19.2205077377261 73.1317877497147,19.2208798364413 73.1317770435931,19.2209303830559 73.1319631538587,19.2209633337739 73.1320524868222,19.2209791500483 73.132259023879,19.2214897928262 73.1323718037697,19.2217686309489 73.132342238417,19.2219002405598 73.1322447568357,19.2221120929883 73.1321906935269,19.2226047107285 73.1322150217015,19.2229007914675 73.1323501786259,19.223281100697 73.1324366783029,19.2235108175395 73.1324799285906,19.2237966874107 73.1324745225292,19.2239676979548 73.1322907092557,19.2242484615792 73.1322204286612,19.2244220248006 73.1322000593621,19.2245827627391 73.1321394536231,19.2248092952414 73.1320639026128,19.224964565182 73.132743591313,19.2249268160426 73.1335156214344,19.2248175602942 73.1338496096672,19.2247919203076 73.1345718686303,19.2247399049155 73.1354104234902,19.2247399049155 73.1358542208849,19.2247812047463 73.1359190244512,19.2241912192655 73.1356350202775,19.2238221409431 73.1355461867774,19.2237066966559 73.135505396077,19.2235636365909 73.1354487519084,19.2234250635215 73.1354056453512,19.223365551065 73.1353675765461,19.2232453377204 73.1353352857049,19.2230644717033 73.135248230869,19.2228633760565 73.1352385928443,19.2222504152397 73.135550901136,19.2222805699179 73.135467985737,19.2219934946129 73.1354671125745,19.2219815362058 73.1354611001503,19.2218992124993 73.134844130925,19.2219111785464 73.1348408439893,19.2218881099543</coordinates></LinearRing></outerBoundaryIs></Polygon></MultiGeometry>
  </Placemark>
  <Placemark>
	<Style><LineStyle><color>ff0000ff</color></LineStyle><PolyStyle><fill>0</fill></PolyStyle></Style>
	<ExtendedData><SchemaData schemaUrl="#kalyan_dombivli_ward_boundary">
		<SimpleData name="objectid">107</SimpleData>
		<SimpleData name="townname">Kalyan-Dombivli</SimpleData>
		<SimpleData name="towncensuscode2011">802790</SimpleData>
		<SimpleData name="town_lgd_code">251483</SimpleData>
		<SimpleData name="ward_lgd_code">2517859</SimpleData>
		<SimpleData name="ward_lgd_name">Kalyan-Dombivli (M Corp.) - Ward No.99</SimpleData>
		<SimpleData name="sourcewardcode">99</SimpleData>
		<SimpleData name="state">Maharashtra</SimpleData>
		<SimpleData name="st_area(shape)">152144.628920175</SimpleData>
		<SimpleData name="st_length(shape)">1948.7090841399</SimpleData>
	</SchemaData></ExtendedData>
      <MultiGeometry><Polygon><outerBoundaryIs><LinearRing><coordinates>73.1379699572966,19.2211426956318 73.1381132888901,19.2209246455621 73.1381968986869,19.2206050887273 73.1382700125678,19.2203306382871 73.138051326695,19.2202720111241 73.1377014194172,19.2201782038876 73.137629225411,19.2201266976779 73.1376022597828,19.2201074595051 73.1371771662106,19.2200057787692 73.1367630446613,19.2199067232887 73.1366682553308,19.2198899670554 73.1364944385098,19.2198526400246 73.1364041973496,19.2203207901874 73.1363907217221,19.2203906972627 73.1351856569213,19.2202574009835 73.1351746974748,19.2201746149687 73.1351684416072,19.2201273559151 73.1347965929784,19.2201241045962 73.1347924912709,19.2202302122412 73.1347875999441,19.2203567709507 73.1347793776643,19.2205695092367 73.1348516812649,19.2207645767 73.1349205353348,19.2207722905998 73.1350548208934,19.2207873341456 73.1350582641359,19.2208556073119 73.1350114708927,19.2208650762162 73.1350156175161,19.2208733431639 73.1350059911695,19.221097181684 73.1349903479071,19.2211892172742 73.1349455246694,19.2212739376087 73.134883478931,19.2215295895503 73.1348627970183,19.2215846256801 73.1348270737144,19.2216733944408 73.1348408439893,19.2218881099543 73.134844130925,19.2219111785464 73.1354611001503,19.2218992124993 73.1354671125745,19.2219815362058 73.135467985737,19.2219934946129 73.135550901136,19.2222805699179 73.1352385928443,19.2222504152397 73.135248230869,19.2228633760565 73.1353352857049,19.2230644717033 73.1353675765461,19.2232453377204 73.1354056453512,19.223365551065 73.1354487519084,19.2234250635215 73.135505396077,19.2235636365909 73.1355461867774,19.2237066966559 73.1356350202775,19.2238221409431 73.1359190244512,19.2241912192655 73.1358542208849,19.2247812047463 73.1364662673425,19.2248381559151 73.1370477468259,19.2249075105742 73.137409726563,19.2249695128429 73.1376250060242,19.2240234898837 73.1376250060242,19.2239489030048 73.1378288553217,19.2235134114159 73.1378011315154,19.2234871376006 73.1374048487109,19.2233285310338 73.1376581314003,19.222822877321 73.1378107003698,19.2214208973173 73.1379699572966,19.2211426956318</coordinates></LinearRing></outerBoundaryIs></Polygon></MultiGeometry>
  </Placemark>
  <Placemark>
	<Style><LineStyle><color>ff0000ff</color></LineStyle><PolyStyle><fill>0</fill></PolyStyle></Style>
	<ExtendedData><SchemaData schemaUrl="#kalyan_dombivli_ward_boundary">
		<SimpleData name="objectid">108</SimpleData>
		<SimpleData name="townname">Kalyan-Dombivli</SimpleData>
		<SimpleData name="towncensuscode2011">802790</SimpleData>
		<SimpleData name="town_lgd_code">251483</SimpleData>
		<SimpleData name="ward_lgd_code">2517858</SimpleData>
		<SimpleData name="ward_lgd_name">Kalyan-Dombivli (M Corp.) - Ward No.98</SimpleData>
		<SimpleData name="sourcewardcode">98</SimpleData>
		<SimpleData name="state">Maharashtra</SimpleData>
		<SimpleData name="st_area(shape)">179660.644759875</SimpleData>
		<SimpleData name="st_length(shape)">2239.33780141267</SimpleData>
	</SchemaData></ExtendedData>
      <MultiGeometry><Polygon><outerBoundaryIs><LinearRing><coordinates>73.1379699572966,19.2211426956318 73.1378107003698,19.2214208973173 73.1376581314003,19.222822877321 73.1374048487109,19.2233285310338 73.1378011315154,19.2234871376006 73.1378288553217,19.2235134114159 73.1376250060242,19.2239489030048 73.1376250060242,19.2240234898837 73.137409726563,19.2249695128429 73.1377057367204,19.2250202100305 73.1382290682555,19.2251386900154 73.1383943313183,19.2251849255253 73.1387707631516,19.2252976256395 73.138957448339,19.2253785387553 73.1391624959891,19.2255056872509 73.1393216379316,19.22564439428 73.1395909546504,19.225953595651 73.1398051839811,19.2262107815137 73.1399092385353,19.2263841653859 73.1400224738719,19.2265980044795 73.1401051054033,19.2268060644441 73.1401907965965,19.2269678883018 73.1402913153819,19.2271028891244 73.1404287980445,19.2269109582283 73.1405206444941,19.2266980915907 73.1405457559996,19.2266174887216 73.1404880940398,19.2264427208148 73.1404162737329,19.2261940666375 73.140450823837,19.2254288269764 73.1404470536077,19.225370599446 73.1404094339603,19.2249071950367 73.1404111434543,19.2246940611581 73.1404385043412,19.224532596403 73.1403948983207,19.2237814778883 73.1403120700582,19.2229539618819 73.1402987103133,19.2226789631664 73.1402826789787,19.2225578629177 73.1401864909714,19.2221592395043 73.1400796148088,19.2216420377008 73.1400689275518,19.2214376788415 73.1400582402949,19.2209961631871 73.1400211596366,19.2203705811897 73.1399341703777,19.2203697846898 73.1394427478999,19.2203830342394 73.1394103663288,19.2206823635034 73.139310387431,19.2206823635034 73.138882476742,19.2206634825052 73.1388421046565,19.2204629776897 73.1388358478905,19.2204074458106 73.1387900553706,19.2202463746695 73.1387183365733,19.2199941154066 73.1384666268341,19.2196102690161 73.1384247132395,19.2195535255524 73.1383246750529,19.2200967546655 73.1382835456876,19.2202798404082 73.1382700125678,19.2203306382871 73.1381968986869,19.2206050887273 73.1381132888901,19.2209246455621 73.1379699572966,19.2211426956318</coordinates></LinearRing></outerBoundaryIs></Polygon></MultiGeometry>
  </Placemark>
  <Placemark>
	<Style><LineStyle><color>ff0000ff</color></LineStyle><PolyStyle><fill>0</fill></PolyStyle></Style>
	<ExtendedData><SchemaData schemaUrl="#kalyan_dombivli_ward_boundary">
		<SimpleData name="objectid">109</SimpleData>
		<SimpleData name="townname">Kalyan-Dombivli</SimpleData>
		<SimpleData name="towncensuscode2011">802790</SimpleData>
		<SimpleData name="town_lgd_code">251483</SimpleData>
		<SimpleData name="ward_lgd_code">2517857</SimpleData>
		<SimpleData name="ward_lgd_name">Kalyan-Dombivli (M Corp.) - Ward No.97</SimpleData>
		<SimpleData name="sourcewardcode">97</SimpleData>
		<SimpleData name="state">Maharashtra</SimpleData>
		<SimpleData name="st_area(shape)">189268.69890961</SimpleData>
		<SimpleData name="st_length(shape)">2083.00384453089</SimpleData>
	</SchemaData></ExtendedData>
      <MultiGeometry><Polygon><outerBoundaryIs><LinearRing><coordinates>73.1442424401747,19.2268998102187 73.1443133909125,19.2268948176608 73.144259299756,19.2266620502967 73.1442031694238,19.2264205070077 73.1444221840799,19.2263724999314 73.1445522385735,19.2263225470429 73.1446529307337,19.2262838719679 73.1446386035032,19.2260442196387 73.1446255545754,19.2258259589305 73.1452462275547,19.225643953208 73.1452552214873,19.2256413161062 73.1452553822857,19.2256259455937 73.1452566551985,19.2255045107751 73.145257112441,19.2254609625046 73.1452591318537,19.225268337545 73.1456463183176,19.2251390869814 73.145927449679,19.2249810901823 73.1459360402681,19.2248685382893 73.1459377344907,19.2248463505642 73.1459576510389,19.224585438876 73.1459559550196,19.224520562689 73.1455837156238,19.2245080734793 73.1455306242921,19.2242542897167 73.1454953330779,19.2242409607464 73.14538739331,19.2242001917673 73.1453105622004,19.2241673358511 73.144945133831,19.2240110617083 73.1447046629143,19.2239656494937 73.1444878122996,19.223927099401 73.1444692072918,19.2239245165581 73.1444112039722,19.2241394598467 73.144347591572,19.2243065444612 73.1443063499173,19.2243074300053 73.1442251476055,19.2243050134199 73.1441336182612,19.2242939500557 73.1441081896504,19.2242887835331 73.1440910893207,19.2243356079483 73.143981648468,19.2243194620385 73.143935157957,19.2243894971906 73.1438930620045,19.2246841038995 73.1438431372343,19.22468921782 73.1430069422487,19.2247828672572 73.1427521503897,19.2247134370538 73.1422305966206,19.2246230167533 73.1413407488564,19.2245206882257 73.1412926548527,19.2245105960894 73.1410708877585,19.2248587557745 73.1409800429304,19.2250479730724 73.1408918705904,19.2255147063328 73.1408330893297,19.225943596058 73.140841104997,19.226198406093 73.1407876669157,19.2264506931526 73.1405457533046,19.2266174895698 73.1405206444941,19.2266980915907 73.1404287980445,19.2269109582283 73.1402913153819,19.2271028891244 73.1403481095691,19.2271715922523 73.1406571147555,19.2273904186229 73.1414038779629,19.227881562475 73.1421906638113,19.2284542984136 73.1424754441294,19.228689330476 73.1427872242117,19.2288029425448 73.1430704486477,19.2288517860831 73.1433228950055,19.2289003726028 73.1434012802006,19.2285134392112 73.1434313387283,19.2284907337277 73.1434598943745,19.2284552560324 73.1435781962092,19.2277094711509 73.1435969683037,19.2275911321256 73.1437084815698,19.2270465129776 73.1437103859982,19.22703720983 73.1437199665308,19.2270339026661 73.1440741066703,19.2269116537596 73.1442424401747,19.2268998102187</coordinates></LinearRing></outerBoundaryIs></Polygon></MultiGeometry>
  </Placemark>
  <Placemark>
	<Style><LineStyle><color>ff0000ff</color></LineStyle><PolyStyle><fill>0</fill></PolyStyle></Style>
	<ExtendedData><SchemaData schemaUrl="#kalyan_dombivli_ward_boundary">
		<SimpleData name="objectid">110</SimpleData>
		<SimpleData name="townname">Kalyan-Dombivli</SimpleData>
		<SimpleData name="towncensuscode2011">802790</SimpleData>
		<SimpleData name="town_lgd_code">251483</SimpleData>
		<SimpleData name="ward_lgd_code">48919</SimpleData>
		<SimpleData name="ward_lgd_name">Kalyan-Dombivli (M Corp.) - Ward No.96</SimpleData>
		<SimpleData name="sourcewardcode">96</SimpleData>
		<SimpleData name="state">Maharashtra</SimpleData>
		<SimpleData name="st_area(shape)">198384.259616795</SimpleData>
		<SimpleData name="st_length(shape)">2111.38362311143</SimpleData>
	</SchemaData></ExtendedData>
      <MultiGeometry><Polygon><outerBoundaryIs><LinearRing><coordinates>73.1459274487807,19.224981089334 73.1456463183176,19.2251390869814 73.1452591318537,19.225268337545 73.145257112441,19.2254609625046 73.1452566551985,19.2255045107751 73.1452553822857,19.2256259455937 73.1452552214873,19.2256413161062 73.1452462275547,19.225643953208 73.1446255545754,19.2258259589305 73.1446386035032,19.2260442196387 73.1446529307337,19.2262838719679 73.1445522385735,19.2263225470429 73.1444221840799,19.2263724999314 73.1442031694238,19.2264205070077 73.144259299756,19.2266620502967 73.1443133909125,19.2268948176608 73.1442424401747,19.2268998102187 73.1440741066703,19.2269116537596 73.1437199665308,19.2270339026661 73.1437103859982,19.22703720983 73.1437084815698,19.2270465129776 73.1435969683037,19.2275911321256 73.1435781962092,19.2277094711509 73.1434598943745,19.2284552560324 73.1434313387283,19.2284907337277 73.1434012802006,19.2285134392112 73.1433228950055,19.2289003726028 73.1435879294554,19.2289513756251 73.1439966413501,19.2290571891823 73.1446723334455,19.2292065737101 73.1451278349901,19.2293369016756 73.1452161834,19.2293621821659 73.1456611512995,19.2294711074883 73.145952072501,19.2295253012445 73.145988420134,19.2291800624617 73.1460205519734,19.229054370621 73.1461215378827,19.2289503501534 73.1462271141831,19.2289070080603 73.1465759749236,19.2288593325082 73.1467136839617,19.2288636668041 73.1468513921016,19.2288463296198 73.1470441840362,19.2287336404221 73.1471956633494,19.2285516048411 73.1472782876942,19.228373902519 73.1472415654638,19.2281311869865 73.147103857324,19.2278494630448 73.1469707395753,19.2276500891735 73.1468835239409,19.2274897223573 73.1468422113194,19.2273293562327 73.1468330305371,19.2271516525885 73.1468743431587,19.2269349413325 73.1470395936451,19.2268049134239 73.1472002528421,19.2268005790737 73.1474251766163,19.2267745738182 73.1477235448513,19.2266618831993 73.1479400226651,19.2265795329986 73.1481809202816,19.2264103233812 73.1484394446406,19.2261995053765 73.1489036140294,19.2257917377138 73.1489766910794,19.2256736721289 73.1490310122047,19.2255266347952 73.1488268790395,19.2253661047449 73.1485335710144,19.2252773388273 73.1484057191899,19.2251512911419 73.1481124111648,19.2247908998991 73.1480597662959,19.2247376401679 73.1480334438614,19.2247252128948 73.1479826791664,19.2247731466573 73.1476670956172,19.2247335907651 73.1469957486728,19.2246494430667 73.1469711932245,19.2246463657225 73.1468921019536,19.2247860913409 73.1468644589957,19.2248349258949 73.146348804463,19.2246684016432 73.1463067947488,19.2247571636487 73.1461939196367,19.2249956532509 73.1461744127203,19.2250368698919 73.1459274487807,19.224981089334</coordinates></LinearRing></outerBoundaryIs></Polygon></MultiGeometry>
  </Placemark>
  <Placemark>
	<Style><LineStyle><color>ff0000ff</color></LineStyle><PolyStyle><fill>0</fill></PolyStyle></Style>
	<ExtendedData><SchemaData schemaUrl="#kalyan_dombivli_ward_boundary">
		<SimpleData name="objectid">111</SimpleData>
		<SimpleData name="townname">Kalyan-Dombivli</SimpleData>
		<SimpleData name="towncensuscode2011">802790</SimpleData>
		<SimpleData name="town_lgd_code">251483</SimpleData>
		<SimpleData name="ward_lgd_code">2517863</SimpleData>
		<SimpleData name="ward_lgd_name">Kalyan-Dombivli (M Corp.) - Ward No.103</SimpleData>
		<SimpleData name="sourcewardcode">103</SimpleData>
		<SimpleData name="state">Maharashtra</SimpleData>
		<SimpleData name="st_area(shape)">211110.408650425</SimpleData>
		<SimpleData name="st_length(shape)">1858.6444891515</SimpleData>
	</SchemaData></ExtendedData>
      <MultiGeometry><Polygon><outerBoundaryIs><LinearRing><coordinates>73.1469676179296,19.2213589327285 73.1464505692117,19.2220496595868 73.1459608777874,19.2227956890032 73.1456514935119,19.2233118226502 73.1460113711912,19.2237492436374 73.1462546556314,19.2242736962003 73.1463488053613,19.2246684041878 73.1468644589957,19.2248349258949 73.1468921019536,19.2247860913409 73.1469711932245,19.2246463657225 73.1469957486728,19.2246494430667 73.1476670956172,19.2247335907651 73.1479826791664,19.2247731466573 73.1480334438614,19.2247252128948 73.1480597662959,19.2247376401679 73.1481124111648,19.2247908998991 73.1484057191899,19.2251512911419 73.1485335710144,19.2252773388273 73.1488268790395,19.2253661047449 73.149031010408,19.225526633947 73.1495877781363,19.2254897585994 73.1497526315673,19.2254921531138 73.1500522852916,19.225444995679 73.1502579294231,19.2253534561348 73.1503519381176,19.2252341764356 73.1504077558361,19.2248846595469 73.1504488852014,19.2246322292779 73.1504518226923,19.2243132250601 73.1504136317163,19.2241190473545 73.1504193899173,19.2240878683598 73.150475795134,19.2240772163694 73.1505622831329,19.2240772163694 73.1506374900885,19.2240860930281 73.1507841445502,19.2240772163694 73.1508142273324,19.2240488110581 73.1509646412436,19.2240381590651 73.1509608808958,19.223739902133 73.1509439593308,19.2234753760907 73.1509090436124,19.2233678692699 73.1508622836069,19.2232883267479 73.1507728635069,19.2231629162525 73.1504908365251,19.2228433535915 73.1502783759773,19.2225823768019 73.1501897688526,19.222438573555 73.1501376198537,19.2223210484294 73.1501162597129,19.2222519836224 73.1500857484343,19.2220982820474 73.1500621559799,19.2218953140123 73.1500527551105,19.2217834665858 73.1498045712588,19.2217355319511 73.1494698994081,19.2216361119234 73.1484846864933,19.2211833932691 73.1480992499475,19.2209898785812 73.147874381869,19.2208887276929 73.1476583289584,19.2208088565501 73.1476058969902,19.2207928697629 73.1475695646285,19.2207883774814 73.1472257084023,19.2210657281347 73.1469676179296,19.2213589327285</coordinates></LinearRing></outerBoundaryIs></Polygon></MultiGeometry>
  </Placemark>
  <Placemark>
	<Style><LineStyle><color>ff0000ff</color></LineStyle><PolyStyle><fill>0</fill></PolyStyle></Style>
	<ExtendedData><SchemaData schemaUrl="#kalyan_dombivli_ward_boundary">
		<SimpleData name="objectid">112</SimpleData>
		<SimpleData name="townname">Kalyan-Dombivli</SimpleData>
		<SimpleData name="towncensuscode2011">802790</SimpleData>
		<SimpleData name="town_lgd_code">251483</SimpleData>
		<SimpleData name="ward_lgd_code">48918</SimpleData>
		<SimpleData name="ward_lgd_name">Kalyan-Dombivli (M Corp.) - Ward No.95</SimpleData>
		<SimpleData name="sourcewardcode">95</SimpleData>
		<SimpleData name="state">Maharashtra</SimpleData>
		<SimpleData name="st_area(shape)">291648.877202795</SimpleData>
		<SimpleData name="st_length(shape)">3503.47010885236</SimpleData>
	</SchemaData></ExtendedData>
      <MultiGeometry><Polygon><outerBoundaryIs><LinearRing><coordinates>73.1470901741855,19.2294656425636 73.1472217567134,19.2294072001741 73.1474236890061,19.2297314482162 73.1478926859412,19.2293224467128 73.1483889197958,19.2289262748897 73.1491473916447,19.2283167786946 73.1495871439257,19.2279701268095 73.1500309305407,19.2276463307769 73.151065840952,19.2267951615599 73.1519514783125,19.2261368970998 73.1527131778082,19.2256175974564 73.153411382583,19.2251709977887 73.1540857909859,19.2246970655545 73.154126663433,19.2246683422678 73.153860574361,19.2243409746499 73.1537108737122,19.2243682653469 73.1533200158337,19.2243641752204 73.1533114333295,19.2243308926812 73.153274149652,19.2241863029654 73.1532264131778,19.2241914330177 73.1531913294743,19.2240212726267 73.1531935186687,19.2239902759816 73.1531989696458,19.2239130587439 73.1533686434367,19.2238756070897 73.1533774577063,19.2234719551928 73.1535361127619,19.2233991315275 73.1536925642501,19.2233595982066 73.1538935622949,19.2233601529472 73.1539019013557,19.2233242271281 73.1538688487431,19.2231556910443 73.1537344320305,19.222943461651 73.1536198474245,19.2229788328115 73.153456785234,19.2226292771959 73.153291552714,19.2221531211966 73.1533466077628,19.2221049415302 73.1533044624029,19.2220117121391 73.1533251191629,19.2219288175858 73.1532786421267,19.2218337321565 73.1532166736434,19.2216459989632 73.1531263022276,19.2216143037716 73.153108228124,19.2215289711857 73.1531133925386,19.2213558663498 73.1531211387113,19.2212290853231 73.1531603465802,19.2210673643878 73.1529230323434,19.2210337961725 73.152912981992,19.2210294489464 73.1529021069872,19.2210186797007 73.1528987733391,19.2210081428719 73.1528966640949,19.2209887207343 73.1528966667898,19.2208995783782 73.1529087455371,19.2206472319008 73.1528307376345,19.2206531924917 73.1522398402136,19.2207297682947 73.1522129599254,19.2207299201298 73.1521636271449,19.2207270233875 73.1520882360347,19.2207176791666 73.151918568532,19.2207040436944 73.1518271164428,19.2207006354624 73.1518168891234,19.2208712624311 73.1518162818622,19.2208813946583 73.1518177613875,19.2209190938326 73.1517681519259,19.2209201464982 73.1517678770415,19.2209255955906 73.1517702647635,19.2209551567441 73.1517749979867,19.2210981758199 73.1517731178128,19.2213005680378 73.1517705612075,19.2215721277649 73.1517886101582,19.2218391421998 73.1518415559627,19.2221107010369 73.1518920951806,19.222351580558 73.1519390249677,19.2225856433403 73.151951864588,19.2226621164551 73.1519507336091,19.2226991035555 73.1519404128648,19.2227523300183 73.1519305062438,19.2227675294572 73.1518905851126,19.222805224806 73.1518638476565,19.2228252175876 73.1517392746828,19.2228992417521 73.1516069097223,19.2229571885461 73.1514986115266,19.2229833216402 73.1514516826378,19.222989003079 73.1514138815307,19.2229879758735 73.1511564782692,19.2229856695385 73.1510901745164,19.2229850749299 73.1510640568978,19.2230702727395 73.1509418536798,19.2234688964875 73.1509439593308,19.2234753760907 73.1509608808958,19.223739902133 73.1509646412436,19.2240381590651 73.1508142273324,19.2240488110581 73.1507841445502,19.2240772163694 73.1506374900885,19.2240860930281 73.1505622831329,19.2240772163694 73.150475795134,19.2240772163694 73.1504193899173,19.2240878683598 73.1504136317163,19.2241190473545 73.1504518226923,19.2243132250601 73.1504488852014,19.2246322292779 73.1504077558361,19.2248846595469 73.1503519381176,19.2252341764356 73.1502579294231,19.2253534561348 73.1500522852916,19.225444995679 73.1497526315673,19.2254921531138 73.1495877781363,19.2254897585994 73.149031010408,19.225526633947 73.1489766910794,19.2256736721289 73.1489036140294,19.2257917377138 73.1484394446406,19.2261995053765 73.1481809202816,19.2264103233812 73.1479400226651,19.2265795329986 73.1477235448513,19.2266618831993 73.1474251766163,19.2267745738182 73.1472002528421,19.2268005790737 73.1470395936451,19.2268049134239 73.1468743431587,19.2269349413325 73.1468330305371,19.2271516525885 73.1468422113194,19.2273293562327 73.1468835239409,19.2274897223573 73.1469707395753,19.2276500891735 73.147103857324,19.2278494630448 73.1472415654638,19.2281311869865 73.1472782876942,19.228373902519 73.1471956633494,19.2285516048411 73.1470441840362,19.2287336404221 73.1468513921016,19.2288463296198 73.1467136839617,19.2288636668041 73.1465759749236,19.2288593325082 73.1462271141831,19.2289070080603 73.1461215378827,19.2289503501534 73.1460205519734,19.229054370621 73.145988420134,19.2291800624617 73.145952072501,19.2295253012445 73.1463127406976,19.2295924816975 73.1468255987748,19.2295831540965 73.1470901741855,19.2294656425636</coordinates></LinearRing></outerBoundaryIs></Polygon></MultiGeometry>
  </Placemark>
  <Placemark>
	<Style><LineStyle><color>ff0000ff</color></LineStyle><PolyStyle><fill>0</fill></PolyStyle></Style>
	<ExtendedData><SchemaData schemaUrl="#kalyan_dombivli_ward_boundary">
		<SimpleData name="objectid">113</SimpleData>
		<SimpleData name="townname">Kalyan-Dombivli</SimpleData>
		<SimpleData name="towncensuscode2011">802790</SimpleData>
		<SimpleData name="town_lgd_code">251483</SimpleData>
		<SimpleData name="ward_lgd_code">2517864</SimpleData>
		<SimpleData name="ward_lgd_name">Kalyan-Dombivli (M Corp.) - Ward No.104</SimpleData>
		<SimpleData name="sourcewardcode">104</SimpleData>
		<SimpleData name="state">Maharashtra</SimpleData>
		<SimpleData name="st_area(shape)">320449.591904525</SimpleData>
		<SimpleData name="st_length(shape)">2842.97667448076</SimpleData>
	</SchemaData></ExtendedData>
      <MultiGeometry><Polygon><outerBoundaryIs><LinearRing><coordinates>73.147771524769,19.2201605417577 73.147734957947,19.2202159515731 73.147601958776,19.2204174864562 73.1475665804251,19.2204273566045 73.147505002709,19.2204445360558 73.1475695655268,19.2207883783296 73.1476058960918,19.2207928714594 73.14765832806,19.2208088582466 73.147874381869,19.2208887276929 73.1480992499475,19.2209898785812 73.1484846864933,19.2211833932691 73.1494698994081,19.2216361119234 73.1498045712588,19.2217355319511 73.1500527551105,19.2217834665858 73.1500621559799,19.2218953140123 73.1500857484343,19.2220982820474 73.1501162597129,19.2222519836224 73.1501376198537,19.2223210484294 73.1501897688526,19.222438573555 73.1502783759773,19.2225823768019 73.1504908365251,19.2228433535915 73.1507728635069,19.2231629162525 73.1508622836069,19.2232883267479 73.1509090436124,19.2233678692699 73.1509418536798,19.2234688964875 73.1510640568978,19.2230702727395 73.1510901745164,19.2229850749299 73.1511564782692,19.2229856695385 73.1514138815307,19.2229879758735 73.1514516826378,19.222989003079 73.1514986115266,19.2229833216402 73.1516069097223,19.2229571885461 73.1517392746828,19.2228992417521 73.1518638476565,19.2228252175876 73.1518905851126,19.222805224806 73.1519305062438,19.2227675294572 73.1519404128648,19.2227523300183 73.1519507336091,19.2226991035555 73.151951864588,19.2226621164551 73.1519390249677,19.2225856433403 73.1518920951806,19.222351580558 73.1518415559627,19.2221107010369 73.1517886101582,19.2218391421998 73.1517705612075,19.2215721277649 73.1517731178128,19.2213005680378 73.1517749979867,19.2210981758199 73.1517702647635,19.2209551567441 73.1517678770415,19.2209255955906 73.1517681519259,19.2209201464982 73.1518177613875,19.2209190938326 73.1518162818622,19.2208813946583 73.1518168891234,19.2208712624311 73.1518271164428,19.2207006354624 73.151918568532,19.2207040436944 73.1520882360347,19.2207176791666 73.1521636271449,19.2207270233875 73.1522129599254,19.2207299201298 73.1522398402136,19.2207297682947 73.1528307376345,19.2206531924917 73.1529087455371,19.2206472319008 73.1528966667898,19.2208995783782 73.1528966640949,19.2209887207343 73.1528987733391,19.2210081428719 73.1529021069872,19.2210186797007 73.152912981992,19.2210294489464 73.1529230323434,19.2210337961725 73.1531603465802,19.2210673643878 73.1531701966073,19.2210267235537 73.1532836870654,19.2207358501811 73.1533009715497,19.2206711175234 73.1533324637886,19.2206373329256 73.1534542205439,19.2206098083426 73.1537150059625,19.2205317887761 73.1538222728923,19.2204811453394 73.1538447855716,19.2204646046182 73.1538549967214,19.2204470468529 73.1538878400265,19.2203245495999 73.1539063507113,19.2202458937155 73.1539193142991,19.2201200796788 73.1539160812624,19.2198483563858 73.1538838056926,19.2195397822563 73.1537869798814,19.2189797754664 73.1537547043115,19.2186445323761 73.1536901540701,19.2182407157927 73.1537253338933,19.2178986138985 73.1537539344553,19.2174710094927 73.1537975548489,19.2171175774922 73.1538353164302,19.2168116100315 73.153840202367,19.2167720250786 73.1536667817031,19.2167568691948 73.1535480738299,19.2167464949589 73.1535287142372,19.2169501886774 73.1535243807643,19.2169774110445 73.1535221565356,19.2169842505659 73.1535147822654,19.2169950879368 73.1532805016393,19.2172922153541 73.1532126770388,19.2173002627825 73.1528655015376,19.2173414550577 73.1525171663115,19.2173505500826 73.1523699926235,19.2173624367247 73.1520363430557,19.2174018188018 73.1518682098755,19.2174326232868 73.1517131795221,19.217470654921 73.1516375683246,19.2174947293184 73.1515466893606,19.2175123773144 73.1514498428882,19.2175293102275 73.1512764994793,19.2175390796066 73.1508940588151,19.2175606329737 73.150757794268,19.2175705898158 73.1505238630865,19.2175876830435 73.1504193827308,19.2176672469864 73.1503872428066,19.2176917208837 73.1498643047336,19.2176795942088 73.1497773469158,19.217677577903 73.1495798909281,19.2176546800644 73.1495262103017,19.2176395030557 73.1493778894651,19.2175548173227 73.1493296786804,19.2175110888114 73.1492062052446,19.2173343186607 73.1491276287084,19.2172688577056 73.1490237160879,19.2172222772719 73.1489040856449,19.2171975411925 73.1482220487486,19.2171756756184 73.1481932864898,19.2182003575764 73.1482309303918,19.2185230050284 73.1482661973515,19.2186908698069 73.1483166090086,19.2190717384447 73.1483149498203,19.2191505433346 73.1482723562011,19.2192810820081 73.147771524769,19.2201605417577</coordinates></LinearRing></outerBoundaryIs></Polygon></MultiGeometry>
  </Placemark>
  <Placemark>
	<Style><LineStyle><color>ff0000ff</color></LineStyle><PolyStyle><fill>0</fill></PolyStyle></Style>
	<ExtendedData><SchemaData schemaUrl="#kalyan_dombivli_ward_boundary">
		<SimpleData name="objectid">114</SimpleData>
		<SimpleData name="townname">Kalyan-Dombivli</SimpleData>
		<SimpleData name="towncensuscode2011">802790</SimpleData>
		<SimpleData name="town_lgd_code">251483</SimpleData>
		<SimpleData name="ward_lgd_code">48907</SimpleData>
		<SimpleData name="ward_lgd_name">Kalyan-Dombivli (M Corp.) - Ward No.84</SimpleData>
		<SimpleData name="sourcewardcode">84</SimpleData>
		<SimpleData name="state">Maharashtra</SimpleData>
		<SimpleData name="st_area(shape)">1501488.16715072</SimpleData>
		<SimpleData name="st_length(shape)">6604.95497701576</SimpleData>
	</SchemaData></ExtendedData>
      <MultiGeometry><Polygon><outerBoundaryIs><LinearRing><coordinates>73.0996699473916,19.2090445553686 73.0995903243181,19.2090133336444 73.099437121138,19.2089694934303 73.0991352988806,19.2089558281414 73.0987754364727,19.2089588896616 73.0988051338777,19.2101630874388 73.0988783573531,19.2102647725663 73.0992100153561,19.2104925480418 73.0993273074844,19.210648068181 73.0993650762522,19.210915556742 73.0992838532791,19.2110854253164 73.0992451322971,19.2111664056576 73.0991712503566,19.2112978914243 73.0991821747688,19.2114629548972 73.0991834692411,19.2114825164312 73.0991970930907,19.2116883594461 73.0992918527768,19.2117615725741 73.0999341877308,19.2116980562195 73.0999374755647,19.211760156783 73.0998653246777,19.211809695044 73.0992660091443,19.2122211848912 73.0992759193585,19.2123305533521 73.099334925198,19.2129817789403 73.0991780290437,19.2129936319671 73.0991195630918,19.2129980489647 73.0991201344203,19.2130595577857 73.099122686534,19.2133342468568 73.0991238705136,19.2134617244715 73.0992701539711,19.2139232270844 73.0992732675319,19.2139460915117 73.0992929963321,19.2143249013552 73.0992749240252,19.2144628543753 73.0992604746239,19.2146320525428 73.0992662543844,19.2147821466153 73.0993385040861,19.2149759052795 73.0993876338473,19.2150414002302 73.0994541028901,19.215068690775 73.0995321332506,19.215079606313 73.0996448421744,19.215079606313 73.0997286522955,19.215079606313 73.1000407701443,19.2149950074813 73.1001592597269,19.2149404280594 73.1002517394888,19.2149022219443 73.1003326588312,19.2148640166685 73.1004916085342,19.2148176238696 73.1005985376975,19.2147985207988 73.1007690469215,19.2147712310575 73.1008297371021,19.2147848755046 73.1008632774999,19.2147990484237 73.1009730570175,19.2148735698969 73.1011356987963,19.215094830213 73.1014223898311,19.2156466797311 73.1014486179424,19.215691710828 73.1015133586266,19.2158028625805 73.1015877876412,19.2159095880077 73.1017063230378,19.216050152354 73.1017253089313,19.2160907452193 73.1018524250357,19.2163625179859 73.1019020443787,19.2164041668616 73.1019599336122,19.2164275941905 73.1019988459354,19.2164265677923 73.1022524017125,19.2164198775419 73.102319570543,19.215462441121 73.1023960315467,19.2143725497382 73.1024612833723,19.2143217423834 73.1026033995452,19.2142110850217 73.1031123804936,19.2139660726468 73.1038335506986,19.2136968958877 73.1040322903788,19.2136559105272 73.1041080497983,19.2136916798318 73.1041610809428,19.213820450791 73.1043315398612,19.2142139157135 73.104467905918,19.2145072258401 73.104604272873,19.2147826504886 73.1046573040175,19.2149149977512 73.1047292752415,19.2150079978934 73.1049110978482,19.2151796911086 73.1052671666707,19.2154944606889 73.1054186846113,19.215633960815 73.1054033818105,19.2156660100389 73.1053651989193,19.2156969140964 73.1040785500227,19.2168637560204 73.1038429973822,19.2171052488892 73.1034824486614,19.2176997793199 73.1033920826354,19.2178487890654 73.1033955285728,19.217861444191 73.1034526533401,19.2180712151197 73.1035536042151,19.2181601851179 73.1037510530162,19.2182420382201 73.1053599994704,19.2187008579658 73.1066503000187,19.2190688085914 73.1071269092775,19.2192047218335 73.108038095623,19.2194683539117 73.1084110033654,19.2195897753779 73.1089690790407,19.2197646226744 73.1093265564216,19.2198666165621 73.1096788891507,19.2199637541854 73.1102086759794,19.2201094596644 73.1107410337864,19.220269736136 73.1113093969684,19.2204372980045 73.1119266222136,19.2206024328834 73.1123133325704,19.2191307791332 73.1123509405397,19.2190693243271 73.1124073933671,19.2190008451423 73.1124786710917,19.2189387388316 73.1125626545876,19.2187679325721 73.1128049131517,19.2179627038226 73.1128186088665,19.2179453790602 73.1130879642129,19.2180089354138 73.1131032346744,19.217948683014 73.1131568937413,19.2177369600913 73.1131976089832,19.2175763070685 73.1131891199038,19.2174846333575 73.1130766661016,19.2172045427223 73.1129302020827,19.2168397392124 73.1128662860519,19.2166969005037 73.1124592908377,19.2157574548838 73.1117587324769,19.2146491358968 73.1108597245917,19.2135768035611 73.1105535185557,19.2132288541013 73.1102951028929,19.2132338063569 73.1102886493959,19.2130946452028 73.1102711771636,19.2127151818922 73.1102510917322,19.2126534863202 73.1102032986641,19.2126002964563 73.1101288400052,19.2125415918873 73.1100445376073,19.2124885198985 73.1100250747084,19.212465698531 73.1099745893894,19.2123658682649 73.1098536438128,19.2119539741473 73.1097321008566,19.2117256730616 73.109057972728,19.2107520696949 73.1089908119824,19.2106107568659 73.108711008331,19.2100549967663 73.1084264427102,19.2094051092304 73.1081558629601,19.2089356266873 73.107681959427,19.2084421697292 73.107430284722,19.2082024616949 73.1068536166153,19.2077160884532 73.106480133951,19.2073872271324 73.1063741668835,19.2072743213234 73.1052513590166,19.2061634731626 73.1051190407685,19.2059760418898 73.1050492398743,19.2058745017177 73.1045756462599,19.2054272673106 73.1042806233509,19.2051761161217 73.1026364916836,19.206716538598 73.1025145678417,19.2068064962384 73.1020891059602,19.2073326112527 73.1019819872524,19.2074650705506 73.101935423978,19.2076629411042 73.1019213410893,19.2077227858442 73.101783508982,19.2078737701598 73.1019847432837,19.2080976433465 73.1019840372079,19.2081090734207 73.1019751690394,19.2082526364082 73.1019654474715,19.2084100240871 73.1018964990784,19.2084364199233 73.1018634518558,19.2084490715319 73.1018337499592,19.2087601452191 73.101833128325,19.2087666584859 73.1018211726469,19.2087666584859 73.1017917788725,19.2087666584859 73.1017907835392,19.2087823953451 73.1017876160795,19.2088325037139 73.1017824220205,19.2089146549727 73.1017807520524,19.2089410702388 73.1017715676769,19.2089428448858 73.1016594606244,19.2089644986312 73.101626319977,19.2090914189069 73.1016098403831,19.2091545290841 73.1015707780413,19.2091570519298 73.101287313755,19.2091753548604 73.1005568046643,19.2092534493773 73.100496232163,19.209258758887 73.0999034815177,19.2093107189489 73.0997010416769,19.2090567479996 73.0996699473916,19.2090445553686</coordinates></LinearRing></outerBoundaryIs></Polygon></MultiGeometry>
  </Placemark>
  <Placemark>
	<Style><LineStyle><color>ff0000ff</color></LineStyle><PolyStyle><fill>0</fill></PolyStyle></Style>
	<ExtendedData><SchemaData schemaUrl="#kalyan_dombivli_ward_boundary">
		<SimpleData name="objectid">115</SimpleData>
		<SimpleData name="townname">Kalyan-Dombivli</SimpleData>
		<SimpleData name="towncensuscode2011">802790</SimpleData>
		<SimpleData name="town_lgd_code">251483</SimpleData>
		<SimpleData name="ward_lgd_code">48908</SimpleData>
		<SimpleData name="ward_lgd_name">Kalyan-Dombivli (M Corp.) - Ward No.85</SimpleData>
		<SimpleData name="sourcewardcode">85</SimpleData>
		<SimpleData name="state">Maharashtra</SimpleData>
		<SimpleData name="st_area(shape)">1151331.89618532</SimpleData>
		<SimpleData name="st_length(shape)">7528.55337811523</SimpleData>
	</SchemaData></ExtendedData>
      <MultiGeometry><Polygon><outerBoundaryIs><LinearRing><coordinates>73.1003572142796,19.2032033965012 73.1002975239238,19.2033897425256 73.1002657451224,19.2034889504765 73.0995892247802,19.2040782917235 73.0996347873314,19.2041315929296 73.0997175437287,19.2042284073057 73.0997739201993,19.2042943603913 73.0999475878999,19.2043984897786 73.1000495835155,19.2044557610408 73.101237694412,19.2055360990624 73.1025145696383,19.2068064987833 73.1026364916836,19.206716538598 73.1042806233509,19.2051761161217 73.1045756462599,19.2054272673106 73.1050492398743,19.2058745017177 73.1051190407685,19.2059760418898 73.1052513590166,19.2061634731626 73.1063741668835,19.2072743213234 73.106480133951,19.2073872271324 73.1068536166153,19.2077160884532 73.107430284722,19.2082024616949 73.107681959427,19.2084421697292 73.1081558629601,19.2089356266873 73.1084264427102,19.2094051092304 73.108711008331,19.2100549967663 73.1089908119824,19.2106107568659 73.109057972728,19.2107520696949 73.1097321008566,19.2117256730616 73.1098536438128,19.2119539741473 73.1099745893894,19.2123658682649 73.1100250747084,19.212465698531 73.1100445376073,19.2124885198985 73.1101288400052,19.2125415918873 73.1102032986641,19.2126002964563 73.1102510917322,19.2126534863202 73.1102711771636,19.2127151818922 73.1102886493959,19.2130946452028 73.1102951028929,19.2132338063569 73.1105535185557,19.2132288541013 73.1108597245917,19.2135768035611 73.1117587324769,19.2146491358968 73.1124592908377,19.2157574548838 73.1128662860519,19.2166969005037 73.1129302020827,19.2168397392124 73.1130766661016,19.2172045427223 73.1131891199038,19.2174846333575 73.1131976089832,19.2175763070685 73.1131568937413,19.2177369600913 73.1131032346744,19.217948683014 73.1130879642129,19.2180089354138 73.1128186088665,19.2179453790602 73.1128049131517,19.2179627038226 73.1125626545876,19.2187679325721 73.1124786710917,19.2189387388316 73.1124073933671,19.2190008451423 73.1123509405397,19.2190693243271 73.1123133325704,19.2191307791332 73.1119266222136,19.2206024328834 73.1125309907705,19.2207554207906 73.1129090422662,19.2208744136429 73.1134105384516,19.2210225468236 73.1138915575402,19.2211757082287 73.1143548411901,19.2213112965497 73.1148738114045,19.2214441110236 73.1154073316315,19.221608983634 73.1155961745722,19.2215706484405 73.1156627271584,19.2215346764254 73.1162995518464,19.2211904709706 73.1174831648782,19.2205033998168 73.1183708755504,19.2199112342557 73.1192711976709,19.2193689028238 73.1194122960526,19.2195208858584 73.1194452875797,19.2195564231637 73.1196685755217,19.2196709551089 73.1196713046035,19.2196698778361 73.1199749908651,19.2195500799737 73.1201882868461,19.2194659389516 73.1200873943616,19.2192831907533 73.1197595353341,19.2188575095404 73.119370202795,19.2184100593641 73.1189296420302,19.2179239097208 73.1184762748827,19.2173918034198 73.1178897145281,19.2166758754904 73.1176028375421,19.2162743749201 73.1170162771874,19.2155463492223 73.1163375065655,19.2146731971351 73.1155921402383,19.2137008734588 73.1150670533951,19.2130333052028 73.1147699311233,19.2126898445509 73.1142858263218,19.2122036779908 73.1136249860729,19.2115191718217 73.1130128111562,19.2109314130046 73.1122341460781,19.210157406405 73.1118678202917,19.2098032393256 73.1110695449909,19.2090126312509 73.1104162335224,19.2083521561471 73.1096637561314,19.2076135195089 73.108702665677,19.2066272951884 73.1078592976438,19.2057809399131 73.1074798268099,19.2053941828375 73.1072479024648,19.2051765835466 73.1070171189801,19.2049225510722 73.1062203995614,19.2041276566949 73.1054785276806,19.203359827005 73.1048055601754,19.2026896005088 73.1046721576608,19.2025626252412 73.1045419899795,19.2026794383172 73.1044758685847,19.2027047330875 73.1044043734678,19.2026998229315 73.1043374795219,19.2026814912853 73.1042006705957,19.2026010081318 73.1039223491645,19.2024114621415 73.103694874175,19.2022800439239 73.1036065607994,19.2022749895381 73.1034921136355,19.2024211628553 73.1034237087233,19.2025085311821 73.1036341741129,19.2027171017936 73.1036469957669,19.2027298081355 73.1036418915395,19.2027477122162 73.1036276999546,19.2027974924219 73.1034056373147,19.2030331626377 73.1033382528886,19.2031046770171 73.1032252304528,19.2031385195108 73.1031508014383,19.2031307097705 73.103046048893,19.2030682318341 73.1029420814753,19.2029848687816 73.1027538457957,19.2028339385132 73.102618175035,19.2029560780763 73.1022687627288,19.2032706411573 73.1022135576614,19.203320339765 73.1020453894469,19.2034717353203 73.1019601078854,19.2033829516418 73.101551613383,19.2029576814247 73.1014750445814,19.2026664138462 73.1011526518024,19.2023782718682 73.1003996767447,19.2030708345164 73.1003572142796,19.2032033965012</coordinates></LinearRing></outerBoundaryIs></Polygon></MultiGeometry>
  </Placemark>
  <Placemark>
	<Style><LineStyle><color>ff0000ff</color></LineStyle><PolyStyle><fill>0</fill></PolyStyle></Style>
	<ExtendedData><SchemaData schemaUrl="#kalyan_dombivli_ward_boundary">
		<SimpleData name="objectid">116</SimpleData>
		<SimpleData name="townname">Kalyan-Dombivli</SimpleData>
		<SimpleData name="towncensuscode2011">802790</SimpleData>
		<SimpleData name="town_lgd_code">251483</SimpleData>
		<SimpleData name="ward_lgd_code">2517862</SimpleData>
		<SimpleData name="ward_lgd_name">Kalyan-Dombivli (M Corp.) - Ward No.102</SimpleData>
		<SimpleData name="sourcewardcode">102</SimpleData>
		<SimpleData name="state">Maharashtra</SimpleData>
		<SimpleData name="st_area(shape)">405374.443225715</SimpleData>
		<SimpleData name="st_length(shape)">3701.82044912716</SimpleData>
	</SchemaData></ExtendedData>
      <MultiGeometry><Polygon><outerBoundaryIs><LinearRing><coordinates>73.1447046629143,19.2239656494937 73.144945133831,19.2240110617083 73.1453105622004,19.2241673358511 73.14538739331,19.2242001917673 73.1454953330779,19.2242409607464 73.1455306242921,19.2242542897167 73.1455837156238,19.2245080734793 73.1459559550196,19.224520562689 73.1459576510389,19.224585438876 73.1459377344907,19.2248463505642 73.1459360402681,19.2248685382893 73.1459274487807,19.224981089334 73.1461744127203,19.2250368698919 73.1461939196367,19.2249956532509 73.1463067947488,19.2247571636487 73.1463488053613,19.2246684033396 73.1462546556314,19.2242736962003 73.1460113711912,19.2237492436374 73.1456514935119,19.2233118226502 73.1459608777874,19.2227956890032 73.1464505692117,19.2220496595868 73.1469676179296,19.2213589327285 73.1472257084023,19.2210657281347 73.1475695655268,19.2207883783296 73.147505002709,19.2204445360558 73.1475665804251,19.2204273566045 73.147601958776,19.2204174864562 73.147734957947,19.2202159515731 73.147771524769,19.2201605417577 73.1482723562011,19.2192810820081 73.1483149498203,19.2191505433346 73.1483166090086,19.2190717384447 73.1482661973515,19.2186908698069 73.1482309303918,19.2185230050284 73.1481932864898,19.2182003575764 73.1482220514435,19.2171756756184 73.1470508279761,19.2171868726386 73.1457316977955,19.2171994837057 73.144245512413,19.2171309893215 73.1442462517265,19.2174545617769 73.1437957906289,19.2189309154214 73.143871933629,19.2190427588516 73.144002633113,19.2193213144183 73.1443840568843,19.219738742694 73.1446288199515,19.2199262549777 73.1447858373783,19.2201748176989 73.1454277618022,19.220536759473 73.145524743022,19.2206850244355 73.1454647068149,19.2207504356802 73.1455378584251,19.220890152736 73.1448787546197,19.2211162127706 73.1448107755089,19.221127376441 73.1447280182133,19.2208957350031 73.1446423045622,19.2206250207032 73.1446452600195,19.2203040704708 73.143838375265,19.2205217583164 73.1436107924776,19.220666883952 73.1431615827333,19.2211543928424 73.1428507377972,19.2208693301402 73.1426736843463,19.2209164897364 73.1422955403241,19.2210883040155 73.1418394288234,19.2213476308112 73.1416502687774,19.2216191251462 73.1416299479874,19.2216713001463 73.1415701318675,19.2218190373312 73.1414996895762,19.222118235048 73.1414664168764,19.2222076558118 73.1414408220773,19.2223212435229 73.1414357034768,19.2223937470342 73.1414664168764,19.2225653375322 73.1414945709757,19.2226740917773 73.1415099276755,19.2227538449577 73.141589271373,19.2228263482781 73.1416506981721,19.2228867668391 73.1416839708719,19.2229447696207 73.1417070063707,19.2230221052172 73.1417044470705,19.2232686147861 73.1416971823948,19.2233059613984 73.1416814115717,19.2233870358099 73.1415360695486,19.2239665206198 73.1415008331316,19.224055410238 73.1414081449606,19.2242697443317 73.1412926539544,19.224510598634 73.1413407488564,19.2245206882257 73.1422305966206,19.2246230167533 73.1427521503897,19.2247134370538 73.1430069422487,19.2247828672572 73.1438431372343,19.22468921782 73.1438930620045,19.2246841038995 73.143935157957,19.2243894971906 73.143981648468,19.2243194620385 73.1440910893207,19.2243356079483 73.1441081896504,19.2242887835331 73.1441336182612,19.2242939500557 73.1442251476055,19.2243050134199 73.1443063499173,19.2243074300053 73.144347591572,19.2243065444612 73.1444112039722,19.2241394598467 73.1444692072918,19.2239245165581 73.1444878122996,19.223927099401 73.1447046629143,19.2239656494937</coordinates></LinearRing></outerBoundaryIs></Polygon></MultiGeometry>
  </Placemark>
  <Placemark>
	<Style><LineStyle><color>ff0000ff</color></LineStyle><PolyStyle><fill>0</fill></PolyStyle></Style>
	<ExtendedData><SchemaData schemaUrl="#kalyan_dombivli_ward_boundary">
		<SimpleData name="objectid">117</SimpleData>
		<SimpleData name="townname">Kalyan-Dombivli</SimpleData>
		<SimpleData name="towncensuscode2011">802790</SimpleData>
		<SimpleData name="town_lgd_code">251483</SimpleData>
		<SimpleData name="ward_lgd_code">2517861</SimpleData>
		<SimpleData name="ward_lgd_name">Kalyan-Dombivli (M Corp.) - Ward No.101</SimpleData>
		<SimpleData name="sourcewardcode">101</SimpleData>
		<SimpleData name="state">Maharashtra</SimpleData>
		<SimpleData name="st_area(shape)">303194.91990598</SimpleData>
		<SimpleData name="st_length(shape)">3556.08391088496</SimpleData>
	</SchemaData></ExtendedData>
      <MultiGeometry><Polygon><outerBoundaryIs><LinearRing><coordinates>73.1404880940398,19.2264427208148 73.1405457533046,19.2266174895698 73.1407876669157,19.2264506931526 73.140841104997,19.226198406093 73.1408330893297,19.225943596058 73.1408918705904,19.2255147063328 73.1409800429304,19.2250479730724 73.1410708877585,19.2248587557745 73.1412926539544,19.224510598634 73.1414081449606,19.2242697443317 73.1415008331316,19.224055410238 73.1415360695486,19.2239665206198 73.1416814115717,19.2233870358099 73.1416971823948,19.2233059613984 73.1417044470705,19.2232686147861 73.1417070063707,19.2230221052172 73.1416839708719,19.2229447696207 73.1416506981721,19.2228867668391 73.141589271373,19.2228263482781 73.1415099276755,19.2227538449577 73.1414945709757,19.2226740917773 73.1414664168764,19.2225653375322 73.1414357034768,19.2223937470342 73.1414408220773,19.2223212435229 73.1414664168764,19.2222076558118 73.1414996895762,19.222118235048 73.1415701318675,19.2218190373312 73.1416299479874,19.2216713001463 73.1416502687774,19.2216191251462 73.1418394288234,19.2213476308112 73.1422955403241,19.2210883040155 73.1426736843463,19.2209164897364 73.1428507377972,19.2208693301402 73.1431615827333,19.2211543928424 73.1436107924776,19.220666883952 73.143838375265,19.2205217583164 73.1446452600195,19.2203040704708 73.1446423045622,19.2206250207032 73.1447280182133,19.2208957350031 73.1448107755089,19.221127376441 73.1448787546197,19.2211162127706 73.1455378584251,19.220890152736 73.1454647068149,19.2207504356802 73.145524743022,19.2206850244355 73.1454277618022,19.220536759473 73.1447858373783,19.2201748176989 73.1446288199515,19.2199262549777 73.1443840568843,19.219738742694 73.144002633113,19.2193213144183 73.143871933629,19.2190427588516 73.1437957906289,19.2189309154214 73.1442462517265,19.2174545617769 73.1442455151079,19.2171309893215 73.1440699016564,19.2171286693321 73.1439150069486,19.2171395558925 73.1436927547641,19.2171822606539 73.1434696725364,19.2172251248769 73.1428750659718,19.2172836666044 73.1424432161703,19.2172836666044 73.1422994138596,19.2172401237897 73.141882448244,19.2172612165915 73.141395615259,19.2172858432359 73.1404638098827,19.2172565138453 73.1404272592305,19.2172553636065 73.1403265176629,19.2174534157808 73.1397709294226,19.218545673718 73.1390715613295,19.2197648542455 73.1387304826943,19.2200368457219 73.1387900553706,19.2202463746695 73.1388358478905,19.2204074458106 73.1388421046565,19.2204629776897 73.138882476742,19.2206634825052 73.139310387431,19.2206823635034 73.1394103663288,19.2206823635034 73.1394427478999,19.2203830342394 73.1399341703777,19.2203697846898 73.1400211596366,19.2203705811897 73.1400582402949,19.2209961631871 73.1400689275518,19.2214376788415 73.1400796148088,19.2216420377008 73.1401864909714,19.2221592395043 73.1402826789787,19.2225578629177 73.1402987103133,19.2226789631664 73.1403120700582,19.2229539618819 73.1403948983207,19.2237814778883 73.1404385043412,19.224532596403 73.1404111434543,19.2246940611581 73.1404094339603,19.2249071950367 73.1404470536077,19.225370599446 73.140450823837,19.2254288269764 73.1404162737329,19.2261940666375 73.1404880940398,19.2264427208148</coordinates></LinearRing></outerBoundaryIs></Polygon></MultiGeometry>
  </Placemark>
  <Placemark>
	<Style><LineStyle><color>ff0000ff</color></LineStyle><PolyStyle><fill>0</fill></PolyStyle></Style>
	<ExtendedData><SchemaData schemaUrl="#kalyan_dombivli_ward_boundary">
		<SimpleData name="objectid">118</SimpleData>
		<SimpleData name="townname">Kalyan-Dombivli</SimpleData>
		<SimpleData name="towncensuscode2011">802790</SimpleData>
		<SimpleData name="town_lgd_code">251483</SimpleData>
		<SimpleData name="ward_lgd_code">2517865</SimpleData>
		<SimpleData name="ward_lgd_name">Kalyan-Dombivli (M Corp.) - Ward No.105</SimpleData>
		<SimpleData name="sourcewardcode">105</SimpleData>
		<SimpleData name="state">Maharashtra</SimpleData>
		<SimpleData name="st_area(shape)">618386.41495648</SimpleData>
		<SimpleData name="st_length(shape)">3927.12339813906</SimpleData>
	</SchemaData></ExtendedData>
      <MultiGeometry><Polygon><outerBoundaryIs><LinearRing><coordinates>73.1495798909281,19.2176546800644 73.1497773469158,19.217677577903 73.1498643047336,19.2176795942088 73.1503872428066,19.2176917208837 73.1504193827308,19.2176672469864 73.1505238630865,19.2175876830435 73.150757794268,19.2175705898158 73.1508940588151,19.2175606329737 73.1512764994793,19.2175390796066 73.1514498428882,19.2175293102275 73.1515466893606,19.2175123773144 73.1516375683246,19.2174947293184 73.1517131795221,19.217470654921 73.1518682098755,19.2174326232868 73.1520363430557,19.2174018188018 73.1523699926235,19.2173624367247 73.1525171663115,19.2173505500826 73.1528655015376,19.2173414550577 73.1532126770388,19.2173002627825 73.1532805016393,19.2172922153541 73.1535147822654,19.2169950879368 73.1535221565356,19.2169842505659 73.1535243807643,19.2169774110445 73.1535287142372,19.2169501886774 73.1535480738299,19.2167464949589 73.1531908533672,19.2167356151586 73.1530888900909,19.2167323773448 73.1530719685259,19.2167213923591 73.1530677374609,19.2166614720059 73.1531047543388,19.2164677297489 73.153106472816,19.2164081214642 73.1530519396884,19.2163987583359 73.1529841878513,19.2163098145288 73.152972026459,19.2156311242098 73.1529841294608,19.2152044427604 73.1528577715346,19.2146363448004 73.1528396974311,19.2145266266884 73.1528338098727,19.2143686315624 73.1527509914917,19.2139751610723 73.1526883896962,19.2137928258181 73.1525446251148,19.2137600568903 73.1523016811361,19.2136981666067 73.1522939574213,19.2133895037383 73.1522933115326,19.2133636948579 73.1522397494838,19.2133365991343 73.1522335169723,19.2133334460814 73.1522316125439,19.2133324824365 73.1521633477688,19.2133137464981 73.1521317288675,19.2132353688877 73.1520684901664,19.2132335035211 73.1520447764396,19.2132185738018 73.1520507044221,19.2128154912253 73.1520546570094,19.2124105414364 73.1518294942834,19.2119371263367 73.1516442257392,19.2115638978171 73.151659665084,19.2114676756232 73.1516009970111,19.2114385165489 73.1514157284669,19.2114385165489 73.1511841427867,19.2113947787761 73.1509649089416,19.2113597885495 73.150409103309,19.2112314915536 73.1502392741096,19.2112664818075 73.1501559032647,19.2113656205372 73.1500601814829,19.2114151903037 73.1497112596569,19.2112664818075 73.1485934733725,19.2113306303043 73.1482547797643,19.2113953259225 73.148105214761,19.2116185699751 73.1481582863297,19.2118554821668 73.148177584837,19.2121106185788 73.1485792233971,19.2131556585922 73.1485076698898,19.2139686658256 73.1472058493463,19.2142328161145 73.1471571175388,19.2142427044479 73.1471263196976,19.214197242879 73.1469435861992,19.2139275032432 73.1461934974285,19.2128202687473 73.1461319134242,19.2128031283684 73.1439858498885,19.2128640103824 73.1431091741213,19.2129059986086 73.1432113898242,19.2131307743003 73.1432217195517,19.2136477246511 73.1429783237204,19.214495763128 73.1429797951608,19.2145402881213 73.1429424000922,19.2148029182377 73.1428853795295,19.2151759799298 73.1428847066914,19.2152835005919 73.1429156051439,19.2154925995893 73.1429092064441,19.2155457350766 73.1428582620861,19.2157011545818 73.142842371787,19.2157805582672 73.1428064715149,19.2158816681894 73.1427880982724,19.2159633680419 73.1427821972394,19.2160401809994 73.1428576772828,19.2166895944264 73.1429307139087,19.2169930495679 73.1430256622409,19.2170240848562 73.143066899404,19.217264782671 73.1434696725364,19.2172251257252 73.1436927547641,19.2171822606539 73.1439150069486,19.2171395558925 73.1440699016564,19.2171286693321 73.144245512413,19.2171309893215 73.1457316977955,19.2171994837057 73.1470508279761,19.2171868726386 73.1482220514435,19.2171756756184 73.1489040856449,19.2171975411925 73.1490237160879,19.2172222772719 73.1491276287084,19.2172688577056 73.1492062052446,19.2173343186607 73.1493296786804,19.2175110888114 73.1493778894651,19.2175548173227 73.1495262103017,19.2176395030557 73.1495798909281,19.2176546800644</coordinates></LinearRing></outerBoundaryIs></Polygon></MultiGeometry>
  </Placemark>
  <Placemark>
	<Style><LineStyle><color>ff0000ff</color></LineStyle><PolyStyle><fill>0</fill></PolyStyle></Style>
	<ExtendedData><SchemaData schemaUrl="#kalyan_dombivli_ward_boundary">
		<SimpleData name="objectid">119</SimpleData>
		<SimpleData name="townname">Kalyan-Dombivli</SimpleData>
		<SimpleData name="towncensuscode2011">802790</SimpleData>
		<SimpleData name="town_lgd_code">251483</SimpleData>
		<SimpleData name="ward_lgd_code">2517878</SimpleData>
		<SimpleData name="ward_lgd_name">Kalyan-Dombivli (M Corp.) - Ward No.118</SimpleData>
		<SimpleData name="sourcewardcode">118</SimpleData>
		<SimpleData name="state">Maharashtra</SimpleData>
		<SimpleData name="st_area(shape)">631980.63172785</SimpleData>
		<SimpleData name="st_length(shape)">4956.82070153096</SimpleData>
	</SchemaData></ExtendedData>
      <MultiGeometry><Polygon><outerBoundaryIs><LinearRing><coordinates>73.1472058493463,19.2142328161145 73.1485076698898,19.2139686658256 73.1485792233971,19.2131556585922 73.148177584837,19.2121106185788 73.1481582863297,19.2118554821668 73.148105214761,19.2116185699751 73.1482547797643,19.2113953259225 73.1485934733725,19.2113306303043 73.1497112596569,19.2112664818075 73.1500601814829,19.2114151903037 73.1501559032647,19.2113656205372 73.1502392741096,19.2112664818075 73.150409103309,19.2112314915536 73.1509649089416,19.2113597885495 73.1511841427867,19.2113947787761 73.1514157284669,19.2114385165489 73.1516009970111,19.2114385165489 73.151659665084,19.2114676756232 73.1516442257392,19.2115638978171 73.1518294942834,19.2119371263367 73.1520546570094,19.2124105414364 73.1520507044221,19.2128154912253 73.1520447764396,19.2132185738018 73.1520684901664,19.2132335035211 73.1521317288675,19.2132353688877 73.1521633477688,19.2133137464981 73.1522316125439,19.2133324824365 73.1522335169723,19.2133334460814 73.1522397494838,19.2133365991343 73.1522933115326,19.2133636948579 73.1522939574213,19.2133895037383 73.1523016811361,19.2136981666067 73.1525446251148,19.2137600568903 73.1526310861643,19.2137797640547 73.1526613045921,19.2134760586775 73.152683340266,19.213417795526 73.1527010379754,19.2131190587048 73.1528023311086,19.2131202395106 73.1527832724515,19.2124563249988 73.1527824999003,19.2124294089617 73.1530602149687,19.212427379019 73.1531078849676,19.2124236185776 73.1533510148976,19.2124044388832 73.1534369531275,19.2123940346827 73.1533976365625,19.2122101699141 73.1533906791106,19.2121776288596 73.153604423351,19.2121057875941 73.1536506973679,19.2120902342826 73.1536456398529,19.2120501188626 73.153639679531,19.2120028396592 73.1537025616009,19.2119942694274 73.1538383644139,19.2119757606771 73.1538504485511,19.2119741133057 73.1538640167052,19.2119249992374 73.1538707028658,19.2118582586088 73.1540142823943,19.2118675863676 73.1544735847109,19.2118270094253 73.1546457369536,19.2117879941692 73.1549134708409,19.2101185341147 73.1549353268518,19.2098341410919 73.1550087299903,19.2094633907698 73.1551691816764,19.2091176314008 73.155183172937,19.2090874810944 73.1552435118763,19.2089751219105 73.1553103950425,19.2088485841292 73.1556557721164,19.2087827847159 73.1557977616268,19.2087776932047 73.155864263009,19.2087963626441 73.156013442635,19.2088931072585 73.1560390158745,19.2088443146247 73.156056178188,19.2088115701598 73.1560774323276,19.2088222324709 73.1561013068529,19.2088342096496 73.1561810844366,19.208736659113 73.1561862695125,19.2087303188987 73.1562113082544,19.2086997028031 73.1562423333694,19.2086637449375 73.1564581051073,19.2085771806787 73.156477849179,19.208481294362 73.1564925608884,19.2084539433426 73.1565229778439,19.2083973936831 73.1565335510148,19.208399723127 73.1565652857988,19.2084067157001 73.1565819648187,19.2083305879998 73.1565857080985,19.2083135014444 73.1565906703921,19.2082908533998 73.1566104144638,19.2082695448259 73.1567077226703,19.2078806711381 73.1567359288719,19.2077674713051 73.1566484913537,19.2077594802466 73.1566491812598,19.2076520920902 73.1566499017087,19.2075397395603 73.1566439009626,19.2071988013376 73.1566410524048,19.2070369342636 73.1560975456068,19.2064211896474 73.1558191253609,19.2066789065767 73.1556344299419,19.2070173221503 73.1555735412336,19.2071355852194 73.1552464610454,19.2070125385215 73.155175474375,19.2069862255913 73.1549371639065,19.2069111618652 73.1549134528746,19.2069239569559 73.1548756095466,19.2068891608898 73.1548705457434,19.2068845053523 73.1548310270574,19.2068738429157 73.1547565046181,19.206782143726 73.15463953229,19.2068401827293 73.1546232691901,19.2068482518771 73.1546133742472,19.2068347552262 73.1545869080823,19.206798653588 73.1541310184655,19.2069277862363 73.1541003517783,19.2069346923441 73.153786568453,19.2069497592123 73.153443533287,19.2070175605259 73.1528961673265,19.2071634233885 73.1522144915529,19.2072553853417 73.1514938621337,19.2073902623842 73.1505256300727,19.207701422905 73.1496478745305,19.2081507243871 73.1495611412915,19.2081849399454 73.1488446342411,19.2084676027351 73.1487182448739,19.2085174634952 73.1484490431394,19.2086470630572 73.1482218178816,19.2088616378013 73.1478309905459,19.2097986517345 73.1477120149747,19.2100069128046 73.1476320828807,19.2100817392915 73.147502865617,19.2101183457931 73.1470850627716,19.2101508855586 73.1461540577943,19.2101753198567 73.145332013071,19.2102607058411 73.1449960476463,19.2102607058411 73.144578244801,19.2102647725663 73.1439278501622,19.2101874920448 73.1437081806342,19.2102118966472 73.1430930179209,19.2103452613009 73.143173260832,19.2110777499833 73.1431857258549,19.2116662887019 73.1431150913241,19.2119448627063 73.1431691061238,19.2119919451241 73.143302065769,19.2120978824234 73.1432272756317,19.212239130353 73.1431317110551,19.2123686082221 73.1430520879816,19.2125276613826 73.1430506479822,19.2127051831903 73.1430840913619,19.2128549770337 73.1431091741213,19.2129059986086 73.1439858498885,19.2128640103824 73.1461319134242,19.2128031283684 73.1461934974285,19.2128202687473 73.1469435861992,19.2139275032432 73.1471263196976,19.214197242879 73.1471571175388,19.2142427044479 73.1472058493463,19.2142328161145</coordinates></LinearRing></outerBoundaryIs></Polygon></MultiGeometry>
  </Placemark>
  <Placemark>
	<Style><LineStyle><color>ff0000ff</color></LineStyle><PolyStyle><fill>0</fill></PolyStyle></Style>
	<ExtendedData><SchemaData schemaUrl="#kalyan_dombivli_ward_boundary">
		<SimpleData name="objectid">120</SimpleData>
		<SimpleData name="townname">Kalyan-Dombivli</SimpleData>
		<SimpleData name="towncensuscode2011">802790</SimpleData>
		<SimpleData name="town_lgd_code">251483</SimpleData>
		<SimpleData name="ward_lgd_code">2517866</SimpleData>
		<SimpleData name="ward_lgd_name">Kalyan-Dombivli (M Corp.) - Ward No.106</SimpleData>
		<SimpleData name="sourcewardcode">106</SimpleData>
		<SimpleData name="state">Maharashtra</SimpleData>
		<SimpleData name="st_area(shape)">1391452.83594367</SimpleData>
		<SimpleData name="st_length(shape)">5092.23897541189</SimpleData>
	</SchemaData></ExtendedData>
      <MultiGeometry><Polygon><outerBoundaryIs><LinearRing><coordinates>73.1353768067356,19.2158566672493 73.1363791145903,19.2157791043387 73.136930418765,19.2157364424743 73.1371504440258,19.2166790988848 73.1371643436582,19.2167359731249 73.1371671275373,19.2167473644268 73.1371718571673,19.2167613200217 73.1375114320227,19.2177633603679 73.1377043048058,19.2182476451765 73.1379848504657,19.218952068232 73.1380351399519,19.2190208332972 73.1384247132395,19.2195535255524 73.1384666268341,19.2196102690161 73.1387183365733,19.2199941154066 73.1387304826943,19.2200368457219 73.1390715613295,19.2197648542455 73.1397709294226,19.218545673718 73.1403265176629,19.2174534157808 73.1404272592305,19.2172553636065 73.1404638098827,19.2172565138453 73.141395615259,19.2172858432359 73.141882448244,19.2172612165915 73.1422994138596,19.2172401237897 73.1424432161703,19.2172836666044 73.1428750659718,19.2172836666044 73.143066899404,19.217264782671 73.1430256622409,19.2170240848562 73.1429307139087,19.2169930495679 73.1428576772828,19.2166895944264 73.1427821972394,19.2160401809994 73.1427880982724,19.2159633680419 73.1428064715149,19.2158816681894 73.142842371787,19.2157805582672 73.1428582620861,19.2157011545818 73.1429092064441,19.2155457350766 73.1429156051439,19.2154925995893 73.1428847066914,19.2152835005919 73.1428853795295,19.2151759799298 73.1429424000922,19.2148029182377 73.1429797951608,19.2145402881213 73.1429783237204,19.214495763128 73.1432217195517,19.2136477246511 73.1432113898242,19.2131307743003 73.1431091741213,19.2129059986086 73.1430840913619,19.2128549770337 73.1430506479822,19.2127051831903 73.1430520879816,19.2125276613826 73.1431317110551,19.2123686082221 73.1432272756317,19.212239130353 73.143302065769,19.2120978824234 73.1431691061238,19.2119919451241 73.1431150913241,19.2119448627063 73.1431857258549,19.2116662887019 73.143173260832,19.2110777499833 73.1430930179209,19.2103452638458 73.1430634058559,19.210010291568 73.1430234425038,19.2099994808821 73.1429009185873,19.2100069458881 73.1428870845319,19.2099752213069 73.1423270379529,19.2076398077377 73.1420285691065,19.2059196661316 73.1411493187676,19.2059303964955 73.139637162192,19.2058000100987 73.1388058333803,19.2056585072327 73.1383364241185,19.2055527422355 73.1369886071375,19.2060089379196 73.1362281086893,19.2061614694403 73.1346117439475,19.2062568379404 73.134569331788,19.2063587248373 73.1342593950486,19.2071032722046 73.1338685048309,19.2080422871314 73.1337221153722,19.2083939495671 73.1334191603392,19.2091889743229 73.1332084973203,19.2097140629099 73.1330712077954,19.2100598286596 73.1325907232044,19.211269933498 73.1325922503404,19.2112703796983 73.132598394817,19.2112742088775 73.1329908409168,19.2118735421871 73.1330199822646,19.2119180458351 73.1330076187514,19.2119875679689 73.1329442354216,19.2123439647237 73.1329829573019,19.2123787893255 73.1330165390222,19.2124089907738 73.1330130957797,19.2132738298739 73.1330302787544,19.2134893944588 73.1331012600349,19.2143799076632 73.1331095011793,19.2144832960599 73.1330212560757,19.2155681463035 73.1342620109428,19.2154149143563 73.1353368658415,19.2156591399249 73.1353864285906,19.2156704015166 73.1353768067356,19.2158566672493</coordinates></LinearRing></outerBoundaryIs></Polygon></MultiGeometry>
  </Placemark>
  <Placemark>
	<Style><LineStyle><color>ff0000ff</color></LineStyle><PolyStyle><fill>0</fill></PolyStyle></Style>
	<ExtendedData><SchemaData schemaUrl="#kalyan_dombivli_ward_boundary">
		<SimpleData name="objectid">121</SimpleData>
		<SimpleData name="townname">Kalyan-Dombivli</SimpleData>
		<SimpleData name="towncensuscode2011">802790</SimpleData>
		<SimpleData name="town_lgd_code">251483</SimpleData>
		<SimpleData name="ward_lgd_code">48886</SimpleData>
		<SimpleData name="ward_lgd_name">Kalyan-Dombivli (M Corp.) - Ward No.63</SimpleData>
		<SimpleData name="sourcewardcode">63</SimpleData>
		<SimpleData name="state">Maharashtra</SimpleData>
		<SimpleData name="st_area(shape)">202929.78911425</SimpleData>
		<SimpleData name="st_length(shape)">2683.26487435965</SimpleData>
	</SchemaData></ExtendedData>
      <MultiGeometry><Polygon><outerBoundaryIs><LinearRing><coordinates>73.0820670560557,19.2163887081139 73.0820951975787,19.2164197112824 73.0824864372411,19.2166421070366 73.0828892732555,19.2169444680099 73.0830296880193,19.2170850255334 73.0830687108352,19.2171346292023 73.0831137379905,19.2171700609912 73.0831707711296,19.2171714784322 73.0832386505274,19.2171472597834 73.0836631754661,19.2167070584361 73.0843271652083,19.2161595725566 73.0830767318924,19.2151980213616 73.0811863360731,19.2137720481301 73.0803086667691,19.2131190112011 73.0799750423541,19.2135609178638 73.0799893210755,19.2135904285969 73.0801442598008,19.2137031409034 73.0802403211457,19.2137730219517 73.0802751748804,19.2138571319568 73.0802616202011,19.2139503837872 73.0802035306433,19.214014381092 73.0800311960425,19.2140930051791 73.0798530529351,19.2141405458983 73.0798007718839,19.2141807719323 73.0797775360608,19.214263053698 73.0797601087443,19.2143508203603 73.0797117003303,19.2143928752205 73.0796478013674,19.2143947032498 73.0794619129857,19.2143672760211 73.0793062313537,19.2143282936023 73.0790943187782,19.214294356708 73.0789580003321,19.2142768033732 73.078825400013,19.2142463774754 73.0786457073118,19.214163291537 73.0784709724127,19.2140392482847 73.0782176951132,19.2138421607286 73.0781200302756,19.213752908462 73.0780929990703,19.2137583942679 73.0779913807471,19.2138602035651 73.0770879621338,19.214888390039 73.0772403631184,19.2150128194618 73.0773232587545,19.2150805012378 73.0772495259343,19.2154192159244 73.0773130619777,19.2157620516397 73.0772676790896,19.2158620452553 73.0772262712466,19.2159641408117 73.0770521175574,19.2162045627962 73.0769767219556,19.2163086481663 73.0769706816836,19.2163169865973 73.0769882958497,19.2163235521571 73.0772614654427,19.2164253649553 73.0775333199022,19.2165266873948 73.0775745768283,19.2165587330515 73.0776300954078,19.2166018553088 73.0776887437178,19.2166789928521 73.0778219899255,19.2173757297779 73.0778300208642,19.2174177219413 73.0778452149689,19.2174971706034 73.0780758987406,19.2175361845046 73.0782136203551,19.2175296817642 73.0783718127783,19.2173898397025 73.0783754437687,19.2173866298941 73.0783836795232,19.2173850266864 73.0785151183207,19.2173594381321 73.0785859756336,19.2174716719819 73.0785928396607,19.2174825449475 73.0786505043154,19.2175275263424 73.078713881357,19.2175619291107 73.0787804429263,19.2175762137602 73.0788833108061,19.2175790706899 73.0790013063154,19.2175619291107 73.0790950976176,19.2175419305992 73.0791407086778,19.2175247024938 73.0792472057513,19.2174588700777 73.0793285140643,19.2173757849147 73.0793922800765,19.2172778085306 73.0794490850434,19.2171905269386 73.079485391354,19.2171762422556 73.0795519529233,19.2171933838751 73.0796245242218,19.2172162266411 73.0797459081762,19.2172289437383 73.0798493069604,19.2172380888168 73.0798357971968,19.2171558882766 73.0798312948407,19.2170566800883 73.0798448028076,19.216909285561 73.0799348562199,19.2167406317764 73.0800455466292,19.2166123695171 73.0800946710005,19.2165684235999 73.0803152379455,19.2162912714855 73.0804710830708,19.2160368193252 73.0805685125499,19.2158616626873 73.0806693538305,19.2156357862857 73.0807648474401,19.2154707626296 73.0807842654233,19.2154431260582 73.0809971939934,19.2155222932015 73.0810084588671,19.2155026159354 73.0810473370542,19.2154346968181 73.0810688966211,19.2154381340005 73.0812403877037,19.2154654745272 73.0813082563218,19.2153273289432 73.0813532089169,19.2152358295698 73.0813891334434,19.215245403135 73.0814930487589,19.2152730965736 73.0815212953847,19.2152822655124 73.08174192611,19.2154069855931 73.0818965171872,19.2155118637503 73.082120149184,19.2156465041399 73.0822582310229,19.2157329577953 73.0823722990977,19.2158052377259 73.0824008161164,19.2158279144247 73.0823978139467,19.2158491736679 73.0823617924022,19.2158945262019 73.0820694006586,19.2163532770049 73.0820670560557,19.2163887081139</coordinates></LinearRing></outerBoundaryIs></Polygon></MultiGeometry>
  </Placemark>
  <Placemark>
	<Style><LineStyle><color>ff0000ff</color></LineStyle><PolyStyle><fill>0</fill></PolyStyle></Style>
	<ExtendedData><SchemaData schemaUrl="#kalyan_dombivli_ward_boundary">
		<SimpleData name="objectid">122</SimpleData>
		<SimpleData name="townname">Kalyan-Dombivli</SimpleData>
		<SimpleData name="towncensuscode2011">802790</SimpleData>
		<SimpleData name="town_lgd_code">251483</SimpleData>
		<SimpleData name="ward_lgd_code">48879</SimpleData>
		<SimpleData name="ward_lgd_name">Kalyan-Dombivli (M Corp.) - Ward No.56</SimpleData>
		<SimpleData name="sourcewardcode">56</SimpleData>
		<SimpleData name="state">Maharashtra</SimpleData>
		<SimpleData name="st_area(shape)">252530.55586216</SimpleData>
		<SimpleData name="st_length(shape)">2439.37438868828</SimpleData>
	</SchemaData></ExtendedData>
      <MultiGeometry><Polygon><outerBoundaryIs><LinearRing><coordinates>73.081558823404,19.2269782864905 73.0815020947938,19.226911330592 73.0814737304887,19.2267667066742 73.08147656647,19.2265819088364 73.0814794033497,19.2264533539913 73.0818921675447,19.2263453512186 73.0821249174415,19.2253160786038 73.0819068594911,19.2252532630254 73.0815033739947,19.2251370300527 73.0813150610601,19.2250827831076 73.0813123589277,19.2250820044431 73.081310151767,19.2250797592092 73.0812856987267,19.2250548945352 73.0812675994703,19.22503648989 73.0812704498247,19.2250224985244 73.0812749027736,19.2250006450182 73.0814482021649,19.2241500609397 73.0811448240255,19.2239918002401 73.0811051391512,19.2239710976369 73.0809703199934,19.2239007679726 73.0806828608991,19.2239635781304 73.0806783917805,19.2239606916238 73.0806182926914,19.2239218811252 73.0805643066378,19.2238870165577 73.0801356090246,19.2244071622588 73.0801113374439,19.2244735016726 73.080084511953,19.2245543159524 73.0800529756966,19.2246878250422 73.0800190445317,19.2248103275248 73.0799591655298,19.2249007909815 73.0798693474761,19.2249893696461 73.0797356179747,19.2250854872275 73.0795340261435,19.2252155283721 73.0793603773075,19.2253078763441 73.0790663470369,19.2254812637138 73.0790168444748,19.2255096781078 73.0789072940276,19.2255725512668 73.0784145402465,19.2258758610771 73.0782211814749,19.2259553692661 73.0781276210397,19.2259553692661 73.0780184667495,19.2259288668235 73.0777190726384,19.2258051870048 73.0773978476692,19.2256608937655 73.0771149196772,19.2255321490475 73.0770011498431,19.2254906865479 73.0769705864622,19.2255077662286 73.0772543876166,19.2260201541277 73.0775945194276,19.2266742560404 73.0779966358915,19.2274807440977 73.0781151461353,19.2277987743641 73.0782398933822,19.2282787631419 73.0783521666231,19.2286586307334 73.0784613209132,19.2291592290418 73.078514338583,19.2295096477981 73.0785469671907,19.2299823447506 73.0789739265638,19.229998719116 73.0791719907109,19.2299797815113 73.0793238230619,19.2299546003546 73.0793374630812,19.2300744720575 73.0793597368087,19.2301882299055 73.0793804564507,19.2302940536924 73.0793926196396,19.2303561752194 73.0795445903312,19.2303612541875 73.079675927619,19.2303656444244 73.0799537558751,19.2303569029673 73.0799831406664,19.2302944769399 73.0801190440908,19.2302719345554 73.0802127078322,19.230145347011 73.0802678042035,19.2300621121953 73.080380660451,19.2301082097606 73.0804255645371,19.2301265510714 73.0806094002684,19.2299702062599 73.0807052451193,19.2299254462567 73.0808085504787,19.2298766751341 73.0808774207183,19.2298035192712 73.0809520293958,19.2296815921951 73.0809822181793,19.2295748383917 73.0810207855494,19.2294864013035 73.0810593529195,19.2294707945042 73.081173217975,19.2294499857187 73.0813127946106,19.2293962287586 73.0813752374043,19.2293511428917 73.0814303337756,19.2292713759499 73.081479919881,19.2291933426842 73.0817168334692,19.2288950806916 73.0818141704218,19.2287632909281 73.0818472275259,19.2286713842659 73.0818656232263,19.2285637018748 73.0818805352601,19.2284555096444 73.0819190190868,19.228285451213 73.0819621220508,19.2281619037917 73.0819867520592,19.2280805085711 73.0820098423553,19.2280020192546 73.0820221573595,19.2279177163126 73.0820898894336,19.2278130649094 73.0821822515162,19.2277345754651 73.0823801261188,19.2273247436845 73.0824332668577,19.2272146777965 73.081589395768,19.2269863690694 73.081558823404,19.2269782864905</coordinates></LinearRing></outerBoundaryIs></Polygon></MultiGeometry>
  </Placemark>
  <Placemark>
	<Style><LineStyle><color>ff0000ff</color></LineStyle><PolyStyle><fill>0</fill></PolyStyle></Style>
	<ExtendedData><SchemaData schemaUrl="#kalyan_dombivli_ward_boundary">
		<SimpleData name="objectid">123</SimpleData>
		<SimpleData name="townname">Kalyan-Dombivli</SimpleData>
		<SimpleData name="towncensuscode2011">802790</SimpleData>
		<SimpleData name="sourcewardcode">9001</SimpleData>
		<SimpleData name="state">Maharashtra</SimpleData>
		<SimpleData name="st_area(shape)">524679.36909186</SimpleData>
		<SimpleData name="st_length(shape)">5227.16522058089</SimpleData>
	</SchemaData></ExtendedData>
      <MultiGeometry><Polygon><outerBoundaryIs><LinearRing><coordinates>73.1198865032163,19.2325348998841 73.1202046604388,19.2325611145762 73.1216057906353,19.2326765636674 73.1242029234279,19.2331412811891 73.124306359043,19.233150857952 73.1248361988723,19.2332492116392 73.1294015395541,19.2353084966196 73.129990442715,19.2355741316646 73.1310778354002,19.2360499137375 73.1313836147364,19.2356061583393 73.1334334714,19.2362477320634 73.1353219358414,19.2369359146091 73.1360156104122,19.2371887017022 73.137221740615,19.2376538407089 73.1373093308468,19.2374216933272 73.137466825279,19.2372032908294 73.1376464667763,19.237049943355 73.1378088821796,19.2369709468864 73.1382668954138,19.2368373951948 73.1387686116865,19.2367083980047 73.1389960785911,19.2366463552148 73.1383897705716,19.236285616003 73.1378871748482,19.235977522274 73.1369232412259,19.2354640305927 73.1362218573133,19.2351488531334 73.1361393416646,19.2348549233715 73.1361280893673,19.2346672313518 73.1360646054262,19.2345678191504 73.1357961412086,19.2342493897798 73.1352616750555,19.2336154502981 73.1349459334028,19.2335839516478 73.1344679748745,19.2334962758349 73.133525714905,19.2332461370006 73.1317127897958,19.2327380320437 73.1308582314492,19.2324182199836 73.1295644499292,19.2320677913172 73.1286760179098,19.2318004457514 73.1274938861999,19.2314447146077 73.1258573264321,19.23086189735 73.1256780137183,19.2313505778686 73.1253843257058,19.2321362557258 73.1251803650172,19.2324157577158 73.1249502417942,19.2325308192909 73.1246971073269,19.2326228688322 73.1183756087737,19.2320721891421 73.1183034893277,19.2321749854029 73.1182650800611,19.232255178418 73.1182266698962,19.2323353713939 73.1182229068535,19.2323348828417 73.1181576658077,19.2324794399399 73.1180925918485,19.2325441153578 73.1195527988512,19.2325366140556 73.1198865032163,19.2325348998841</coordinates></LinearRing></outerBoundaryIs></Polygon></MultiGeometry>
  </Placemark>
</Folder>
</Document></kml>
