<?xml version="1.0" encoding="utf-8" ?>
<kml xmlns="http://www.opengis.net/kml/2.2">
<Document id="root_doc">
<Schema name="navi_mumbai_wards" id="navi_mumbai_wards">
	<SimpleField name="objectid" type="float"></SimpleField>
	<SimpleField name="townname" type="string"></SimpleField>
	<SimpleField name="towncensuscode2011" type="string"></SimpleField>
	<SimpleField name="town_lgd_code" type="float"></SimpleField>
	<SimpleField name="ward_lgd_code" type="float"></SimpleField>
	<SimpleField name="ward_lgd_name" type="string"></SimpleField>
	<SimpleField name="sourcewardname" type="string"></SimpleField>
	<SimpleField name="sourcewardcode" type="string"></SimpleField>
	<SimpleField name="state" type="string"></SimpleField>
</Schema>
<Folder><name>navi_mumbai_wards</name>
  <Placemark>
	<Style><LineStyle><color>ff0000ff</color></LineStyle><PolyStyle><fill>0</fill></PolyStyle></Style>
	<ExtendedData><SchemaData schemaUrl="#navi_mumbai_wards">
		<SimpleData name="objectid">1</SimpleData>
		<SimpleData name="townname">Navi Mumbai</SimpleData>
		<SimpleData name="towncensuscode2011">400708</SimpleData>
		<SimpleData name="town_lgd_code">251472</SimpleData>
		<SimpleData name="ward_lgd_code">48555</SimpleData>
		<SimpleData name="ward_lgd_name">Navi Mumbai (M Corp.) - Ward No.24</SimpleData>
		<SimpleData name="sourcewardcode">24</SimpleData>
		<SimpleData name="state">Maharashtra</SimpleData>
	</SchemaData></ExtendedData>
      <MultiGeometry><Polygon><outerBoundaryIs><LinearRing><coordinates>72.9997502503041,19.1427494830839 72.9997586513487,19.1428807493558 73.000366212518,19.143254233653 73.0001368825075,19.1435907843759 73.0006058641712,19.1438949962693 73.0007543835355,19.1436848737117 73.0017074367631,19.1441890562293 73.0019333675486,19.1437395293643 73.0020918357546,19.1434316451235 73.0021466518516,19.1433101853208 73.0022293750112,19.143050318937 73.0015532786738,19.1427190422748 73.0015747331378,19.1426692396732 73.0014525182416,19.1425325860436 73.0011296996611,19.1421406870504 73.000869904186,19.1418984596489 73.0005204640321,19.1416424931269 73.0004950902186,19.1416236234334 72.9998465038885,19.1411665230128 72.9997624179846,19.1411072617283 72.9990669162405,19.1405629581835 72.9991361997051,19.1401750499855 72.9991496411967,19.1400099693901 72.9991451604001,19.1398724012524 72.9991406805018,19.1398353632983 72.9991294794085,19.1397856277193 72.9989592181194,19.1392586350368 72.9994454716911,19.1392383698729 73.0000127964206,19.1386743389262 73.0001303095345,19.1385613452903 73.0003209985131,19.1384016868984 73.0005312015947,19.1382427989406 73.0005577998119,19.1382187367212 73.0005823462771,19.1381882984713 73.0005918809955,19.138170612272 73.0006119673253,19.1381078754721 73.0006635854198,19.1378348372138 73.0006728299824,19.1378016916424 73.0006855141942,19.137774358592 73.0007103813579,19.137736302614 73.0007517433868,19.1376930010073 73.0008753587564,19.1375649861052 73.0008914736343,19.1375324489755 73.0009033278028,19.1374956022958 73.0009050220254,19.1374531357169 73.0008970072565,19.1373925466283 73.0008752168226,19.137323011683 73.0008355301517,19.1372279155922 73.0008096847226,19.137188407412 73.0007602055168,19.1371367878339 73.0007234886762,19.137112072825 73.0006706901954,19.137096155142 73.0006283148668,19.13709222749 73.0005074124093,19.1370949186276 73.0001118374774,19.1371189029329 73.0000569504135,19.1371189029329 73.0000054239471,19.1371062042617 72.9999337356925,19.1370776320356 72.9998049199757,19.1370046140077 72.9995573703345,19.1368469374589 72.999521525758,19.1368257724056 72.9994991235715,19.1368162485975 72.9994251949186,19.1367961418357 72.9989086753083,19.1367221494062 72.9989097011843,19.1365606891976 72.9982484926262,19.136597458008 72.9981352590864,19.1359615316857 72.997594785899,19.1360785591642 72.9969632909155,19.136215294517 72.9957412192098,19.1360259539251 72.9904187963727,19.1353962895111 72.9850628286464,19.1346791013351 72.9848984944416,19.1330510551919 72.9848801400637,19.131940478113 72.9840722518911,19.1311372615319 72.9835937831196,19.1313714777068 72.98246596445,19.1315797148475 72.9796035825102,19.1344172659945 72.9793998904178,19.1347532847852 72.9793301829484,19.1354768334948 72.9794001212849,19.1360306029779 72.9797489254316,19.1376252594258 72.9798354817025,19.1382068834057 72.9797406833889,19.1389144069699 72.9794882442176,19.1396507784964 72.9793177870958,19.1400425102748 72.9791703843375,19.1404403234296 72.9791972385746,19.1408371460972 72.9793770022427,19.1412883908962 72.9797450024887,19.1421790246121 72.9799403941479,19.1428128206559 72.9800221615,19.1431583848401 72.98017105636,19.1435122649591 72.9803643540462,19.1438168147548 72.9812474285132,19.1452518138122 72.9815356987862,19.1458067971387 72.9815941782129,19.1462751383167 72.9842749432602,19.1464468463362 72.9860626697273,19.1463754643563 72.9861688425091,19.1462409582695 72.9862080108521,19.1461864842025 72.9862450025772,19.1461433163493 72.9862972261362,19.1460980922658 72.9867892037729,19.1457846734372 72.9876323481256,19.1452466057721 72.9881559958676,19.144866061974 72.9890042911601,19.1444388738449 72.9900477158036,19.1439641355278 72.9901326658868,19.1429682612772 72.9895366184244,19.1423050518049 72.991639387655,19.1413336765517 72.9924113872337,19.141448649886 72.9936352492819,19.141502349003 72.9944434644413,19.1415814481542 72.9946945803941,19.1416418371219 72.9949710486009,19.1417469005831 72.9954348263242,19.1418325757845 72.9965506156538,19.1419890382506 72.9969881571809,19.1420333358897 72.9988809640784,19.1421389133811 72.9989300588053,19.142166692945 72.9989707426062,19.1421897141496 72.9990065970642,19.1422100027133 72.9992928587042,19.1423719844052 72.9992874607276,19.1427415194225 72.9997193904792,19.1427489518337 72.9997502503041,19.1427494830839</coordinates></LinearRing></outerBoundaryIs></Polygon></MultiGeometry>
  </Placemark>
  <Placemark>
	<Style><LineStyle><color>ff0000ff</color></LineStyle><PolyStyle><fill>0</fill></PolyStyle></Style>
	<ExtendedData><SchemaData schemaUrl="#navi_mumbai_wards">
		<SimpleData name="objectid">2</SimpleData>
		<SimpleData name="townname">Navi Mumbai</SimpleData>
		<SimpleData name="towncensuscode2011">400708</SimpleData>
		<SimpleData name="town_lgd_code">251472</SimpleData>
		<SimpleData name="ward_lgd_code">48557</SimpleData>
		<SimpleData name="ward_lgd_name">Navi Mumbai (M Corp.) - Ward No.26</SimpleData>
		<SimpleData name="sourcewardcode">26</SimpleData>
		<SimpleData name="state">Maharashtra</SimpleData>
	</SchemaData></ExtendedData>
      <MultiGeometry><Polygon><outerBoundaryIs><LinearRing><coordinates>73.0288007685643,19.1059208770595 73.0285056162979,19.1066925634096 73.0282238902517,19.1074480879496 73.0280366310409,19.1079853161688 73.0270146222337,19.1076823275109 73.0270620254329,19.1075603966416 73.02658678341,19.1074185887723 73.0265608652174,19.1074864080971 73.0260644310386,19.1073149761915 73.0252908710862,19.1070625364367 73.0253227702619,19.1069457362663 73.0246955296996,19.1067420882549 73.024661815927,19.1068253488703 73.0243695203032,19.1067185086754 73.0243460805625,19.1067720450708 73.0232668077492,19.1063853935969 73.0230232403397,19.1070614210796 73.0218341134487,19.1066562980906 73.0208051588677,19.1062944949901 73.0203482811041,19.1061670219329 73.0201373000815,19.1061546060901 73.0200441367018,19.1061554472811 73.0199224554049,19.1061628448384 73.0198702390324,19.1061791950093 73.0198067227519,19.1062153831895 73.0197552582693,19.1062596683506 73.0196960601904,19.1063793321069 73.0196034528678,19.1066205564905 73.0195397281781,19.106714891821 73.0194602039193,19.1068157571246 73.019366566229,19.1069088547546 73.0191929182913,19.1070407733904 73.0189424212777,19.1072410673268 73.0186866996624,19.1074121360123 73.0184542722608,19.1075474240752 73.0183700821523,19.1075628650196 73.01826626116,19.1075634040224 73.0181719982423,19.1075343632303 73.0180876967428,19.1075017276654 73.0180150697487,19.107463221629 73.0179620179429,19.1074155796913 73.0179265057431,19.1073711496907 73.0178747358333,19.1072832242098 73.0178508433417,19.1072088849766 73.0177768967225,19.1067477626664 73.0177424319583,19.1064125968756 73.0177353550305,19.1063255536679 73.0177584282585,19.1061936200316 73.017914914781,19.1057758736283 73.0180638850995,19.1053724774152 73.0176771370135,19.1052429214548 73.0175504431174,19.1052004805407 73.0173585737525,19.1059570101221 73.0171935613197,19.1065296970591 73.0170348802129,19.1069859460172 73.0168754247584,19.1073923006915 73.0168385543059,19.1075277177918 73.0168353886428,19.1075859360337 73.0168630792115,19.1079534420855 73.0168910258,19.1087171969403 73.0169104240202,19.1091142384039 73.0168920301165,19.1094379567125 73.0169452903313,19.1097291640374 73.016962427492,19.1098228643813 73.0169156486219,19.1099103861755 73.0168086700513,19.1101105391293 73.0170386145096,19.1102250291514 73.0178162105925,19.1106121970605 73.0172964112332,19.1116218489113 73.0167836241229,19.1116140246505 73.0167522046476,19.1121571928171 73.0143329571458,19.112111765053 73.0147906568679,19.1111262621499 73.0147963378137,19.1110955523838 73.0147917896435,19.1110262966627 73.0147664454743,19.1109402905776 73.0147273507932,19.11086899511 73.0146751892179,19.1108021023716 73.0141150213663,19.1100622367309 73.0140825257092,19.1099929474734 73.014049853084,19.1099263421276 73.0139813089329,19.1097552157771 73.0139623059713,19.1096543845211 73.0139605255105,19.1095087562413 73.0139731261789,19.1093612825117 73.0140375740124,19.1092060895288 73.0144866984168,19.1080638643548 73.0110271560019,19.1066570917447 73.0108049379534,19.107247081251 73.0104244538199,19.1085181780191 73.010338427555,19.1087763841125 73.0098331413774,19.110292982286 73.0093240813772,19.1119279768561 73.0091386250852,19.1125383840616 73.0091036195352,19.1126536015194 73.0085387310367,19.1143670228748 73.0083306677422,19.1151735624832 73.0080675485005,19.1158640418754 73.0079495682627,19.1161473043438 73.0078554203293,19.1163593020852 73.0074145173064,19.117372105982 73.0071126330653,19.1180167307574 73.0070879761074,19.1180673539136 73.0069415327498,19.1183371681228 73.0068255054494,19.1185633196372 73.0067109567759,19.1188080375889 73.006604062647,19.1190605332537 73.0063457332224,19.1198112864153 73.0061276016102,19.1204839734661 73.0059584901647,19.1210274316203 73.0058080843383,19.1215269583104 73.0058027681085,19.1215423139227 73.0057326123798,19.1217468026396 73.0056980443093,19.1218323668449 73.0056758119043,19.1219090081018 73.0056170387286,19.1220855309469 73.0052631438291,19.1232517457145 73.0050953052964,19.123974303402 73.0049858446807,19.1244410684426 73.0047725792424,19.125378784757 73.0046370944329,19.125942368848 73.0046041936356,19.1260792161371 73.0045772226175,19.1261822483096 73.0045748878961,19.1261968090804 73.0044954633502,19.1265308076524 73.0043984093669,19.1269506828294 73.004138873505,19.1279230109292 73.0040740735319,19.1281876081067 73.0039095327146,19.1287956815568 73.0037909506055,19.12925459003 73.0036860516348,19.1296283954077 73.0036415832317,19.1298255319362 73.0035925540818,19.1300808386592 73.0035354382977,19.130465397814 73.0035127396671,19.1307465737511 73.0035047581358,19.1309146238846 73.0035058980979,19.1311850103584 73.0035079309854,19.1312902739773 73.0035095928686,19.1313171396178 73.0035264578398,19.1315536877654 73.0035614849494,19.1318576502544 73.0036004035607,19.1321665134085 73.0036847284164,19.132792819126 73.0037755400068,19.1334362812912 73.0038780270009,19.1339424691549 73.0039908931299,19.1344388514557 73.0040414880433,19.1347133924078 73.0040596501817,19.1348408578766 73.0040726227528,19.1350136717411 73.0040674340837,19.1351962902404 73.0040531634471,19.1353678773897 73.0040103524356,19.1355848126981 73.0039662442568,19.1357171803108 73.0038948919721,19.1358997980321 73.0037794324069,19.1361253119131 73.0034680790244,19.1366486508718 73.0033593128064,19.1368535248574 73.0032929425783,19.1369979510835 73.0032293741956,19.1371450241891 73.0031826716823,19.1372761650708 73.0031463474054,19.1373827928633 73.003120401365,19.1374918723932 73.0030425623457,19.1378742620699 73.0029854815959,19.1382272361089 73.0029763080002,19.1382697805658 73.0039835413176,19.13843599502 73.0044296509759,19.1384981486628 73.0046183915087,19.1385314222427 73.0048544040866,19.1385702681436 73.0051099640052,19.1386278533794 73.0053055443105,19.1386993829826 73.0054339252427,19.1387444741558 73.005611127814,19.138816749683 73.0057633446439,19.1389005262502 73.0068624783098,19.1395277747469 73.0088770392677,19.1406647142812 73.0112672325582,19.1420422644959 73.0125735437798,19.1428195138965 73.0135687055363,19.1434077567829 73.0142157970698,19.1437885373186 73.01498548169,19.1442420857306 73.0155820852096,19.1445889521201 73.0160721952488,19.1448702737326 73.0153703208561,19.1460165130489 73.0158020484867,19.1462585765627 73.016231780959,19.1465036854302 73.0168428015406,19.1468291125854 73.0171114139802,19.1469987714582 73.0183400945915,19.1478375256072 73.0224767385585,19.1509349512442 73.0226529475931,19.1508799721121 73.0236930457751,19.1504230695952 73.0248092411432,19.1498865717003 73.0265391807847,19.1486930160612 73.027185952518,19.1480859493656 73.0278758900972,19.1472103086886 73.0284420730679,19.1460082058518 73.0286496467807,19.1446528312624 73.0288386963339,19.1430269821578 73.0290020280188,19.1424489589836 73.0291037433601,19.142028504547 73.0293227104056,19.1411888824096 73.0295065120009,19.1403907068445 73.0296875845144,19.1396218799771 73.0300924489248,19.1386349855488 73.0310092434526,19.1370250211741 73.0312461579391,19.136497453614 73.0314067614406,19.1359487607878 73.0314014110747,19.135164442622 73.0314005801331,19.1331529058804 73.0315364116922,19.1323655004595 73.0316654196485,19.1316514775014 73.0325224869897,19.1303470907524 73.0327362015857,19.1300690161618 73.0331865153596,19.1296035078357 73.0341085111329,19.1289349198544 73.0344565274571,19.1287249242377 73.0345391221576,19.1287032489147 73.0346217159598,19.1286902432104 73.0347869044624,19.1286729022696 73.0348924412369,19.1286815727402 73.0351126919749,19.1287596061065 73.0352182287494,19.1288072936642 73.0353558856852,19.1288593155901 73.0355164855934,19.1288983326602 73.0356679074144,19.1288939974306 73.0361451176461,19.1288289698223 73.0363791350658,19.1288289698223 73.0367140997673,19.128841974667 73.0386902281024,19.1291157483506 73.0388315753173,19.1291353306945 73.0391779576061,19.1292097771893 73.0392805766525,19.1292447806181 73.0394876607834,19.1293535744153 73.0396868280617,19.1294737739647 73.0397587004709,19.1295160550303 73.0399190147149,19.1296103645641 73.0400430603775,19.1296316731254 73.0401313953127,19.1296281212744 73.0401595880395,19.1296032617098 73.0401765033163,19.1295801776431 73.0402427576618,19.1293975699082 73.0403584804333,19.1290786239613 73.0406973096871,19.1280943739348 73.040863436031,19.1275900820133 73.04097247893,19.1270012939129 73.0408680039642,19.1231229090698 73.0408312242415,19.1229799916609 73.0408202800664,19.1228361498453 73.0409305078433,19.1227136377278 73.0412320579111,19.1226197248652 73.0421218293186,19.1228202978374 73.0426936330481,19.1231990116251 73.0433900834131,19.1239950279091 73.0440717169659,19.1252059862739 73.0444201303455,19.1259631694939 73.0449121861356,19.1270325142013 73.0451085964843,19.1278393272445 73.0451408999019,19.1279364359609 73.0451732042178,19.1280196723219 73.0452466208311,19.128086261041 73.0453288481206,19.1280945852655 73.0454140111045,19.1280834865823 73.0457525268463,19.1273702768613 73.0459031213188,19.1270529921951 73.0461259511199,19.1264994039443 73.0465795796772,19.1253801002912 73.0475940489242,19.1226358085999 73.0483743830721,19.1207541393589 73.0484785050001,19.1201220189892 73.0484541229267,19.1191577574686 73.048665200069,19.1179866554535 73.0489163250049,19.1153740341497 73.0492828556072,19.1139609433721 73.0500704786854,19.1088723029539 73.0501173860146,19.1045728241657 73.0498247993366,19.1033873175157 73.0500924739351,19.1003451134304 73.049821612114,19.099232506823 73.0496407129753,19.0991559688035 73.04911739222,19.098937668239 73.0487469719126,19.0987836029603 73.0483299892291,19.0986101688912 73.0481609173095,19.0985073249625 73.0480873327113,19.0983928370165 73.0480056884284,19.0982103671527 73.0479043180402,19.0978374720314 73.0478660309444,19.0976358585947 73.0478146697681,19.0973653985716 73.0477896660605,19.0970722196111 73.0477540056386,19.0966540961934 73.0477571820814,19.0965804406253 73.0477924014305,19.0957638919933 73.0477594009202,19.0950818948121 73.0474585066225,19.0951206397207 73.0417166172602,19.0951675305386 73.0414756001678,19.0951273382885 73.0411211617877,19.0949833160497 73.0408907780533,19.0949297266041 73.0402811453689,19.0949330763163 73.0394517614097,19.0952177710497 73.0393773288019,19.0952814086689 73.0393347962682,19.0956464870804 73.0394127727298,19.0958608455282 73.0396452836748,19.0966303869952 73.0396725044245,19.098083718912 73.039692920436,19.0995391814475 73.0396498210652,19.0998028351291 73.0395704270621,19.1018756116226 73.0394502019344,19.1026837086716 73.039398028681,19.1028659045175 73.0393140972874,19.1029880833152 73.0391938721597,19.1030695360798 73.0386494562666,19.1032988882496 73.0384906682603,19.1034017750375 73.0381005029829,19.1037575924841 73.0374403984543,19.103813322398 73.0365920169235,19.104319181664 73.0357322923657,19.1047843130135 73.035441937103,19.1049064903943 73.0350721878371,19.1050115194941 73.0346366549429,19.1050350976193 73.0336612426479,19.1049343551601 73.0322571030953,19.1048121777998 73.031465584922,19.1047646726102 73.0307812689998,19.1047462010541 73.0306675674377,19.1049683383351 73.0297709355964,19.1046642797075 73.0298788618896,19.1044078590946 73.0293280203472,19.104211575045 73.0289814296493,19.1050296285675 73.0291012262807,19.1050810213499 73.0288007685643,19.1059208770595</coordinates></LinearRing></outerBoundaryIs></Polygon></MultiGeometry>
  </Placemark>
  <Placemark>
	<Style><LineStyle><color>ff0000ff</color></LineStyle><PolyStyle><fill>0</fill></PolyStyle></Style>
	<ExtendedData><SchemaData schemaUrl="#navi_mumbai_wards">
		<SimpleData name="objectid">3</SimpleData>
		<SimpleData name="townname">Navi Mumbai</SimpleData>
		<SimpleData name="towncensuscode2011">400708</SimpleData>
		<SimpleData name="town_lgd_code">251472</SimpleData>
		<SimpleData name="ward_lgd_code">48548</SimpleData>
		<SimpleData name="ward_lgd_name">Navi Mumbai (M Corp.) - Ward No.17</SimpleData>
		<SimpleData name="sourcewardcode">17</SimpleData>
		<SimpleData name="state">Maharashtra</SimpleData>
	</SchemaData></ExtendedData>
      <MultiGeometry><Polygon><outerBoundaryIs><LinearRing><coordinates>72.9965302885755,19.1515159657022 72.9969928607597,19.1515132612222 72.9974911858922,19.1515234146901 72.997491763509,19.1528033169016 72.9969723674932,19.152793089685 72.9969650695798,19.1534069880125 72.9962502414807,19.1534030480198 72.9962470003591,19.1540340439037 72.9962469105276,19.1540514407329 72.9962457903284,19.1552900145584 72.9985725787296,19.155297356455 72.9985722858788,19.1555117665096 73.000254742371,19.1555776763097 73.0002909992742,19.1555786233211 73.0003484339603,19.1551233036887 73.0004206585091,19.1545315707692 73.0005195216994,19.1536553219208 73.000605857883,19.1529214339089 73.0006528334841,19.1523401206043 73.0006725631827,19.1520348202578 73.0006724419102,19.1512823950386 73.0006720619228,19.1512143306268 72.9993317009587,19.151251556962 72.9977598917567,19.1512415867747 72.9970258963043,19.1512428070598 72.9967182897948,19.1512592927883 72.9966278456154,19.1512779424416 72.9966171520702,19.1513040334533 72.9965302885755,19.1515159657022</coordinates></LinearRing></outerBoundaryIs></Polygon></MultiGeometry>
  </Placemark>
  <Placemark>
	<Style><LineStyle><color>ff0000ff</color></LineStyle><PolyStyle><fill>0</fill></PolyStyle></Style>
	<ExtendedData><SchemaData schemaUrl="#navi_mumbai_wards">
		<SimpleData name="objectid">4</SimpleData>
		<SimpleData name="townname">Navi Mumbai</SimpleData>
		<SimpleData name="towncensuscode2011">400708</SimpleData>
		<SimpleData name="town_lgd_code">251472</SimpleData>
		<SimpleData name="ward_lgd_code">48544</SimpleData>
		<SimpleData name="ward_lgd_name">Navi Mumbai (M Corp.) - Ward No.13</SimpleData>
		<SimpleData name="sourcewardcode">13</SimpleData>
		<SimpleData name="state">Maharashtra</SimpleData>
	</SchemaData></ExtendedData>
      <MultiGeometry><Polygon><outerBoundaryIs><LinearRing><coordinates>73.000254742371,19.1555776763097 72.9985722858788,19.1555117665096 72.9985725787296,19.155297356455 72.9962457903284,19.1552900145584 72.9962469105276,19.1540514407329 72.9962470003591,19.1540340439037 72.9959820602324,19.1540374153298 72.9957587453409,19.1540406297676 72.9957191332302,19.1543239234956 72.9949269907278,19.1542113334686 72.9947477382011,19.1556193261372 72.9947629224243,19.1556434723742 72.9948266713685,19.1557902131939 72.9948381437529,19.1559175164303 72.9948226585941,19.1560816527726 72.9945677715137,19.1578605027649 72.9944599745779,19.1586114172395 72.9943654134195,19.1592866412316 72.9943210402377,19.1596142528102 72.9941613700859,19.1607418471744 72.9941507322363,19.1608872419014 72.994361274881,19.1608663743781 72.9945088626923,19.1608298349922 72.9945784030751,19.1608076547555 72.994717017615,19.1607569742736 72.9949473824848,19.1606657704111 72.9950034750877,19.1606420186368 72.9950789093171,19.1606219207179 72.9951524094736,19.1606146121517 72.9952123693239,19.1606109582928 72.9954580145367,19.1606054766557 72.9968506466705,19.1605981689373 72.9989841284023,19.1605910894787 73.0000212576523,19.1605971184315 73.0000284962769,19.1603997920923 73.0000661428738,19.1585603287733 73.0000799050639,19.1579406598713 73.0000821984628,19.1577716588575 73.0001120171404,19.1574856564864 73.0002198446189,19.1566434985534 73.0002909992742,19.1555786233211 73.000254742371,19.1555776763097</coordinates></LinearRing></outerBoundaryIs></Polygon></MultiGeometry>
  </Placemark>
  <Placemark>
	<Style><LineStyle><color>ff0000ff</color></LineStyle><PolyStyle><fill>0</fill></PolyStyle></Style>
	<ExtendedData><SchemaData schemaUrl="#navi_mumbai_wards">
		<SimpleData name="objectid">5</SimpleData>
		<SimpleData name="townname">Navi Mumbai</SimpleData>
		<SimpleData name="towncensuscode2011">400708</SimpleData>
		<SimpleData name="town_lgd_code">251472</SimpleData>
		<SimpleData name="ward_lgd_code">48178</SimpleData>
		<SimpleData name="ward_lgd_name">Navi Mumbai (M Corp.) - Ward No.11</SimpleData>
		<SimpleData name="sourcewardcode">11</SimpleData>
		<SimpleData name="state">Maharashtra</SimpleData>
	</SchemaData></ExtendedData>
      <MultiGeometry><Polygon><outerBoundaryIs><LinearRing><coordinates>72.990788677691,19.1644610234157 72.9908624230876,19.1644618515818 72.9917380343513,19.1644564880185 72.9917681324048,19.1653017786897 72.9922254584278,19.1652872179746 72.9922278811841,19.1654361546826 72.992614101959,19.1654306689633 72.9934459023863,19.165394132286 72.9942981996733,19.1653566953144 72.9945025142982,19.1653484578219 72.9948119875068,19.1653265335994 72.9948796854449,19.165116428158 72.9951323366186,19.1642466852426 72.9945523483386,19.1639323038696 72.9948118698275,19.1630749085717 72.9947561122961,19.1630736111571 72.9945144609931,19.1630928542996 72.9942598029831,19.1631386023629 72.9942534653688,19.1631101653194 72.994136211868,19.1631318675198 72.9940894518625,19.163035472766 72.994072189836,19.162999887618 72.9937467481749,19.1629364381523 72.9937642590347,19.1627633217505 72.9937706855823,19.1626997864912 72.9938813768899,19.1625209226743 72.9938948201781,19.1622272789314 72.9939025627576,19.1621766184023 72.9939054292817,19.1621653234519 72.9939205326565,19.1621253587865 72.9940913059853,19.1616734912912 72.9941367894848,19.1614429286833 72.9941494054246,19.1613500348949 72.994149634495,19.1613264418974 72.9941405543241,19.1611316909255 72.9941490649631,19.1609100568421 72.9941507349312,19.1608872419014 72.9928476001525,19.1609156564175 72.9927863988305,19.1609180866619 72.9927211218521,19.1609229997608 72.992696455911,19.1609282879182 72.9926549519483,19.1609393750589 72.9924108599226,19.1610058206697 72.9923819934593,19.1610140753502 72.9923395920796,19.1610212701932 72.9922641524603,19.1610265897437 72.9918063656016,19.1610348198153 72.9918004475006,19.161651350201 72.9913398273555,19.1616575174279 72.9913332103651,19.1618215046533 72.9908310197819,19.16181586353 72.990788677691,19.1644610234157</coordinates></LinearRing></outerBoundaryIs></Polygon></MultiGeometry>
  </Placemark>
  <Placemark>
	<Style><LineStyle><color>ff0000ff</color></LineStyle><PolyStyle><fill>0</fill></PolyStyle></Style>
	<ExtendedData><SchemaData schemaUrl="#navi_mumbai_wards">
		<SimpleData name="objectid">6</SimpleData>
		<SimpleData name="townname">Navi Mumbai</SimpleData>
		<SimpleData name="towncensuscode2011">400708</SimpleData>
		<SimpleData name="town_lgd_code">251472</SimpleData>
		<SimpleData name="ward_lgd_code">48168</SimpleData>
		<SimpleData name="ward_lgd_name">Navi Mumbai (M Corp.) - Ward No.1</SimpleData>
		<SimpleData name="sourcewardcode">1</SimpleData>
		<SimpleData name="state">Maharashtra</SimpleData>
	</SchemaData></ExtendedData>
      <MultiGeometry><Polygon><outerBoundaryIs><LinearRing><coordinates>73.0171994578612,19.1847955325934 73.0172235650502,19.1847180602433 73.0172861273198,19.1844119867077 73.0173000440202,19.1841138148768 73.0172875367765,19.1838503000661 73.0172341624756,19.1834443457118 73.0169495474475,19.1813941861033 73.0169341063061,19.1807743239085 73.0170026738134,19.180263388447 73.0170159248621,19.1797885920611 73.017017061231,19.179621984025 73.0170173298272,19.1795825716933 73.0169855249746,19.1791598506804 73.0168264836434,19.177856902686 73.0061621157817,19.177810692054 73.0047506082471,19.1777816653154 73.0047273248133,19.1785556315871 73.0046096464094,19.1785393293097 73.004550521094,19.1789817106427 73.0045347862035,19.1790960782354 73.0044834007726,19.1796931878609 73.0043968642647,19.1809991867646 73.0045436974911,19.182091308326 73.0044032342184,19.1826636200057 73.0042711315659,19.1832050679024 73.0006111229089,19.1830109214182 73.0001519221019,19.1830020009693 72.9979705430975,19.1829596267095 72.9969057080075,19.1834902841132 72.9977402429064,19.1841340838588 72.998054468203,19.1847614793118 72.9978379553548,19.1856198163568 72.9975013808724,19.1856338780999 72.9975038153068,19.185691877899 72.9970281331094,19.1858029022959 72.9968417794003,19.1858514998381 72.9969022665616,19.1860523310653 72.9970050850341,19.1864012542932 72.9970430936521,19.186528559338 72.9970716690613,19.1866503105498 72.9970824165054,19.1867250170026 72.9970914472689,19.1868651659588 72.9970842526618,19.1870135079363 72.9970179731635,19.187530380853 72.9969307898685,19.1881002174852 72.9969133760268,19.1882744415884 72.996892791132,19.1889560776005 72.9968781000839,19.1892904538975 72.996879983851,19.1893878539189 72.9969020222199,19.1895786858155 72.9969149543667,19.1896257313658 72.9969486681393,19.1897134382106 72.9970922359897,19.1899948762549 72.9971452707275,19.1900844833165 72.9972136980976,19.1901841642113 72.9972625269232,19.190246987247 72.9973753634077,19.1903725195613 72.9975121822154,19.1904936901723 72.9976997648197,19.1906371336356 72.9978649272712,19.1907462356272 72.9979420063159,19.1907888556146 72.998089570771,19.1908692520703 72.9982647593194,19.1909473943028 72.9983895523803,19.1909967004324 72.9986106574162,19.1910692338733 72.9987579119525,19.1911088827028 72.9993802001026,19.1911949479651 72.9998932315546,19.1912698780282 73.000267136427,19.1913204371369 73.0006849518488,19.191350021428 73.0008213592281,19.1913499917343 73.0016874914688,19.1913499679793 73.0024123582413,19.1913228092422 73.0029871120381,19.1912705728618 73.0040987197101,19.1911338373491 73.0047307977002,19.1910218527715 73.0054393753215,19.1908656158501 73.00564209903,19.1908033012392 73.0063506766514,19.1906145518779 73.006808203897,19.190480053891 73.0069952232577,19.1904250760723 73.0069999969051,19.1904352559886 73.0070073657854,19.1904509699977 73.007292503633,19.190366933713 73.0078173614057,19.1902122461935 73.0083846645756,19.1900623155017 73.0089968134411,19.189919159145 73.0091200578066,19.1898903364597 73.0092388240703,19.1896272491555 73.0096183919222,19.1887864381538 73.0101442279603,19.187610562555 73.0101902549405,19.1875018411192 73.0102137548683,19.1873878738757 73.0101875842491,19.1872423778143 73.0101433556961,19.1871069115772 73.010074215962,19.1869527979168 73.0099375570544,19.1867476518956 73.0099197371741,19.1867136151376 73.0099065822451,19.1866585546131 73.0099039385033,19.1866069411875 73.0099216460941,19.1865364012577 73.0099599619359,19.186456770504 73.0099963437049,19.1864030223959 73.0100472386557,19.1863563203825 73.0104898942917,19.1859895115195 73.0105736163779,19.1859090660178 73.0106504358094,19.1857853552538 73.0106902769906,19.1856339900916 73.0106843768558,19.1854286981953 73.0106694459574,19.185252751326 73.0105892596402,19.1849220489955 73.0105661864122,19.1841758079196 73.0107721781917,19.1832618222074 73.0108354986394,19.1831410823696 73.0110400872504,19.1829311116366 73.0112192804884,19.1828203635906 73.0114225979832,19.1827464707139 73.0114989161548,19.1827293611396 73.0117802676035,19.1827070005878 73.0118770233461,19.1827096290452 73.0127331151169,19.1828412198497 73.0128459857374,19.1828792102714 73.0129948653261,19.182958573801 73.0131879878408,19.1831148233161 73.013332033595,19.1832745818058 73.0135133765014,19.1835222683305 73.0137278932929,19.1839422182026 73.0138811970843,19.18428319867 73.0139479580796,19.1844005218988 73.0139847404972,19.1844533950829 73.0147540145874,19.1852758394796 73.0149530013043,19.1854301846321 73.0151772917662,19.1855395649631 73.0154212238917,19.1856331068845 73.0156962925232,19.185703429157 73.0160410380815,19.1857248246469 73.016197091616,19.1857246897479 73.016309125905,19.1857161919599 73.0165043612573,19.185647167778 73.0165926872093,19.1855854391484 73.0168315106158,19.1853667751949 73.016950816767,19.185230557408 73.0170472248616,19.1850742326937 73.0171994578612,19.1847955325934</coordinates></LinearRing></outerBoundaryIs></Polygon></MultiGeometry>
  </Placemark>
  <Placemark>
	<Style><LineStyle><color>ff0000ff</color></LineStyle><PolyStyle><fill>0</fill></PolyStyle></Style>
	<ExtendedData><SchemaData schemaUrl="#navi_mumbai_wards">
		<SimpleData name="objectid">7</SimpleData>
		<SimpleData name="townname">Navi Mumbai</SimpleData>
		<SimpleData name="towncensuscode2011">400708</SimpleData>
		<SimpleData name="town_lgd_code">251472</SimpleData>
		<SimpleData name="ward_lgd_code">48174</SimpleData>
		<SimpleData name="ward_lgd_name">Navi Mumbai (M Corp.) - Ward No.7</SimpleData>
		<SimpleData name="sourcewardcode">7</SimpleData>
		<SimpleData name="state">Maharashtra</SimpleData>
	</SchemaData></ExtendedData>
      <MultiGeometry><Polygon><outerBoundaryIs><LinearRing><coordinates>72.9996022151318,19.1657465553065 73.0003814892678,19.1657398740269 73.0009989166339,19.1657391680547 73.0013877425231,19.1657111879658 73.001588358784,19.1656905314872 73.001844923019,19.1656260198554 73.0020519343863,19.1655842588529 73.0026093399185,19.1656149601826 73.0026102391321,19.1656276396893 73.0026237722518,19.165818482141 73.0026419361868,19.1661061229803 73.0026694488891,19.1665590729173 73.0026623333337,19.1666931763592 73.0026528031068,19.1672051466657 73.0025727874695,19.1676313373776 73.0025706378011,19.1676500377874 73.0025612477114,19.1679627786833 73.0025607608245,19.1683324311659 73.002602412111,19.1685217346832 73.002678010732,19.1688072843231 73.002771744542,19.1691493245068 73.0028600938502,19.1692669792489 73.0029014379129,19.1693901653141 73.0029591600598,19.169562148791 73.0030098978053,19.1695915749262 73.0034193768613,19.1698290516206 73.0038148547752,19.1687233990607 73.0039842060709,19.1682218956164 73.0040002490836,19.1681721719895 73.0040212211522,19.1680882320991 73.0041367238365,19.1675210219719 73.0041633858341,19.1673545915989 73.0041976412908,19.1671507143115 73.004586093481,19.1646004395142 73.0046289359335,19.1644144102177 73.0046961972904,19.1641402020901 73.0047630822532,19.1638986705426 73.0048533234133,19.163572792549 73.0049170328316,19.1632595817204 73.0049548222607,19.1629125942143 73.0051416664499,19.1611584940072 73.0052561684109,19.1601809046393 73.0053515865621,19.1592393621501 73.0054787269209,19.1580623999613 73.0055145661075,19.1575342717143 73.0055756713097,19.156501771855 73.0055711366142,19.1562876829993 73.0055514069156,19.1561483481241 73.0055279195642,19.1559628651085 73.005452824898,19.1556218031314 73.0054459375147,19.1555758382929 73.0054076046049,19.155369740988 73.005353600585,19.1551106148885 73.0049084593105,19.1528500097547 73.0044875842269,19.1510517041921 73.0044058671805,19.1506197527495 73.0043268486731,19.1505459022932 73.0041461444689,19.1503705011746 73.004098656828,19.150316558848 73.0039773052129,19.1501595314689 73.0034794498993,19.1494857475409 73.0034078496796,19.1494069551312 73.0030856221905,19.1490739244229 73.0024899529189,19.1484587379011 73.0024494919002,19.1484290958415 73.0024164626438,19.1484150546854 73.0023371970997,19.1484087062087 73.0005674558029,19.1484036136796 73.0005717677163,19.148519482467 73.0005747959371,19.1492911353377 73.0005894753072,19.1494825058589 73.0006525981256,19.1498749542866 73.0006760863753,19.1500288828309 73.0006834256112,19.1501245681157 73.000681957764,19.1503506065175 73.0006711384547,19.1511895506865 73.0006720619228,19.1512143306268 73.0006724419102,19.1512823950386 73.0006725631827,19.1520348202578 73.0006528334841,19.1523401206043 73.000605857883,19.1529214339089 73.0005195216994,19.1536553219208 73.0004206585091,19.1545315707692 73.0003484339603,19.1551233036887 73.0002909992742,19.1555786233211 73.0002198446189,19.1566434985534 73.0001120171404,19.1574856564864 73.0000821984628,19.1577716588575 73.0000799050639,19.1579406598713 73.0000661428738,19.1585603287733 73.0000284962769,19.1603997920923 73.0000212576523,19.1605971184315 72.9999509276504,19.1625144050324 72.9999258673489,19.1632762953527 72.9998857315203,19.1638024586721 72.9998431639523,19.164141362034 72.9997847851369,19.1645767655229 72.9997799207597,19.1645985931127 72.9997719976188,19.1646190401413 72.9997058429864,19.1650251045189 72.9996022151318,19.1657465553065</coordinates></LinearRing></outerBoundaryIs></Polygon></MultiGeometry>
  </Placemark>
  <Placemark>
	<Style><LineStyle><color>ff0000ff</color></LineStyle><PolyStyle><fill>0</fill></PolyStyle></Style>
	<ExtendedData><SchemaData schemaUrl="#navi_mumbai_wards">
		<SimpleData name="objectid">8</SimpleData>
		<SimpleData name="townname">Navi Mumbai</SimpleData>
		<SimpleData name="towncensuscode2011">400708</SimpleData>
		<SimpleData name="town_lgd_code">251472</SimpleData>
		<SimpleData name="ward_lgd_code">48175</SimpleData>
		<SimpleData name="ward_lgd_name">Navi Mumbai (M Corp.) - Ward No.8</SimpleData>
		<SimpleData name="sourcewardcode">8</SimpleData>
		<SimpleData name="state">Maharashtra</SimpleData>
	</SchemaData></ExtendedData>
      <MultiGeometry><Polygon><outerBoundaryIs><LinearRing><coordinates>72.9991417315307,19.1721862274958 72.9992960710796,19.1722136990879 72.9993749009407,19.1722277305813 73.00094677033,19.1724851064965 73.0024593805548,19.1727193963417 73.0024938929297,19.1727235352676 73.0025410670585,19.1727248767275 73.0025619780417,19.1727233146606 73.0026174013998,19.1727165725727 73.0026845414842,19.1727038571264 73.0025931819214,19.1724877911172 73.0025830219756,19.1724509216994 73.0025778368998,19.1724118453512 73.0025776293889,19.1723705629195 73.0025791484401,19.1723491538162 73.0026207089967,19.172147769635 73.0026584481201,19.1720195829229 73.0028835093364,19.1713818857246 73.0031264946376,19.1706478653332 73.0034119244377,19.1698498857663 73.0034193768613,19.1698290516206 73.0030098978053,19.1695915749262 73.0029591600598,19.169562148791 73.0029014379129,19.1693901653141 73.0028600938502,19.1692669792489 73.002771744542,19.1691493245068 73.002678010732,19.1688072843231 73.002602412111,19.1685217346832 73.0025607608245,19.1683324311659 73.0025612477114,19.1679627786833 73.0025706378011,19.1676500377874 73.0025727874695,19.1676313373776 73.0026528031068,19.1672051466657 73.0026623333337,19.1666931763592 73.0026694488891,19.1665590729173 73.0026419361868,19.1661061229803 73.0026237722518,19.165818482141 73.0026102391321,19.1656276396893 73.0026093399185,19.1656149601826 73.0020519343863,19.1655842588529 73.001844923019,19.1656260198554 73.001588358784,19.1656905314872 73.0013877425231,19.1657111879658 73.0009989166339,19.1657391680547 73.0003814892678,19.1657398740269 72.9996022151318,19.1657465553065 72.9994994550499,19.1664899117339 72.9993059058354,19.1681946753669 72.9992181530085,19.1690634980343 72.9991688453809,19.1696741657781 72.9991449376179,19.1702027260561 72.9991242826546,19.1707493737781 72.9991319515722,19.1713636413802 72.9991417315307,19.1721862274958</coordinates></LinearRing></outerBoundaryIs></Polygon></MultiGeometry>
  </Placemark>
  <Placemark>
	<Style><LineStyle><color>ff0000ff</color></LineStyle><PolyStyle><fill>0</fill></PolyStyle></Style>
	<ExtendedData><SchemaData schemaUrl="#navi_mumbai_wards">
		<SimpleData name="objectid">9</SimpleData>
		<SimpleData name="townname">Navi Mumbai</SimpleData>
		<SimpleData name="towncensuscode2011">400708</SimpleData>
		<SimpleData name="town_lgd_code">251472</SimpleData>
		<SimpleData name="ward_lgd_code">48179</SimpleData>
		<SimpleData name="ward_lgd_name">Navi Mumbai (M Corp.) - Ward No.12</SimpleData>
		<SimpleData name="sourcewardcode">12</SimpleData>
		<SimpleData name="state">Maharashtra</SimpleData>
	</SchemaData></ExtendedData>
      <MultiGeometry><Polygon><outerBoundaryIs><LinearRing><coordinates>72.9953742726875,19.1632478260886 72.9955229510536,19.1632643988649 72.996922670895,19.1632903734279 72.9968554939798,19.1638141446847 72.9967984231114,19.1643143683767 72.9970672789945,19.1643472549112 72.9970708120685,19.1643036336035 72.9972446199063,19.1643293042286 72.9987209956859,19.1645143416889 72.9989351136254,19.1645436974487 72.9990533462898,19.1645641784253 72.9996627714634,19.1645917794158 72.9997799207597,19.1645985931127 72.9997847851369,19.1645767655229 72.9998431639523,19.164141362034 72.9998857315203,19.1638024586721 72.9999258673489,19.1632762953527 72.9999509276504,19.1625144050324 73.0000212576523,19.1605971184315 72.9989841284023,19.1605910894787 72.9968506466705,19.1605981689373 72.9954580145367,19.1606054766557 72.9952123693239,19.1606109582928 72.9951524094736,19.1606146121517 72.9950789093171,19.1606219207179 72.9950034750877,19.1606420186368 72.9949473824848,19.1606657704111 72.994717017615,19.1607569742736 72.9945784030751,19.1608076547555 72.9945088626923,19.1608298349922 72.994361274881,19.1608663743781 72.9941507349312,19.1608872419014 72.9941490649631,19.1609100568421 72.9941405543241,19.1611316909255 72.994149634495,19.1613264418974 72.9941494054246,19.1613500348949 72.9941367894848,19.1614429286833 72.9940913059853,19.1616734912912 72.9939205326565,19.1621253587865 72.9939054292817,19.1621653234519 72.9939025627576,19.1621766184023 72.9938948201781,19.1622272789314 72.9938813768899,19.1625209226743 72.9937706855823,19.1626997864912 72.9937642590347,19.1627633217505 72.9937467481749,19.1629364381523 72.994072189836,19.162999887618 72.9940894518625,19.163035472766 72.994136211868,19.1631318675198 72.9942534653688,19.1631101653194 72.9942598029831,19.1631386023629 72.9945144609931,19.1630928542996 72.9947561122961,19.1630736111571 72.9948118698275,19.1630749085717 72.9948160514852,19.1630610918278 72.9948263991789,19.1630297425878 72.9948662232921,19.1629090922947 72.9949518012976,19.1629162123836 72.9949800443302,19.1629185619874 72.9951051374284,19.1629289701634 72.9950945849188,19.1631123638807 72.9950927577455,19.1631441212515 72.9950964713809,19.163165169225 72.9951076131853,19.1631780313556 72.9951237056054,19.1631908934852 72.99515217681,19.1632049248981 72.9952595218931,19.163228407317 72.9953742726875,19.1632478260886</coordinates></LinearRing></outerBoundaryIs></Polygon></MultiGeometry>
  </Placemark>
  <Placemark>
	<Style><LineStyle><color>ff0000ff</color></LineStyle><PolyStyle><fill>0</fill></PolyStyle></Style>
	<ExtendedData><SchemaData schemaUrl="#navi_mumbai_wards">
		<SimpleData name="objectid">10</SimpleData>
		<SimpleData name="townname">Navi Mumbai</SimpleData>
		<SimpleData name="towncensuscode2011">400708</SimpleData>
		<SimpleData name="town_lgd_code">251472</SimpleData>
		<SimpleData name="ward_lgd_code">48170</SimpleData>
		<SimpleData name="ward_lgd_name">Navi Mumbai (M Corp.) - Ward No.3</SimpleData>
		<SimpleData name="sourcewardcode">3</SimpleData>
		<SimpleData name="state">Maharashtra</SimpleData>
	</SchemaData></ExtendedData>
      <MultiGeometry><Polygon><outerBoundaryIs><LinearRing><coordinates>72.9960714794341,19.1821635843706 72.9960858174443,19.1821112229091 72.9961258131357,19.1812265089544 72.9963478506228,19.1803538034369 72.9965230517476,19.1796331556019 72.9966964113261,19.1791749200913 72.9970390449451,19.1783910416366 72.997375167575,19.1776158273509 72.9977846151899,19.1765398309596 72.9974737873218,19.1764632541034 72.9968079281855,19.1762997659217 72.9965209011808,19.176291095408 72.9961186050539,19.1762810741297 72.9960192262306,19.1762711987876 72.9956764875087,19.1762097670025 72.9956124529003,19.1765548471566 72.9956047076259,19.1766076931629 72.9956074250297,19.1769503594448 72.9954109050865,19.1769428683338 72.9954118078934,19.1768735715111 72.9952874846513,19.1768557952801 72.9953780501033,19.1766087367789 72.9950537726588,19.1765251948753 72.9950433414217,19.1765500304006 72.9946773219609,19.1764202095678 72.995075213648,19.1757940677778 72.9942735463087,19.1753395989981 72.990646866047,19.1753359208598 72.9906308041697,19.1744198310794 72.9880808185564,19.1744421325141 72.9882459585501,19.1753346099662 72.9834622059816,19.17520430709 72.9835332905684,19.176175544797 72.9844490960511,19.1767597818787 72.9844853951751,19.1797372675015 72.9854990945659,19.1798084365011 72.9856817921317,19.1798350388562 72.9858125562943,19.1798775853071 72.9858554176115,19.1799009228105 72.9859499033114,19.1799730123086 72.9861154188008,19.1801070428972 72.9862107147811,19.1801938970292 72.9866719179328,19.1806142431288 72.9877594157208,19.1811490646208 72.9879995497693,19.1811068553311 72.9880796534415,19.1815241464031 72.9884824930492,19.1814441721515 72.98868427173,19.1814053592569 72.9887079612024,19.181400803115 72.9887348163378,19.1815618605363 72.9890158722407,19.1815155033146 72.9890538314514,19.1816916450762 72.9890818534983,19.1818216730166 72.9892765489631,19.1817761660066 72.9894383598003,19.1820996985492 72.9897867974344,19.1819666325623 72.9899744042933,19.1823146812223 72.9901732535679,19.1822242528853 72.9902807756192,19.1823233862049 72.9903156230657,19.1823559696466 72.9903325572072,19.1823400419068 72.9904377427404,19.1824321203927 72.9905169454024,19.1823674379916 72.99053249524,19.1823862733275 72.9905803152575,19.1824441996079 72.9906432045139,19.1825328155611 72.9906439438274,19.1827172768547 72.9908332170611,19.1827235060775 72.9908524284318,19.1829792654461 72.9910411150656,19.1830180151855 72.9910936305771,19.1830454450949 72.9912061400749,19.1831118207055 72.9914257161781,19.1832196007326 72.9914758825951,19.183260310298 72.9915124817564,19.1833059170131 72.9915441833028,19.1833595456545 72.9915646433317,19.1834049410822 72.9915806126825,19.1834682078897 72.9915855552132,19.1834923050801 72.9916430437981,19.183760320544 72.9917662225865,19.1841977635712 72.9917765073982,19.1842738854675 72.9917823635156,19.184360881635 72.991761254903,19.1847586947767 72.991760229027,19.1848407816961 72.991762186456,19.1848775914964 72.9917739516912,19.1849507707395 72.9917870158904,19.1850006284444 72.991857413266,19.1851582877999 72.9918127472334,19.1851844175671 72.9919942248871,19.1855626140491 72.9919497798401,19.1862511928681 72.9919409386211,19.1863173924124 72.9919347761783,19.1864507611624 72.9919395354526,19.1865784233525 72.9919480667529,19.1866532859466 72.9919770068781,19.1867619952165 72.9920190651013,19.1868808777634 72.9920873056219,19.1870074731627 72.9921610600017,19.1870990925919 72.9922407261943,19.1871697357872 72.9923642688004,19.1872482861657 72.9929113931141,19.1875363324631 72.9930137965649,19.1876102274325 72.9930715303899,19.1876769295382 72.9931528701439,19.1877992737883 72.9931781020236,19.1878524996681 72.993360923557,19.188275180552 72.9933698725739,19.1882888356808 72.9933885844812,19.1883114415129 72.9934045313742,19.1883256472555 72.9934303830914,19.1883437420983 72.9934485955355,19.1883538831165 72.9935480066981,19.1883952149921 72.9936305421098,19.188420695214 72.9937548464872,19.1884490863173 72.9938700347611,19.1884694531809 72.9940444229106,19.1884888969751 72.9944164898299,19.1885284810987 72.9943911815934,19.188792313362 72.9943501240934,19.1891497343333 72.9943366125332,19.18921689565 72.9943249937233,19.1892569182229 72.994289041349,19.1893338929703 72.9942734672569,19.1893553414378 72.9942492926943,19.1893855852908 72.9942325903182,19.1894077710132 72.9942027527761,19.189433592136 72.9941833141316,19.1894450167196 72.9941568219156,19.1894569647664 72.9941295005545,19.1894674331993 72.9941007032615,19.1894784658188 72.9940903402964,19.189483145604 72.9940546529251,19.1895026062465 72.9940094748528,19.1895345748731 72.9939911644924,19.1895518008198 72.9939697953684,19.1895772842563 72.9939490200308,19.1896088846622 72.9937781236329,19.1898779260664 72.99373272727,19.1899362034939 72.9938354873519,19.1903699251621 72.9938500634157,19.1904337984425 72.9939610718287,19.19044528998 72.9942466148164,19.1904831624169 72.9944432021332,19.1904870913423 72.9945322754836,19.190481270492 72.9946817946727,19.1904707944881 72.9947685422847,19.1904610633759 72.994895094247,19.1904327158879 72.9950447652514,19.1903902705782 72.9951400217059,19.1903554735607 72.9952730002157,19.1903004397061 72.9954582723531,19.190205895933 72.9955972264562,19.1901212291629 72.9957556048307,19.1899942297747 72.9958736407641,19.1898813408759 72.9960335130369,19.1896922519456 72.9962232677676,19.189383218248 72.9962949865649,19.1892082402392 72.9963681992606,19.1889598835437 72.9964025643118,19.1887439822388 72.9964085408034,19.1886028702437 72.9963995756168,19.1884123689434 72.9963756696505,19.188241622612 72.9960723606813,19.1871014308215 72.9957615813223,19.1859852202114 72.995495625201,19.1850298728044 72.9951938110284,19.1838684912734 72.9950147848771,19.1832559731033 72.9955832001614,19.1827604868868 72.9958422769843,19.1825138164934 72.995882820648,19.1824675876539 72.9960264774316,19.1822543758729 72.9960588715791,19.1821957190193 72.9960714794341,19.1821635843706</coordinates></LinearRing></outerBoundaryIs></Polygon></MultiGeometry>
  </Placemark>
  <Placemark>
	<Style><LineStyle><color>ff0000ff</color></LineStyle><PolyStyle><fill>0</fill></PolyStyle></Style>
	<ExtendedData><SchemaData schemaUrl="#navi_mumbai_wards">
		<SimpleData name="objectid">11</SimpleData>
		<SimpleData name="townname">Navi Mumbai</SimpleData>
		<SimpleData name="towncensuscode2011">400708</SimpleData>
		<SimpleData name="town_lgd_code">251472</SimpleData>
		<SimpleData name="ward_lgd_code">48177</SimpleData>
		<SimpleData name="ward_lgd_name">Navi Mumbai (M Corp.) - Ward No.10</SimpleData>
		<SimpleData name="sourcewardcode">10</SimpleData>
		<SimpleData name="state">Maharashtra</SimpleData>
	</SchemaData></ExtendedData>
      <MultiGeometry><Polygon><outerBoundaryIs><LinearRing><coordinates>72.9982767751846,19.1712629427787 72.9985114016621,19.1712915905397 72.999010272072,19.1713495130847 72.9991319515722,19.1713636413802 72.9991242826546,19.1707493737781 72.9991449376179,19.1702027260561 72.9991688453809,19.1696741657781 72.9992181530085,19.1690634980343 72.9993059058354,19.1681946753669 72.9994994550499,19.1664899117339 72.9996022151318,19.1657465553065 72.9997058429864,19.1650251045189 72.9997719976188,19.1646190401413 72.9997799207597,19.1645985931127 72.9996627714634,19.1645917794158 72.9990533462898,19.1645641784253 72.9989351136254,19.1645436974487 72.9987209956859,19.1645143416889 72.9972446199063,19.1643293042286 72.9970708120685,19.1643036336035 72.9970672789945,19.1643472549112 72.9967984231114,19.1643143683767 72.9968554939798,19.1638141446847 72.996922670895,19.1632903734279 72.9955229510536,19.1632643988649 72.9953742726875,19.1632478260886 72.9952595218931,19.163228407317 72.99515217681,19.1632049248981 72.9951237056054,19.1631908934852 72.9951076131853,19.1631780313556 72.9950964713809,19.163165169225 72.9950927577455,19.1631441212515 72.9950945849188,19.1631123638807 72.9951051374284,19.1629289701634 72.9949800443302,19.1629185619874 72.9949518012976,19.1629162123836 72.9948662232921,19.1629090922947 72.9948263991789,19.1630297425878 72.9948160514852,19.1630610918278 72.9945523483386,19.1639323038696 72.9951323366186,19.1642466852426 72.9948796854449,19.165116428158 72.9948119875068,19.1653265335994 72.9945025142982,19.1653484578219 72.9942981996733,19.1653566953144 72.9934459023863,19.165394132286 72.992614101959,19.1654306689633 72.9922278811841,19.1654361546826 72.9922254584278,19.1652872179746 72.9917681324048,19.1653017786897 72.9917380343513,19.1644564880185 72.9908624230876,19.1644618515818 72.9908589942182,19.1649222001137 72.9906269486005,19.1649257647816 72.9906244306228,19.1650713594656 72.9905397787803,19.1650711184838 72.99053423348,19.1651661993757 72.9897995175788,19.1651810307816 72.9897974307924,19.165139304456 72.9897920903081,19.1650325316836 72.9896411023734,19.1650316848527 72.9887888535954,19.1650269042466 72.9856128203825,19.1648408711887 72.9825948017264,19.1647544323802 72.9825172519646,19.1650015587164 72.9824675158406,19.1655565290527 72.9825625450212,19.1661262058058 72.9826873964726,19.1666286269364 72.9834445891206,19.1682499499481 72.9910766578082,19.1685408219124 72.9911939301736,19.1685452910135 72.9911328815652,19.1711235815282 72.9911448498197,19.1713809820772 72.99154573649,19.1713985858059 72.9922195520048,19.1714320258427 72.9940106444593,19.1715140141897 72.996961343368,19.171711091344 72.9980903621867,19.1717817462299 72.9982054166117,19.1715541343987 72.9982767751846,19.1712629427787</coordinates></LinearRing></outerBoundaryIs></Polygon></MultiGeometry>
  </Placemark>
  <Placemark>
	<Style><LineStyle><color>ff0000ff</color></LineStyle><PolyStyle><fill>0</fill></PolyStyle></Style>
	<ExtendedData><SchemaData schemaUrl="#navi_mumbai_wards">
		<SimpleData name="objectid">12</SimpleData>
		<SimpleData name="townname">Navi Mumbai</SimpleData>
		<SimpleData name="towncensuscode2011">400708</SimpleData>
		<SimpleData name="town_lgd_code">251472</SimpleData>
		<SimpleData name="ward_lgd_code">48545</SimpleData>
		<SimpleData name="ward_lgd_name">Navi Mumbai (M Corp.) - Ward No.14</SimpleData>
		<SimpleData name="sourcewardcode">14</SimpleData>
		<SimpleData name="state">Maharashtra</SimpleData>
	</SchemaData></ExtendedData>
      <MultiGeometry><Polygon><outerBoundaryIs><LinearRing><coordinates>72.9922641524603,19.1610265897437 72.9923395920796,19.1610212701932 72.9923819934593,19.1610140753502 72.9924108599226,19.1610058206697 72.9926549519483,19.1609393750589 72.992696455911,19.1609282879182 72.9927211218521,19.1609229997608 72.9927863988305,19.1609180866619 72.9928476001525,19.1609156564175 72.9941507358295,19.1608872419014 72.9941613700859,19.1607418471744 72.9943210402377,19.1596142528102 72.9943654134195,19.1592866412316 72.9944599745779,19.1586114172395 72.9945677715137,19.1578605027649 72.9948226585941,19.1560816527726 72.9948381437529,19.1559175164303 72.9948266713685,19.1557902131939 72.9947629233226,19.1556434715257 72.994747740896,19.1556193261372 72.994480674457,19.1556038362246 72.9941563323337,19.1555431171787 72.9932088109316,19.1553583615621 72.9931376365134,19.1553484968466 72.9930833432359,19.1553409716594 72.9921923402382,19.1554056952166 72.9891478958414,19.1556123355655 72.9874445867565,19.1556550359215 72.9820408367418,19.1559745754367 72.9821390037378,19.1561924162417 72.9821095695392,19.1565274021146 72.9819892932075,19.1569511112075 72.9817385608353,19.1577488884565 72.9816521779392,19.1581251928173 72.9815545274746,19.1599352305907 72.9815983293278,19.1603083054643 72.9816638668177,19.160893696815 72.9827693030636,19.1639975849352 72.9826886981315,19.1644552126766 72.9825948017264,19.1647544323802 72.9856128203825,19.1648408711887 72.9887888535954,19.1650269042466 72.9896411023734,19.1650316848527 72.9897920903081,19.1650325316836 72.9897974307924,19.165139304456 72.9897995175788,19.1651810307816 72.99053423348,19.1651661993757 72.9905397787803,19.1650711184838 72.9906244306228,19.1650713594656 72.9906269486005,19.1649257647816 72.9908589942182,19.1649222001137 72.9908624230876,19.1644618515818 72.990788677691,19.1644610234157 72.9908310197819,19.16181586353 72.9913332103651,19.1618215046533 72.9913398273555,19.1616575174279 72.9918004475006,19.161651350201 72.9918063656016,19.1610348198153 72.9922641524603,19.1610265897437</coordinates></LinearRing></outerBoundaryIs></Polygon></MultiGeometry>
  </Placemark>
  <Placemark>
	<Style><LineStyle><color>ff0000ff</color></LineStyle><PolyStyle><fill>0</fill></PolyStyle></Style>
	<ExtendedData><SchemaData schemaUrl="#navi_mumbai_wards">
		<SimpleData name="objectid">13</SimpleData>
		<SimpleData name="townname">Navi Mumbai</SimpleData>
		<SimpleData name="towncensuscode2011">400708</SimpleData>
		<SimpleData name="town_lgd_code">251472</SimpleData>
		<SimpleData name="ward_lgd_code">48549</SimpleData>
		<SimpleData name="ward_lgd_name">Navi Mumbai (M Corp.) - Ward No.18</SimpleData>
		<SimpleData name="sourcewardcode">18</SimpleData>
		<SimpleData name="state">Maharashtra</SimpleData>
	</SchemaData></ExtendedData>
      <MultiGeometry><Polygon><outerBoundaryIs><LinearRing><coordinates>72.9991405655174,19.1461299360776 72.9988362522318,19.1461357075769 72.998832888041,19.1460910130335 72.9988000177865,19.1456543675753 72.9978293575793,19.1456594440653 72.9977732658746,19.1456630991041 72.9977365157963,19.145672234579 72.997713305126,19.1456868530352 72.9976958975724,19.1457087798683 72.9976804231934,19.1457361879813 72.9976223974159,19.1458988111685 72.9972897126386,19.1467703939062 72.9969378991357,19.1467824511246 72.9965082376302,19.1467996509895 72.9964918325965,19.1463334727455 72.9951485395314,19.1463820539204 72.9952317909003,19.1480687895197 72.9952345684912,19.148153645072 72.9952362222896,19.1482041647951 72.9952964678042,19.1498268841523 72.9953195634901,19.1504489867785 72.9953524220666,19.1513772666394 72.9961594810942,19.1513611339396 72.9963083220554,19.1513573042158 72.9966018124385,19.1512833106765 72.9967182897948,19.1512592927883 72.9970258963043,19.1512428070598 72.9977598917567,19.1512415867747 72.9993317009587,19.151251556962 73.0006720619228,19.1512143306268 73.0006711384547,19.1511895506865 73.000681957764,19.1503506065175 73.0006834256112,19.1501245681157 73.0006760863753,19.1500288828309 73.0006525981256,19.1498749542866 73.0005894753072,19.1494825058589 73.0005747959371,19.1492911353377 73.0005717677163,19.148519482467 73.0005674558029,19.1484036136796 73.0005568233432,19.1472457419458 73.0005529956218,19.1472043675029 73.0005429937794,19.14689012931 73.0005450347518,19.1468550354249 73.000558506786,19.1467350988723 73.000570934978,19.146673348032 73.0006144349973,19.1464920185581 73.0006429618975,19.1464039585969 73.0006569450732,19.1463739096774 72.9998022600641,19.1461953523316 72.9996713836121,19.1461722985893 72.9994187108788,19.1461391894856 72.9992627983798,19.1461287556401 72.9991405655174,19.1461299360776</coordinates></LinearRing></outerBoundaryIs></Polygon></MultiGeometry>
  </Placemark>
  <Placemark>
	<Style><LineStyle><color>ff0000ff</color></LineStyle><PolyStyle><fill>0</fill></PolyStyle></Style>
	<ExtendedData><SchemaData schemaUrl="#navi_mumbai_wards">
		<SimpleData name="objectid">14</SimpleData>
		<SimpleData name="townname">Navi Mumbai</SimpleData>
		<SimpleData name="towncensuscode2011">400708</SimpleData>
		<SimpleData name="town_lgd_code">251472</SimpleData>
		<SimpleData name="ward_lgd_code">48547</SimpleData>
		<SimpleData name="ward_lgd_name">Navi Mumbai (M Corp.) - Ward No.16</SimpleData>
		<SimpleData name="sourcewardcode">16</SimpleData>
		<SimpleData name="state">Maharashtra</SimpleData>
	</SchemaData></ExtendedData>
      <MultiGeometry><Polygon><outerBoundaryIs><LinearRing><coordinates>72.9953195652867,19.1504489867785 72.9952964678042,19.1498268841523 72.9945369287567,19.1498545139161 72.9928229997884,19.1499262372276 72.9928595216947,19.1513431165014 72.9929294501496,19.1529994125398 72.9930177518471,19.1542759233929 72.9931376365134,19.1553484968466 72.9932088109316,19.1553583615621 72.9941563323337,19.1555431171787 72.994480674457,19.1556038362246 72.994747740896,19.1556193261372 72.9949269916261,19.1542113334686 72.9957191332302,19.1543239234956 72.9957587453409,19.1540406297676 72.9959820602324,19.1540374153298 72.9962470021558,19.1540340439037 72.9962502414807,19.1534030480198 72.9969650695798,19.1534069880125 72.9969723674932,19.152793089685 72.997491763509,19.1528033169016 72.9974911858922,19.1515234146901 72.9969928607597,19.1515132612222 72.9965302885755,19.1515159657022 72.9966278456154,19.1512779424416 72.9966198955251,19.1512795819342 72.9966018124385,19.1512833106765 72.9963083220554,19.1513573042158 72.9961594810942,19.1513611339396 72.9953524220666,19.1513772666394 72.9953195652867,19.1504489867785</coordinates></LinearRing></outerBoundaryIs></Polygon></MultiGeometry>
  </Placemark>
  <Placemark>
	<Style><LineStyle><color>ff0000ff</color></LineStyle><PolyStyle><fill>0</fill></PolyStyle></Style>
	<ExtendedData><SchemaData schemaUrl="#navi_mumbai_wards">
		<SimpleData name="objectid">15</SimpleData>
		<SimpleData name="townname">Navi Mumbai</SimpleData>
		<SimpleData name="towncensuscode2011">400708</SimpleData>
		<SimpleData name="town_lgd_code">251472</SimpleData>
		<SimpleData name="ward_lgd_code">48583</SimpleData>
		<SimpleData name="ward_lgd_name">Navi Mumbai (M Corp.) - Ward No.52</SimpleData>
		<SimpleData name="sourcewardcode">52</SimpleData>
		<SimpleData name="state">Maharashtra</SimpleData>
	</SchemaData></ExtendedData>
      <MultiGeometry><Polygon><outerBoundaryIs><LinearRing><coordinates>72.9932439691952,19.0979936705584 72.9941466089691,19.0980123729127 72.9951223329796,19.0979845426338 72.9959975274249,19.0977786918001 72.9972359790116,19.0974817802197 72.997780763214,19.0973652279476 72.9978476706346,19.0973684765944 72.9979154853538,19.0973768032145 72.9983288011143,19.0974936381537 72.9993745146652,19.09779853846 72.9997553087175,19.0979292691478 72.9996081529958,19.0983531862803 72.9993742083397,19.0990576046847 72.9992872792679,19.0993232955621 72.9999013424434,19.099508031516 72.9999116003056,19.0995111171387 73.0000895969875,19.098946033828 73.0004550325434,19.0990677944825 73.0003723273501,19.0993394070289 73.0003701390541,19.0993970288538 73.0008031845133,19.0995166033502 73.0010834507971,19.099593990067 73.0023309160793,19.0999384477386 73.0029718496615,19.1001170712033 73.0029891197728,19.1000686275222 73.0033570221025,19.1001675546838 73.0032035907503,19.100663569 73.0034881267266,19.1007476484275 73.0034662949703,19.1008072272283 73.0037969306904,19.1008926104279 73.0039362306449,19.1005250937822 73.0044955298256,19.1006740634391 73.0049136919971,19.0993395352076 73.0052124770505,19.0983496473391 73.0054005177956,19.0977370715298 73.00556329522,19.0972471926069 73.005685136417,19.0968046108985 73.0057123418954,19.096690559796 73.0057259361006,19.0966358376494 73.0057590866295,19.0964410451999 73.0057928848437,19.0961001098997 73.00579879486,19.0959114559418 73.0057856336428,19.0954688103904 73.0057552283653,19.0949803568269 73.0057053628839,19.0943528357047 73.0056421196913,19.0935460188524 73.0055905833434,19.092913482094 73.0055884902688,19.0928989956422 73.0051500405449,19.0929268250785 73.0049396622919,19.0929194031603 73.0046117376874,19.0928916671015 73.0044243554073,19.0928598597201 73.0043251373825,19.0928265345015 73.0041808176422,19.0927479043783 73.0028337031438,19.0919617496503 73.0026060008806,19.0918377681286 73.0024860425525,19.0918089215221 73.0022530662801,19.0917789305877 72.9994523141587,19.091367281989 72.9985513030304,19.0912363805812 72.9977129799359,19.0911476392152 72.9973103128047,19.0910553222015 72.9972931711525,19.0910493221202 72.9964478915044,19.0914471139699 72.9960476731807,19.0915442330231 72.9957716900642,19.0914703663503 72.9952191830453,19.091143880253 72.9947532457721,19.0908122270506 72.9942797922948,19.0904752233474 72.9938497696666,19.0900689536153 72.9934348746678,19.0896289266239 72.9931197241066,19.0891819797852 72.9916934976761,19.0874098600404 72.9915339227457,19.0872406162448 72.991205402558,19.0868843277858 72.9907268709045,19.0862876813603 72.9894734929111,19.0846385685284 72.989188014602,19.0843908329772 72.9887596529588,19.0840859130693 72.9876208685545,19.0833866095324 72.9872825917646,19.0831903387553 72.9868636956696,19.0828587613085 72.9867435504919,19.0827287123122 72.9865576243809,19.0825629690531 72.9863134308456,19.0823668806736 72.9859732020166,19.0822026150802 72.9851162631345,19.0820920626446 72.984619644801,19.0820578328205 72.9841964628437,19.0821506226241 72.9838175947794,19.0822858837963 72.9834287338558,19.0825644793377 72.9813859065092,19.0851233240684 72.979608516956,19.0869195481615 72.9793798310376,19.0874478231856 72.9792543741216,19.0879830831664 72.9788839268647,19.0901329981454 72.9788569935759,19.0907373141946 72.97871336464,19.0916367976445 72.9784477390987,19.092528019802 72.9781774827422,19.0931069450774 72.977852289016,19.0935395332933 72.97722340813,19.0941209261561 72.9764517687757,19.0945946056323 72.9755608214736,19.0950245550131 72.9751625929182,19.0953006648037 72.9743855528924,19.095970073002 72.9740992409467,19.096387457924 72.9738625142081,19.0968973313181 72.9737156001333,19.0974667627719 72.9736625546158,19.0979177567362 72.9736616715718,19.0979276112994 72.9798154313054,19.0980455748496 72.9932439691952,19.0979936705584</coordinates></LinearRing></outerBoundaryIs></Polygon></MultiGeometry>
  </Placemark>
  <Placemark>
	<Style><LineStyle><color>ff0000ff</color></LineStyle><PolyStyle><fill>0</fill></PolyStyle></Style>
	<ExtendedData><SchemaData schemaUrl="#navi_mumbai_wards">
		<SimpleData name="objectid">16</SimpleData>
		<SimpleData name="townname">Navi Mumbai</SimpleData>
		<SimpleData name="towncensuscode2011">400708</SimpleData>
		<SimpleData name="town_lgd_code">251472</SimpleData>
		<SimpleData name="ward_lgd_code">48585</SimpleData>
		<SimpleData name="ward_lgd_name">Navi Mumbai (M Corp.) - Ward No.54</SimpleData>
		<SimpleData name="sourcewardcode">54</SimpleData>
		<SimpleData name="state">Maharashtra</SimpleData>
	</SchemaData></ExtendedData>
      <MultiGeometry><Polygon><outerBoundaryIs><LinearRing><coordinates>73.0074950530683,19.085749093167 73.0064985662967,19.0842397662087 73.0064733398068,19.0842030927215 73.0060215177617,19.0844523158995 73.0056433387051,19.084659116291 73.0055925102297,19.0846869106079 73.0053799149346,19.0843495803287 73.0042579236363,19.0849783058102 73.0041561517011,19.0848279900404 73.0041022015801,19.0847483059793 73.0037706316121,19.0849389481405 73.003119791409,19.0853698691629 73.0024730115909,19.085735565385 73.0053224290446,19.090104198781 73.0054167234034,19.0906544852192 73.0055884902688,19.0928989956422 73.0093587572455,19.0926853362473 73.0116152084582,19.0925577338592 73.01178923279,19.0913576180391 73.0115182308317,19.0912364552851 73.0114267868274,19.0911932484598 73.011345266512,19.0911483514486 73.01119282151,19.091045320368 73.0109654588099,19.0908495934816 73.010842002442,19.0907356197711 73.0107172201609,19.0906067382702 73.0105823686637,19.0904419511301 73.010403281427,19.0902109045396 73.0102631262764,19.0899901591909 73.0099158528589,19.0894618404947 73.0095844059601,19.0889332892065 73.0091274141104,19.0882525483023 73.0090347798383,19.0881100362587 73.0081931572318,19.0868140330279 73.0074950530683,19.085749093167</coordinates></LinearRing></outerBoundaryIs></Polygon></MultiGeometry>
  </Placemark>
  <Placemark>
	<Style><LineStyle><color>ff0000ff</color></LineStyle><PolyStyle><fill>0</fill></PolyStyle></Style>
	<ExtendedData><SchemaData schemaUrl="#navi_mumbai_wards">
		<SimpleData name="objectid">17</SimpleData>
		<SimpleData name="townname">Navi Mumbai</SimpleData>
		<SimpleData name="towncensuscode2011">400708</SimpleData>
		<SimpleData name="town_lgd_code">251472</SimpleData>
		<SimpleData name="ward_lgd_code">48587</SimpleData>
		<SimpleData name="ward_lgd_name">Navi Mumbai (M Corp.) - Ward No.56</SimpleData>
		<SimpleData name="sourcewardcode">56</SimpleData>
		<SimpleData name="state">Maharashtra</SimpleData>
	</SchemaData></ExtendedData>
      <MultiGeometry><Polygon><outerBoundaryIs><LinearRing><coordinates>73.0168250912547,19.0881465594702 73.0164977864877,19.0859801773944 73.0164849819017,19.0858954282963 73.016455350972,19.0859167586203 73.0162363210445,19.0861519701264 73.0161771301521,19.086180988354 73.0142579055987,19.0872624150035 73.0141950621564,19.0872998543944 73.0141836382809,19.0873069709509 73.0141667391738,19.0873174984961 73.0141387943819,19.0873349065942 73.0128312264173,19.0881494653331 73.0123313921151,19.0874040796989 73.0111807571357,19.0880596781368 73.0111051674978,19.0880819020981 73.0109912692046,19.0880978593063 73.0109338318237,19.0881104751519 73.0107087445562,19.0881961951326 73.0102698914888,19.0875589994021 73.0093836405789,19.0880899227241 73.0092083639956,19.0882011842506 73.0091274141104,19.0882525483023 73.0095844059601,19.0889332892065 73.0099158528589,19.0894618404947 73.0102631262764,19.0899901591909 73.010403281427,19.0902109045396 73.0105823686637,19.0904419511301 73.0107172201609,19.0906067382702 73.010842002442,19.0907356197711 73.0109654588099,19.0908495934816 73.01119282151,19.091045320368 73.011345266512,19.0911483514486 73.0114267868274,19.0911932484598 73.0115182308317,19.0912364552851 73.01178923279,19.0913576180391 73.0116152084582,19.0925577330103 73.0120224938283,19.0925347006478 73.0122006216643,19.0925224153616 73.0176522375105,19.092141273921 73.017655897247,19.0921141667686 73.0176562736411,19.0920096108103 73.0176449521735,19.0919249386532 73.0175768580784,19.0917466340235 73.0171752069418,19.0901049084721 73.0168250912547,19.0881465594702</coordinates></LinearRing></outerBoundaryIs></Polygon></MultiGeometry>
  </Placemark>
  <Placemark>
	<Style><LineStyle><color>ff0000ff</color></LineStyle><PolyStyle><fill>0</fill></PolyStyle></Style>
	<ExtendedData><SchemaData schemaUrl="#navi_mumbai_wards">
		<SimpleData name="objectid">18</SimpleData>
		<SimpleData name="townname">Navi Mumbai</SimpleData>
		<SimpleData name="towncensuscode2011">400708</SimpleData>
		<SimpleData name="town_lgd_code">251472</SimpleData>
		<SimpleData name="ward_lgd_code">48173</SimpleData>
		<SimpleData name="ward_lgd_name">Navi Mumbai (M Corp.) - Ward No.6</SimpleData>
		<SimpleData name="sourcewardcode">6</SimpleData>
		<SimpleData name="state">Maharashtra</SimpleData>
	</SchemaData></ExtendedData>
      <MultiGeometry><Polygon><outerBoundaryIs><LinearRing><coordinates>73.0049338609718,19.1710020148427 73.0054986623337,19.1707939929109 73.0060827675927,19.1709054040819 73.0069649724905,19.1709700570435 73.0077600354159,19.171035166471 73.0080786148465,19.1710721117218 73.0084523813783,19.1714917081162 73.0092765910414,19.1714375741509 73.0095848793722,19.1710064516342 73.0169868886172,19.1709529131546 73.0168337932349,19.1703664103513 73.0166658747521,19.1700287322975 73.016460496522,19.1694033290269 73.0163512793497,19.168878633685 73.0162557803502,19.1681636223853 73.0159408247234,19.1661007959569 73.0157364328434,19.1655241535717 73.0155213348419,19.1650218572026 73.0154009812551,19.1645880645509 73.0153244753356,19.1641552864509 73.0152528652344,19.1638718152973 73.0151130352739,19.1635121646849 73.0149079984035,19.162960364395 73.0147891503931,19.1624685795786 73.0146045564837,19.1611298232714 73.0144822652308,19.1607705739819 73.014317848381,19.1603440362957 73.0140960803885,19.1600985220181 73.0138265902948,19.1600010995896 73.0135619969178,19.1600529877954 73.0129865954356,19.1602468702751 73.0122260880043,19.1604951701254 73.0119770956688,19.1605078254178 73.0116512506641,19.160440895932 73.0113046060673,19.1602909466315 73.0108437137327,19.1599366128853 73.0103564612343,19.1593582467354 73.0098588763137,19.1586093297796 73.0097703338677,19.1582594210691 73.0097594319134,19.1581005785365 73.0099644624955,19.1575874437282 73.0102623393522,19.1573566547798 73.0104220418433,19.1573057246071 73.0107414486224,19.1572038642144 73.0109958613923,19.1571573304274 73.0113436666125,19.1570997949346 73.0118124308839,19.1570195763226 73.0095489063367,19.153064101375 73.0092796192623,19.1526643923472 73.008068920228,19.151275459442 73.0074631395195,19.1506884928936 73.0075831472549,19.150680585623 73.0075880134288,19.1506162251108 73.0073446885644,19.1500921454776 73.0070065141825,19.1495411735052 73.0065168497076,19.1498082224544 73.00644340345,19.1496390145348 73.0061797838467,19.1497111902474 73.006133119961,19.1497187861257 73.00614519781,19.1497521372127 73.0062808254516,19.1501935638959 73.0063148239901,19.1503903075746 73.0063299893487,19.1504813754023 73.0064309060878,19.1504842267075 73.0064604606606,19.1505672081524 73.0065192446162,19.1506498993337 73.0065819362432,19.1506884453718 73.0066152071464,19.1507398392268 73.0071715823109,19.1514820659292 73.0073861449165,19.1517215603613 73.0079629316008,19.1524586232043 73.0083501108782,19.1530003697491 73.0058226909449,19.1520052170275 73.0056258359301,19.1519284607525 73.0055974859981,19.1519134643758 73.0055850128904,19.1518973953731 73.0055725388843,19.1518813272174 73.0052993881559,19.1513654354839 73.0052476820265,19.1512734575978 73.0050727719558,19.1510193640505 73.0050375714714,19.150977911634 73.0049850703329,19.1509297255628 73.0047735359481,19.150781126226 73.0044058671805,19.1506197527495 73.0044875842269,19.1510517041921 73.0049084593105,19.1528500097547 73.005353600585,19.1551106148885 73.0054076046049,19.155369740988 73.0054459375147,19.1555758382929 73.005452824898,19.1556218031314 73.0055279195642,19.1559628651085 73.0055514069156,19.1561483481241 73.0055711366142,19.1562876829993 73.0055756713097,19.156501771855 73.0055145661075,19.1575342717143 73.0054787269209,19.1580623999613 73.0053515865621,19.1592393621501 73.0052561684109,19.1601809046393 73.0051416664499,19.1611584940072 73.0049548222607,19.1629125942143 73.0049170328316,19.1632595817204 73.0048533234133,19.163572792549 73.0047630822532,19.1638986705426 73.0046961972904,19.1641402020901 73.0046289359335,19.1644144102177 73.004586093481,19.1646004395142 73.0041976412908,19.1671507143115 73.0041633858341,19.1673545915989 73.0041367238365,19.1675210219719 73.0040212211522,19.1680882320991 73.0040002490836,19.1681721719895 73.0039842060709,19.1682218956164 73.0038148547752,19.1687233990607 73.0034119244377,19.1698498857663 73.0031264946376,19.1706478653332 73.0028835093364,19.1713818857246 73.0026584481201,19.1720195829229 73.0026207089967,19.172147769635 73.0025791484401,19.1723491538162 73.0025776293889,19.1723705629195 73.0025778368998,19.1724118453512 73.0025830219756,19.1724509216994 73.0025931819214,19.1724877911172 73.0026845414842,19.1727038571264 73.0027315000173,19.1726949624225 73.0028363298177,19.1726663853301 73.0029421118323,19.172626512302 73.0037181852709,19.1722754624258 73.0038342017915,19.1722124348365 73.0039322825492,19.1721450052505 73.0041827813594,19.1719407393399 73.0040032153206,19.1716967730158 73.0041017542191,19.1715990927113 73.0044936316854,19.1711510880858 73.0049338609718,19.1710020148427</coordinates></LinearRing></outerBoundaryIs></Polygon></MultiGeometry>
  </Placemark>
  <Placemark>
	<Style><LineStyle><color>ff0000ff</color></LineStyle><PolyStyle><fill>0</fill></PolyStyle></Style>
	<ExtendedData><SchemaData schemaUrl="#navi_mumbai_wards">
		<SimpleData name="objectid">19</SimpleData>
		<SimpleData name="townname">Navi Mumbai</SimpleData>
		<SimpleData name="towncensuscode2011">400708</SimpleData>
		<SimpleData name="town_lgd_code">251472</SimpleData>
		<SimpleData name="ward_lgd_code">48582</SimpleData>
		<SimpleData name="ward_lgd_name">Navi Mumbai (M Corp.) - Ward No.51</SimpleData>
		<SimpleData name="sourcewardcode">51</SimpleData>
		<SimpleData name="state">Maharashtra</SimpleData>
	</SchemaData></ExtendedData>
      <MultiGeometry><Polygon><outerBoundaryIs><LinearRing><coordinates>73.0065259110139,19.0987091206931 73.0068780137744,19.0976876874484 73.0077151223466,19.0979512880546 73.0083806383265,19.0981334823208 73.0086330523449,19.0974665047139 73.0086486147589,19.0974194456212 73.0086579527463,19.0973767981212 73.0086579527463,19.0973400333189 73.0086563959659,19.0972870914799 73.0086425107066,19.0969811724271 73.008642306789,19.0969633748597 73.0086684989677,19.095303293804 73.0086866781741,19.0951063690794 73.0094766719063,19.0950571089994 73.0093587572455,19.0926853362473 73.0055884902688,19.0928989956422 73.0055905833434,19.092913482094 73.0056421196913,19.0935460188524 73.0057053628839,19.0943528357047 73.0057552283653,19.0949803568269 73.0057856336428,19.0954688103904 73.00579879486,19.0959114559418 73.0057928848437,19.0961001098997 73.0057590866295,19.0964410451999 73.0057259361006,19.0966358376494 73.0057123418954,19.096690559796 73.005685136417,19.0968046108985 73.00556329522,19.0972471926069 73.0054005177956,19.0977370715298 73.0052124770505,19.0983496473391 73.0064297274981,19.098685498374 73.0065259110139,19.0987091206931</coordinates></LinearRing></outerBoundaryIs></Polygon></MultiGeometry>
  </Placemark>
  <Placemark>
	<Style><LineStyle><color>ff0000ff</color></LineStyle><PolyStyle><fill>0</fill></PolyStyle></Style>
	<ExtendedData><SchemaData schemaUrl="#navi_mumbai_wards">
		<SimpleData name="objectid">20</SimpleData>
		<SimpleData name="townname">Navi Mumbai</SimpleData>
		<SimpleData name="towncensuscode2011">400708</SimpleData>
		<SimpleData name="town_lgd_code">251472</SimpleData>
		<SimpleData name="ward_lgd_code">48586</SimpleData>
		<SimpleData name="ward_lgd_name">Navi Mumbai (M Corp.) - Ward No.55</SimpleData>
		<SimpleData name="sourcewardcode">55</SimpleData>
		<SimpleData name="state">Maharashtra</SimpleData>
	</SchemaData></ExtendedData>
      <MultiGeometry><Polygon><outerBoundaryIs><LinearRing><coordinates>73.0122006216643,19.0925224153616 73.0120224938283,19.0925347006478 73.0116152084582,19.0925577338592 73.0093587572455,19.0926853353984 73.0094766719063,19.0950571098483 73.0098691171079,19.0950319632548 73.0128848046358,19.094855329189 73.0128906868043,19.0956158406536 73.0124973118464,19.0956587432727 73.012481902146,19.0956609894205 73.0124608788735,19.0956702015128 73.012441092581,19.0956839975792 73.0124087478409,19.0957125353655 73.012354476123,19.0957844519572 73.0123349970544,19.0958222875472 73.0123141031392,19.0958815701633 73.0123068582264,19.0959250304297 73.0123526193053,19.0971422171506 73.0123976231044,19.097144562597 73.0130328469946,19.0971672861757 73.013008538583,19.0974028161535 73.0130025584982,19.0975206739684 73.01291528627,19.0977433039601 73.0129116067706,19.0978450117225 73.0128554962013,19.0978441365343 73.0128520969763,19.0982071575705 73.012958933613,19.0982198753591 73.0129461784343,19.0982787021216 73.0128356425353,19.0985907824157 73.014181874888,19.09906587859 73.0143438087944,19.0987639372274 73.0145336964758,19.098393016977 73.014662544532,19.0981472527157 73.0148269353306,19.0979183348185 73.0152899737404,19.097374324498 73.0160239988372,19.0965477825264 73.0162791895482,19.0962255491536 73.0163725379809,19.0960811586067 73.0164687439546,19.0959194218599 73.0165795691112,19.0956061548807 73.0166980272528,19.0952522587613 73.0169813055877,19.0943371965848 73.0174506187298,19.0928463112967 73.0176027403383,19.0923820895184 73.01763948862,19.0922356956058 73.0176522375105,19.092141273921 73.0122006216643,19.0925224153616</coordinates></LinearRing></outerBoundaryIs></Polygon></MultiGeometry>
  </Placemark>
  <Placemark>
	<Style><LineStyle><color>ff0000ff</color></LineStyle><PolyStyle><fill>0</fill></PolyStyle></Style>
	<ExtendedData><SchemaData schemaUrl="#navi_mumbai_wards">
		<SimpleData name="objectid">21</SimpleData>
		<SimpleData name="townname">Navi Mumbai</SimpleData>
		<SimpleData name="towncensuscode2011">400708</SimpleData>
		<SimpleData name="town_lgd_code">251472</SimpleData>
		<SimpleData name="ward_lgd_code">48581</SimpleData>
		<SimpleData name="ward_lgd_name">Navi Mumbai (M Corp.) - Ward No.50</SimpleData>
		<SimpleData name="sourcewardcode">50</SimpleData>
		<SimpleData name="state">Maharashtra</SimpleData>
	</SchemaData></ExtendedData>
      <MultiGeometry><Polygon><outerBoundaryIs><LinearRing><coordinates>73.0108603011244,19.0988472833495 73.0113094048675,19.0989706662621 73.0117268636582,19.0983570656184 73.0117766851221,19.0982623910668 73.0117781017653,19.0981925238785 73.0117683218069,19.097764414597 73.011743727731,19.0971678506787 73.0117700780132,19.0971667411969 73.0123526193053,19.0971422171506 73.0123068582264,19.0959250304297 73.0123141031392,19.0958815701633 73.0123349970544,19.0958222875472 73.012354476123,19.0957844519572 73.0124087478409,19.0957125353655 73.012441092581,19.0956839975792 73.0124608788735,19.0956702015128 73.012481902146,19.0956609894205 73.0124973118464,19.0956587432727 73.0128906868043,19.0956158406536 73.0128848046358,19.094855329189 73.0098691171079,19.0950319632548 73.0094766719063,19.0950571098483 73.0086866781741,19.0951063690794 73.0086684989677,19.095303293804 73.008642306789,19.0969633748597 73.0086425107066,19.0969811724271 73.0086563959659,19.0972870914799 73.0086579527463,19.0973400333189 73.0086579527463,19.0973767981212 73.0086486147589,19.0974194456212 73.0086330523449,19.0974665047139 73.0083806383265,19.0981334823208 73.0108603011244,19.0988472833495</coordinates></LinearRing></outerBoundaryIs></Polygon></MultiGeometry>
  </Placemark>
  <Placemark>
	<Style><LineStyle><color>ff0000ff</color></LineStyle><PolyStyle><fill>0</fill></PolyStyle></Style>
	<ExtendedData><SchemaData schemaUrl="#navi_mumbai_wards">
		<SimpleData name="objectid">22</SimpleData>
		<SimpleData name="townname">Navi Mumbai</SimpleData>
		<SimpleData name="towncensuscode2011">400708</SimpleData>
		<SimpleData name="town_lgd_code">251472</SimpleData>
		<SimpleData name="ward_lgd_code">48584</SimpleData>
		<SimpleData name="ward_lgd_name">Navi Mumbai (M Corp.) - Ward No.53</SimpleData>
		<SimpleData name="sourcewardcode">53</SimpleData>
		<SimpleData name="state">Maharashtra</SimpleData>
	</SchemaData></ExtendedData>
      <MultiGeometry><Polygon><outerBoundaryIs><LinearRing><coordinates>72.9988331305861,19.0903246103553 72.9972931711525,19.0910493221202 72.9973103128047,19.0910553222015 72.9977129799359,19.0911476392152 72.9985513030304,19.0912363805812 72.9994523141587,19.091367281989 73.0022530662801,19.0917789305877 73.0024860425525,19.0918089215221 73.0026060008806,19.0918377681286 73.0028337031438,19.0919617496503 73.0041808176422,19.0927479043783 73.0043251373825,19.0928265345015 73.0044243554073,19.0928598597201 73.0046117376874,19.0928916671015 73.0049396622919,19.0929194031603 73.0051500405449,19.0929268250785 73.0055884902688,19.0928989956422 73.0054167234034,19.0906544852192 73.0053224290446,19.090104198781 73.0024730115909,19.085735565385 73.0017952488788,19.0846809476492 73.0015526687177,19.0847648679542 73.0015642021877,19.0848651481338 73.0013769771128,19.0849112387598 73.001213569071,19.0849676083284 73.0012300100373,19.0851290909065 73.0011202862153,19.0851564657691 73.0011585265986,19.0853382674771 73.0008281558815,19.0853781395078 73.0006500127742,19.0854093124728 73.0006677257549,19.0855214637879 73.0005543655526,19.0855499192814 73.0006243299402,19.085775894896 73.0006229402465,19.0859414753399 73.0006632296869,19.0860635061832 73.0007542182454,19.0860601036576 73.0007509250216,19.0862566970236 73.0007606007755,19.0863166384411 73.0007057730005,19.0864151850114 73.000648795557,19.0864690301949 73.0005283907662,19.0864832531917 73.0005090392583,19.0865056047043 73.0003434824464,19.0864761416934 73.0003354919319,19.0865327755959 73.0002297395617,19.0865345286386 73.0001383261001,19.0865513264376 73.0001459438137,19.0866534842186 73.0001632579425,19.0866518135234 73.0001681932867,19.0866984563057 73.0001323864395,19.0867068921256 73.0001405090063,19.0868081236283 73.0002516898957,19.0868100422094 73.000255941622,19.0868747204525 73.000273393193,19.0868784693245 73.0002781524674,19.0870403897841 73.0005624063727,19.0870767689138 73.0006706659409,19.0871314042342 73.0007211108356,19.0871753269166 73.0007885608388,19.0872969171064 73.0008496795158,19.0874632235592 73.0009987657169,19.0874264514615 73.0010161175749,19.0874908722391 73.0011285201732,19.0874536841736 73.0011517595896,19.0875250601918 73.0013183099382,19.0874847964742 73.001351232295,19.0875506824752 73.0014926064595,19.0874957773347 73.0015894655084,19.0878709521949 73.0019002421725,19.0877910879283 73.0019721073953,19.0880360466575 73.0019150446118,19.0881306633892 73.0020047809188,19.0882976328617 73.0010333149227,19.0888643807545 73.0001999702915,19.0894284322471 72.9988331305861,19.0903246103553</coordinates></LinearRing></outerBoundaryIs></Polygon></MultiGeometry>
  </Placemark>
  <Placemark>
	<Style><LineStyle><color>ff0000ff</color></LineStyle><PolyStyle><fill>0</fill></PolyStyle></Style>
	<ExtendedData><SchemaData schemaUrl="#navi_mumbai_wards">
		<SimpleData name="objectid">23</SimpleData>
		<SimpleData name="townname">Navi Mumbai</SimpleData>
		<SimpleData name="towncensuscode2011">400708</SimpleData>
		<SimpleData name="town_lgd_code">251472</SimpleData>
		<SimpleData name="ward_lgd_code">48579</SimpleData>
		<SimpleData name="ward_lgd_name">Navi Mumbai (M Corp.) - Ward No.48</SimpleData>
		<SimpleData name="sourcewardcode">48</SimpleData>
		<SimpleData name="state">Maharashtra</SimpleData>
	</SchemaData></ExtendedData>
      <MultiGeometry><Polygon><outerBoundaryIs><LinearRing><coordinates>73.0168250912547,19.0881465594702 73.0171752069418,19.0901049084721 73.0175768580784,19.0917466340235 73.0176449521735,19.0919249386532 73.0176562736411,19.0920096108103 73.017655897247,19.0921141667686 73.0176522375105,19.092141273921 73.01763948862,19.0922356956058 73.0176027403383,19.0923820895184 73.0174506187298,19.0928463112967 73.0169813055877,19.0943371965848 73.0166980272528,19.0952522587613 73.0165795691112,19.0956061548807 73.0164687439546,19.0959194218599 73.0163725379809,19.0960811586067 73.0162791895482,19.0962255491536 73.0160239988372,19.0965477825264 73.0152899737404,19.097374324498 73.0148269353306,19.0979183348185 73.014662544532,19.0981472527157 73.0145336964758,19.098393016977 73.0143438087944,19.0987639372274 73.0139327028895,19.099530480587 73.013756573805,19.0997950493569 73.013635396463,19.1000170668057 73.0131730362812,19.1009634968024 73.0127748867776,19.1018032741006 73.0125391832201,19.102300416728 73.0124018892037,19.1026077817219 73.0123604696825,19.1027005090759 73.0120775677417,19.1035276408176 73.0117513068171,19.1045074992327 73.0116110654282,19.1049388268319 73.0114198347654,19.1056395103424 73.011355982515,19.1058262492779 73.0112291305154,19.1061467662917 73.0110271560019,19.1066570917447 73.0144866984168,19.1080638643548 73.0140375740124,19.1092060895288 73.0139731261789,19.1093612825117 73.0139605255105,19.1095087562413 73.0139623059713,19.1096543845211 73.0139813089329,19.1097552157771 73.014049853084,19.1099263421276 73.0140825257092,19.1099929474734 73.0141150213663,19.1100622367309 73.0146751892179,19.1108021023716 73.0147273507932,19.11086899511 73.0147664454743,19.1109402905776 73.0147917896435,19.1110262966627 73.0147963378137,19.1110955523838 73.0147906568679,19.1111262621499 73.0143329571458,19.112111765053 73.0167522046476,19.1121571928171 73.0167836241229,19.1116140246505 73.0172964112332,19.1116218489113 73.0178162105925,19.1106121970605 73.0170386145096,19.1102250291514 73.0168086700513,19.1101105391293 73.0169156486219,19.1099103861755 73.016962427492,19.1098228643813 73.0169452903313,19.1097291640374 73.0168920301165,19.1094379567125 73.0169104240202,19.1091142384039 73.0168910258,19.1087171969403 73.0168630792115,19.1079534420855 73.0168353886428,19.1075859360337 73.0168385543059,19.1075277177918 73.0168754247584,19.1073923006915 73.0170348802129,19.1069859460172 73.0171935613197,19.1065296970591 73.0173585737525,19.1059570101221 73.0175504431174,19.1052004805407 73.0176771370135,19.1052429214548 73.0180638850995,19.1053724774152 73.017914914781,19.1057758736283 73.0177584282585,19.1061936200316 73.0177353550305,19.1063255536679 73.0177424319583,19.1064125968756 73.0177768967225,19.1067477626664 73.0178508433417,19.1072088849766 73.0178747358333,19.1072832242098 73.0179265057431,19.1073711496907 73.0179620179429,19.1074155796913 73.0180150697487,19.107463221629 73.0180876967428,19.1075017276654 73.0181719982423,19.1075343632303 73.01826626116,19.1075634040224 73.0183700821523,19.1075628650196 73.0184542722608,19.1075474240752 73.0186866996624,19.1074121360123 73.0189424212777,19.1072410673268 73.0191929182913,19.1070407733904 73.019366566229,19.1069088547546 73.0194602039193,19.1068157571246 73.0195397281781,19.106714891821 73.0196034528678,19.1066205564905 73.0196960601904,19.1063793321069 73.0197552582693,19.1062596683506 73.0198067227519,19.1062153831895 73.0198702390324,19.1061791950093 73.0199224554049,19.1061628448384 73.0200441367018,19.1061554472811 73.0201373000815,19.1061546060901 73.0203482811041,19.1061670219329 73.0208051588677,19.1062944949901 73.0218341134487,19.1066562980906 73.0230232403397,19.1070614210796 73.0232668077492,19.1063853935969 73.0258703805641,19.0996419517325 73.0263578190137,19.0965435457675 73.0263721749903,19.0964487122866 73.0267270957658,19.0941977237186 73.0270051548889,19.0925373627993 73.0272032459855,19.0910161603763 73.0274510678162,19.0897124955172 73.0276382776197,19.0885551582648 73.0278356069449,19.087211701772 73.0279859543807,19.0862355976531 73.0202108280859,19.0853276939634 73.0201662635629,19.0853224713011 73.0193919355509,19.0852343524325 73.0189358518981,19.0851826308905 73.0187250397587,19.0851749683756 73.0180074673064,19.085257339968 73.0171109657209,19.0853517307723 73.0170800196576,19.0853549889931 73.016447752123,19.0854477294089 73.0164849819017,19.0858954282963 73.0164977864877,19.0859801773944 73.0168250912547,19.0881465594702</coordinates></LinearRing></outerBoundaryIs></Polygon></MultiGeometry>
  </Placemark>
  <Placemark>
	<Style><LineStyle><color>ff0000ff</color></LineStyle><PolyStyle><fill>0</fill></PolyStyle></Style>
	<ExtendedData><SchemaData schemaUrl="#navi_mumbai_wards">
		<SimpleData name="objectid">24</SimpleData>
		<SimpleData name="townname">Navi Mumbai</SimpleData>
		<SimpleData name="towncensuscode2011">400708</SimpleData>
		<SimpleData name="town_lgd_code">251472</SimpleData>
		<SimpleData name="ward_lgd_code">48546</SimpleData>
		<SimpleData name="ward_lgd_name">Navi Mumbai (M Corp.) - Ward No.15</SimpleData>
		<SimpleData name="sourcewardcode">15</SimpleData>
		<SimpleData name="state">Maharashtra</SimpleData>
	</SchemaData></ExtendedData>
      <MultiGeometry><Polygon><outerBoundaryIs><LinearRing><coordinates>72.9928229997884,19.1499262372276 72.9945369287567,19.1498545139161 72.9952964678042,19.1498268841523 72.9952362222896,19.1482041647951 72.9952345684912,19.148153645072 72.9935412702318,19.1482170357299 72.9933034017344,19.1482339384303 72.9932160594377,19.1482532808948 72.9930833603039,19.1483116587522 72.9927946049407,19.1485007561267 72.9923497367541,19.1487638725967 72.9921543810276,19.1488460962484 72.9919210005134,19.1489232426211 72.9917910484277,19.1489595724919 72.9915027934261,19.1490178550551 72.9914135224464,19.1490306546432 72.9906561151011,19.1490616654027 72.9902778255519,19.1490775972068 72.9897542595565,19.1491138803701 72.9895775878896,19.1491385774584 72.9894135914513,19.149162526918 72.9879954579432,19.1494012720016 72.9863081065309,19.1497072713816 72.9862962963799,19.1497094531495 72.9835545950136,19.1501996186869 72.9815154822007,19.1505805753352 72.9814545710346,19.1505914976941 72.981391857848,19.1509009597029 72.981133698205,19.1518752309069 72.9808334444061,19.1525378927626 72.98071388493,19.1531777843188 72.9807899318104,19.1537612772345 72.9812115264446,19.15480683778 72.9815004551827,19.1552586672355 72.9819589103879,19.1557927724973 72.9820408367418,19.1559745754367 72.9874445867565,19.1556550359215 72.9891478958414,19.1556123355655 72.9921923402382,19.1554056952166 72.9930833432359,19.1553409716594 72.9931376365134,19.1553484968466 72.9930177518471,19.1542759233929 72.9929294501496,19.1529994125398 72.9928595216947,19.1513431165014 72.9928229997884,19.1499262372276</coordinates></LinearRing></outerBoundaryIs></Polygon></MultiGeometry>
  </Placemark>
  <Placemark>
	<Style><LineStyle><color>ff0000ff</color></LineStyle><PolyStyle><fill>0</fill></PolyStyle></Style>
	<ExtendedData><SchemaData schemaUrl="#navi_mumbai_wards">
		<SimpleData name="objectid">25</SimpleData>
		<SimpleData name="townname">Navi Mumbai</SimpleData>
		<SimpleData name="towncensuscode2011">400708</SimpleData>
		<SimpleData name="town_lgd_code">251472</SimpleData>
		<SimpleData name="ward_lgd_code">48580</SimpleData>
		<SimpleData name="ward_lgd_name">Navi Mumbai (M Corp.) - Ward No.49</SimpleData>
		<SimpleData name="sourcewardcode">49</SimpleData>
		<SimpleData name="state">Maharashtra</SimpleData>
	</SchemaData></ExtendedData>
      <MultiGeometry><Polygon><outerBoundaryIs><LinearRing><coordinates>73.0108603011244,19.0988472833495 73.0083806383265,19.0981334823208 73.0077151223466,19.0979512880546 73.0068780137744,19.0976876874484 73.0065259110139,19.0987091206931 73.0064297274981,19.098685498374 73.0052124770505,19.0983496473391 73.0049136919971,19.0993395352076 73.0075831939673,19.1000994895841 73.0078631799768,19.1001770627777 73.0085319083321,19.1003623418978 73.0105296115054,19.1008958657963 73.0104991469392,19.1010037962887 73.0108981327743,19.1011355303386 73.0127748867776,19.1018032741006 73.0131730362812,19.1009634968024 73.013635396463,19.1000170668057 73.013756573805,19.0997950493569 73.0139327028895,19.099530480587 73.014181874888,19.09906587859 73.0128356425353,19.0985907824157 73.0129461784343,19.0982787021216 73.012958933613,19.0982198753591 73.0128520969763,19.0982071575705 73.0128554962013,19.0978441365343 73.0129116067706,19.0978450117225 73.01291528627,19.0977433039601 73.0130025584982,19.0975206739684 73.013008538583,19.0974028161535 73.0130328469946,19.0971672861757 73.0123976231044,19.097144562597 73.0123526193053,19.0971422171506 73.0117700780132,19.0971667411969 73.011743727731,19.0971678506787 73.0117683218069,19.097764414597 73.0117781017653,19.0981925238785 73.0117766851221,19.0982623910668 73.0117268636582,19.0983570656184 73.0113094048675,19.0989706662621 73.0108603011244,19.0988472833495</coordinates></LinearRing></outerBoundaryIs></Polygon></MultiGeometry>
  </Placemark>
  <Placemark>
	<Style><LineStyle><color>ff0000ff</color></LineStyle><PolyStyle><fill>0</fill></PolyStyle></Style>
	<ExtendedData><SchemaData schemaUrl="#navi_mumbai_wards">
		<SimpleData name="objectid">26</SimpleData>
		<SimpleData name="townname">Navi Mumbai</SimpleData>
		<SimpleData name="towncensuscode2011">400708</SimpleData>
		<SimpleData name="town_lgd_code">251472</SimpleData>
		<SimpleData name="ward_lgd_code">48577</SimpleData>
		<SimpleData name="ward_lgd_name">Navi Mumbai (M Corp.) - Ward No.46</SimpleData>
		<SimpleData name="sourcewardcode">46</SimpleData>
		<SimpleData name="state">Maharashtra</SimpleData>
	</SchemaData></ExtendedData>
      <MultiGeometry><Polygon><outerBoundaryIs><LinearRing><coordinates>73.0096220327941,19.1028000483807 73.0095316479034,19.1030714612632 73.0093670648653,19.1030259622469 73.0087713300166,19.1028460346976 73.0081915312811,19.1046541742894 73.0078873985568,19.1045583412811 73.0078396477096,19.1045432956151 73.007943349226,19.1042363815562 73.0080274315366,19.1039696655284 73.0080482221455,19.1038793512952 73.008081112163,19.1037724947671 73.0067646077579,19.103399439866 73.0066586613516,19.1037398737391 73.0064796935908,19.1043230625599 73.0061594450904,19.1053666280966 73.0058073468215,19.1064651376938 73.0068448389909,19.106756951223 73.0070974165027,19.1068219722363 73.0071118748872,19.1068256943429 73.0069937392408,19.1072405817989 73.0069148725488,19.1074995224217 73.0069017643321,19.1074982771976 73.0068295397833,19.1077394710893 73.006693451306,19.108192482706 73.0081730466475,19.1086054186963 73.0082985062584,19.1082413934055 73.0093907902702,19.1084660300073 73.0094339480314,19.1084771113339 73.0097299752569,19.1085408151539 73.0099467791591,19.1086144161657 73.010338427555,19.1087763841125 73.0104244538199,19.1085181780191 73.0108049379534,19.107247081251 73.0110271560019,19.1066570917447 73.0112291305154,19.1061467662917 73.011355982515,19.1058262492779 73.0114198347654,19.1056395103424 73.0116110654282,19.1049388268319 73.0117513068171,19.1045074992327 73.0120775677417,19.1035276408176 73.0123604696825,19.1027005090759 73.0124018892037,19.1026077817219 73.0119862917223,19.1024662174708 73.0118434568972,19.1024204958894 73.0119368906699,19.1021185216015 73.0115185901578,19.1019977911516 73.0114295527401,19.1022880048393 73.010271322505,19.1019430291664 73.0102138348184,19.1019259061213 73.0099320494834,19.1028959545597 73.0096220327941,19.1028000483807</coordinates></LinearRing></outerBoundaryIs></Polygon></MultiGeometry>
  </Placemark>
  <Placemark>
	<Style><LineStyle><color>ff0000ff</color></LineStyle><PolyStyle><fill>0</fill></PolyStyle></Style>
	<ExtendedData><SchemaData schemaUrl="#navi_mumbai_wards">
		<SimpleData name="objectid">27</SimpleData>
		<SimpleData name="townname">Navi Mumbai</SimpleData>
		<SimpleData name="towncensuscode2011">400708</SimpleData>
		<SimpleData name="town_lgd_code">251472</SimpleData>
		<SimpleData name="ward_lgd_code">48576</SimpleData>
		<SimpleData name="ward_lgd_name">Navi Mumbai (M Corp.) - Ward No.45</SimpleData>
		<SimpleData name="sourcewardcode">45</SimpleData>
		<SimpleData name="state">Maharashtra</SimpleData>
	</SchemaData></ExtendedData>
      <MultiGeometry><Polygon><outerBoundaryIs><LinearRing><coordinates>73.0041110841216,19.1019134729831 73.0033031070157,19.1045160750522 73.0025212241722,19.1070214116699 73.0045121486583,19.107596898584 73.0046371456369,19.1072529763396 73.0046185478155,19.1072440781086 73.0047270517254,19.1069221439833 73.0049360878954,19.1063548756348 73.0049064659489,19.106342868093 73.0049475108726,19.1062276292617 73.0051345077754,19.1062800793138 73.0058073495164,19.1064651385426 73.0061594450904,19.1053666280966 73.0064796935908,19.1043230625599 73.0066586604533,19.1037398737391 73.0067646068596,19.1033994407148 73.006884252574,19.103058238784 73.0065307798827,19.1029373740532 73.0066330881121,19.1026053540147 73.0064047785877,19.1025416563972 73.0065337470181,19.1021268420406 73.0066132703786,19.1018751702194 73.0064266319037,19.1018263111151 73.0062243322,19.101764534152 73.0061554341126,19.1017455037156 73.0060509321973,19.1017166376147 73.0058359222307,19.1023862982808 73.0041110841216,19.1019134729831</coordinates></LinearRing></outerBoundaryIs></Polygon></MultiGeometry>
  </Placemark>
  <Placemark>
	<Style><LineStyle><color>ff0000ff</color></LineStyle><PolyStyle><fill>0</fill></PolyStyle></Style>
	<ExtendedData><SchemaData schemaUrl="#navi_mumbai_wards">
		<SimpleData name="objectid">28</SimpleData>
		<SimpleData name="townname">Navi Mumbai</SimpleData>
		<SimpleData name="towncensuscode2011">400708</SimpleData>
		<SimpleData name="town_lgd_code">251472</SimpleData>
		<SimpleData name="ward_lgd_code">48573</SimpleData>
		<SimpleData name="ward_lgd_name">Navi Mumbai (M Corp.) - Ward No.42</SimpleData>
		<SimpleData name="sourcewardcode">42</SimpleData>
		<SimpleData name="state">Maharashtra</SimpleData>
	</SchemaData></ExtendedData>
      <MultiGeometry><Polygon><outerBoundaryIs><LinearRing><coordinates>72.9932439691952,19.0979936705584 72.9798154313054,19.0980455748496 72.9736616715718,19.0979276112994 72.9736014197691,19.0985999502037 72.972954941785,19.1030803656606 72.9729754422381,19.1045332351781 72.9729959426912,19.1047204931535 72.9730847788862,19.1049335793233 72.9747724896246,19.1071546009074 72.9747739574718,19.1073346443032 72.9874596245543,19.1049927941634 72.9964098424622,19.1031868907371 72.9976256906397,19.1029147879312 72.9976588842878,19.1029104231594 72.9977030957728,19.1029105216257 72.9977335854919,19.1029126140338 72.9981387328715,19.1030271192247 72.9989440536591,19.1004722353017 73.0003789344591,19.1008746307769 73.0006676691611,19.1009556024311 73.0010834507971,19.099593990067 73.0008031845133,19.0995166033502 73.0003701390541,19.0993970288538 73.0003723273501,19.0993394070289 73.0004550325434,19.0990677944825 73.0000895969875,19.098946033828 72.9999116003056,19.0995111171387 72.9999013424434,19.099508031516 72.9992872792679,19.0993232955621 72.9993742083397,19.0990576046847 72.9996081529958,19.0983531862803 72.9997553087175,19.0979292691478 72.9993745146652,19.09779853846 72.9983288011143,19.0974936381537 72.9979154853538,19.0973768032145 72.9978476706346,19.0973684765944 72.997780763214,19.0973652279476 72.9972359790116,19.0974817802197 72.9959975274249,19.0977786918001 72.9951223329796,19.0979845426338 72.9941466089691,19.0980123729127 72.9932439691952,19.0979936705584</coordinates></LinearRing></outerBoundaryIs></Polygon></MultiGeometry>
  </Placemark>
  <Placemark>
	<Style><LineStyle><color>ff0000ff</color></LineStyle><PolyStyle><fill>0</fill></PolyStyle></Style>
	<ExtendedData><SchemaData schemaUrl="#navi_mumbai_wards">
		<SimpleData name="objectid">29</SimpleData>
		<SimpleData name="townname">Navi Mumbai</SimpleData>
		<SimpleData name="towncensuscode2011">400708</SimpleData>
		<SimpleData name="town_lgd_code">251472</SimpleData>
		<SimpleData name="ward_lgd_code">48574</SimpleData>
		<SimpleData name="ward_lgd_name">Navi Mumbai (M Corp.) - Ward No.43</SimpleData>
		<SimpleData name="sourcewardcode">43</SimpleData>
		<SimpleData name="state">Maharashtra</SimpleData>
	</SchemaData></ExtendedData>
      <MultiGeometry><Polygon><outerBoundaryIs><LinearRing><coordinates>73.0019991565668,19.1032798461058 73.0022759670317,19.1024233412333 73.0025701985249,19.1014816612885 73.0015294095384,19.1011972650938 72.9989440536591,19.1004722353017 72.9981387328715,19.1030271192247 72.9996973368389,19.1034731603061 73.0013642920026,19.1039502083782 73.0015300042231,19.1034473826025 73.0006169942976,19.103204374411 73.0007057164066,19.1029021239809 73.0019991565668,19.1032798461058</coordinates></LinearRing></outerBoundaryIs></Polygon></MultiGeometry>
  </Placemark>
  <Placemark>
	<Style><LineStyle><color>ff0000ff</color></LineStyle><PolyStyle><fill>0</fill></PolyStyle></Style>
	<ExtendedData><SchemaData schemaUrl="#navi_mumbai_wards">
		<SimpleData name="objectid">30</SimpleData>
		<SimpleData name="townname">Navi Mumbai</SimpleData>
		<SimpleData name="towncensuscode2011">400708</SimpleData>
		<SimpleData name="town_lgd_code">251472</SimpleData>
		<SimpleData name="ward_lgd_code">48575</SimpleData>
		<SimpleData name="ward_lgd_name">Navi Mumbai (M Corp.) - Ward No.44</SimpleData>
		<SimpleData name="sourcewardcode">44</SimpleData>
		<SimpleData name="state">Maharashtra</SimpleData>
	</SchemaData></ExtendedData>
      <MultiGeometry><Polygon><outerBoundaryIs><LinearRing><coordinates>73.0042150272848,19.1015786513694 73.0041110841216,19.1019134729831 73.0058359222307,19.1023862982808 73.0060509321973,19.1017166376147 73.0061554341126,19.1017455037156 73.0062243322,19.1017645350009 73.0063272638602,19.1017959680244 73.0065463297203,19.101105159109 73.0065757091217,19.101114413341 73.0067090325846,19.1006910406101 73.0075169351303,19.1009290739454 73.007741595698,19.1001433765687 73.0075831939673,19.1000994895841 73.0049136919971,19.0993395352076 73.0044955298256,19.1006740634391 73.0039362306449,19.1005250937822 73.0037969306904,19.1008926104279 73.0034662949703,19.1008072272283 73.0034881267266,19.1007476484275 73.0032035907503,19.100663569 73.0033570221025,19.1001675546838 73.0029891197728,19.1000686275222 73.0029718496615,19.1001170712033 73.0023309160793,19.0999384477386 73.0010834516954,19.0995939892182 73.0006676682627,19.1009556049777 73.0015294095384,19.1011972650938 73.0025701985249,19.1014816621374 73.0029382805176,19.1015822428704 73.0035518002123,19.1017728282945 73.0036524555415,19.1014210343949 73.0042150272848,19.1015786513694</coordinates></LinearRing></outerBoundaryIs></Polygon></MultiGeometry>
  </Placemark>
  <Placemark>
	<Style><LineStyle><color>ff0000ff</color></LineStyle><PolyStyle><fill>0</fill></PolyStyle></Style>
	<ExtendedData><SchemaData schemaUrl="#navi_mumbai_wards">
		<SimpleData name="objectid">31</SimpleData>
		<SimpleData name="townname">Navi Mumbai</SimpleData>
		<SimpleData name="towncensuscode2011">400708</SimpleData>
		<SimpleData name="town_lgd_code">251472</SimpleData>
		<SimpleData name="ward_lgd_code">48578</SimpleData>
		<SimpleData name="ward_lgd_name">Navi Mumbai (M Corp.) - Ward No.47</SimpleData>
		<SimpleData name="sourcewardcode">47</SimpleData>
		<SimpleData name="state">Maharashtra</SimpleData>
	</SchemaData></ExtendedData>
      <MultiGeometry><Polygon><outerBoundaryIs><LinearRing><coordinates>73.0096220327941,19.1028000483807 73.0099320494834,19.1028959545597 73.0102138348184,19.1019259061213 73.010271322505,19.1019430291664 73.0114295527401,19.1022880048393 73.0115185901578,19.1019977911516 73.0119368906699,19.1021185216015 73.0118434568972,19.1024204958894 73.0119862917223,19.1024662174708 73.0124018892037,19.1026077817219 73.0125391832201,19.102300416728 73.0127748867776,19.1018032741006 73.0108981327743,19.1011355303386 73.0104991469392,19.1010037962887 73.0105296115054,19.1008958657963 73.0085319083321,19.1003623418978 73.007741595698,19.1001433765687 73.0075169351303,19.1009290739454 73.0067090325846,19.1006910406101 73.0065757091217,19.101114413341 73.0065463297203,19.101105159109 73.0063272629619,19.1017959688733 73.0064266328019,19.101826311964 73.0066132703786,19.1018751702194 73.0065337470181,19.1021268420406 73.0064047785877,19.1025416563972 73.0066330881121,19.1026053540147 73.0065307798827,19.1029373740532 73.006884252574,19.103058238784 73.0067646077579,19.1033994407148 73.008081112163,19.1037724947671 73.0080482221455,19.1038793512952 73.0080274315366,19.1039696655284 73.007943349226,19.1042363815562 73.0078396477096,19.1045432956151 73.0078873985568,19.1045583412811 73.0081915312811,19.1046541742894 73.0087713300166,19.1028460346976 73.0093670648653,19.1030259622469 73.0095316479034,19.1030714612632 73.0096220327941,19.1028000483807</coordinates></LinearRing></outerBoundaryIs></Polygon></MultiGeometry>
  </Placemark>
  <Placemark>
	<Style><LineStyle><color>ff0000ff</color></LineStyle><PolyStyle><fill>0</fill></PolyStyle></Style>
	<ExtendedData><SchemaData schemaUrl="#navi_mumbai_wards">
		<SimpleData name="objectid">32</SimpleData>
		<SimpleData name="townname">Navi Mumbai</SimpleData>
		<SimpleData name="towncensuscode2011">400708</SimpleData>
		<SimpleData name="town_lgd_code">251472</SimpleData>
		<SimpleData name="ward_lgd_code">48569</SimpleData>
		<SimpleData name="ward_lgd_name">Navi Mumbai (M Corp.) - Ward No.38</SimpleData>
		<SimpleData name="sourcewardcode">38</SimpleData>
		<SimpleData name="state">Maharashtra</SimpleData>
	</SchemaData></ExtendedData>
      <MultiGeometry><Polygon><outerBoundaryIs><LinearRing><coordinates>73.0014596912892,19.1105122057983 73.0017941511375,19.1106073291489 73.0029064801566,19.1108964675716 73.003945280273,19.1111728589888 73.0042738345966,19.1112605141796 73.0050822905046,19.1088038161786 73.005231514148,19.1083508962113 73.0055580751099,19.1072397202416 73.0058073486181,19.1064651385426 73.0051345077754,19.1062800793138 73.0049475108726,19.1062276292617 73.0049064659489,19.106342868093 73.0049360878954,19.1063548756348 73.0047270517254,19.1069221439833 73.0046185478155,19.1072440781086 73.0046371456369,19.1072529763396 73.0045121486583,19.107596898584 73.0025212241722,19.1070214116699 73.0014596912892,19.1105122057983</coordinates></LinearRing></outerBoundaryIs></Polygon></MultiGeometry>
  </Placemark>
  <Placemark>
	<Style><LineStyle><color>ff0000ff</color></LineStyle><PolyStyle><fill>0</fill></PolyStyle></Style>
	<ExtendedData><SchemaData schemaUrl="#navi_mumbai_wards">
		<SimpleData name="objectid">33</SimpleData>
		<SimpleData name="townname">Navi Mumbai</SimpleData>
		<SimpleData name="towncensuscode2011">400708</SimpleData>
		<SimpleData name="town_lgd_code">251472</SimpleData>
		<SimpleData name="ward_lgd_code">48568</SimpleData>
		<SimpleData name="ward_lgd_name">Navi Mumbai (M Corp.) - Ward No.37</SimpleData>
		<SimpleData name="sourcewardcode">37</SimpleData>
		<SimpleData name="state">Maharashtra</SimpleData>
	</SchemaData></ExtendedData>
      <MultiGeometry><Polygon><outerBoundaryIs><LinearRing><coordinates>73.0042738345966,19.1112605141796 73.0049536149249,19.1114418721457 73.0062051468804,19.1117669337947 73.0073721320964,19.1120810079372 73.0082231241313,19.1123032193976 73.0091386250852,19.1125383840616 73.0093240813772,19.1119279768561 73.0098331413774,19.110292982286 73.010338427555,19.1087763841125 73.0099467791591,19.1086144161657 73.0097299752569,19.1085408151539 73.0094339480314,19.1084771113339 73.0093907902702,19.1084660300073 73.0082985062584,19.1082413934055 73.0081730466475,19.1086054186963 73.006693451306,19.108192482706 73.0068295397833,19.1077394710893 73.0069017643321,19.1074982771976 73.0069148725488,19.1074995224217 73.0069937392408,19.1072405817989 73.0071118748872,19.1068256943429 73.0070974165027,19.1068219722363 73.0068448389909,19.106756951223 73.0058073468215,19.1064651376938 73.0055580751099,19.1072397202416 73.005231514148,19.1083508962113 73.0050822905046,19.1088038161786 73.0042738345966,19.1112605141796</coordinates></LinearRing></outerBoundaryIs></Polygon></MultiGeometry>
  </Placemark>
  <Placemark>
	<Style><LineStyle><color>ff0000ff</color></LineStyle><PolyStyle><fill>0</fill></PolyStyle></Style>
	<ExtendedData><SchemaData schemaUrl="#navi_mumbai_wards">
		<SimpleData name="objectid">34</SimpleData>
		<SimpleData name="townname">Navi Mumbai</SimpleData>
		<SimpleData name="towncensuscode2011">400708</SimpleData>
		<SimpleData name="town_lgd_code">251472</SimpleData>
		<SimpleData name="ward_lgd_code">48567</SimpleData>
		<SimpleData name="ward_lgd_name">Navi Mumbai (M Corp.) - Ward No.36</SimpleData>
		<SimpleData name="sourcewardcode">36</SimpleData>
		<SimpleData name="state">Maharashtra</SimpleData>
	</SchemaData></ExtendedData>
      <MultiGeometry><Polygon><outerBoundaryIs><LinearRing><coordinates>73.000868647443,19.112490314943 73.0010334290088,19.1125344082931 73.0025638061133,19.1129439221315 73.0020896070344,19.1146330813001 73.0032787806378,19.1149748254904 73.0029660070189,19.1159962283717 73.0050935787344,19.1165802660346 73.0053633670687,19.1166624836425 73.0059665830871,19.1146022414721 73.0083306677422,19.1151735624832 73.0085387310367,19.1143670228748 73.0091036195352,19.1126536015194 73.0091386250852,19.1125383840616 73.0082231241313,19.1123032193976 73.0073721320964,19.1120810079372 73.0062051468804,19.1117669337947 73.0049536149249,19.1114418721457 73.0042738345966,19.1112605141796 73.003945280273,19.1111728589888 73.0029064801566,19.1108964675716 73.0017941511375,19.1106073291489 73.0014596912892,19.1105122057983 73.0014410656201,19.110573454931 73.000868647443,19.112490314943</coordinates></LinearRing></outerBoundaryIs></Polygon></MultiGeometry>
  </Placemark>
  <Placemark>
	<Style><LineStyle><color>ff0000ff</color></LineStyle><PolyStyle><fill>0</fill></PolyStyle></Style>
	<ExtendedData><SchemaData schemaUrl="#navi_mumbai_wards">
		<SimpleData name="objectid">35</SimpleData>
		<SimpleData name="townname">Navi Mumbai</SimpleData>
		<SimpleData name="towncensuscode2011">400708</SimpleData>
		<SimpleData name="town_lgd_code">251472</SimpleData>
		<SimpleData name="ward_lgd_code">48572</SimpleData>
		<SimpleData name="ward_lgd_name">Navi Mumbai (M Corp.) - Ward No.41</SimpleData>
		<SimpleData name="sourcewardcode">41</SimpleData>
		<SimpleData name="state">Maharashtra</SimpleData>
	</SchemaData></ExtendedData>
      <MultiGeometry><Polygon><outerBoundaryIs><LinearRing><coordinates>72.9995497400445,19.1038860214966 72.9996786464911,19.1035247530504 72.9996861797631,19.10350380358 72.9996973368389,19.1034731594573 72.9981387328715,19.1030271192247 72.9977335854919,19.1029126140338 72.9977030957728,19.1029105216257 72.9976588842878,19.1029104231594 72.9976256906397,19.1029147879312 72.9964098424622,19.1031868907371 72.9874596245543,19.1049927941634 72.9747739574718,19.1073346443032 72.9747806328527,19.1081533945398 72.9742685823609,19.1122542547275 72.9741706067062,19.1135468825248 72.9741095823523,19.1147944678745 72.9743799312353,19.1174058056572 72.974666160536,19.1179394358403 72.9750562665246,19.1183933692819 72.9758228214144,19.1188842066373 72.976459636221,19.1191488624246 72.9770194267802,19.1192486804081 72.9777521223703,19.1190733445002 72.9783996909092,19.1186986715699 72.9793419086578,19.1179147247494 72.9799085614475,19.116869257359 72.9805310454304,19.1162898932425 72.9808284677395,19.1132279840745 72.9809548373437,19.1125173915954 72.9811554985203,19.1118858041811 72.9813625062944,19.1115023892659 72.982022727604,19.1107010875629 72.9823768623536,19.1104088005673 72.9828557704013,19.1101038920967 72.9841556442955,19.1096038521583 72.984682720907,19.1094809491167 72.9852421961575,19.1094190010056 72.9856808444091,19.1094843604977 72.9866139020368,19.1099229001985 72.9875671142662,19.1095356373062 72.9921834082893,19.1083612356776 72.9940623658601,19.1080414707663 72.996634930628,19.107472857476 72.9967064607792,19.1076969697006 72.9972382930718,19.1075227903718 72.9973108113697,19.107727167409 72.9975296885836,19.1076722443465 72.9975251817359,19.1076480045154 72.9974019436587,19.1070678466909 72.9973760066015,19.1070661481905 72.9973594075316,19.1069815822017 72.9973769156965,19.1068657742525 72.9974020173205,19.1065718795883 72.9978772252075,19.1065974174354 72.9978775566858,19.1066929513239 72.9980267399051,19.1067032841033 72.998025662825,19.1067344140057 72.9982881325848,19.1067433266942 72.9984705867072,19.1067624660544 72.9984539022974,19.1066244288441 72.9984380155916,19.1064278545788 72.9984556594021,19.1063212526483 72.9984673869081,19.1061143112539 72.9985128650177,19.1061137968625 72.9986392498933,19.1060566264087 72.9986398167303,19.1060882258363 72.998741841092,19.1060860833873 72.9987429900373,19.1060537607553 72.998808982973,19.1060511387163 72.9988056124941,19.1059676349455 72.998974534395,19.1059614851617 72.9991135810246,19.1059536869468 72.9995023934391,19.1059018997288 72.9998680616587,19.10586576241 72.99987786677,19.1056795404584 72.9997701300213,19.1055551795999 72.9997749800256,19.1054485041071 72.9997825896543,19.1053277743899 72.9993149851079,19.1052576105464 72.9994969523434,19.1046470992231 72.9997256993474,19.1039890768389 72.9995333089596,19.1039320720237 72.9995497400445,19.1038860214966</coordinates></LinearRing></outerBoundaryIs></Polygon></MultiGeometry>
  </Placemark>
  <Placemark>
	<Style><LineStyle><color>ff0000ff</color></LineStyle><PolyStyle><fill>0</fill></PolyStyle></Style>
	<ExtendedData><SchemaData schemaUrl="#navi_mumbai_wards">
		<SimpleData name="objectid">36</SimpleData>
		<SimpleData name="townname">Navi Mumbai</SimpleData>
		<SimpleData name="towncensuscode2011">400708</SimpleData>
		<SimpleData name="town_lgd_code">251472</SimpleData>
		<SimpleData name="ward_lgd_code">48565</SimpleData>
		<SimpleData name="ward_lgd_name">Navi Mumbai (M Corp.) - Ward No.34</SimpleData>
		<SimpleData name="sourcewardcode">34</SimpleData>
		<SimpleData name="state">Maharashtra</SimpleData>
	</SchemaData></ExtendedData>
      <MultiGeometry><Polygon><outerBoundaryIs><LinearRing><coordinates>72.9990109538933,19.121428753483 72.9992745016313,19.1213289758588 72.9995461665463,19.1212277985805 72.9996088968009,19.1212044358014 72.999921066752,19.1219066799817 72.9999322229295,19.1219032909245 73.000767659737,19.1216495341151 73.000872659319,19.1216430174054 73.0013238228991,19.1216288271376 73.0013387088817,19.121486840366 73.0013708685689,19.1211800944064 73.0017552370177,19.1211368792761 73.0017608523865,19.1208398144164 73.0018120464762,19.1201599440728 73.0018213647007,19.1200620142798 73.0018491531857,19.1199630455471 73.0020536052528,19.1192999677683 73.0020899951066,19.119181946384 73.0021056769965,19.1191385541884 73.0021067971957,19.1191078620371 73.0021011970982,19.1190612945951 73.0020253325758,19.1186644128213 73.001988427089,19.1185155349099 73.0019099314012,19.1182228602621 73.0018988946996,19.1181817102617 73.0018693140756,19.1180714152747 73.0018616676159,19.118049315867 72.999732872395,19.1187068765914 72.9998089345467,19.1189256959688 72.9987129261197,19.1192784779369 72.9986332590287,19.1190623530041 72.9986242893506,19.11903802063 72.998053069526,19.1192260744461 72.9980787882926,19.1192599494374 72.998111170762,19.119304964436 72.9981822769083,19.1194323611612 72.9988176346475,19.1209551262413 72.9990109538933,19.121428753483</coordinates></LinearRing></outerBoundaryIs></Polygon></MultiGeometry>
  </Placemark>
  <Placemark>
	<Style><LineStyle><color>ff0000ff</color></LineStyle><PolyStyle><fill>0</fill></PolyStyle></Style>
	<ExtendedData><SchemaData schemaUrl="#navi_mumbai_wards">
		<SimpleData name="objectid">37</SimpleData>
		<SimpleData name="townname">Navi Mumbai</SimpleData>
		<SimpleData name="towncensuscode2011">400708</SimpleData>
		<SimpleData name="town_lgd_code">251472</SimpleData>
		<SimpleData name="ward_lgd_code">48566</SimpleData>
		<SimpleData name="ward_lgd_name">Navi Mumbai (M Corp.) - Ward No.35</SimpleData>
		<SimpleData name="sourcewardcode">35</SimpleData>
		<SimpleData name="state">Maharashtra</SimpleData>
	</SchemaData></ExtendedData>
      <MultiGeometry><Polygon><outerBoundaryIs><LinearRing><coordinates>72.9978267344986,19.1092869917461 72.9975048654374,19.1093467974999 72.9933663925005,19.1100750172688 72.9931564265741,19.1102012531446 72.9915845383203,19.1115004981327 72.9909988619079,19.1116715148792 72.9908282314113,19.1117001008357 72.9906022754729,19.1116972242457 72.9902380652191,19.1116189264846 72.9898590165934,19.1114761816217 72.9884090216387,19.1107721810869 72.9885978448165,19.1109058248101 72.9887578554299,19.1110834781306 72.9888608508705,19.1112524496901 72.9889176208032,19.1114180674545 72.9889636423935,19.1117218709082 72.9892934435787,19.1144846190591 72.9900826000811,19.1144246988797 72.9902018702996,19.1144363909342 72.9904255373307,19.1145326264852 72.9905888995583,19.1146680428309 72.9907100355778,19.1147866658323 72.9912012981555,19.1153744924926 72.9914413998646,19.1157801950596 72.9914954362239,19.1159844226909 72.9915292092853,19.116163121343 72.9915629823468,19.1162333246958 72.9917115825594,19.1163545845765 72.9918466739068,19.1164056411184 72.9929724623838,19.1168034857348 72.9932510892422,19.1165686259071 72.9938384311311,19.1160689212659 72.9941897990697,19.1158153524162 72.9946573676835,19.1154938160815 72.9952632687662,19.1151409089039 72.9957650739721,19.1160213446173 72.995991601239,19.1164225351918 72.9963973028792,19.117089802181 72.9966842894596,19.1174970138992 72.9971547578352,19.1180898208359 72.9978283191268,19.1189127158065 72.998053069526,19.1192260744461 72.9986242893506,19.11903802063 72.9986332590287,19.1190623530041 72.9987129261197,19.1192784779369 72.9998089345467,19.1189256959688 72.999732872395,19.1187068765914 73.0018616676159,19.118049315867 73.0016727132841,19.1175032846284 73.0013430863721,19.1164432063242 73.0011688662075,19.1159251107817 73.0003336135547,19.1135039786034 73.0002920476082,19.1133846722518 73.0001582354618,19.1130005894151 73.0001137419057,19.1128728796202 73.0007707616197,19.1125883841804 73.0008571768551,19.1125287272898 73.000868647443,19.112490314943 73.0014410656201,19.110573454931 73.0014596912892,19.1105122057983 73.0003672195295,19.1102014959042 72.99986426448,19.1100668058773 72.9995365599627,19.1099774702571 72.9989682039672,19.109829403626 72.9985096876765,19.1097095556273 72.9980887443209,19.1096106596366 72.9980189110874,19.1095873359587 72.9979828554068,19.1095711550384 72.9979428875632,19.1095367976337 72.9979131021233,19.109488907591 72.997900444861,19.1094552046043 72.9978683327845,19.1092815983794 72.9978408299637,19.1092843731537 72.9978267344986,19.1092869917461</coordinates></LinearRing></outerBoundaryIs></Polygon></MultiGeometry>
  </Placemark>
  <Placemark>
	<Style><LineStyle><color>ff0000ff</color></LineStyle><PolyStyle><fill>0</fill></PolyStyle></Style>
	<ExtendedData><SchemaData schemaUrl="#navi_mumbai_wards">
		<SimpleData name="objectid">38</SimpleData>
		<SimpleData name="townname">Navi Mumbai</SimpleData>
		<SimpleData name="towncensuscode2011">400708</SimpleData>
		<SimpleData name="town_lgd_code">251472</SimpleData>
		<SimpleData name="ward_lgd_code">48564</SimpleData>
		<SimpleData name="ward_lgd_name">Navi Mumbai (M Corp.) - Ward No.33</SimpleData>
		<SimpleData name="sourcewardcode">33</SimpleData>
		<SimpleData name="state">Maharashtra</SimpleData>
	</SchemaData></ExtendedData>
      <MultiGeometry><Polygon><outerBoundaryIs><LinearRing><coordinates>73.0050935787344,19.1165802660346 73.0029660070189,19.1159962283717 73.0032787806378,19.1149748254904 73.0020896070344,19.1146330813001 73.0025638061133,19.1129439221315 73.0010334290088,19.1125344082931 73.000868647443,19.112490314943 73.0008571768551,19.1125287272898 73.0007707616197,19.1125883841804 73.0001137419057,19.1128728796202 73.0001582354618,19.1130005894151 73.0002920476082,19.1133846722518 73.0003336135547,19.1135039786034 73.0011688662075,19.1159251107817 73.0013430863721,19.1164432063242 73.0016727132841,19.1175032846284 73.0018616667176,19.118049315867 73.0018693140756,19.1180714152747 73.0018988946996,19.1181817102617 73.0019099314012,19.1182228602621 73.001988427089,19.1185155349099 73.0020253325758,19.1186644128213 73.0021011970982,19.1190612945951 73.0021067971957,19.1191078620371 73.0021056769965,19.1191385541884 73.0020899951066,19.119181946384 73.0020536052528,19.1192999677683 73.0018491531857,19.1199630455471 73.0018213647007,19.1200620142798 73.0018120464762,19.1201599440728 73.0017608523865,19.1208398144164 73.0024665032967,19.120840165801 73.002629781981,19.1208393433573 73.0026670396075,19.1208391557825 73.002696294143,19.1204489478111 73.0026986243729,19.1204178646262 73.0033397933136,19.1205723680793 73.0038317368143,19.1207103282907 73.003743347082,19.1209615165137 73.00545612441,19.1214438595714 73.0058027681085,19.1215423139227 73.0058080843383,19.1215269583104 73.0059584901647,19.1210274316203 73.0061276016102,19.1204839734661 73.0063457332224,19.1198112864153 73.006604062647,19.1190605332537 73.0067109567759,19.1188080375889 73.0068255054494,19.1185633196372 73.0069415327498,19.1183371681228 73.0070879761074,19.1180673539136 73.0071126330653,19.1180167307574 73.0074145173064,19.117372105982 73.0078554203293,19.1163593020852 73.0079495682627,19.1161473043438 73.0080675485005,19.1158640418754 73.0083306677422,19.1151735624832 73.0059665830871,19.1146022414721 73.0053633670687,19.1166624836425 73.0050935787344,19.1165802660346</coordinates></LinearRing></outerBoundaryIs></Polygon></MultiGeometry>
  </Placemark>
  <Placemark>
	<Style><LineStyle><color>ff0000ff</color></LineStyle><PolyStyle><fill>0</fill></PolyStyle></Style>
	<ExtendedData><SchemaData schemaUrl="#navi_mumbai_wards">
		<SimpleData name="objectid">39</SimpleData>
		<SimpleData name="townname">Navi Mumbai</SimpleData>
		<SimpleData name="towncensuscode2011">400708</SimpleData>
		<SimpleData name="town_lgd_code">251472</SimpleData>
		<SimpleData name="ward_lgd_code">48560</SimpleData>
		<SimpleData name="ward_lgd_name">Navi Mumbai (M Corp.) - Ward No.29</SimpleData>
		<SimpleData name="sourcewardcode">29</SimpleData>
		<SimpleData name="state">Maharashtra</SimpleData>
	</SchemaData></ExtendedData>
      <MultiGeometry><Polygon><outerBoundaryIs><LinearRing><coordinates>72.9939448500512,19.1268322535806 72.9940708055322,19.1278807184224 72.9941200062603,19.1281182076268 72.9942371789127,19.1284471931925 72.9943472180434,19.1288316076255 72.9943862390627,19.1289195462574 72.994562213637,19.1292522280649 72.9948088541831,19.1291113655988 72.9949618570389,19.1289851840549 72.9950423667496,19.1289187883562 72.9958316687791,19.129525363687 72.995772743788,19.1295879289131 72.9955781893587,19.1297945022864 72.9956311899605,19.1299859650031 72.9956477018937,19.1300495026739 72.9956713778914,19.1301149269968 72.9957022619708,19.1302129246691 72.9954530962605,19.1303444275122 72.9953221883674,19.1304152350599 72.9955218649904,19.1308429695447 72.9956830829395,19.1307843623008 72.996152821883,19.1306395376902 72.9966952498044,19.1304936079381 72.9971199741691,19.129949854167 72.9973130814125,19.1297399158554 72.9978684783116,19.1291361072664 72.9979669273785,19.1282602302871 72.9984117057335,19.1280612832726 72.9990145992567,19.1277744587803 72.9986557393687,19.1272989154904 72.9986001156863,19.1272457863395 72.9985904722717,19.1272365751575 72.9985702844323,19.1272218370955 72.9985459679359,19.1272109997601 72.9985225686194,19.1272010298183 72.9985051341164,19.1271966945442 72.9984932044894,19.127193227513 72.9984487001536,19.1271832567214 72.9983872203539,19.1271745878696 72.9981445045472,19.1271598820535 72.9981166702482,19.1268031160241 72.9989193463956,19.1267099820691 72.9989802279173,19.1264577255509 72.9990712721713,19.1260804926242 72.9991767388773,19.1256368431464 72.9991830198978,19.1256164413629 72.9987730395818,19.1255354529282 72.9986429222062,19.125509749109 72.998583389954,19.1254918553104 72.9985445387163,19.1254737926123 72.9984609262246,19.1254370433926 72.9984282464129,19.1254164302502 72.9983805952786,19.1253676807989 72.9982996220372,19.1252861634821 72.998286643178,19.1252730972487 72.9981960382001,19.1252138803361 72.9981058401591,19.1251708427972 72.9976461794147,19.1250423191341 72.9971398925139,19.1249246557729 72.996740277858,19.1248866036239 72.9955128126673,19.1249161794652 72.9954599962201,19.1249122133305 72.9954213102724,19.1249060871672 72.995236135153,19.1248607588138 72.9950298074036,19.1248102531666 72.9949999240474,19.1248029379221 72.9947888478034,19.1252455754038 72.9947619836848,19.1253014092586 72.9947368928406,19.1252912499343 72.9945589293963,19.1255724949381 72.9944509069834,19.1255184901903 72.9943071675548,19.1256721426904 72.9943868283576,19.1258144763911 72.9947396704315,19.1258822083885 72.9946627467954,19.1262752620429 72.9944636971964,19.1262374775541 72.9943440793298,19.1264594578011 72.9939951215712,19.1266263436011 72.9939552372709,19.1266663694841 72.9939438403449,19.12671870102 72.9939448500512,19.1268322535806</coordinates></LinearRing></outerBoundaryIs></Polygon></MultiGeometry>
  </Placemark>
  <Placemark>
	<Style><LineStyle><color>ff0000ff</color></LineStyle><PolyStyle><fill>0</fill></PolyStyle></Style>
	<ExtendedData><SchemaData schemaUrl="#navi_mumbai_wards">
		<SimpleData name="objectid">40</SimpleData>
		<SimpleData name="townname">Navi Mumbai</SimpleData>
		<SimpleData name="towncensuscode2011">400708</SimpleData>
		<SimpleData name="town_lgd_code">251472</SimpleData>
		<SimpleData name="ward_lgd_code">48558</SimpleData>
		<SimpleData name="ward_lgd_name">Navi Mumbai (M Corp.) - Ward No.27</SimpleData>
		<SimpleData name="sourcewardcode">27</SimpleData>
		<SimpleData name="state">Maharashtra</SimpleData>
	</SchemaData></ExtendedData>
      <MultiGeometry><Polygon><outerBoundaryIs><LinearRing><coordinates>73.0002766792303,19.1290078107483 73.0003239791233,19.1294930481842 72.9998794684662,19.1296278344104 73.0000819523245,19.1303549574103 73.0003060173091,19.1311593456099 73.0004883645321,19.1318111543016 73.0007463678682,19.132574876144 73.0010278271147,19.1336178364296 73.0013174538437,19.1335512142955 73.0014425577218,19.1334425624485 73.0015441383158,19.1334254248437 73.0016934679604,19.1334002323152 73.0017835330508,19.1332660025141 73.0018158167055,19.13319817255 73.0018455374667,19.1330978249232 73.0018512723114,19.133080892666 73.0018584408674,19.1330680239458 73.0018749294445,19.1330504144292 73.0018928517327,19.1330402555814 73.0019243942773,19.1330253550882 73.0020455105338,19.1329656843579 73.0020613666968,19.1329556977896 73.00207663626,19.1329446011304 73.0020907308269,19.1329315626609 73.0021520076073,19.1328677647013 73.0021793038155,19.1328273702906 73.0022858925173,19.1326542638847 73.0023261559066,19.1325786791454 73.0023400231997,19.1325315833682 73.0023625754049,19.1324103837345 73.0023842984651,19.1322720844787 73.0023949461961,19.1322303370999 73.0024631903099,19.1320073656905 73.0024697542997,19.1319796888072 73.0024853391716,19.1315477604442 73.0027600493754,19.1315055460972 73.0035079309854,19.1312902739773 73.0035058980979,19.1311850103584 73.0035047581358,19.1309146238846 73.0035127396671,19.1307465737511 73.0035354382977,19.130465397814 73.0035925540818,19.1300808386592 73.0036415832317,19.1298255319362 73.0036860516348,19.1296283954077 73.0037909506055,19.12925459003 73.0039095327146,19.1287956815568 73.0040740735319,19.1281876081067 73.004138873505,19.1279230109292 73.0043984093669,19.1269506828294 73.0044954633502,19.1265308076524 73.0045748878961,19.1261968090804 73.0045772226175,19.1261822483096 73.0046041936356,19.1260792161371 73.0046370944329,19.125942368848 73.0046467037115,19.1259024005032 73.0040281777058,19.1259071890325 73.0034889971941,19.1259394254562 73.0027702138128,19.1260000306287 73.0027019229866,19.1259969353156 73.0026386717091,19.1259886024981 73.0026161931658,19.1259829839144 73.0025359107288,19.1259653490293 73.001706909452,19.1257832567212 73.0014854522766,19.1257576726114 73.0012080704832,19.125725628814 73.0011871666865,19.1257234620063 73.0012839035645,19.1264408155287 73.0010655707297,19.1264432844735 73.0009797178396,19.1267080249094 73.0010737894162,19.1269188896369 73.0010381882831,19.1271310025665 73.0009972745136,19.1271254052398 73.0009827541453,19.1271626718047 73.0008656344935,19.1274632619179 73.0005527072626,19.1274733430263 73.0005377548047,19.1274741764703 73.0005184248564,19.127469376953 73.0005004163299,19.1274598865542 73.0002902294181,19.1273023969477 73.0002749814144,19.127294955354 73.0002623466099,19.127292522917 73.0002411589456,19.127297622887 73.0002275485708,19.1273117634421 73.0002443129306,19.1274856706985 73.0002605266232,19.1275365566035 73.0004132411198,19.1277793923864 73.0004220688641,19.1278373938623 73.0004222161878,19.1278767616948 73.0003490358315,19.1281505217011 73.0003303158393,19.1282191286168 73.0003168707544,19.1282564246402 73.0003079693483,19.1282873018098 73.0002538206996,19.128585742627 73.0002538287844,19.1286615651363 73.0002521830708,19.1287016779438 73.0002766792303,19.1290078107483</coordinates></LinearRing></outerBoundaryIs></Polygon></MultiGeometry>
  </Placemark>
  <Placemark>
	<Style><LineStyle><color>ff0000ff</color></LineStyle><PolyStyle><fill>0</fill></PolyStyle></Style>
	<ExtendedData><SchemaData schemaUrl="#navi_mumbai_wards">
		<SimpleData name="objectid">41</SimpleData>
		<SimpleData name="townname">Navi Mumbai</SimpleData>
		<SimpleData name="towncensuscode2011">400708</SimpleData>
		<SimpleData name="town_lgd_code">251472</SimpleData>
		<SimpleData name="ward_lgd_code">48563</SimpleData>
		<SimpleData name="ward_lgd_name">Navi Mumbai (M Corp.) - Ward No.32</SimpleData>
		<SimpleData name="sourcewardcode">32</SimpleData>
		<SimpleData name="state">Maharashtra</SimpleData>
	</SchemaData></ExtendedData>
      <MultiGeometry><Polygon><outerBoundaryIs><LinearRing><coordinates>73.0024665032967,19.120840165801 73.0017608523865,19.1208398144164 73.0017552370177,19.1211368792761 73.0013708685689,19.1211800944064 73.0013387088817,19.121486840366 73.0013238228991,19.1216288271376 73.000872659319,19.1216430174054 73.000767659737,19.1216495341151 72.9999322229295,19.1219032909245 72.999921066752,19.1219066799817 72.9996088968009,19.1212044358014 72.9995461665463,19.1212277985805 72.9992745016313,19.1213289758588 72.9990109538933,19.121428753483 72.9990320220816,19.1214803694825 72.9995372345974,19.1226345558511 72.9995835831745,19.1227225453112 72.9996427022017,19.1228084748204 72.9997413677626,19.1229476663904 72.9997967875274,19.1230122592105 72.9998730167658,19.1230823858134 72.9999265895944,19.1231257710324 73.000053589816,19.1232015009882 73.0000569504135,19.1235962542578 72.9998754889294,19.1235793210267 72.9997119488354,19.1235803794068 72.9996817052547,19.1235867296868 72.9995808756522,19.1235738958741 72.9995577054061,19.1236794639481 72.9996211327534,19.1237031191927 72.9995810732816,19.1239617497032 72.9994876017796,19.1248354139045 72.9994610385967,19.1250694285284 72.9995115005595,19.1250687274746 72.999537207648,19.1250683701579 72.9995059651407,19.125268206853 72.9994988693483,19.1253420618268 72.9995089574289,19.1256858004572 72.9995088199867,19.1256894847949 72.9995892326793,19.1257020392111 72.9996902419448,19.125716566075 72.9998270454811,19.1257362413334 73.0001285829725,19.1257431533898 73.0006868176497,19.1257236640041 73.0011871666865,19.1257234620063 73.0012080704832,19.125725628814 73.0014854522766,19.1257576726114 73.001706909452,19.1257832567212 73.0025359107288,19.1259653490293 73.0026161931658,19.1259829839144 73.0026386717091,19.1259886024981 73.0027019229866,19.1259969353156 73.0027702138128,19.1260000306287 73.0034889971941,19.1259394254562 73.0040281777058,19.1259071890325 73.0046467037115,19.1259024005032 73.0047725792424,19.125378784757 73.0049858446807,19.1244410684426 73.0050953052964,19.123974303402 73.0052631438291,19.1232517457145 73.0056170387286,19.1220855309469 73.0056758119043,19.1219090081018 73.0056980443093,19.1218323668449 73.0057326123798,19.1217468026396 73.0058027681085,19.1215423139227 73.00545612441,19.1214438595714 73.003743347082,19.1209615165137 73.0038317368143,19.1207103282907 73.0033397933136,19.1205723680793 73.0026986243729,19.1204178646262 73.002696294143,19.1204489478111 73.0026670396075,19.1208391557825 73.002629781981,19.1208393433573 73.0024665032967,19.120840165801</coordinates></LinearRing></outerBoundaryIs></Polygon></MultiGeometry>
  </Placemark>
  <Placemark>
	<Style><LineStyle><color>ff0000ff</color></LineStyle><PolyStyle><fill>0</fill></PolyStyle></Style>
	<ExtendedData><SchemaData schemaUrl="#navi_mumbai_wards">
		<SimpleData name="objectid">42</SimpleData>
		<SimpleData name="townname">Navi Mumbai</SimpleData>
		<SimpleData name="towncensuscode2011">400708</SimpleData>
		<SimpleData name="town_lgd_code">251472</SimpleData>
		<SimpleData name="ward_lgd_code">48562</SimpleData>
		<SimpleData name="ward_lgd_name">Navi Mumbai (M Corp.) - Ward No.31</SimpleData>
		<SimpleData name="sourcewardcode">31</SimpleData>
		<SimpleData name="state">Maharashtra</SimpleData>
	</SchemaData></ExtendedData>
      <MultiGeometry><Polygon><outerBoundaryIs><LinearRing><coordinates>72.9954599962201,19.1249122133305 72.9955128126673,19.1249161794652 72.996740277858,19.1248866036239 72.9971398925139,19.1249246557729 72.9976461794147,19.1250423191341 72.9981058401591,19.1251708427972 72.9981960382001,19.1252138803361 72.998286643178,19.1252730972487 72.9982996220372,19.1252861634821 72.9983805952786,19.1253676807989 72.9984282464129,19.1254164302502 72.9984609262246,19.1254370433926 72.9985445387163,19.1254737926123 72.998583389954,19.1254918553104 72.9986429222062,19.125509749109 72.9987730395818,19.1255354529282 72.9991830198978,19.1256164413629 72.9994187917272,19.125675428974 72.9995088199867,19.1256894847949 72.9995089574289,19.1256858004572 72.9994988693483,19.1253420618268 72.9995059651407,19.125268206853 72.999537207648,19.1250683701579 72.9995115005595,19.1250687274746 72.9994610385967,19.1250694285284 72.9994876017796,19.1248354139045 72.9995810732816,19.1239617497032 72.9996211327534,19.1237031191927 72.9995577054061,19.1236794639481 72.9995808756522,19.1235738958741 72.9996817052547,19.1235867296868 72.9997119488354,19.1235803794068 72.9998754889294,19.1235793210267 73.0000569504135,19.1235962542578 73.000053589816,19.1232015009882 72.9999265895944,19.1231257710324 72.9998730167658,19.1230823858134 72.9997967875274,19.1230122592105 72.9997413677626,19.1229476663904 72.9996427022017,19.1228084748204 72.9995835831745,19.1227225453112 72.9995372345974,19.1226345558511 72.9990320220816,19.1214803694825 72.9990109538933,19.121428753483 72.9988176346475,19.1209551262413 72.9981822769083,19.1194323611612 72.998111170762,19.119304964436 72.9980787882926,19.1192599494374 72.998053069526,19.1192260744461 72.9978283191268,19.1189127158065 72.9971547578352,19.1180898208359 72.9966842894596,19.1174970138992 72.9963973028792,19.117089802181 72.995991601239,19.1164225351918 72.9957650739721,19.1160213446173 72.9952632687662,19.1151409089039 72.9946573676835,19.1154938160815 72.9941897990697,19.1158153524162 72.9938384311311,19.1160689212659 72.9932510892422,19.1165686259071 72.9929724623838,19.1168034857348 72.9918466739068,19.1164056411184 72.9917115825594,19.1163545845765 72.9915629823468,19.1162333246958 72.9915292092853,19.116163121343 72.9914954362239,19.1159844226909 72.9914413998646,19.1157801950596 72.9912012981555,19.1153744924926 72.9907100355778,19.1147866658323 72.9905888995583,19.1146680428309 72.9904255373307,19.1145326264852 72.9902018702996,19.1144363909342 72.9900826000811,19.1144246988797 72.9892934435787,19.1144846190591 72.9889636423935,19.1117218709082 72.9889176208032,19.1114180674545 72.9888608508705,19.1112524496901 72.9887578554299,19.1110834781306 72.9885978448165,19.1109058248101 72.9884090216387,19.1107721810869 72.9880499156123,19.1105978275961 72.9866139020368,19.1099229001985 72.9856808444091,19.1094843604977 72.9852421961575,19.1094190010056 72.984682720907,19.1094809491167 72.9841556442955,19.1096038521583 72.9828557704013,19.1101038920967 72.9823768623536,19.1104088005673 72.982022727604,19.1107010875629 72.9813625062944,19.1115023892659 72.9811554985203,19.1118858041811 72.9809548373437,19.1125173915954 72.9808284677395,19.1132279840745 72.9805310454304,19.1162898932425 72.9807005171003,19.1172328698238 72.9803839858285,19.1179784563377 72.9905760240053,19.1207086553931 72.9936261026356,19.1215438017841 72.9938307083146,19.1219916516773 72.9943266223689,19.1227929181731 72.9945073526243,19.1230961201812 72.9942664873472,19.123651060845 72.9943733608148,19.1238878270621 72.9944404470003,19.1240011439213 72.9946573083947,19.1240434594884 72.9946717164735,19.1242931132203 72.9946706600547,19.1244487936428 72.9946165491353,19.1246621166454 72.9949999240474,19.1248029379221 72.9950298074036,19.1248102531666 72.995236135153,19.1248607588138 72.9954213102724,19.1249060871672 72.9954599962201,19.1249122133305</coordinates></LinearRing></outerBoundaryIs></Polygon></MultiGeometry>
  </Placemark>
  <Placemark>
	<Style><LineStyle><color>ff0000ff</color></LineStyle><PolyStyle><fill>0</fill></PolyStyle></Style>
	<ExtendedData><SchemaData schemaUrl="#navi_mumbai_wards">
		<SimpleData name="objectid">62</SimpleData>
		<SimpleData name="townname">Navi Mumbai</SimpleData>
		<SimpleData name="towncensuscode2011">400708</SimpleData>
		<SimpleData name="town_lgd_code">251472</SimpleData>
		<SimpleData name="ward_lgd_code">48593</SimpleData>
		<SimpleData name="ward_lgd_name">Navi Mumbai (M Corp.) - Ward No.62</SimpleData>
		<SimpleData name="sourcewardcode">62</SimpleData>
		<SimpleData name="state">Maharashtra</SimpleData>
	</SchemaData></ExtendedData>
      <MultiGeometry><Polygon><outerBoundaryIs><LinearRing><coordinates>72.9992755427787,19.081150268733 72.9998944487719,19.0807447682029 73.0000456271493,19.0809447900354 73.0008334343821,19.0804336237819 73.0005859853523,19.0800736225903 73.0007276505709,19.0799934395976 73.0006951513206,19.079937624408 73.001014089179,19.0797530966851 73.0010440210443,19.0797897694597 73.0010519082525,19.0797994323868 73.0012525712257,19.0796765751287 73.0013155260591,19.0796414720679 73.0018496894799,19.0803955240437 73.0024342456932,19.0800177047031 73.0020116449458,19.0794473540792 73.0019254381196,19.0793200522121 73.0017615728354,19.079039211632 73.0024387210999,19.0788052931946 73.0026788479619,19.0787515983343 73.0029625943191,19.0786871478391 73.0030555915106,19.0786616489831 73.0030159479588,19.0784868100097 73.0029134241337,19.0776574043865 73.0027165772038,19.0757466551968 73.0025792014407,19.0740419666321 73.00246128139,19.0740524771915 73.0004305462654,19.0742213991099 72.9979434651799,19.0744370443497 72.997813278634,19.0744400039396 72.997919386737,19.0756164817587 72.998070378265,19.0773096682958 72.9981706976243,19.0784101392981 72.9981732200936,19.0784197844773 72.9982124387423,19.0788341098055 72.9982523176527,19.0791089969126 72.998335897805,19.0794630277153 72.9984047096541,19.0796783061709 72.9985779767061,19.0800962907826 72.998663188199,19.0802628430252 72.9986986788393,19.0803304569921 72.9988459127143,19.0805625751749 72.9990737003175,19.0808822310276 72.9991686486498,19.081009577538 72.9992755427787,19.081150268733</coordinates></LinearRing></outerBoundaryIs></Polygon></MultiGeometry>
  </Placemark>
  <Placemark>
	<Style><LineStyle><color>ff0000ff</color></LineStyle><PolyStyle><fill>0</fill></PolyStyle></Style>
	<ExtendedData><SchemaData schemaUrl="#navi_mumbai_wards">
		<SimpleData name="objectid">43</SimpleData>
		<SimpleData name="townname">Navi Mumbai</SimpleData>
		<SimpleData name="towncensuscode2011">400708</SimpleData>
		<SimpleData name="town_lgd_code">251472</SimpleData>
		<SimpleData name="ward_lgd_code">48559</SimpleData>
		<SimpleData name="ward_lgd_name">Navi Mumbai (M Corp.) - Ward No.28</SimpleData>
		<SimpleData name="sourcewardcode">28</SimpleData>
		<SimpleData name="state">Maharashtra</SimpleData>
	</SchemaData></ExtendedData>
      <MultiGeometry><Polygon><outerBoundaryIs><LinearRing><coordinates>72.9990712721713,19.1260804926242 72.9989802279173,19.1264577255509 72.9989193463956,19.1267099820691 72.9981166702482,19.1268031160241 72.9981445045472,19.1271598820535 72.9983872203539,19.1271745878696 72.9984487001536,19.1271832567214 72.9984932044894,19.127193227513 72.9985051341164,19.1271966945442 72.9985225686194,19.1272010298183 72.9985459679359,19.1272109997601 72.9985702844323,19.1272218370955 72.9985904722717,19.1272365751575 72.9986001156863,19.1272457863395 72.9986557393687,19.1272989154904 72.9990145992567,19.1277744587803 72.9984117057335,19.1280612832726 72.9979669273785,19.1282602302871 72.9978684783116,19.1291361072664 72.9973130814125,19.1297399158554 72.9971199741691,19.129949854167 72.9966952498044,19.1304936079381 72.996152821883,19.1306395376902 72.9956830829395,19.1307843623008 72.9955218649904,19.1308429695447 72.9955336032762,19.1308729423617 72.9955433742516,19.1309038563852 72.995550219414,19.1309408360848 72.9955531200741,19.1309773693583 72.9955501098196,19.1310143948713 72.9955038214296,19.131636887507 72.995474737574,19.1319795267059 72.9959789583497,19.1321169282851 72.9962412861756,19.1322009798344 72.9965089248415,19.1322981750998 72.9966001936743,19.1323199848937 72.9967130598033,19.132338348979 72.9967841327119,19.1323465940605 72.9968304489496,19.1323406022669 72.9971503884296,19.132216795297 72.9973609634137,19.1321356242335 72.997601852047,19.1320831925701 72.9977657802133,19.1320724226007 72.9981767154384,19.1320600087037 72.9984481979953,19.1320544599198 72.9986856712339,19.1320823184118 72.9989697607476,19.1321307196132 72.9991833019687,19.1321903787634 72.9992676160447,19.1322146981676 72.999293447999,19.1322200339233 72.9993207918179,19.132219251425 72.9993602592999,19.1322120578723 72.9995435156179,19.1321344623673 72.9997290608432,19.1320375309505 72.9998364984529,19.1319924048466 73.0002172089619,19.13188548247 73.0004883645321,19.1318111543016 73.0003060173091,19.1311593456099 73.0000819523245,19.1303549574103 72.9998794684662,19.1296278344104 73.0003239791233,19.1294930481842 73.0002766792303,19.1290078107483 73.0002521830708,19.1287016779438 73.0002538287844,19.1286615651363 73.0002538206996,19.128585742627 73.0003079693483,19.1282873018098 73.0003168707544,19.1282564246402 73.0003303158393,19.1282191286168 73.0003490358315,19.1281505217011 73.0004222161878,19.1278767616948 73.0004220688641,19.1278373938623 73.0004132411198,19.1277793923864 73.0002605266232,19.1275365566035 73.0002443129306,19.1274856706985 73.0002275485708,19.1273117634421 73.0002411589456,19.127297622887 73.0002623466099,19.127292522917 73.0002749814144,19.127294955354 73.0002902294181,19.1273023969477 73.0005004163299,19.1274598865542 73.0005184248564,19.127469376953 73.0005377548047,19.1274741764703 73.0005527072626,19.1274733430263 73.0008656344935,19.1274632619179 73.0009827541453,19.1271626718047 73.0009972745136,19.1271254052398 73.0010381882831,19.1271310025665 73.0010737894162,19.1269188896369 73.0009797178396,19.1267080249094 73.0010655707297,19.1264432844735 73.0012839035645,19.1264408155287 73.0011871666865,19.1257234620063 73.0006868176497,19.1257236640041 73.0001285829725,19.1257431533898 72.9998270454811,19.1257362413334 72.9996902419448,19.125716566075 72.9995892326793,19.1257020392111 72.9994187917272,19.125675428974 72.9991830198978,19.1256164413629 72.9991767388773,19.1256368431464 72.9990712721713,19.1260804926242</coordinates></LinearRing></outerBoundaryIs></Polygon></MultiGeometry>
  </Placemark>
  <Placemark>
	<Style><LineStyle><color>ff0000ff</color></LineStyle><PolyStyle><fill>0</fill></PolyStyle></Style>
	<ExtendedData><SchemaData schemaUrl="#navi_mumbai_wards">
		<SimpleData name="objectid">44</SimpleData>
		<SimpleData name="townname">Navi Mumbai</SimpleData>
		<SimpleData name="towncensuscode2011">400708</SimpleData>
		<SimpleData name="town_lgd_code">251472</SimpleData>
		<SimpleData name="ward_lgd_code">48552</SimpleData>
		<SimpleData name="ward_lgd_name">Navi Mumbai (M Corp.) - Ward No.21</SimpleData>
		<SimpleData name="sourcewardcode">21</SimpleData>
		<SimpleData name="state">Maharashtra</SimpleData>
	</SchemaData></ExtendedData>
      <MultiGeometry><Polygon><outerBoundaryIs><LinearRing><coordinates>72.9991405655174,19.1461299360776 72.9992627983798,19.1461287556401 72.9994187108788,19.1461391894856 72.9996713836121,19.1461722985893 72.9998022600641,19.1461953523316 73.0006569450732,19.1463739096774 73.0006685728662,19.1463489236432 73.0009367091988,19.1457327620735 73.0012426825711,19.1450670984376 73.0015713285228,19.1444547424477 73.0015826383122,19.1444325515229 73.0017074367631,19.1441890562293 73.0007543835355,19.1436848737117 73.0006058641712,19.1438949962693 73.0001368825075,19.1435907843759 73.000366212518,19.143254233653 72.9997586513487,19.1428807493558 72.9997502503041,19.1427494830839 72.9997193904792,19.1427489518337 72.9992874607276,19.1427415194225 72.9992928587042,19.1423719844052 72.9990065970642,19.1422100027133 72.9989707426062,19.1421897141496 72.9989300588053,19.142166692945 72.9988809640784,19.1421389133811 72.9969881571809,19.1420333358897 72.9965506156538,19.1419890382506 72.9954348263242,19.1418325757845 72.9949710486009,19.1417468997345 72.9949874751942,19.1430015101942 72.9950535561648,19.1445551790676 72.9939568165091,19.1446145901708 72.9940329595093,19.146405471693 72.993177903496,19.1464270827427 72.9931860125881,19.1473015743024 72.9934909214567,19.1473542973008 72.9935627193058,19.1473636524744 72.9936035701934,19.1473659912677 72.9936382307903,19.1473636524744 72.9937112665178,19.1473519585073 72.9937496416484,19.1473390951426 72.9939019024958,19.1472806244416 72.9939427533834,19.147270099866 72.9939922694201,19.1472560670975 72.9940442603155,19.1472490507127 72.9940999657446,19.1472443731227 72.9941333893614,19.1472467119178 72.9944564801314,19.1473332481583 72.9945022816345,19.1473554666975 72.9945517976713,19.1473940576335 72.994575317362,19.1474162761646 72.994603789465,19.1474536976903 72.9946124546142,19.1474747468175 72.9946149303712,19.1475028131648 72.9946062652219,19.1475297092632 72.9945765561388,19.1475905186661 72.9945468461574,19.1476326177314 72.9945270401021,19.1476524974411 72.9944762861868,19.1476782249694 72.9944354352993,19.1476945964906 72.9943747783563,19.1477133067987 72.9937338241129,19.1478071731439 72.9935633274653,19.148166158744 72.9935412702318,19.1482170357299 72.9952345684912,19.148153645072 72.9952317909003,19.1480687895197 72.9951485395314,19.1463820539204 72.9964918325965,19.1463334727455 72.9965082376302,19.1467996509895 72.9969378991357,19.1467824511246 72.9972897126386,19.1467703939062 72.9976223974159,19.1458988111685 72.9976804231934,19.1457361879813 72.9976958975724,19.1457087798683 72.997713305126,19.1456868530352 72.9977365157963,19.145672234579 72.9977732658746,19.1456630991041 72.9978293575793,19.1456594440653 72.9988000177865,19.1456543675753 72.998832888041,19.1460910130335 72.9988362522318,19.1461357075769 72.9991405655174,19.1461299360776</coordinates></LinearRing></outerBoundaryIs></Polygon></MultiGeometry>
  </Placemark>
  <Placemark>
	<Style><LineStyle><color>ff0000ff</color></LineStyle><PolyStyle><fill>0</fill></PolyStyle></Style>
	<ExtendedData><SchemaData schemaUrl="#navi_mumbai_wards">
		<SimpleData name="objectid">45</SimpleData>
		<SimpleData name="townname">Navi Mumbai</SimpleData>
		<SimpleData name="towncensuscode2011">400708</SimpleData>
		<SimpleData name="town_lgd_code">251472</SimpleData>
		<SimpleData name="ward_lgd_code">48169</SimpleData>
		<SimpleData name="ward_lgd_name">Navi Mumbai (M Corp.) - Ward No.2</SimpleData>
		<SimpleData name="sourcewardcode">2</SimpleData>
		<SimpleData name="state">Maharashtra</SimpleData>
	</SchemaData></ExtendedData>
      <MultiGeometry><Polygon><outerBoundaryIs><LinearRing><coordinates>72.9947685422847,19.1904610633759 72.9946817946727,19.1904707944881 72.9945322754836,19.190481270492 72.9944432021332,19.1904870913423 72.9942466148164,19.1904831624169 72.9939610718287,19.19044528998 72.9938500634157,19.1904337984425 72.9938905738418,19.190649761161 72.9938844796709,19.1907573869364 72.9938831582491,19.1907807237463 72.9939095507522,19.1907828676411 72.9939720887673,19.1907879486801 72.9939767052095,19.1908099289018 72.9940648443119,19.1912295666426 72.9940974342922,19.1912255079308 72.99441291723,19.1911862171513 72.9946321402954,19.1913117911689 72.9946545083459,19.1913246035922 72.9948119039635,19.1914147613847 72.9950668099085,19.1913672327621 72.9950789865722,19.1914097448429 72.9952219004491,19.1919086986991 72.995391768276,19.1919124188867 72.9955480472877,19.1919058302944 72.9955546732612,19.1919439195829 72.9956048405766,19.191934313271 72.9956107155585,19.1919613166521 72.9957517196171,19.1919409714302 72.9957579862645,19.1919775929974 72.9963207789934,19.1919598141548 72.9963226142515,19.1918459509558 72.9964658218775,19.19185057468 72.9964762261651,19.1919205108248 72.9968592731922,19.191892337508 72.9969529072891,19.1918876832429 72.9970932223399,19.1918945865886 72.9972769359003,19.1919099169863 72.9975241899958,19.1919364333959 72.9976649586957,19.1909237512462 72.9987579119525,19.1911088827028 72.9986106574162,19.1910692338733 72.9983895523803,19.1909967004324 72.9982647593194,19.1909473943028 72.998089570771,19.1908692520703 72.9979420063159,19.1907888556146 72.9978649272712,19.1907462356272 72.9976997648197,19.1906371336356 72.9975121822154,19.1904936901723 72.9973753634077,19.1903725195613 72.9972625269232,19.190246987247 72.9972136980976,19.1901841642113 72.9971452707275,19.1900844833165 72.9970922359897,19.1899948762549 72.9969486681393,19.1897134382106 72.9969149543667,19.1896257313658 72.9969020222199,19.1895786858155 72.996879983851,19.1893878539189 72.9968781000839,19.1892904538975 72.996892791132,19.1889560776005 72.9969133760268,19.1882744415884 72.9969307898685,19.1881002174852 72.9970179731635,19.187530380853 72.9970842526618,19.1870135079363 72.9970914472689,19.1868651659588 72.9970824165054,19.1867250170026 72.9970716690613,19.1866503105498 72.9970430936521,19.186528559338 72.9970050850341,19.1864012542932 72.9969022665616,19.1860523310653 72.9968417794003,19.1858514998381 72.9970281331094,19.1858029022959 72.9975038153068,19.185691877899 72.9975013808724,19.1856338780999 72.9978379553548,19.1856198163568 72.998054468203,19.1847614793118 72.9977402429064,19.1841340838588 72.9969057080075,19.1834902841132 72.9979705430975,19.1829596267095 73.0001519221019,19.1830020009693 73.0006111229089,19.1830109214182 73.0042711315659,19.1832050679024 73.0044032342184,19.1826636200057 73.0045436974911,19.182091308326 73.0043968642647,19.1809991867646 73.0044834007726,19.1796931878609 73.0045347862035,19.1790960782354 73.004550521094,19.1789817106427 73.0045146594496,19.1789790218855 73.0034160207554,19.1788630251747 73.0033526868329,19.1791866932531 73.0033039092113,19.1794291874493 73.0020836287462,19.1792317020872 73.0020557180903,19.1794007243693 73.0020439411769,19.1794720470844 73.0002346398716,19.1799924257134 72.9988290351668,19.1803941751796 72.9983673478231,19.1805211819721 72.9978861832075,19.1806381108075 72.9977671016351,19.1806730490239 72.9972261891716,19.1808923241517 72.9966380989861,19.1811235332155 72.9964525878967,19.1811777225411 72.9963521814008,19.1811984950121 72.996197716986,19.1812186930837 72.9961258131357,19.1812265089544 72.9960858174443,19.1821112229091 72.9960714794341,19.1821635843706 72.9960588715791,19.1821957190193 72.9960264774316,19.1822543758729 72.995882820648,19.1824675876539 72.9958422769843,19.1825138164934 72.9955832001614,19.1827604868868 72.9950147848771,19.1832559731033 72.9951938110284,19.1838684912734 72.995495625201,19.1850298728044 72.9957615813223,19.1859852202114 72.9960723606813,19.1871014308215 72.9963756696505,19.188241622612 72.9963995756168,19.1884123689434 72.9964085408034,19.1886028702437 72.9964025643118,19.1887439822388 72.9963681992606,19.1889598835437 72.9962949865649,19.1892082402392 72.9962232677676,19.189383218248 72.9960335130369,19.1896922519456 72.9958736407641,19.1898813408759 72.9957556048307,19.1899942297747 72.9955972264562,19.1901212291629 72.9954582723531,19.190205895933 72.9952730002157,19.1903004397061 72.9951400217059,19.1903554735607 72.9950447652514,19.1903902705782 72.994895094247,19.1904327158879 72.9947685422847,19.1904610633759</coordinates></LinearRing></outerBoundaryIs></Polygon></MultiGeometry>
  </Placemark>
  <Placemark>
	<Style><LineStyle><color>ff0000ff</color></LineStyle><PolyStyle><fill>0</fill></PolyStyle></Style>
	<ExtendedData><SchemaData schemaUrl="#navi_mumbai_wards">
		<SimpleData name="objectid">46</SimpleData>
		<SimpleData name="townname">Navi Mumbai</SimpleData>
		<SimpleData name="towncensuscode2011">400708</SimpleData>
		<SimpleData name="town_lgd_code">251472</SimpleData>
		<SimpleData name="ward_lgd_code">48171</SimpleData>
		<SimpleData name="ward_lgd_name">Navi Mumbai (M Corp.) - Ward No.4</SimpleData>
		<SimpleData name="sourcewardcode">4</SimpleData>
		<SimpleData name="state">Maharashtra</SimpleData>
	</SchemaData></ExtendedData>
      <MultiGeometry><Polygon><outerBoundaryIs><LinearRing><coordinates>72.996197716986,19.1812186930837 72.9963521814008,19.1811984950121 72.9964525878967,19.1811777225411 72.9966380989861,19.1811235332155 72.9972261891716,19.1808923241517 72.9977671016351,19.1806730490239 72.9978861832075,19.1806381108075 72.9983673478231,19.1805211819721 72.9988290351668,19.1803941751796 73.0002346398716,19.1799924257134 73.0020439411769,19.1794720470844 73.0020557180903,19.1794007243693 73.0020836287462,19.1792317020872 73.0033039092113,19.1794291874493 73.0033526868329,19.1791866932531 73.0034160207554,19.1788630251747 73.0045146594496,19.1789790218855 73.004550521094,19.1789817106427 73.0046096464094,19.1785393293097 73.0047273248133,19.1785556315871 73.0047506082471,19.1777816653154 73.0061621157817,19.177810692054 73.0168264836434,19.177856902686 73.0168104648853,19.1777256880106 73.0166742326775,19.1771884958216 73.0165254887345,19.1767928661681 73.0163726826097,19.1762135647556 73.0162444130686,19.1757099298331 73.0161494629397,19.1753475551461 73.0153755167117,19.1752678689228 73.0118616962907,19.1748354039544 73.0112727257562,19.174762170157 73.0105628294079,19.1746738995965 73.0102310339628,19.1743542792343 73.0093248611149,19.173481355735 73.0091362176002,19.1736497271905 73.0089344496992,19.1735756647458 73.0088923753062,19.1735621170031 73.0088541250414,19.1735467628367 73.0088044005955,19.1735250857652 73.0085706921962,19.1733911109126 73.0083348844341,19.1732559319502 73.007772934325,19.1729193221233 73.0076462512087,19.1728488806955 73.0076210489734,19.1728815881933 73.0076124988085,19.1728890913678 73.0076041067471,19.1728938692003 73.0075916713687,19.1728977663029 73.0075817279168,19.1728995269142 73.0075630124162,19.1729004067956 73.0075460207826,19.172899709339 73.007470132904,19.1728921942862 73.0074499369797,19.1728916164663 73.0074297410555,19.1728933507745 73.0073850651415,19.1729095356709 73.0073416136312,19.1729297678497 73.0072840864188,19.1729459527424 73.0072516500505,19.172952889973 73.007211258202,19.1729580920473 73.0071329224143,19.1729627163017 73.0070203158985,19.1729621384821 73.0069554440603,19.1729563577397 73.0068593602575,19.1729511556654 73.0067475577338,19.1729594496266 73.0065942566373,19.1729877848495 73.0065488081722,19.1730042565251 73.0065017741805,19.173027218274 73.0064100364271,19.1730933043451 73.0058174753263,19.1736302595839 73.0050858208836,19.1743550021391 73.0049876359214,19.1743391067164 73.0050310829401,19.174096166363 73.0043649830552,19.174032730502 73.0042006793931,19.17400707157 73.002870526884,19.1737973590116 73.0028501818394,19.1733448871493 73.002823725556,19.1731521349854 73.0027391365956,19.1728219089686 73.0026845414842,19.1727038571264 73.0026174013998,19.1727165725727 73.0025619780417,19.1727233146606 73.0025410670585,19.1727248767275 73.0024938929297,19.1727235352676 73.0024593805548,19.1727193963417 73.00094677033,19.1724851064965 72.9993749009407,19.1722277305813 72.9992960710796,19.1722136990879 72.9992899508576,19.1725547598333 72.9992816926452,19.1726912061642 72.9992669333251,19.1727754220143 72.9992535951397,19.1728292093572 72.9992041069507,19.1729977299643 72.9991377025866,19.1731888243673 72.9983213729452,19.1750117912809 72.9980433299917,19.1758281857004 72.9979657146529,19.1760097654572 72.9978583794511,19.1762989081187 72.9977945236075,19.1764997229946 72.9977846151899,19.1765398309596 72.997375167575,19.1776158273509 72.9970390449451,19.1783910416366 72.9966964113261,19.1791749200913 72.9965230517476,19.1796331556019 72.9963478506228,19.1803538034369 72.9961258131357,19.1812265089544 72.996197716986,19.1812186930837</coordinates></LinearRing></outerBoundaryIs></Polygon></MultiGeometry>
  </Placemark>
  <Placemark>
	<Style><LineStyle><color>ff0000ff</color></LineStyle><PolyStyle><fill>0</fill></PolyStyle></Style>
	<ExtendedData><SchemaData schemaUrl="#navi_mumbai_wards">
		<SimpleData name="objectid">47</SimpleData>
		<SimpleData name="townname">Navi Mumbai</SimpleData>
		<SimpleData name="towncensuscode2011">400708</SimpleData>
		<SimpleData name="town_lgd_code">251472</SimpleData>
		<SimpleData name="ward_lgd_code">48172</SimpleData>
		<SimpleData name="ward_lgd_name">Navi Mumbai (M Corp.) - Ward No.5</SimpleData>
		<SimpleData name="sourcewardcode">5</SimpleData>
		<SimpleData name="state">Maharashtra</SimpleData>
	</SchemaData></ExtendedData>
      <MultiGeometry><Polygon><outerBoundaryIs><LinearRing><coordinates>73.0160679318445,19.1736614540806 73.0161776188356,19.1731800153867 73.0164479659221,19.1726355427678 73.0168233970321,19.1721268814763 73.0169367141153,19.1718457930238 73.017008052027,19.1714802839843 73.0169868886172,19.1709529131546 73.0095848793722,19.1710064516342 73.0092765910414,19.1714375741509 73.0084523813783,19.1714917081162 73.0080786148465,19.1710721117218 73.0077600354159,19.171035166471 73.0069649724905,19.1709700570435 73.0060827675927,19.1709054040819 73.0054986623337,19.1707939929109 73.0049338609718,19.1710020148427 73.0044936316854,19.1711510880858 73.0041017542191,19.1715990927113 73.0040032153206,19.1716967730158 73.0041827813594,19.1719407393399 73.0039322825492,19.1721450052505 73.0038342017915,19.1722124348365 73.0037181852709,19.1722754624258 73.0029421118323,19.172626512302 73.0028363298177,19.1726663853301 73.0027315000173,19.1726949624225 73.0026845414842,19.1727038571264 73.0027391365956,19.1728219089686 73.002823725556,19.1731521349854 73.0028501818394,19.1733448871493 73.002870526884,19.1737973590116 73.0042006793931,19.17400707157 73.0043649830552,19.174032730502 73.0050310829401,19.174096166363 73.0049876359214,19.1743391067164 73.0050858208836,19.1743550021391 73.0058174753263,19.1736302595839 73.0064100364271,19.1730933043451 73.0065017741805,19.173027218274 73.0065488081722,19.1730042565251 73.0065942566373,19.1729877848495 73.0067475577338,19.1729594496266 73.0068593602575,19.1729511556654 73.0069554440603,19.1729563577397 73.0070203158985,19.1729621384821 73.0071329224143,19.1729627163017 73.007211258202,19.1729580920473 73.0072516500505,19.172952889973 73.0072840864188,19.1729459527424 73.0073416136312,19.1729297678497 73.0073850651415,19.1729095356709 73.0074297410555,19.1728933507745 73.0074499369797,19.1728916164663 73.007470132904,19.1728921942862 73.0075460207826,19.172899709339 73.0075630124162,19.1729004067956 73.0075817279168,19.1728995269142 73.0075916713687,19.1728977663029 73.0076041067471,19.1728938692003 73.0076124988085,19.1728890913678 73.0076210489734,19.1728815881933 73.0076462512087,19.1728488806955 73.007772934325,19.1729193221233 73.0083348844341,19.1732559319502 73.0085706921962,19.1733911109126 73.0088044005955,19.1735250857652 73.0088541250414,19.1735467628367 73.0088923753062,19.1735621170031 73.0089344496992,19.1735756647458 73.0091362176002,19.1736497271905 73.0093248611149,19.173481355735 73.0102310339628,19.1743542792343 73.0105628294079,19.1746738995965 73.0112727257562,19.174762170157 73.0118616962907,19.1748354039544 73.0153755167117,19.1752678689228 73.0161494629397,19.1753475551461 73.0160354343908,19.1749123684728 73.0159743327818,19.1745437972873 73.0160679318445,19.1736614540806</coordinates></LinearRing></outerBoundaryIs></Polygon></MultiGeometry>
  </Placemark>
  <Placemark>
	<Style><LineStyle><color>ff0000ff</color></LineStyle><PolyStyle><fill>0</fill></PolyStyle></Style>
	<ExtendedData><SchemaData schemaUrl="#navi_mumbai_wards">
		<SimpleData name="objectid">48</SimpleData>
		<SimpleData name="townname">Navi Mumbai</SimpleData>
		<SimpleData name="towncensuscode2011">400708</SimpleData>
		<SimpleData name="town_lgd_code">251472</SimpleData>
		<SimpleData name="ward_lgd_code">48570</SimpleData>
		<SimpleData name="ward_lgd_name">Navi Mumbai (M Corp.) - Ward No.39</SimpleData>
		<SimpleData name="sourcewardcode">39</SimpleData>
		<SimpleData name="state">Maharashtra</SimpleData>
	</SchemaData></ExtendedData>
      <MultiGeometry><Polygon><outerBoundaryIs><LinearRing><coordinates>72.999511539187,19.1070785919762 72.999358034173,19.1071898916659 72.9992413151698,19.1072511632497 72.9991667451197,19.1072848624414 72.9991040624759,19.1073042648746 72.9990273301809,19.1073318372408 72.9989343868883,19.1073532819398 72.9976520669731,19.107643910643 72.9975296885836,19.1076722443465 72.9973108113697,19.107727167409 72.9972382930718,19.1075227903718 72.9967064607792,19.1076969697006 72.996634930628,19.107472857476 72.9940623658601,19.1080414707663 72.9921834082893,19.1083612356776 72.9875671142662,19.1095356373062 72.9866139020368,19.1099229001985 72.9880499156123,19.1105978275961 72.9884090216387,19.1107721810869 72.9898590165934,19.1114761816217 72.9902380652191,19.1116189264846 72.9906022754729,19.1116972242457 72.9908282314113,19.1117001008357 72.9909988619079,19.1116715148792 72.9915845383203,19.1115004981327 72.9931564265741,19.1102012531446 72.9933663925005,19.1100750172688 72.9975048654374,19.1093467974999 72.9978408299637,19.1092843731537 72.9978683327845,19.1092815983794 72.997900444861,19.1094552046043 72.9979131021233,19.109488907591 72.9979428875632,19.1095367976337 72.9979828554068,19.1095711550384 72.9980189110874,19.1095873359587 72.9980887443209,19.1096106596366 72.9985096876765,19.1097095556273 72.9989682039672,19.109829403626 72.9995365599627,19.1099774702571 72.99986426448,19.1100668058773 73.0003672195295,19.1102014959042 73.0014596912892,19.1105122057983 73.0025212241722,19.1070214116699 73.0033031070157,19.1045160750522 73.0033156951078,19.1044755277116 73.0029077467811,19.1043922625181 73.0027879133189,19.1044804688039 73.0025090582884,19.1046553371977 73.0023695418399,19.1047455703677 73.0022216602795,19.1048549659879 73.0019309762333,19.105121971739 73.0018546607567,19.105183176182 73.001625769124,19.1053077300057 73.0011743378459,19.1054934286455 73.0009720938378,19.1055691615855 73.0010174902007,19.1059246093724 73.0008981472186,19.105948617725 73.0009248990477,19.1061288321997 73.0009726355219,19.1064830768423 73.0003186799614,19.1065526349513 73.0000994164719,19.1065914713938 72.9999740520824,19.106572068877 72.9997751246543,19.106509333661 72.9996534810868,19.1064709708457 72.9995953825458,19.1066612985356 72.999545416453,19.1068758583149 72.9995284023616,19.1069585229868 72.999511539187,19.1070785919762</coordinates></LinearRing></outerBoundaryIs></Polygon></MultiGeometry>
  </Placemark>
  <Placemark>
	<Style><LineStyle><color>ff0000ff</color></LineStyle><PolyStyle><fill>0</fill></PolyStyle></Style>
	<ExtendedData><SchemaData schemaUrl="#navi_mumbai_wards">
		<SimpleData name="objectid">49</SimpleData>
		<SimpleData name="townname">Navi Mumbai</SimpleData>
		<SimpleData name="towncensuscode2011">400708</SimpleData>
		<SimpleData name="town_lgd_code">251472</SimpleData>
		<SimpleData name="ward_lgd_code">48571</SimpleData>
		<SimpleData name="ward_lgd_name">Navi Mumbai (M Corp.) - Ward No.40</SimpleData>
		<SimpleData name="sourcewardcode">40</SimpleData>
		<SimpleData name="state">Maharashtra</SimpleData>
	</SchemaData></ExtendedData>
      <MultiGeometry><Polygon><outerBoundaryIs><LinearRing><coordinates>72.9997749800256,19.1054485041071 72.9997701300213,19.1055551795999 72.99987786677,19.1056795404584 72.9998680616587,19.10586576241 72.9995023934391,19.1059018997288 72.9991135810246,19.1059536869468 72.998974534395,19.1059614851617 72.9988056124941,19.1059676349455 72.998808982973,19.1060511387163 72.9987429900373,19.1060537607553 72.998741841092,19.1060860833873 72.9986398167303,19.1060882258363 72.9986392498933,19.1060566264087 72.9985128650177,19.1061137968625 72.9984673869081,19.1061143112539 72.9984556594021,19.1063212526483 72.9984380155916,19.1064278545788 72.9984539022974,19.1066244288441 72.9984705867072,19.1067624660544 72.9982881325848,19.1067433266942 72.998025662825,19.1067344140057 72.9980267399051,19.1067032841033 72.9978775566858,19.1066929513239 72.9978772252075,19.1065974174354 72.9974020173205,19.1065718795883 72.9973769156965,19.1068657742525 72.9973594075316,19.1069815822017 72.9973760066015,19.1070661481905 72.9974019436587,19.1070678466909 72.9975251817359,19.1076480045154 72.9975296885836,19.1076722443465 72.9976520669731,19.107643910643 72.9989343868883,19.1073532819398 72.9990273301809,19.1073318372408 72.9991040624759,19.1073042648746 72.9991667451197,19.1072848624414 72.9992413151698,19.1072511632497 72.999358034173,19.1071898916659 72.999511539187,19.1070785919762 72.9995284023616,19.1069585229868 72.999545416453,19.1068758583149 72.9995953825458,19.1066612985356 72.9996534810868,19.1064709708457 72.9997751246543,19.106509333661 72.9999740520824,19.106572068877 73.0000994164719,19.1065914713938 73.0003186799614,19.1065526349513 73.0009726355219,19.1064830768423 73.0009248990477,19.1061288321997 73.0008981472186,19.105948617725 73.0010174902007,19.1059246093724 73.0009720938378,19.1055691615855 73.0011743378459,19.1054934286455 73.001625769124,19.1053077300057 73.0018546607567,19.105183176182 73.0019309762333,19.105121971739 73.0022216602795,19.1048549659879 73.0023695418399,19.1047455703677 73.0025090582884,19.1046553371977 73.0027879133189,19.1044804688039 73.0029077467811,19.1043922625181 73.0033156951078,19.1044755277116 73.0042150281832,19.1015786522182 73.0036524555415,19.1014210343949 73.0035518002123,19.1017728282945 73.0029382805176,19.1015822428704 73.0025701985249,19.1014816621374 73.0022759670317,19.1024233412333 73.0019991574651,19.103279845257 73.0007057164066,19.1029021239809 73.0006169942976,19.103204374411 73.0015300042231,19.1034473826025 73.0013642920026,19.1039502083782 72.9996973368389,19.1034731594573 72.9996861797631,19.10350380358 72.9996786464911,19.1035247530504 72.9995497400445,19.1038860214966 72.9995333089596,19.1039320720237 72.9997256993474,19.1039890768389 72.9994969523434,19.1046470992231 72.9993149851079,19.1052576105464 72.9997825896543,19.1053277743899 72.9997749800256,19.1054485041071</coordinates></LinearRing></outerBoundaryIs></Polygon></MultiGeometry>
  </Placemark>
  <Placemark>
	<Style><LineStyle><color>ff0000ff</color></LineStyle><PolyStyle><fill>0</fill></PolyStyle></Style>
	<ExtendedData><SchemaData schemaUrl="#navi_mumbai_wards">
		<SimpleData name="objectid">50</SimpleData>
		<SimpleData name="townname">Navi Mumbai</SimpleData>
		<SimpleData name="towncensuscode2011">400708</SimpleData>
		<SimpleData name="town_lgd_code">251472</SimpleData>
		<SimpleData name="ward_lgd_code">48561</SimpleData>
		<SimpleData name="ward_lgd_name">Navi Mumbai (M Corp.) - Ward No.30</SimpleData>
		<SimpleData name="sourcewardcode">30</SimpleData>
		<SimpleData name="state">Maharashtra</SimpleData>
	</SchemaData></ExtendedData>
      <MultiGeometry><Polygon><outerBoundaryIs><LinearRing><coordinates>72.9939448500512,19.1268322535806 72.9939438403449,19.12671870102 72.9939552372709,19.1266663694841 72.9939951215712,19.1266263436011 72.9943440793298,19.1264594578011 72.9944636971964,19.1262374775541 72.9946627467954,19.1262752620429 72.9947396704315,19.1258822083885 72.9943868283576,19.1258144763911 72.9943071675548,19.1256721426904 72.9944509069834,19.1255184901903 72.9945589293963,19.1255724949381 72.9947368928406,19.1252912499343 72.9947619836848,19.1253014092586 72.9947888478034,19.1252455754038 72.9949999240474,19.1248029379221 72.9946165491353,19.1246621166454 72.9946706600547,19.1244487936428 72.9946717164735,19.1242931132203 72.9946573083947,19.1240434594884 72.9944404470003,19.1240011439213 72.9943733608148,19.1238878270621 72.9942664873472,19.123651060845 72.9945073526243,19.1230961201812 72.9943266223689,19.1227929181731 72.9938307083146,19.1219916516773 72.9936261026356,19.1215438017841 72.9905760240053,19.1207086553931 72.9803839858285,19.1179784563377 72.9796585674904,19.1196871628046 72.9792320123592,19.1215156953769 72.9793103238924,19.1218849002167 72.9794011139233,19.1223129385711 72.9796141502912,19.1226483581557 72.979705159511,19.1227953303065 72.9798556291177,19.1230217575034 72.9806475677025,19.1240151201033 72.9797290439177,19.12395268517 72.9793907024491,19.1240621673841 72.9789864956056,19.1243722664459 72.9786998908091,19.1248089325354 72.977860668501,19.1269276620465 72.9778119214221,19.1273280529595 72.9777086501987,19.128047475479 72.9777491543366,19.1289363117445 72.9777851992374,19.1295375138255 72.9778621677892,19.129829445333 72.9780915786482,19.1308721564622 72.978138405129,19.131100522059 72.978362901305,19.1314508923357 72.9788542034086,19.1317730324481 72.9794387129095,19.1319647958566 72.9803984765523,19.1319127528427 72.9810947885768,19.1316925961402 72.9813045110596,19.1316203938778 72.9838687493432,19.1298680369709 72.9853335979411,19.1299710888469 72.9861626028111,19.1297898751244 72.9874664948696,19.1290690759424 72.9874640586385,19.1297110741627 72.9907908704786,19.1301452776206 72.9915266993924,19.13092143388 72.9935500674334,19.1313613747701 72.9936576900959,19.1313855644451 72.9935762326626,19.1316953722357 72.9936716786616,19.1317205777547 72.9935738682968,19.1321066267988 72.9936219119948,19.1327834868901 72.9943295149441,19.133081113326 72.9944073934894,19.1329763065965 72.9948073252505,19.1321312534436 72.9950228544433,19.1322106812863 72.9951734489159,19.1319198776639 72.995472660669,19.1320039904197 72.9955038214296,19.131636887507 72.9955501098196,19.1310143948713 72.9955531200741,19.1309773693583 72.995550219414,19.1309408360848 72.9955433742516,19.1309038563852 72.9955336032762,19.1308729423617 72.9955218649904,19.1308429695447 72.9953221883674,19.1304152350599 72.9954530962605,19.1303444275122 72.9957022619708,19.1302129246691 72.9956713778914,19.1301149269968 72.9956477018937,19.1300495026739 72.9956311899605,19.1299859650031 72.9955781893587,19.1297945022864 72.995772743788,19.1295879289131 72.9958316687791,19.129525363687 72.9950423667496,19.1289187883562 72.9949618570389,19.1289851840549 72.9948088541831,19.1291113655988 72.994562213637,19.1292522280649 72.9943862390627,19.1289195462574 72.9943472180434,19.1288316076255 72.9942371789127,19.1284471931925 72.9941200062603,19.1281182076268 72.9940708055322,19.1278807184224 72.9939448500512,19.1268322535806</coordinates></LinearRing></outerBoundaryIs></Polygon></MultiGeometry>
  </Placemark>
  <Placemark>
	<Style><LineStyle><color>ff0000ff</color></LineStyle><PolyStyle><fill>0</fill></PolyStyle></Style>
	<ExtendedData><SchemaData schemaUrl="#navi_mumbai_wards">
		<SimpleData name="objectid">51</SimpleData>
		<SimpleData name="townname">Navi Mumbai</SimpleData>
		<SimpleData name="towncensuscode2011">400708</SimpleData>
		<SimpleData name="town_lgd_code">251472</SimpleData>
		<SimpleData name="ward_lgd_code">48554</SimpleData>
		<SimpleData name="ward_lgd_name">Navi Mumbai (M Corp.) - Ward No.23</SimpleData>
		<SimpleData name="sourcewardcode">23</SimpleData>
		<SimpleData name="state">Maharashtra</SimpleData>
	</SchemaData></ExtendedData>
      <MultiGeometry><Polygon><outerBoundaryIs><LinearRing><coordinates>72.9898954639394,19.1467209455539 72.9899273649117,19.1465182596843 72.9900583356869,19.1456861240642 72.9908596392085,19.1457161018243 72.9908889530329,19.1452989730026 72.992616261509,19.1452361769619 72.9926076062412,19.1441544853778 72.9925564103549,19.1431946896722 72.9924113872337,19.141448649886 72.991639387655,19.1413336765517 72.9895366184244,19.1423050518049 72.9901326658868,19.1429682612772 72.9900477158036,19.1439641355278 72.9890042911601,19.1444388738449 72.9881559958676,19.144866061974 72.9876323481256,19.1452466057721 72.9867892037729,19.1457846734372 72.9862972261362,19.1460980922658 72.9862450025772,19.1461433163493 72.9862080108521,19.1461864842025 72.9861688425091,19.1462409582695 72.9860626697273,19.1463754643563 72.9842749432602,19.1464468463362 72.9815941782129,19.1462751383167 72.9816036015402,19.1463506039187 72.9815002476718,19.150366106258 72.9814545710346,19.1505914976941 72.9815154822007,19.1505805753352 72.9835545950136,19.1501996186869 72.9862962963799,19.1497094531495 72.9863081065309,19.1497072713816 72.9879954579432,19.1494012720016 72.9894135914513,19.149162526918 72.9895775878896,19.1491385774584 72.9897542595565,19.1491138803701 72.9902778255519,19.1490775980554 72.9906561151011,19.1490616671 72.990600925305,19.148621457693 72.9906730195982,19.1486057405438 72.9906564995801,19.148264138913 72.9907782186062,19.1482501350819 72.990774146543,19.1475530233416 72.9905240456864,19.1474445224289 72.9904810550119,19.1470764507795 72.9898954639394,19.1467209455539</coordinates></LinearRing></outerBoundaryIs></Polygon></MultiGeometry>
  </Placemark>
  <Placemark>
	<Style><LineStyle><color>ff0000ff</color></LineStyle><PolyStyle><fill>0</fill></PolyStyle></Style>
	<ExtendedData><SchemaData schemaUrl="#navi_mumbai_wards">
		<SimpleData name="objectid">63</SimpleData>
		<SimpleData name="townname">Navi Mumbai</SimpleData>
		<SimpleData name="towncensuscode2011">400708</SimpleData>
		<SimpleData name="town_lgd_code">251472</SimpleData>
		<SimpleData name="ward_lgd_code">48594</SimpleData>
		<SimpleData name="ward_lgd_name">Navi Mumbai (M Corp.) - Ward No.63</SimpleData>
		<SimpleData name="sourcewardcode">63</SimpleData>
		<SimpleData name="state">Maharashtra</SimpleData>
	</SchemaData></ExtendedData>
      <MultiGeometry><Polygon><outerBoundaryIs><LinearRing><coordinates>73.0025663169045,19.0738820837909 73.0024639565729,19.0725425936867 73.0023353501635,19.0713097563542 73.0022067437542,19.0699429589311 73.0020611502028,19.0682021432364 72.9998813755895,19.068450687493 72.9989346438065,19.0685322778091 72.9984239830085,19.0685689004277 72.9972977965779,19.0686587117728 72.9950608001793,19.0688344024969 72.995076307796,19.0693644052149 72.99507353829,19.0694272181831 72.9950873840235,19.0699846829748 72.9950929221372,19.0700762841263 72.995070768784,19.0701574177211 72.9950347696973,19.070251636289 72.9950070782303,19.0703458556524 72.9949960011046,19.0704243716061 72.9949932324968,19.0709268714708 72.9950660175944,19.0720520815828 72.9950792363038,19.0721456088326 72.9951041492816,19.0721413587143 72.9966982510758,19.0720243106161 72.9967426521053,19.0725144534859 72.9968246979352,19.0734128447601 72.9975912707913,19.0733387492607 72.9977132251759,19.0733222837783 72.9978003357074,19.0742964985743 72.997813278634,19.0744400039396 72.9979434651799,19.0744370443497 73.0004305462654,19.0742213991099 73.00246128139,19.0740524771915 73.0025792014407,19.0740419666321 73.0025663169045,19.0738820837909</coordinates></LinearRing></outerBoundaryIs></Polygon></MultiGeometry>
  </Placemark>
  <Placemark>
	<Style><LineStyle><color>ff0000ff</color></LineStyle><PolyStyle><fill>0</fill></PolyStyle></Style>
	<ExtendedData><SchemaData schemaUrl="#navi_mumbai_wards">
		<SimpleData name="objectid">52</SimpleData>
		<SimpleData name="townname">Navi Mumbai</SimpleData>
		<SimpleData name="towncensuscode2011">400708</SimpleData>
		<SimpleData name="town_lgd_code">251472</SimpleData>
		<SimpleData name="ward_lgd_code">48556</SimpleData>
		<SimpleData name="ward_lgd_name">Navi Mumbai (M Corp.) - Ward No.25</SimpleData>
		<SimpleData name="sourcewardcode">25</SimpleData>
		<SimpleData name="state">Maharashtra</SimpleData>
	</SchemaData></ExtendedData>
      <MultiGeometry><Polygon><outerBoundaryIs><LinearRing><coordinates>72.9951734489159,19.1319198776639 72.9950228544433,19.1322106812863 72.9948073252505,19.1321312534436 72.9944073934894,19.1329763065965 72.9943295149441,19.133081113326 72.9936219119948,19.1327834868901 72.9935738682968,19.1321066267988 72.9936716786616,19.1317205777547 72.9935762326626,19.1316953722357 72.9936576900959,19.1313855644451 72.9935500674334,19.1313613747701 72.9915266993924,19.13092143388 72.9907908704786,19.1301452776206 72.9874640586385,19.1297110741627 72.9874630722883,19.1299708410241 72.9855071542506,19.1304484712279 72.9853762490524,19.131221215979 72.9857349544302,19.1318572284512 72.9857987734429,19.1325252894459 72.985315946944,19.1331642596792 72.9853973414953,19.1344790061431 72.9850628286464,19.1346791013351 72.9904187963727,19.1353962895111 72.9957412192098,19.1360259539251 72.9969632909155,19.136215294517 72.997594785899,19.1360785591642 72.9981352590864,19.1359615316857 72.9982484926262,19.136597458008 72.9989097011843,19.1365606891976 72.9989086753083,19.1367221494062 72.9994251949186,19.1367961418357 72.9994991235715,19.1368162485975 72.999521525758,19.1368257724056 72.9995573703345,19.1368469374589 72.9998049199757,19.1370046140077 72.9999337356925,19.1370776320356 73.0000054239471,19.1371062042617 73.0000569504135,19.1371189029329 73.0001118374774,19.1371189029329 73.0005074124093,19.1370949186276 73.0006283148668,19.13709222749 73.0006706901954,19.137096155142 73.0007234886762,19.137112072825 73.0007602055168,19.1371367878339 73.0008096847226,19.137188407412 73.0008355301517,19.1372279155922 73.0008752168226,19.137323011683 73.0008970072565,19.1373925466283 73.0009050220254,19.1374531357169 73.0009033278028,19.1374956022958 73.0008914736343,19.1375324489755 73.0008753587564,19.1375649861052 73.0007517433868,19.1376930010073 73.0007103813579,19.137736302614 73.0006855141942,19.137774358592 73.0006728299824,19.1378016916424 73.0006635854198,19.1378348372138 73.0006119673253,19.1381078754721 73.0005918809955,19.138170612272 73.0005823462771,19.1381882984713 73.0005577998119,19.1382187367212 73.0005312015947,19.1382427989406 73.0003209985131,19.1384016868984 73.0001303095345,19.1385613452903 73.0000127964206,19.1386743389262 72.9994454716911,19.1392383698729 72.9989592181194,19.1392586350368 72.9991294794085,19.1397856277193 72.9991406805018,19.1398353632983 72.9991451604001,19.1398724012524 72.9991496411967,19.1400099693901 72.9991361997051,19.1401750499855 72.9990669162405,19.1405629581835 72.9997624179846,19.1411072617283 72.9998465038885,19.1411665230128 73.0004950902186,19.1416236234334 73.0005204640321,19.1416424931269 73.000869904186,19.1418984596489 73.0011296996611,19.1421406870504 73.0014525182416,19.1425325860436 73.0015747331378,19.1426692396732 73.0015532786738,19.1427190422748 73.0022293750112,19.143050318937 73.00225871309,19.142919062135 73.0023264496557,19.1426565091804 73.0024055858424,19.142323153397 73.0024145061131,19.1422712596149 73.0024368211631,19.1420755382101 73.0024406129519,19.1420155346865 73.0024834239634,19.1415878079259 73.0025314245423,19.1411416965853 73.0025638573173,19.1405644458735 73.0025768298883,19.1402997191627 73.002583316623,19.1401992213963 73.0026092626633,19.1400337665675 73.0026235332999,19.1399344932512 73.002668938646,19.1397151127332 73.0028012640806,19.1391623689088 73.0029154264785,19.1386488433769 73.0029569403227,19.1383596016033 73.0029854815959,19.1382272361089 73.0030425623457,19.1378742620699 73.003120401365,19.1374918723932 73.0031463474054,19.1373827928633 73.0031826716823,19.1372761650708 73.0032293741956,19.1371450241891 73.0032929425783,19.1369979510835 73.0033593128064,19.1368535248574 73.0034680790244,19.1366486508718 73.0037794324069,19.1361253119131 73.0038948919721,19.1358997980321 73.0039662442568,19.1357171803108 73.0040103524356,19.1355848126981 73.0040531634471,19.1353678773897 73.0040674340837,19.1351962902404 73.0040726227528,19.1350136717411 73.0040596501817,19.1348408578766 73.0040414880433,19.1347133924078 73.0039908931299,19.1344388514557 73.0038780270009,19.1339424691549 73.0037755400068,19.1334362812912 73.0036847284164,19.132792819126 73.0036004035607,19.1321665134085 73.0035614849494,19.1318576502544 73.0035264578398,19.1315536877654 73.0035095928686,19.1313171396178 73.0035079309854,19.1312902739773 73.0027600493754,19.1315055460972 73.0024853391716,19.1315477604442 73.0024697542997,19.1319796888072 73.0024631903099,19.1320073656905 73.0023949461961,19.1322303370999 73.0023842984651,19.1322720844787 73.0023625754049,19.1324103837345 73.0023400231997,19.1325315833682 73.0023261559066,19.1325786791454 73.0022858925173,19.1326542638847 73.0021793038155,19.1328273702906 73.0021520076073,19.1328677647013 73.0020907308269,19.1329315626609 73.00207663626,19.1329446011304 73.0020613666968,19.1329556977896 73.0020455105338,19.1329656843579 73.0019243942773,19.1330253550882 73.0018928517327,19.1330402555814 73.0018749294445,19.1330504144292 73.0018584408674,19.1330680239458 73.0018512723114,19.133080892666 73.0018455374667,19.1330978249232 73.0018158167055,19.13319817255 73.0017835330508,19.1332660025141 73.0016934679604,19.1334002323152 73.0015441383158,19.1334254248437 73.0014425577218,19.1334425624485 73.0013174538437,19.1335512142955 73.0010278271147,19.1336178364296 73.0007463678682,19.132574876144 73.0004883645321,19.1318111543016 73.0002172089619,19.13188548247 72.9998364984529,19.1319924048466 72.9997290608432,19.1320375309505 72.9995435156179,19.1321344623673 72.9993602592999,19.1322120578723 72.9993207918179,19.132219251425 72.999293447999,19.1322200339233 72.9992676160447,19.1322146981676 72.9991833019687,19.1321903787634 72.9989697607476,19.1321307196132 72.9986856712339,19.1320823184118 72.9984481979953,19.1320544599198 72.9981767154384,19.1320600087037 72.9977657802133,19.1320724226007 72.997601852047,19.1320831925701 72.9973609634137,19.1321356242335 72.9971503884296,19.132216795297 72.9968304489496,19.1323406022669 72.9967841327119,19.1323465940605 72.9967130598033,19.132338348979 72.9966001936743,19.1323199848937 72.9965089248415,19.1322981750998 72.9962412861756,19.1322009798344 72.9959789583497,19.1321169282851 72.995474737574,19.1319795267059 72.995472660669,19.1320039904197 72.9951734489159,19.1319198776639</coordinates></LinearRing></outerBoundaryIs></Polygon></MultiGeometry>
  </Placemark>
  <Placemark>
	<Style><LineStyle><color>ff0000ff</color></LineStyle><PolyStyle><fill>0</fill></PolyStyle></Style>
	<ExtendedData><SchemaData schemaUrl="#navi_mumbai_wards">
		<SimpleData name="objectid">53</SimpleData>
		<SimpleData name="townname">Navi Mumbai</SimpleData>
		<SimpleData name="towncensuscode2011">400708</SimpleData>
		<SimpleData name="town_lgd_code">251472</SimpleData>
		<SimpleData name="ward_lgd_code">48551</SimpleData>
		<SimpleData name="ward_lgd_name">Navi Mumbai (M Corp.) - Ward No.20</SimpleData>
		<SimpleData name="sourcewardcode">20</SimpleData>
		<SimpleData name="state">Maharashtra</SimpleData>
	</SchemaData></ExtendedData>
      <MultiGeometry><Polygon><outerBoundaryIs><LinearRing><coordinates>73.0029154264785,19.1386488433769 73.0028012640806,19.1391623689088 73.002668938646,19.1397151127332 73.0026235332999,19.1399344932512 73.0026092626633,19.1400337665675 73.002583316623,19.1401992213963 73.0025768298883,19.1402997191627 73.0025638573173,19.1405644458735 73.0025314245423,19.1411416965853 73.0024834239634,19.1415878079259 73.0024406129519,19.1420155346865 73.0024368211631,19.1420755382101 73.0024145061131,19.1422712596149 73.0024055858424,19.142323153397 73.0023264496557,19.1426565091804 73.00225871309,19.142919062135 73.0022293750112,19.143050318937 73.0021466518516,19.1433101853208 73.0020918357546,19.1434316451235 73.0019333675486,19.1437395293643 73.0017074367631,19.1441890562293 73.0015826383122,19.1444325515229 73.0015713285228,19.1444547424477 73.0015543943814,19.1444862946467 73.0023426310089,19.1448149174846 73.0023626643381,19.1447670775528 73.0024346858677,19.1445950945259 73.0024378012251,19.1445612578272 73.0024409156842,19.1445450752403 73.0024455869236,19.1445259504399 73.0024533735205,19.1445097678495 73.0024627168978,19.1444935852575 73.0024923056066,19.1444729889205 73.0025234510958,19.1444582770072 73.002814662453,19.1443288161866 73.0028520368605,19.144303806081 73.0028738389724,19.1442817390365 73.0029080989207,19.1442552582398 73.0030285971363,19.1442017492639 73.0031411254986,19.1441596756311 73.003330121153,19.1441052000284 73.0035943677803,19.1445331697638 73.0036130473483,19.1445714813108 73.0038042816043,19.145069651967 73.0038241208974,19.1451377104272 73.0038487931267,19.1452903297121 73.0038685623511,19.1456043231519 73.0042723649528,19.1463470150878 73.0043323239048,19.1468550625809 73.0044236403483,19.1469472050166 73.0044934089032,19.1472740400051 73.0047524219457,19.1473696199615 73.00492283505,19.1475228116967 73.0048066694091,19.1480390744091 73.004781504903,19.1483111818311 73.0049543632216,19.148475946926 73.0049576726151,19.1488095228011 73.0057725200362,19.1494786175375 73.0058482408282,19.1495459163728 73.0059120275016,19.1494875431951 73.0060501614428,19.1496198504402 73.006133119961,19.1497187861257 73.0061797838467,19.1497111902474 73.00644340345,19.1496390145348 73.0065168497076,19.1498082224544 73.0070065141825,19.1495411735052 73.0073446885644,19.1500921454776 73.0075880134288,19.1506162251108 73.0075831472549,19.150680585623 73.0074631395195,19.1506884928936 73.008068920228,19.151275459442 73.0092796192623,19.1526643923472 73.0095489063367,19.153064101375 73.0118124308839,19.1570195763226 73.0128231550545,19.1568466039061 73.013189222126,19.1568308408691 73.0136515499685,19.1568361232177 73.0139192551097,19.1567783254046 73.0143086837685,19.1566376535959 73.0145955481781,19.1564129696442 73.014974717178,19.1558115752303 73.0151093566728,19.155409905009 73.0151583049743,19.1550031839132 73.0152396986273,19.1535770975098 73.0152863607164,19.153416223192 73.015552334804,19.1528037539258 73.0158700698183,19.1523052468155 73.0162723533689,19.1519347157482 73.0167560647083,19.151616202847 73.0173148374763,19.1513756899441 73.0177677392964,19.1512420492611 73.0186490377942,19.1512226061637 73.0204176597901,19.1513642423548 73.0208640030104,19.151344217982 73.0214641324174,19.1512508933578 73.0224767385585,19.1509349512442 73.0183400945915,19.1478375256072 73.0171114139802,19.1469987714582 73.0168428015406,19.1468291125854 73.016231780959,19.1465036854302 73.0158020484867,19.1462585765627 73.0153703208561,19.1460165130489 73.0160721952488,19.1448702737326 73.0155820852096,19.1445889521201 73.01498548169,19.1442420857306 73.0142157970698,19.1437885373186 73.0135687055363,19.1434077567829 73.0125735437798,19.1428195138965 73.0112672325582,19.1420422644959 73.0088770392677,19.1406647142812 73.0068624783098,19.1395277747469 73.0057633446439,19.1389005262502 73.005611127814,19.138816749683 73.0054339252427,19.1387444741558 73.0053055443105,19.1386993829826 73.0051099640052,19.1386278533794 73.0048544040866,19.1385702681436 73.0046183915087,19.1385314222427 73.0044296509759,19.1384981486628 73.0039835413176,19.13843599502 73.0029763080002,19.1382697805658 73.0029569403227,19.1383596016033 73.0029154264785,19.1386488433769</coordinates></LinearRing></outerBoundaryIs></Polygon></MultiGeometry>
  </Placemark>
  <Placemark>
	<Style><LineStyle><color>ff0000ff</color></LineStyle><PolyStyle><fill>0</fill></PolyStyle></Style>
	<ExtendedData><SchemaData schemaUrl="#navi_mumbai_wards">
		<SimpleData name="objectid">54</SimpleData>
		<SimpleData name="townname">Navi Mumbai</SimpleData>
		<SimpleData name="towncensuscode2011">400708</SimpleData>
		<SimpleData name="town_lgd_code">251472</SimpleData>
		<SimpleData name="ward_lgd_code">48550</SimpleData>
		<SimpleData name="ward_lgd_name">Navi Mumbai (M Corp.) - Ward No.19</SimpleData>
		<SimpleData name="sourcewardcode">19</SimpleData>
		<SimpleData name="state">Maharashtra</SimpleData>
	</SchemaData></ExtendedData>
      <MultiGeometry><Polygon><outerBoundaryIs><LinearRing><coordinates>73.0012426825711,19.1450670984376 73.0009367091988,19.1457327620735 73.0006685728662,19.1463489236432 73.0006569450732,19.1463739096774 73.0006429618975,19.1464039585969 73.0006144349973,19.1464920185581 73.000570934978,19.146673348032 73.000558506786,19.1467350988723 73.0005450347518,19.1468550354249 73.0005429937794,19.14689012931 73.0005529956218,19.1472043675029 73.0005568233432,19.1472457419458 73.0005674558029,19.1484036136796 73.0023371970997,19.1484087062087 73.0024164626438,19.1484150546854 73.0024494919002,19.1484290958415 73.0024899529189,19.1484587379011 73.0030856221905,19.1490739244229 73.0034078496796,19.1494069551312 73.0034794498993,19.1494857475409 73.0039773052129,19.1501595314689 73.004098656828,19.150316558848 73.0041461444689,19.1503705011746 73.0043268486731,19.1505459022932 73.0044058671805,19.1506197527495 73.0047735359481,19.150781126226 73.0049850703329,19.1509297255628 73.0050375714714,19.150977911634 73.0050727719558,19.1510193640505 73.0052476820265,19.1512734575978 73.0052993881559,19.1513654354839 73.0055725388843,19.1518813272174 73.0055850128904,19.1518973953731 73.0055974859981,19.1519134643758 73.0056258359301,19.1519284607525 73.0058226909449,19.1520052170275 73.0083501108782,19.1530003697491 73.0079629316008,19.1524586232043 73.0073861449165,19.1517215603613 73.0071715823109,19.1514820659292 73.0066152071464,19.1507398392268 73.0065819362432,19.1506884453718 73.0065192446162,19.1506498993337 73.0064604606606,19.1505672081524 73.0064309060878,19.1504842267075 73.0063299893487,19.1504813754023 73.0063148239901,19.1503903075746 73.0062808254516,19.1501935638959 73.00614519781,19.1497521372127 73.006133119961,19.1497187861257 73.0060501614428,19.1496198504402 73.0059120275016,19.1494875431951 73.0058482408282,19.1495459163728 73.0057725200362,19.1494786175375 73.0049576726151,19.1488095228011 73.0049543632216,19.148475946926 73.004781504903,19.1483111818311 73.0048066694091,19.1480390744091 73.00492283505,19.1475228116967 73.0047524219457,19.1473696199615 73.0044934089032,19.1472740400051 73.0044236403483,19.1469472050166 73.0043323239048,19.1468550625809 73.0042723649528,19.1463470150878 73.0038685623511,19.1456043231519 73.0038487931267,19.1452903297121 73.0038241208974,19.1451377104272 73.0038042816043,19.145069651967 73.0036130473483,19.1445714813108 73.0035943677803,19.1445331697638 73.003330121153,19.1441052000284 73.0031411254986,19.1441596756311 73.0030285971363,19.1442017492639 73.0029080989207,19.1442552582398 73.0028738389724,19.1442817390365 73.0028520368605,19.144303806081 73.002814662453,19.1443288161866 73.0025234510958,19.1444582770072 73.0024923056066,19.1444729889205 73.0024627168978,19.1444935852575 73.0024533735205,19.1445097678495 73.0024455869236,19.1445259504399 73.0024409156842,19.1445450752403 73.0024378012251,19.1445612578272 73.0024346858677,19.1445950945259 73.0023626643381,19.1447670775528 73.0023426310089,19.1448149174846 73.0015543943814,19.1444862946467 73.0012426825711,19.1450670984376</coordinates></LinearRing></outerBoundaryIs></Polygon></MultiGeometry>
  </Placemark>
  <Placemark>
	<Style><LineStyle><color>ff0000ff</color></LineStyle><PolyStyle><fill>0</fill></PolyStyle></Style>
	<ExtendedData><SchemaData schemaUrl="#navi_mumbai_wards">
		<SimpleData name="objectid">55</SimpleData>
		<SimpleData name="townname">Navi Mumbai</SimpleData>
		<SimpleData name="towncensuscode2011">400708</SimpleData>
		<SimpleData name="town_lgd_code">251472</SimpleData>
		<SimpleData name="ward_lgd_code">48176</SimpleData>
		<SimpleData name="ward_lgd_name">Navi Mumbai (M Corp.) - Ward No.9</SimpleData>
		<SimpleData name="sourcewardcode">9</SimpleData>
		<SimpleData name="state">Maharashtra</SimpleData>
	</SchemaData></ExtendedData>
      <MultiGeometry><Polygon><outerBoundaryIs><LinearRing><coordinates>72.9834445891206,19.1682499499481 72.9835366305046,19.1684470301571 72.9830609132728,19.1699001171403 72.9830043256981,19.1701345803609 72.9829091806348,19.1707254452719 72.9829019321288,19.1714386424059 72.9829673672107,19.1721319461211 72.983104854365,19.1729171126624 72.9832205726449,19.1735344716965 72.9833773394418,19.1742988013682 72.9834425463516,19.1749356973463 72.9834622059816,19.17520430709 72.9882459585501,19.1753346099662 72.9880808185564,19.1744421325141 72.9906308041697,19.1744198310794 72.990646866047,19.1753359208598 72.9942735463087,19.1753395989981 72.995075213648,19.1757940677778 72.9946773219609,19.1764202095678 72.9950433414217,19.1765500304006 72.9950537726588,19.1765251948753 72.9953780501033,19.1766087367789 72.9952874846513,19.1768557952801 72.9954118078934,19.1768735715111 72.9954109050865,19.1769428683338 72.9956074250297,19.1769503594448 72.9956047076259,19.1766076931629 72.9956124529003,19.1765548471566 72.9956764875087,19.1762097670025 72.9960192262306,19.1762711987876 72.9961186050539,19.1762810741297 72.9965209011808,19.176291095408 72.9968079281855,19.1762997659217 72.9974737873218,19.1764632541034 72.9977846151899,19.1765398309596 72.9977945236075,19.1764997229946 72.9978583794511,19.1762989081187 72.9979657146529,19.1760097654572 72.9980433299917,19.1758281857004 72.9983213729452,19.1750117912809 72.9991377025866,19.1731888243673 72.9992041069507,19.1729977299643 72.9992535951397,19.1728292093572 72.9992669333251,19.1727754220143 72.9992816926452,19.1726912061642 72.9992899508576,19.1725547598333 72.9992960710796,19.1722136990879 72.9991417315307,19.1721862274958 72.9991319515722,19.1713636413802 72.9985114016621,19.1712915905397 72.9982767751846,19.1712629427787 72.9982054166117,19.1715541343987 72.9980903621867,19.1717817462299 72.996961343368,19.171711091344 72.9940106444593,19.1715140141897 72.9922195520048,19.1714320258427 72.99154573649,19.1713985858059 72.9911448498197,19.1713809820772 72.9911328815652,19.1711235815282 72.9911939301736,19.1685452910135 72.9910766578082,19.1685408219124 72.9834445891206,19.1682499499481</coordinates></LinearRing></outerBoundaryIs></Polygon></MultiGeometry>
  </Placemark>
  <Placemark>
	<Style><LineStyle><color>ff0000ff</color></LineStyle><PolyStyle><fill>0</fill></PolyStyle></Style>
	<ExtendedData><SchemaData schemaUrl="#navi_mumbai_wards">
		<SimpleData name="objectid">56</SimpleData>
		<SimpleData name="townname">Navi Mumbai</SimpleData>
		<SimpleData name="towncensuscode2011">400708</SimpleData>
		<SimpleData name="town_lgd_code">251472</SimpleData>
		<SimpleData name="ward_lgd_code">48553</SimpleData>
		<SimpleData name="ward_lgd_name">Navi Mumbai (M Corp.) - Ward No.22</SimpleData>
		<SimpleData name="sourcewardcode">22</SimpleData>
		<SimpleData name="state">Maharashtra</SimpleData>
	</SchemaData></ExtendedData>
      <MultiGeometry><Polygon><outerBoundaryIs><LinearRing><coordinates>72.9945517976713,19.1473940576335 72.9945022816345,19.1473554666975 72.9944564801314,19.1473332481583 72.9941333893614,19.1472467119178 72.9940999657446,19.1472443731227 72.9940442603155,19.1472490507127 72.9939922694201,19.1472560670975 72.9939427533834,19.147270099866 72.9939019024958,19.1472806244416 72.9937496416484,19.1473390951426 72.9937112665178,19.1473519585073 72.9936382307903,19.1473636524744 72.9936035701934,19.1473659912677 72.9935627193058,19.1473636524744 72.9934909214567,19.1473542973008 72.9931860125881,19.1473015743024 72.993177903496,19.1464270827427 72.9940329595093,19.146405471693 72.9939568165091,19.1446145901708 72.9950535561648,19.1445551790676 72.9949874751942,19.1430015110428 72.9949710486009,19.1417468997345 72.9946945803941,19.1416418371219 72.9944434644413,19.1415814481542 72.9936352492819,19.141502349003 72.9924113872337,19.141448649886 72.9925564103549,19.1431946896722 72.9926076062412,19.1441544853778 72.992616261509,19.1452361769619 72.9908889530329,19.1452989730026 72.9908596392085,19.1457161018243 72.9900583356869,19.1456861240642 72.9899273649117,19.1465182596843 72.9898954639394,19.1467209455539 72.9904810550119,19.1470764507795 72.9905240456864,19.1474445224289 72.990774146543,19.1475530233416 72.9907782186062,19.1482501350819 72.9906564995801,19.148264138913 72.9906730195982,19.1486057405438 72.990600925305,19.148621457693 72.9906561151011,19.1490616654027 72.9914135224464,19.1490306546432 72.9915027934261,19.1490178550551 72.9917910484277,19.1489595724919 72.9919210005134,19.1489232426211 72.9921543810276,19.1488460962484 72.9923497367541,19.1487638725967 72.9927946049407,19.1485007561267 72.9930833603039,19.1483116587522 72.9932160594377,19.1482532808948 72.9933034017344,19.1482339384303 72.9935412702318,19.1482170357299 72.9935633274653,19.148166158744 72.9937338241129,19.1478071731439 72.9943747783563,19.1477133067987 72.9944354352993,19.1476945964906 72.9944762861868,19.1476782249694 72.9945270401021,19.1476524974411 72.9945468461574,19.1476326177314 72.9945765561388,19.1475905186661 72.9946062652219,19.1475297092632 72.9946149303712,19.1475028131648 72.9946124546142,19.1474747468175 72.994603789465,19.1474536976903 72.994575317362,19.1474162761646 72.9945517976713,19.1473940576335</coordinates></LinearRing></outerBoundaryIs></Polygon></MultiGeometry>
  </Placemark>
  <Placemark>
	<Style><LineStyle><color>ff0000ff</color></LineStyle><PolyStyle><fill>0</fill></PolyStyle></Style>
	<ExtendedData><SchemaData schemaUrl="#navi_mumbai_wards">
		<SimpleData name="objectid">57</SimpleData>
		<SimpleData name="townname">Navi Mumbai</SimpleData>
		<SimpleData name="towncensuscode2011">400708</SimpleData>
		<SimpleData name="town_lgd_code">251472</SimpleData>
		<SimpleData name="ward_lgd_code">48588</SimpleData>
		<SimpleData name="ward_lgd_name">Navi Mumbai (M Corp.) - Ward No.57</SimpleData>
		<SimpleData name="sourcewardcode">57</SimpleData>
		<SimpleData name="state">Maharashtra</SimpleData>
	</SchemaData></ExtendedData>
      <MultiGeometry><Polygon><outerBoundaryIs><LinearRing><coordinates>73.0094543002625,19.074460101303 73.0094222205254,19.0741429732506 73.0093438074826,19.073367820673 73.0091926237152,19.0718732707756 73.0097929525482,19.0718327544945 73.0099663579408,19.0718210517891 73.0099655826947,19.0718135737395 73.0099601047681,19.0717607324123 73.0106954396085,19.0717002389671 73.0106837112042,19.0716129448796 73.0106738027866,19.0715392000648 73.0105828492624,19.0709904988971 73.0105096446515,19.0704590690931 73.0105019128519,19.070375374171 73.0104760476599,19.0693800407499 73.0114219386198,19.069349809727 73.0115251550459,19.0693357618551 73.0117390205589,19.069306885859 73.0118983879785,19.0693029837659 73.0122567573864,19.0693029837659 73.0121917606823,19.0684317194516 73.0121829688706,19.0681583955168 73.0121467254422,19.0675237453605 73.0121120199295,19.0675286094449 73.010789382726,19.0676370532729 73.0098270436132,19.0677175580833 73.0080129165582,19.0678511627003 73.0072662431823,19.0678888459038 73.0063075278734,19.067928242434 73.0051766441521,19.0680018963117 73.0041001291667,19.0680686985191 73.0028097603466,19.0681474906358 73.0020611502028,19.0682021432364 73.0022067437542,19.0699429589311 73.0023353501635,19.0713097563542 73.0024639565729,19.0725425936867 73.0025663169045,19.0738820837909 73.0025792014407,19.0740419666321 73.0027165772038,19.0757466551968 73.0029134241337,19.0776574043865 73.0030159479588,19.0784868100097 73.0030555915106,19.0786616489831 73.0030607676032,19.0786844752773 73.0031124665462,19.0788278834552 73.0031685106401,19.0789724299775 73.0032059308616,19.0790651417063 73.003312966026,19.0792925940349 73.0034374383884,19.0795233960751 73.0036696564826,19.0799269639551 73.0059110303716,19.0833094164391 73.0064595560571,19.0841789750963 73.0064733398068,19.0842030927215 73.0064985662967,19.0842397662087 73.0074950530683,19.085749093167 73.0081931572318,19.0868140330279 73.0090347798383,19.0881100362587 73.0091274141104,19.0882525483023 73.0092083639956,19.0882011842506 73.0093836405789,19.0880899227241 73.0102698914888,19.0875589994021 73.0107087445562,19.0881961951326 73.0109338318237,19.0881104751519 73.0109912692046,19.0880978593063 73.0111051674978,19.0880819020981 73.0111807571357,19.0880596781368 73.0123313921151,19.0874040796989 73.0128312264173,19.0881494653331 73.0141387943819,19.0873349065942 73.0141316509788,19.0873201242276 73.0139764328775,19.0871084644988 73.0134173834284,19.0862886635751 73.0131392964575,19.0859107872165 73.0130387884519,19.0859681013085 73.0129223739776,19.0857784714137 73.0128650219366,19.085685048639 73.012663514547,19.085358596127 73.0126323385151,19.0853077991167 73.0125930165602,19.0852710689872 73.0125409502063,19.0852224341946 73.0125028715197,19.0851875912354 73.0124254340473,19.0851197322102 73.0123479965749,19.0850226000501 73.0116524651863,19.0839248768678 73.0110343712703,19.0830134288813 73.0104993463651,19.082164513202 73.010320297756,19.0819101877588 73.0099848380828,19.0813804891959 73.0099655611351,19.0813311927717 73.0099485515352,19.0812358140353 73.0098597907986,19.0796903360223 73.0098293379105,19.0791356570893 73.009684063261,19.0769094144023 73.0096179643241,19.0762060130853 73.0095306714347,19.0752918610472 73.0094543002625,19.074460101303</coordinates></LinearRing></outerBoundaryIs></Polygon></MultiGeometry>
  </Placemark>
  <Placemark>
	<Style><LineStyle><color>ff0000ff</color></LineStyle><PolyStyle><fill>0</fill></PolyStyle></Style>
	<ExtendedData><SchemaData schemaUrl="#navi_mumbai_wards">
		<SimpleData name="objectid">58</SimpleData>
		<SimpleData name="townname">Navi Mumbai</SimpleData>
		<SimpleData name="towncensuscode2011">400708</SimpleData>
		<SimpleData name="town_lgd_code">251472</SimpleData>
		<SimpleData name="ward_lgd_code">48589</SimpleData>
		<SimpleData name="ward_lgd_name">Navi Mumbai (M Corp.) - Ward No.58</SimpleData>
		<SimpleData name="sourcewardcode">58</SimpleData>
		<SimpleData name="state">Maharashtra</SimpleData>
	</SchemaData></ExtendedData>
      <MultiGeometry><Polygon><outerBoundaryIs><LinearRing><coordinates>73.0037706316121,19.0849389481405 73.0041022015801,19.0847483059793 73.0041561517011,19.0848279900404 73.0042579236363,19.0849783058102 73.0053799149346,19.0843495803287 73.0055925102297,19.0846869106079 73.0056433387051,19.084659116291 73.0060215177617,19.0844523158995 73.0064733398068,19.0842030927215 73.0064595560571,19.0841789750963 73.0059110303716,19.0833094164391 73.0036696564826,19.0799269639551 73.0034374383884,19.0795233960751 73.003312966026,19.0792925940349 73.0032059308616,19.0790651417063 73.0031685106401,19.0789724299775 73.0031124665462,19.0788278834552 73.0030607676032,19.0786844752773 73.0030555915106,19.0786616489831 73.0029625943191,19.0786871478391 73.0026788479619,19.0787515983343 73.0024387210999,19.0788052931946 73.0017615728354,19.079039211632 73.0019254381196,19.0793200522121 73.0020116449458,19.0794473540792 73.0024342456932,19.0800177047031 73.0018496894799,19.0803955240437 73.0013155260591,19.0796414720679 73.0012525712257,19.0796765751287 73.0010519082525,19.0797994323868 73.0010440210443,19.0797897694597 73.001014089179,19.0797530966851 73.0006951513206,19.079937624408 73.0007276505709,19.0799934395976 73.0005859853523,19.0800736225903 73.0008334343821,19.0804336237819 73.0000456271493,19.0809447900354 72.9998944487719,19.0807447682029 72.9992755427787,19.081150268733 72.9993016100917,19.081185966594 72.9998603289607,19.0819609662853 73.0014587256003,19.0841585919692 73.0017952488788,19.0846809476492 73.0024730115909,19.085735565385 73.003119791409,19.0853698691629 73.0037706316121,19.0849389481405</coordinates></LinearRing></outerBoundaryIs></Polygon></MultiGeometry>
  </Placemark>
  <Placemark>
	<Style><LineStyle><color>ff0000ff</color></LineStyle><PolyStyle><fill>0</fill></PolyStyle></Style>
	<ExtendedData><SchemaData schemaUrl="#navi_mumbai_wards">
		<SimpleData name="objectid">59</SimpleData>
		<SimpleData name="townname">Navi Mumbai</SimpleData>
		<SimpleData name="towncensuscode2011">400708</SimpleData>
		<SimpleData name="town_lgd_code">251472</SimpleData>
		<SimpleData name="ward_lgd_code">48590</SimpleData>
		<SimpleData name="ward_lgd_name">Navi Mumbai (M Corp.) - Ward No.59</SimpleData>
		<SimpleData name="sourcewardcode">59</SimpleData>
		<SimpleData name="state">Maharashtra</SimpleData>
	</SchemaData></ExtendedData>
      <MultiGeometry><Polygon><outerBoundaryIs><LinearRing><coordinates>72.9988331305861,19.0903246103553 73.0001999702915,19.0894284322471 73.0010333149227,19.0888643807545 73.0020047809188,19.0882976328617 73.0019150446118,19.0881306633892 73.0019721073953,19.0880360466575 73.0019002421725,19.0877910879283 73.0015894655084,19.0878709521949 73.0014926064595,19.0874957773347 73.001351232295,19.0875506824752 73.0013183099382,19.0874847964742 73.0011517595896,19.0875250601918 73.0011285201732,19.0874536841736 73.0010161175749,19.0874908722391 73.0009987657169,19.0874264514615 73.0008496795158,19.0874632235592 73.0007885608388,19.0872969171064 73.0007211108356,19.0871753269166 73.0006706659409,19.0871314042342 73.0005624063727,19.0870767689138 73.0002781524674,19.0870403897841 73.000273393193,19.0868784693245 73.000255941622,19.0868747204525 73.0002516898957,19.0868100422094 73.0001405090063,19.0868081236283 73.0001323864395,19.0867068921256 73.0001681932867,19.0866984563057 73.0001632579425,19.0866518135234 73.0001459438137,19.0866534842186 73.0001383261001,19.0865513264376 73.0002297395617,19.0865345286386 73.0003354919319,19.0865327755959 73.0003434824464,19.0864761416934 73.0005090392583,19.0865056047043 73.0005283907662,19.0864832531917 73.000648795557,19.0864690301949 73.0007057730005,19.0864151850114 73.0007606007755,19.0863166384411 73.0007509250216,19.0862566970236 73.0007542182454,19.0860601036576 73.0006632296869,19.0860635061832 73.0006229402465,19.0859414753399 73.0006243299402,19.085775894896 73.0005543655526,19.0855499192814 73.0006677257549,19.0855214637879 73.0006500127742,19.0854093124728 73.0008281558815,19.0853781395078 73.0011585265986,19.0853382674771 73.0011202862153,19.0851564657691 73.0012300100373,19.0851290909065 73.001213569071,19.0849676083284 73.0013769771128,19.0849112387598 73.0015642021877,19.0848651481338 73.0015526687177,19.0847648679542 73.0017952488788,19.0846809476492 73.0014587256003,19.0841585919692 72.9998603289607,19.0819609662853 72.9993016100917,19.081185966594 72.999275315505,19.0812029703834 72.9991412105078,19.0812861504615 72.9985666857813,19.0816355837579 72.998754947512,19.0819359705145 72.9982418639577,19.0822251140394 72.9983065327767,19.0823143092834 72.9981748604173,19.0823998251201 72.998028152955,19.0828554563463 72.9977717243656,19.0830315318721 72.9979399186312,19.0832577562692 72.9984058487179,19.0838949430824 72.9977800840876,19.0843039547669 72.9977638865647,19.084315339086 72.9973946942543,19.0845748223982 72.9972843065773,19.0846224072411 72.9971758547697,19.0846516906063 72.9970615935571,19.0846718223863 72.9969933683079,19.0846812252528 72.9969188746146,19.0846972294803 72.9967592457852,19.0847414006991 72.9967225154699,19.0847564362801 72.9966269365203,19.084801852029 72.9954052897177,19.0855617483574 72.9923265377619,19.0872794971193 72.9936504065556,19.0886110036579 72.9951681281945,19.0902105844997 72.9955511042546,19.0904384561632 72.9962083108181,19.0907244133155 72.99662911224,19.0908539865856 72.9972931711525,19.0910493221202 72.9988331305861,19.0903246103553</coordinates></LinearRing></outerBoundaryIs></Polygon></MultiGeometry>
  </Placemark>
  <Placemark>
	<Style><LineStyle><color>ff0000ff</color></LineStyle><PolyStyle><fill>0</fill></PolyStyle></Style>
	<ExtendedData><SchemaData schemaUrl="#navi_mumbai_wards">
		<SimpleData name="objectid">60</SimpleData>
		<SimpleData name="townname">Navi Mumbai</SimpleData>
		<SimpleData name="towncensuscode2011">400708</SimpleData>
		<SimpleData name="town_lgd_code">251472</SimpleData>
		<SimpleData name="ward_lgd_code">48592</SimpleData>
		<SimpleData name="ward_lgd_name">Navi Mumbai (M Corp.) - Ward No.61</SimpleData>
		<SimpleData name="sourcewardcode">61</SimpleData>
		<SimpleData name="state">Maharashtra</SimpleData>
	</SchemaData></ExtendedData>
      <MultiGeometry><Polygon><outerBoundaryIs><LinearRing><coordinates>72.9982124387423,19.0788341098055 72.9981732200936,19.0784197844773 72.9980983895321,19.0784269005663 72.997907294515,19.0784512898513 72.9975648585253,19.0784827536197 72.9975740770368,19.0787274035079 72.9967383985825,19.0788030128592 72.9967691622877,19.0790695240863 72.9964515548341,19.0790969780556 72.9964651113101,19.0792177744478 72.9963973289303,19.0792214352004 72.9963753893762,19.0792223826494 72.9951377606463,19.0793317442002 72.9951867044562,19.0798083117181 72.9952019641379,19.0799020383414 72.9952717605406,19.0802136141854 72.9953902806659,19.0806435312959 72.995494858938,19.0809473496491 72.995566513955,19.0811065796142 72.995653663114,19.0812896014758 72.9957265910437,19.0814211788763 72.9958650438868,19.0816533829731 72.9959052408009,19.0817159943248 72.9960932779528,19.0820088787265 72.9967168731516,19.0828562670936 72.997264939798,19.0836231218216 72.9977297317193,19.0842691812277 72.9977638865647,19.084315339086 72.9977800840876,19.0843039547669 72.9984058487179,19.0838949430824 72.9979399186312,19.0832577562692 72.9977717243656,19.0830315318721 72.998028152955,19.0828554563463 72.9981748604173,19.0823998251201 72.9983065327767,19.0823143092834 72.9982418639577,19.0822251140394 72.998754947512,19.0819359705145 72.9985666857813,19.0816355837579 72.9991412105078,19.0812861504615 72.999275315505,19.0812029703834 72.9993016100917,19.081185966594 72.9992755427787,19.081150268733 72.9991686486498,19.081009577538 72.9990737003175,19.0808822310276 72.9988459127143,19.0805625751749 72.9986986788393,19.0803304569921 72.998663188199,19.0802628430252 72.9985779767061,19.0800962907826 72.9984047096541,19.0796783061709 72.998335897805,19.0794630277153 72.9982523176527,19.0791089969126 72.9982124387423,19.0788341098055</coordinates></LinearRing></outerBoundaryIs></Polygon></MultiGeometry>
  </Placemark>
  <Placemark>
	<Style><LineStyle><color>ff0000ff</color></LineStyle><PolyStyle><fill>0</fill></PolyStyle></Style>
	<ExtendedData><SchemaData schemaUrl="#navi_mumbai_wards">
		<SimpleData name="objectid">61</SimpleData>
		<SimpleData name="townname">Navi Mumbai</SimpleData>
		<SimpleData name="towncensuscode2011">400708</SimpleData>
		<SimpleData name="town_lgd_code">251472</SimpleData>
		<SimpleData name="ward_lgd_code">48591</SimpleData>
		<SimpleData name="ward_lgd_name">Navi Mumbai (M Corp.) - Ward No.60</SimpleData>
		<SimpleData name="sourcewardcode">60</SimpleData>
		<SimpleData name="state">Maharashtra</SimpleData>
	</SchemaData></ExtendedData>
      <MultiGeometry><Polygon><outerBoundaryIs><LinearRing><coordinates>72.9832688004976,19.0760178551909 72.9831444835437,19.0762283863604 72.9831165153957,19.0763671535751 72.9831165153957,19.0764365375634 72.9831339957128,19.0765026172827 72.9831654592056,19.0765653935858 72.9845848198124,19.0781843446529 72.9848596225426,19.0785201924485 72.9849801369279,19.078707783784 72.9862207247083,19.0799137201009 72.9864617534788,19.080188405061 72.9865964459742,19.0804228911991 72.9867098708553,19.0808449659206 72.9868020290203,19.0812000440237 72.9870430568924,19.0816087168382 72.9907435544159,19.0849718606645 72.9908286230767,19.085246536387 72.990949137462,19.0857221938061 72.9910412947287,19.0859700716843 72.9911688986182,19.0861241573788 72.9923265377619,19.0872794971193 72.9954052897177,19.0855617483574 72.9966269365203,19.084801852029 72.9967225154699,19.0847564362801 72.9967592457852,19.0847414006991 72.9969188746146,19.0846972294803 72.9969933683079,19.0846812252528 72.9970615935571,19.0846718223863 72.9971758547697,19.0846516906063 72.9972843065773,19.0846224072411 72.9973946942543,19.0845748223982 72.9977638865647,19.084315339086 72.9977297317193,19.0842691812277 72.997264939798,19.0836231218216 72.9967168731516,19.0828562670936 72.9960932779528,19.0820088787265 72.9959052408009,19.0817159943248 72.9958650438868,19.0816533829731 72.9957265910437,19.0814211788763 72.995653663114,19.0812896014758 72.995566513955,19.0811065796142 72.995494858938,19.0809473496491 72.9953902806659,19.0806435312959 72.9952717605406,19.0802136141854 72.9952019641379,19.0799020383414 72.9951867044562,19.0798083117181 72.9951377606463,19.0793317442002 72.9963753893762,19.0792223826494 72.9963973289303,19.0792214352004 72.9964651113101,19.0792177744478 72.9964515548341,19.0790969780556 72.9967691622877,19.0790695240863 72.9967383985825,19.0788030128592 72.9975740770368,19.0787274035079 72.9975648585253,19.0784827536197 72.997907294515,19.0784512898513 72.9980983895321,19.0784269005663 72.9981732200936,19.0784197844773 72.9981706976243,19.0784101392981 72.998070378265,19.0773096682958 72.997919386737,19.0756164817587 72.997813278634,19.0744400039396 72.9978003357074,19.0742964985743 72.9977132251759,19.0733222837783 72.9975912707913,19.0733387492607 72.9968246979352,19.0734128447601 72.9967426521053,19.0725144534859 72.9966982510758,19.0720243106161 72.9951041492816,19.0721413587143 72.9950792363038,19.0721456088326 72.9950880945908,19.072210733435 72.9951362631547,19.0726734258183 72.9951740768383,19.0730386814217 72.9952744348252,19.0741243828144 72.9953304825124,19.0747307243906 72.9938273450222,19.0748565915935 72.9912846645088,19.0750570959698 72.9895311521759,19.0751594705404 72.9835021855033,19.0755976597143 72.9832688004976,19.0760178551909</coordinates></LinearRing></outerBoundaryIs></Polygon></MultiGeometry>
  </Placemark>
  <Placemark>
	<Style><LineStyle><color>ff0000ff</color></LineStyle><PolyStyle><fill>0</fill></PolyStyle></Style>
	<ExtendedData><SchemaData schemaUrl="#navi_mumbai_wards">
		<SimpleData name="objectid">64</SimpleData>
		<SimpleData name="townname">Navi Mumbai</SimpleData>
		<SimpleData name="towncensuscode2011">400708</SimpleData>
		<SimpleData name="town_lgd_code">251472</SimpleData>
		<SimpleData name="ward_lgd_code">48595</SimpleData>
		<SimpleData name="ward_lgd_name">Navi Mumbai (M Corp.) - Ward No.64</SimpleData>
		<SimpleData name="sourcewardcode">64</SimpleData>
		<SimpleData name="state">Maharashtra</SimpleData>
	</SchemaData></ExtendedData>
      <MultiGeometry><Polygon><outerBoundaryIs><LinearRing><coordinates>72.9843965859294,19.070357746094 72.9843980070642,19.0703764991144 72.9844057343723,19.0704785055578 72.9843602535678,19.070475029697 72.9743931104189,19.0701991790674 72.9747880520386,19.0706137049423 72.9780199227329,19.0740300000452 72.9796066942743,19.0752433965183 72.9800144647347,19.0755811987013 72.9802611412133,19.0757239312252 72.9805833300748,19.0758381181746 72.9807846991239,19.0758714221914 72.9813938377349,19.0759047262015 72.9829257213142,19.0756349811859 72.9835021855033,19.0755976597143 72.9895311521759,19.0751594705404 72.9912846645088,19.0750570959698 72.9938273450222,19.0748565915935 72.9953304825124,19.0747307243906 72.9952744348252,19.0741243828144 72.9951740768383,19.0730386814217 72.9951362631547,19.0726734258183 72.9950880945908,19.072210733435 72.9950792363038,19.0721456088326 72.9950660175944,19.0720520815828 72.9949932324968,19.0709268714708 72.9949960011046,19.0704243716061 72.9950070782303,19.0703458556524 72.9950347696973,19.070251636289 72.995070768784,19.0701574177211 72.9950929221372,19.0700762841263 72.9950873840235,19.0699846829748 72.99507353829,19.0694272181831 72.995076307796,19.0693644052149 72.9950608001793,19.0688344024969 72.994921703244,19.0688471981042 72.9929482644649,19.0690081784927 72.9926898380223,19.0690359329843 72.992237591074,19.0690969945477 72.9921856064668,19.0691057437034 72.9913966610686,19.0692018604287 72.9879465545574,19.0694755927189 72.9875779874745,19.069485602647 72.9874549524165,19.0694824808061 72.9872427389054,19.0694582880223 72.9870049270019,19.0694145847832 72.9867650328036,19.0693478578319 72.9864112483969,19.0692246684986 72.9862775162006,19.0691596658308 72.9860793801882,19.0690475416451 72.9859000405249,19.0689280393883 72.985649739344,19.0687280548394 72.9855225711375,19.0686061224485 72.9850822466296,19.0689958422182 72.9850322212481,19.0690451830655 72.9849905421138,19.0691074510835 72.9849693598394,19.0691493341043 72.9849484255001,19.0691926044132 72.9849294737425,19.0692469663045 72.984921286497,19.0693024616189 72.9849184208712,19.0694383895718 72.9849294737425,19.069772105383 72.984922631275,19.069856274361 72.984915562432,19.0698951652588 72.9849092670385,19.0699160850212 72.9848999335427,19.069932867525 72.9848843792136,19.0699486278117 72.984847890545,19.0699662253676 72.9847966281833,19.0699821265878 72.9847477643235,19.0699946784389 72.9846531762156,19.0700226127567 72.984630015851,19.0700306699158 72.984583493899,19.0700540237886 72.9845576556565,19.0700706593988 72.9845391458701,19.070085788005 72.9845039552672,19.0701206850814 72.984485913503,19.0701420047014 72.9844488427262,19.0701878506623 72.9844210695125,19.0702350643731 72.9844112419433,19.0702567898073 72.9843987796154,19.0702999273808 72.9843969982561,19.0703136958453 72.9843965859294,19.070357746094</coordinates></LinearRing></outerBoundaryIs></Polygon></MultiGeometry>
  </Placemark>
  <Placemark>
	<Style><LineStyle><color>ff0000ff</color></LineStyle><PolyStyle><fill>0</fill></PolyStyle></Style>
	<ExtendedData><SchemaData schemaUrl="#navi_mumbai_wards">
		<SimpleData name="objectid">65</SimpleData>
		<SimpleData name="townname">Navi Mumbai</SimpleData>
		<SimpleData name="towncensuscode2011">400708</SimpleData>
		<SimpleData name="town_lgd_code">251472</SimpleData>
		<SimpleData name="ward_lgd_code">48596</SimpleData>
		<SimpleData name="ward_lgd_name">Navi Mumbai (M Corp.) - Ward No.65</SimpleData>
		<SimpleData name="sourcewardcode">65</SimpleData>
		<SimpleData name="state">Maharashtra</SimpleData>
	</SchemaData></ExtendedData>
      <MultiGeometry><Polygon><outerBoundaryIs><LinearRing><coordinates>72.9688768805509,19.0615021304107 72.9688504593018,19.0619079344413 72.9688900911755,19.0621701460487 72.9690354080457,19.0624261132938 72.9694053064319,19.062763241131 72.9698280464181,19.0630941243602 72.9700129960604,19.0632814173105 72.9701517076184,19.0634874383776 72.9704753688186,19.0639681540541 72.9706669228749,19.0641804173006 72.970878292868,19.064361465998 72.9710302159488,19.0645050555303 72.9711160850085,19.0646673739823 72.9713736921876,19.0656475260325 72.9715190090578,19.0659534324928 72.9716180896404,19.066140721364 72.9717303799492,19.0663904403788 72.9718096436966,19.0666526440479 72.9718294596335,19.066765016922 72.9719219340055,19.0669335769394 72.972159726146,19.0672082655872 72.9723843067637,19.0675016833528 72.9725692555076,19.0677576423664 72.9727079679639,19.0679823873893 72.9729259432693,19.0683507174599 72.9734873957117,19.0692933906952 72.9736525285188,19.0695243756183 72.9738837153471,19.0696991756547 72.9742337968982,19.0700175594151 72.9743659040422,19.070129930857 72.9743931104189,19.0701991790674 72.9843602535678,19.070475029697 72.9844057343723,19.0704785055578 72.9843980070642,19.0703764991144 72.9843965859294,19.070357746094 72.9843969982561,19.0703136958453 72.9843987796154,19.0702999273808 72.9844112419433,19.0702567898073 72.9844210695125,19.0702350643731 72.9844488427262,19.0701878506623 72.984485913503,19.0701420047014 72.9845039552672,19.0701206850814 72.9845391458701,19.070085788005 72.9845576556565,19.0700706593988 72.984583493899,19.0700540237886 72.984630015851,19.0700306699158 72.9846531762156,19.0700226127567 72.9847477643235,19.0699946784389 72.9847966281833,19.0699821265878 72.984847890545,19.0699662253676 72.9848843792136,19.0699486278117 72.9848999335427,19.069932867525 72.9849092670385,19.0699160850212 72.984915562432,19.0698951652588 72.984922631275,19.069856274361 72.9849294737425,19.069772105383 72.9849184208712,19.0694383895718 72.984921286497,19.0693024616189 72.9849294737425,19.0692469663045 72.9849484255001,19.0691926044132 72.9849693598394,19.0691493341043 72.9849905421138,19.0691074510835 72.9850322212481,19.0690451830655 72.9850822466296,19.0689958422182 72.9855225711375,19.0686061224485 72.985649739344,19.0687280548394 72.9859000405249,19.0689280393883 72.9860793801882,19.0690475416451 72.9862775162006,19.0691596658308 72.9864112483969,19.0692246684986 72.9867650328036,19.0693478578319 72.9870049270019,19.0694145847832 72.9872427389054,19.0694582880223 72.9874549524165,19.0694824808061 72.9875779874745,19.069485602647 72.9879465545574,19.0694755927189 72.9913966610686,19.0692018604287 72.9921856064668,19.0691057437034 72.992237591074,19.0690969945477 72.9926898380223,19.0690359329843 72.9929482644649,19.0690081784927 72.994921703244,19.0688471981042 72.9950608001793,19.0688344024969 72.9972977965779,19.0686587117728 72.9984239830085,19.0685689004277 72.9989346438065,19.0685322778091 72.9998813755895,19.068450687493 73.0020611502028,19.0682021432364 73.0028097603466,19.0681474906358 73.0041001291667,19.0680686985191 73.0051766441521,19.0680018963117 73.0063075278734,19.067928242434 73.0072662431823,19.0678888459038 73.0080129165582,19.0678511627003 73.0098270436132,19.0677175580833 73.010789382726,19.0676370532729 73.0121120199295,19.0675286094449 73.0121467254422,19.0675237453605 73.0124325379246,19.0675049563582 73.0124083579721,19.0666010635878 73.0122439770548,19.0665782865711 73.0080805516143,19.0656657854457 73.0076699936817,19.06556596656 73.0053760261277,19.0650146195339 73.0033585815778,19.0644980212007 73.0029480470014,19.0643962139987 73.0017025247751,19.0641056375881 73.0016935748599,19.0639980693641 73.0015976779067,19.0629942147758 73.0015006095504,19.0618939564106 73.0014166053932,19.0609596417216 73.0013557211765,19.0605526305483 73.0013377548709,19.0600939552301 73.0013407678203,19.0592353590566 73.0008099389459,19.0587281750765 73.0005483010261,19.0585576266758 73.0004272180073,19.058481328829 73.0003142063513,19.0584157131622 73.0000429789159,19.0582768511059 72.9994940660564,19.0580067564529 72.9993600670605,19.0579701340484 72.9990623285444,19.0579083585581 72.9988967205285,19.0578739980756 72.9987724080662,19.0578450054577 72.9986610106828,19.0578175377792 72.9986318199276,19.0578062059808 72.9983624142756,19.0577422805624 72.9982354320203,19.0576948297972 72.9981143570863,19.0576222590114 72.9979814693063,19.0575022365245 72.9971289222876,19.056435544276 72.9963558141878,19.0553619777214 72.9962448893182,19.0553977821783 72.9960609125514,19.0554719434344 72.995836352595,19.0556125943234 72.994618352054,19.0567018333462 72.994132199992,19.0571253796495 72.993405086533,19.0577567013129 72.9930795757016,19.0579764647698 72.9927413833533,19.0581762500181 72.9918536277654,19.0586317584996 72.9915915290099,19.0587716068819 72.9900231612536,19.0587955813152 72.9896680590184,19.0587676111427 72.989431324195,19.0587076758921 72.9892326357188,19.0585558402232 72.9882603324929,19.0583880214224 72.9878037727329,19.0580164223481 72.9875839477964,19.0579365080308 72.9873598944898,19.0578645851973 72.987216163146,19.0577726843666 72.9868061046767,19.0574849934101 72.9865820522684,19.0573691177332 72.9863368625015,19.057277216628 72.9861466289688,19.057177323917 72.9860324890287,19.0570414691221 72.9857407979711,19.0565819613303 72.985613975616,19.0564421102525 72.9854026056229,19.056330229645 72.9851996896749,19.0562303363637 72.9850221385573,19.0561424304301 72.984886862157,19.0560345454256 72.984772722217,19.0558827064605 72.9846416723901,19.0556429620071 72.9845275324501,19.0554112079986 72.984430302397,19.0552673609593 72.9842612062229,19.0551714620147 72.9841639752715,19.0551514837331 72.9838173279797,19.0550595805502 72.9835087270352,19.054919729038 72.9832043544608,19.0546719906681 72.9829718471091,19.054408269401 72.982713974927,19.0541445477147 72.9822954615142,19.053876829752 72.9818761557873,19.0535232011184 72.9815987317731,19.0532672201329 72.9812816767834,19.0530674289719 72.9808919624604,19.0528926122516 72.9801587718985,19.0526553598446 72.9798152947614,19.0525055165805 72.9794453972735,19.05227450795 72.9792406316944,19.0521121765195 72.9788641288942,19.051800001878 72.9785140464448,19.0515752349233 72.9769927342398,19.0512977132178 72.9740168690284,19.0507548481114 72.9736760302433,19.0513837044256 72.9723829512059,19.0537140846798 72.9712550822307,19.055677010487 72.9704603570719,19.0574158477224 72.969537462085,19.0595682938842 72.9689195532219,19.0612338698875 72.9688768805509,19.0615021304107</coordinates></LinearRing></outerBoundaryIs></Polygon></MultiGeometry>
  </Placemark>
  <Placemark>
	<Style><LineStyle><color>ff0000ff</color></LineStyle><PolyStyle><fill>0</fill></PolyStyle></Style>
	<ExtendedData><SchemaData schemaUrl="#navi_mumbai_wards">
		<SimpleData name="objectid">66</SimpleData>
		<SimpleData name="townname">Navi Mumbai</SimpleData>
		<SimpleData name="towncensuscode2011">400708</SimpleData>
		<SimpleData name="town_lgd_code">251472</SimpleData>
		<SimpleData name="ward_lgd_code">48597</SimpleData>
		<SimpleData name="ward_lgd_name">Navi Mumbai (M Corp.) - Ward No.66</SimpleData>
		<SimpleData name="sourcewardcode">66</SimpleData>
		<SimpleData name="state">Maharashtra</SimpleData>
	</SchemaData></ExtendedData>
      <MultiGeometry><Polygon><outerBoundaryIs><LinearRing><coordinates>73.0106837112042,19.0716129448796 73.0106954396085,19.0717002389671 73.0116841487664,19.0716173775481 73.0142122370463,19.0714187996554 73.0141679267466,19.0708608982015 73.0152942928403,19.0707828774285 73.0149812084043,19.06729909226 73.0149501770011,19.0673023983815 73.0124325379246,19.0675049563582 73.0121467254422,19.0675237453605 73.0121829688706,19.0681583955168 73.0121917606823,19.0684317194516 73.0122567573864,19.0693029837659 73.0118983879785,19.0693029837659 73.0117390205589,19.069306885859 73.0115251550459,19.0693357618551 73.0114219386198,19.069349809727 73.0104760476599,19.0693800407499 73.0105019128519,19.070375374171 73.0105096446515,19.0704590690931 73.0105828492624,19.0709904988971 73.0106738027866,19.0715392000648 73.0106837112042,19.0716129448796</coordinates></LinearRing></outerBoundaryIs></Polygon></MultiGeometry>
  </Placemark>
  <Placemark>
	<Style><LineStyle><color>ff0000ff</color></LineStyle><PolyStyle><fill>0</fill></PolyStyle></Style>
	<ExtendedData><SchemaData schemaUrl="#navi_mumbai_wards">
		<SimpleData name="objectid">67</SimpleData>
		<SimpleData name="townname">Navi Mumbai</SimpleData>
		<SimpleData name="towncensuscode2011">400708</SimpleData>
		<SimpleData name="town_lgd_code">251472</SimpleData>
		<SimpleData name="ward_lgd_code">2517930</SimpleData>
		<SimpleData name="ward_lgd_name">Navi Mumbai (M Corp.) - Ward No.67</SimpleData>
		<SimpleData name="sourcewardcode">67</SimpleData>
		<SimpleData name="state">Maharashtra</SimpleData>
	</SchemaData></ExtendedData>
      <MultiGeometry><Polygon><outerBoundaryIs><LinearRing><coordinates>73.0116995198392,19.0718378824934 73.0116893715715,19.0716844279065 73.0116864502502,19.0716521766663 73.0116841487664,19.0716173775481 73.0106954396085,19.0717002389671 73.0099601047681,19.0717607324123 73.0099655826947,19.0718135737395 73.0099663579408,19.0718210517891 73.0097929525482,19.0718327544945 73.0091926237152,19.0718732707756 73.0093438074826,19.073367820673 73.0094222205254,19.0741429732506 73.0094543002625,19.074460101303 73.0095306714347,19.0752918610472 73.0096179643241,19.0762060130853 73.009684063261,19.0769094144023 73.0098293379105,19.0791356570893 73.0098597907986,19.0796903360223 73.0099485515352,19.0812358140353 73.0099655611351,19.0813311927717 73.0099848380828,19.0813804891959 73.010320297756,19.0819101877588 73.0104993463651,19.082164513202 73.0110343712703,19.0830134288813 73.0116524651863,19.0839248768678 73.0123479965749,19.0850226000501 73.0124254340473,19.0851197322102 73.0125028715197,19.0851875912354 73.0125409502063,19.0852224341946 73.0125930165602,19.0852710689872 73.0126323385151,19.0853077991167 73.012663514547,19.085358596127 73.0128650219366,19.085685048639 73.0129223739776,19.0857784714137 73.0130387884519,19.0859681013085 73.0131392964575,19.0859107872165 73.0134173834284,19.0862886635751 73.0139764328775,19.0871084644988 73.0141316509788,19.0873201242276 73.0141387943819,19.0873349065942 73.0141667391738,19.0873174984961 73.0141836382809,19.0873069709509 73.0141950621564,19.0872998543944 73.0142579055987,19.0872624150035 73.0161771301521,19.086180988354 73.0162363210445,19.0861519701264 73.016455350972,19.0859167586203 73.0164849819017,19.0858954282963 73.016447752123,19.0854477294089 73.0164251100863,19.0847856177488 73.0164282766477,19.0841480727125 73.0165569468374,19.0830937233222 73.0172250302024,19.0800180374972 73.0173498897387,19.0796016139377 73.0174018887189,19.0794535736146 73.0175014148658,19.0792337800523 73.0176293286741,19.0790208611546 73.0177486761478,19.0787920365162 73.0179360440548,19.0784165031977 73.0180574387891,19.0776975287141 73.0182488958273,19.0764973629297 73.0185264887248,19.0742418785472 73.0185822705107,19.0738326178832 73.018731300118,19.0726506997273 73.0186799272635,19.0726844849199 73.0186530326022,19.0726990639832 73.0185667790636,19.0727367724035 73.0184714453541,19.0727660239097 73.0183006603472,19.0728039479611 73.0154832426806,19.0730327460607 73.0154004548423,19.0721303174055 73.0144030922133,19.07221903585 73.0130973954394,19.0723099786374 73.0117402799969,19.0724182631204 73.0116995198392,19.0718378824934</coordinates></LinearRing></outerBoundaryIs></Polygon></MultiGeometry>
  </Placemark>
  <Placemark>
	<Style><LineStyle><color>ff0000ff</color></LineStyle><PolyStyle><fill>0</fill></PolyStyle></Style>
	<ExtendedData><SchemaData schemaUrl="#navi_mumbai_wards">
		<SimpleData name="objectid">68</SimpleData>
		<SimpleData name="townname">Navi Mumbai</SimpleData>
		<SimpleData name="towncensuscode2011">400708</SimpleData>
		<SimpleData name="town_lgd_code">251472</SimpleData>
		<SimpleData name="ward_lgd_code">2517931</SimpleData>
		<SimpleData name="ward_lgd_name">Navi Mumbai (M Corp.) - Ward No.68</SimpleData>
		<SimpleData name="sourcewardcode">68</SimpleData>
		<SimpleData name="state">Maharashtra</SimpleData>
	</SchemaData></ExtendedData>
      <MultiGeometry><Polygon><outerBoundaryIs><LinearRing><coordinates>73.0206164794204,19.0782547118405 73.0206164794204,19.0782287179663 73.0205864496388,19.0782347380386 73.0205069119052,19.0782562162216 73.020439982925,19.0782816361855 73.0204251652143,19.0782887819945 73.0203884780181,19.0783159839482 73.020352369337,19.0783465079291 73.0202716206744,19.0784426634411 73.0201806464889,19.0785426375737 73.0201118858438,19.0785826267004 73.0199779021192,19.0786483838035 73.0198899013573,19.0787019708779 73.0198116509096,19.0787598452384 73.0197146678932,19.0788462662148 73.0196585941548,19.0789070847536 73.0196078887487,19.0789742713931 73.0195870810717,19.0790121074286 73.0195728257065,19.0790579713106 73.0195596896421,19.079120486012 73.0194912452039,19.0791308043823 73.0193872607182,19.0791464797462 73.0193248475689,19.0791444804243 73.0192656081675,19.0791414810168 73.0192645508504,19.0790954932084 73.0191524186451,19.0790894943916 73.0191534768605,19.0790545041194 73.0191238567106,19.0790495053873 73.0191270304585,19.0790325098664 73.0189532944859,19.0790325675963 73.0189641263716,19.0789313313409 73.01884135991,19.0789165439794 73.0188425636524,19.0788027963717 73.018754843165,19.0788005856519 73.01875293155,19.0788728398388 73.0182801940301,19.0787911849985 73.0182679455012,19.0788764972032 73.0182479876305,19.0790155050052 73.0179976397372,19.0789540811906 73.0178098792664,19.0788232709978 73.0177486761478,19.0787920365162 73.0176293286741,19.0790208611546 73.0175014148658,19.0792337800523 73.0174018887189,19.0794535736146 73.0173498897387,19.0796016139377 73.0172250302024,19.0800180374972 73.0165569468374,19.0830937233222 73.0164282766477,19.0841480727125 73.0164251100863,19.0847856177488 73.016447752123,19.0854477294089 73.0170800196576,19.0853549889931 73.0171109657209,19.0853517307723 73.0180074673064,19.085257339968 73.0187250397587,19.0851749683756 73.0189358518981,19.0851826308905 73.0193919355509,19.0852343524325 73.0201662635629,19.0853224713011 73.0202108280859,19.0853276939634 73.0205737645286,19.0825423964109 73.0206460780107,19.0825423964109 73.0209663247145,19.0806068977625 73.0211755180897,19.0806288646397 73.0212452489153,19.0803652644678 73.0237968344281,19.0807561909699 73.0241977219967,19.0807991220594 73.0243451409247,19.0808473837594 73.0247210714981,19.080970455785 73.0247768523856,19.080829962245 73.0248146876288,19.0807374493118 73.0248296023574,19.0806799262631 73.0248346383129,19.0806264858499 73.0248270161077,19.0805838391178 73.0248148556137,19.0805306380808 73.0247828324705,19.0804405037729 73.024723646968,19.0803171078988 73.024320376169,19.0802344664258 73.0226104051778,19.0793973074413 73.0220897703853,19.079103392867 73.0215396699531,19.0787665673903 73.0214242777616,19.078772327658 73.0214044591298,19.0786112811965 73.0213798749354,19.078411512936 73.0206524461677,19.0782567111732 73.0206164794204,19.0782547118405</coordinates></LinearRing></outerBoundaryIs></Polygon></MultiGeometry>
  </Placemark>
  <Placemark>
	<Style><LineStyle><color>ff0000ff</color></LineStyle><PolyStyle><fill>0</fill></PolyStyle></Style>
	<ExtendedData><SchemaData schemaUrl="#navi_mumbai_wards">
		<SimpleData name="objectid">69</SimpleData>
		<SimpleData name="townname">Navi Mumbai</SimpleData>
		<SimpleData name="towncensuscode2011">400708</SimpleData>
		<SimpleData name="town_lgd_code">251472</SimpleData>
		<SimpleData name="ward_lgd_code">2517933</SimpleData>
		<SimpleData name="ward_lgd_name">Navi Mumbai (M Corp.) - Ward No.70</SimpleData>
		<SimpleData name="sourcewardcode">70</SimpleData>
		<SimpleData name="state">Maharashtra</SimpleData>
	</SchemaData></ExtendedData>
      <MultiGeometry><Polygon><outerBoundaryIs><LinearRing><coordinates>73.0177486761478,19.0787920365162 73.0178098792664,19.0788232709978 73.0179976397372,19.0789540811906 73.0182479876305,19.0790155050052 73.0182679455012,19.0788764972032 73.0182801940301,19.0787911849985 73.01875293155,19.0788728398388 73.018754843165,19.0788005856519 73.0188425636524,19.0788027963717 73.01884135991,19.0789165439794 73.0189641263716,19.0789313313409 73.0189532944859,19.0790325675963 73.0191270304585,19.0790325098664 73.0191238567106,19.0790495053873 73.0191534768605,19.0790545041194 73.0191524186451,19.0790894943916 73.0192645508504,19.0790954932084 73.0192656081675,19.0791414810168 73.0193248475689,19.0791444804243 73.0193872607182,19.0791464797462 73.0194912452039,19.0791308043823 73.0195596896421,19.079120486012 73.0195728257065,19.0790579713106 73.0195870810717,19.0790121074286 73.0196078887487,19.0789742713931 73.0196585941548,19.0789070847536 73.0197146678932,19.0788462662148 73.0198116509096,19.0787598452384 73.0198899013573,19.0787019708779 73.0199779021192,19.0786483838035 73.0201118858438,19.0785826267004 73.0201806464889,19.0785426375737 73.0202716206744,19.0784426634411 73.020352369337,19.0783465079291 73.0203884780181,19.0783159839482 73.0204251652143,19.0782887819945 73.020439982925,19.0782816361855 73.0205069119052,19.0782562162216 73.0205864496388,19.0782347380386 73.0206164794204,19.0782287179663 73.0206026911791,19.0780711831839 73.0206314103187,19.0779680454859 73.020893502786,19.0774218072667 73.0209466399317,19.0772144018561 73.0209101153306,19.0769683837244 73.0208824696777,19.0767963870504 73.0208744423323,19.0767655715834 73.0208557250351,19.07675754956 73.0206163940804,19.0767226436934 73.0204993031747,19.0766856051777 73.0204766503582,19.0766799713358 73.0204331341692,19.076675940371 73.0203431023165,19.0766759709343 73.019919181944,19.0766923902384 73.019660711484,19.0766923902384 73.0195156811763,19.0766978186264 73.0193835749306,19.0766964619539 73.019158131032,19.0766733908791 73.0186182165967,19.0765729665069 73.0182488958273,19.0764973629297 73.0180574387891,19.0776975287141 73.0179360440548,19.0784165031977 73.0177486761478,19.0787920365162</coordinates></LinearRing></outerBoundaryIs></Polygon></MultiGeometry>
  </Placemark>
  <Placemark>
	<Style><LineStyle><color>ff0000ff</color></LineStyle><PolyStyle><fill>0</fill></PolyStyle></Style>
	<ExtendedData><SchemaData schemaUrl="#navi_mumbai_wards">
		<SimpleData name="objectid">70</SimpleData>
		<SimpleData name="townname">Navi Mumbai</SimpleData>
		<SimpleData name="towncensuscode2011">400708</SimpleData>
		<SimpleData name="town_lgd_code">251472</SimpleData>
		<SimpleData name="ward_lgd_code">2517932</SimpleData>
		<SimpleData name="ward_lgd_name">Navi Mumbai (M Corp.) - Ward No.69</SimpleData>
		<SimpleData name="sourcewardcode">69</SimpleData>
		<SimpleData name="state">Maharashtra</SimpleData>
	</SchemaData></ExtendedData>
      <MultiGeometry><Polygon><outerBoundaryIs><LinearRing><coordinates>73.0434571058182,19.0770458056014 73.0422099504547,19.0770572209826 73.041548951204,19.0770630602648 73.0384384950069,19.077090540036 73.0355651069082,19.0770973378148 73.0324904413886,19.0770007188279 73.0318245283533,19.0768603458724 73.0305349653219,19.076685132295 73.0296724227491,19.0765625376097 73.0296570507779,19.0766537734589 73.0296470911564,19.0767128863499 73.0295998433657,19.0767088944391 73.0289014050289,19.0766498936123 73.0282187707529,19.0765972499421 73.0282146726386,19.0767257687939 73.028204766916,19.0768512643256 73.0280916663267,19.0768414636917 73.0272101243856,19.0767650689865 73.0272067943309,19.0767984271518 73.0271830302983,19.0770364838035 73.0262729497789,19.0769563536754 73.0262813930443,19.0768990967427 73.0262871979577,19.0767366620737 73.0263003304288,19.0763137126196 73.0263187422989,19.0755318139547 73.0250169100773,19.0755611082659 73.0225117441085,19.075489717753 73.0225080708973,19.0750210130446 73.0219360641486,19.0750030849193 73.0210426931918,19.0749700838175 73.0210382564126,19.0752583574015 73.021033923838,19.0755398292455 73.0210047294896,19.0755765504961 73.0209378490184,19.0756606740766 73.0209159058709,19.0757035793191 73.0208885494756,19.0757905291102 73.0208832494154,19.0758235784408 73.0208754601236,19.0759809956536 73.0208701744364,19.0760191481951 73.0208609280772,19.0760486342907 73.0208421811355,19.0760826862207 73.020821602529,19.0761115814118 73.020815151727,19.076118310463 73.0207575140217,19.0761784287423 73.0206599605751,19.0762603837128 73.0206264273639,19.0762946003021 73.0205824009318,19.0763653443919 73.0205359014378,19.0764468043129 73.02051696046,19.0765378347722 73.0204993031747,19.0766856051777 73.0206163940804,19.0767226436934 73.0208557250351,19.07675754956 73.0208744423323,19.0767655715834 73.0208824696777,19.0767963870504 73.0209101153306,19.0769683837244 73.0209466399317,19.0772144018561 73.020893502786,19.0774218072667 73.0206314103187,19.0779680454859 73.0206026911791,19.0780711831839 73.0206164794204,19.0782287179663 73.0206164794204,19.0782547118405 73.0206524461677,19.0782567111732 73.0213798749354,19.078411512936 73.0214044591298,19.0786112811965 73.0214242777616,19.078772327658 73.0215396699531,19.0787665673903 73.0220897703853,19.079103392867 73.0226104051778,19.0793973074413 73.024320376169,19.0802344664258 73.024723646968,19.0803171078988 73.0247828324705,19.0804405037729 73.0248148556137,19.0805306380808 73.0248270161077,19.0805838391178 73.0248346383129,19.0806264858499 73.0248296023574,19.0806799262631 73.0248146876288,19.0807374493118 73.0247768523856,19.080829962245 73.0247210714981,19.080970455785 73.0243451409247,19.0808473837594 73.0241977219967,19.0807991220594 73.0237968344281,19.0807561909699 73.0212452489153,19.0803652644678 73.0211755180897,19.0806288646397 73.0209663247145,19.0806068977625 73.0206460780107,19.0825423964109 73.0205737645286,19.0825423964109 73.0202108280859,19.0853276939634 73.0279859543807,19.0862355976531 73.0278356069449,19.087211701772 73.0276382776197,19.0885551582648 73.0274510678162,19.0897124955172 73.0272032459855,19.0910161603763 73.0270051548889,19.0925373627993 73.0267270957658,19.0941977237186 73.0263721749903,19.0964487122866 73.0263578190137,19.0965435457675 73.0258703805641,19.0996419517325 73.0232668077492,19.1063853935969 73.0243460805625,19.1067720450708 73.0243695203032,19.1067185086754 73.024661815927,19.1068253488703 73.0246955296996,19.1067420882549 73.0253227702619,19.1069457362663 73.0252908710862,19.1070625364367 73.0260644310386,19.1073149761915 73.0265608652174,19.1074864080971 73.02658678341,19.1074185887723 73.0270620254329,19.1075603966416 73.0270146222337,19.1076823275109 73.0280366310409,19.1079853161688 73.0282238902517,19.1074480879496 73.0285056162979,19.1066925634096 73.0288007685643,19.1059208770595 73.0291012262807,19.1050810213499 73.0289814296493,19.1050296285675 73.0293280203472,19.104211575045 73.0298788618896,19.1044078590946 73.0297709355964,19.1046642797075 73.0306675674377,19.1049683383351 73.0307812689998,19.1047462010541 73.031465584922,19.1047646726102 73.0322571030953,19.1048121777998 73.0336612426479,19.1049343551601 73.0346366549429,19.1050350976193 73.0350721878371,19.1050115194941 73.035441937103,19.1049064903943 73.0357322923657,19.1047843130135 73.0365920169235,19.104319181664 73.0374403984543,19.103813322398 73.0381005029829,19.1037575924841 73.0384906682603,19.1034017750375 73.0386494562666,19.1032988882496 73.0391938721597,19.1030695360798 73.0393140972874,19.1029880833152 73.039398028681,19.1028659045175 73.0394502019344,19.1026837086716 73.0395704270621,19.1018756116226 73.0396498210652,19.0998028351291 73.039692920436,19.0995391814475 73.0396725044245,19.098083718912 73.0396452836748,19.0966303869952 73.0394127727298,19.0958608455282 73.0393347962682,19.0956464870804 73.0393773288019,19.0952814086689 73.0394517614097,19.0952177710497 73.0402811453689,19.0949330763163 73.0408907780533,19.0949297266041 73.0411211617877,19.0949833160497 73.0414756001678,19.0951273382885 73.0417166172602,19.0951675305386 73.0474585066225,19.0951206397207 73.0477594009202,19.0950818948121 73.0477591934094,19.0950776045357 73.0477529698811,19.0949490804018 73.0477440720682,19.0946020733156 73.0477400889382,19.0944468164027 73.0477149450934,19.0940709501666 73.0476898003503,19.0936951059971 73.0476665402726,19.0932333517955 73.0476249940891,19.0929938005967 73.0475524147057,19.0925752908128 73.0474200129143,19.0916592172226 73.0474200084227,19.0916591790219 73.0473419645875,19.0908751804453 73.047306516168,19.0906185423665 73.0472761962306,19.0903990429143 73.047198402127,19.0900723305912 73.0471983572112,19.0900721404346 73.0471322897153,19.0897946755444 73.0471333362526,19.0897717947532 73.0471338797334,19.0897599048561 73.0471463483495,19.0894872816593 73.0471504761082,19.0893970393204 73.0472601630994,19.0889469882088 73.0473748986224,19.0884788521567 73.0475415504806,19.0880344209692 73.0477756397656,19.0875505848488 73.0478756222567,19.0873549200472 73.0478761432796,19.0873538970902 73.0481234333076,19.0868699477715 73.0482274321664,19.0866820014895 73.0482274186917,19.0866819624387 73.0482142287284,19.0866319994841 73.0482141568631,19.0866319867502 73.0480104351264,19.086596414007 73.0478347884372,19.0865793717205 73.0475508345691,19.0865150142581 73.0474453489986,19.0864961467609 73.047209628373,19.0864539854311 73.0469739966808,19.0863498580047 73.046872171745,19.0862212557844 73.0467865569085,19.0860025230323 73.0466831698025,19.0857245657312 73.0466138477103,19.0855537819408 73.0465295992114,19.0853462313572 73.0463825108634,19.0850151557051 73.0463572888652,19.0849583956406 73.0462256793878,19.0846132921622 73.0460062685747,19.0840379791564 73.0458758655347,19.0834700525362 73.0457119822842,19.0829105081958 73.0455862415006,19.082351821105 73.0455420246257,19.0820962632684 73.0454763101677,19.0817164502141 73.0454417645552,19.0814826357343 73.0454099570076,19.08126743603 73.0453877434672,19.0811377610239 73.0453213031705,19.0807501514631 73.0452461617919,19.0804863010404 73.0452217949899,19.0804302398178 73.0451192927244,19.0801944097807 73.0449809368993,19.0798908540747 73.0449695121254,19.0798657943191 73.0449271529666,19.0797581828395 73.0447846981288,19.0793963217897 73.0445696809757,19.0787815355961 73.0444960846994,19.0784454429773 73.0444496624604,19.0781777150155 73.0444433086764,19.0778112634971 73.0444016160674,19.0773220200819 73.0443643862888,19.0770375008813 73.0434571058182,19.0770458056014</coordinates></LinearRing></outerBoundaryIs></Polygon></MultiGeometry>
  </Placemark>
  <Placemark>
	<Style><LineStyle><color>ff0000ff</color></LineStyle><PolyStyle><fill>0</fill></PolyStyle></Style>
	<ExtendedData><SchemaData schemaUrl="#navi_mumbai_wards">
		<SimpleData name="objectid">78</SimpleData>
		<SimpleData name="townname">Navi Mumbai</SimpleData>
		<SimpleData name="towncensuscode2011">400708</SimpleData>
		<SimpleData name="town_lgd_code">251472</SimpleData>
		<SimpleData name="ward_lgd_code">2517941</SimpleData>
		<SimpleData name="ward_lgd_name">Navi Mumbai (M Corp.) - Ward No.78</SimpleData>
		<SimpleData name="sourcewardcode">78</SimpleData>
		<SimpleData name="state">Maharashtra</SimpleData>
	</SchemaData></ExtendedData>
      <MultiGeometry><Polygon><outerBoundaryIs><LinearRing><coordinates>73.0092977535529,19.049159186395 73.0086879025779,19.0491806725905 73.0080704904831,19.0492394157193 73.0071544343704,19.0492807085236 73.0067541783175,19.0492708697475 73.0056555611829,19.0493061719898 73.0045507196217,19.0494209018904 73.0043670985877,19.049444436132 73.0040403139452,19.0494267854511 73.0030599618144,19.0493120555547 73.0019053248404,19.0492385105551 73.0016324445048,19.049213210959 73.0015069588428,19.0491887350078 73.0013774900508,19.0491454314583 73.0012938335417,19.0491228388513 73.0012121685975,19.0491002453922 73.0011205449301,19.0490795352847 73.0010070104546,19.0490776527791 73.0008516477245,19.049119072992 72.9999911784633,19.0493694791022 72.9997820371904,19.0494429060158 72.9996306584887,19.0494880919887 72.9995450095162,19.049521982097 72.9994693201653,19.0495652846992 72.9994175322892,19.0496104706387 72.9989713633421,19.0505650208412 72.9983837744164,19.0517511407407 72.9978021610841,19.0529673757925 72.9972603835429,19.0540668739982 72.9970014459589,19.0546166203684 72.9968213517107,19.0549808187254 72.9967059828754,19.0551685912354 72.9966753655956,19.0552286143722 72.9966481502357,19.0552672004811 72.9966163983837,19.0552993555649 72.9965869147778,19.0553175770593 72.996549493658,19.0553304390897 72.9964077466927,19.0553619785705 72.9963558141878,19.0553619777214 72.9971289222876,19.056435544276 72.9979814693063,19.0575022365245 72.9981143570863,19.0576222590114 72.9982354320203,19.0576948297972 72.9983624142756,19.0577422805624 72.9986318199276,19.0578062059808 72.9986610106828,19.0578175377792 72.9987724080662,19.0578450054577 72.9988967205285,19.0578739980756 72.9990623285444,19.0579083585581 72.9993600670605,19.0579701340484 72.9994940660564,19.0580067564529 73.0000429789159,19.0582768511059 73.0003142063513,19.0584157131622 73.0004272180073,19.058481328829 73.0005483010261,19.0585576266758 73.0008099389459,19.0587281750765 73.0013407678203,19.0592353590566 73.0024797552438,19.0592735332831 73.002763681264,19.0592865461413 73.0028317196637,19.0592972648095 73.0028702744574,19.0593133419616 73.0029689310351,19.0593615734084 73.0030415050286,19.0594173072242 73.0031441806689,19.0595076796673 73.0031720886299,19.0595368205817 73.0037647215958,19.0603192506473 73.004311955504,19.061077117069 73.0043719306256,19.0611581345014 73.0059482511671,19.060133231347 73.006175736038,19.0605780574727 73.0064809063165,19.0614183409662 73.00662431786,19.0619549492838 73.0066438364545,19.0620908450536 73.0066628331278,19.0623473940238 73.006665543345,19.0625015016866 73.0066600986561,19.0625703693114 73.0066479040261,19.0627246066721 73.0066193492782,19.0629205442395 73.0065015001944,19.0634086831023 73.0064826786925,19.0635494308442 73.0065366665428,19.0634722081323 73.0066267235483,19.0632800282643 73.006736733933,19.06299576005 73.0068605280673,19.0626103521035 73.006958888201,19.0622863605404 73.0070808722301,19.061884846874 73.0071048500617,19.0618211208582 73.0071168560455,19.0617954368598 73.0071640993445,19.0616943751697 73.0072194193964,19.0615642399407 73.0072315825853,19.0615463731902 73.0072543602677,19.0615225316079 73.0079695009805,19.0609463437098 73.0084932529272,19.0604899084638 73.0091417242729,19.059941864412 73.0096699812707,19.0595191217285 73.0101209085938,19.0591560430729 73.0109891213327,19.0583832317885 73.0114747074562,19.0579872573924 73.0119608936543,19.0575783386843 73.0122372028593,19.0573424209412 73.0123780012036,19.0572446883319 73.0124599194727,19.0572086669088 73.0125147930619,19.0571843042159 73.0126001940993,19.0571569043546 73.0127689480153,19.0571015119592 73.0128425550714,19.057078748072 73.0129205387195,19.0570424370758 73.012991568509,19.0569943875073 73.0132155679167,19.0568026119376 73.0136054960388,19.0564907356606 73.0136441038331,19.0565305424599 73.0137935556486,19.0566846376974 73.0142726685121,19.0562795977994 73.0141577919536,19.0561537266806 73.0140633835088,19.0560502815609 73.0144687482808,19.0557057869662 73.0150798029982,19.0551805158801 73.0155637766458,19.0547673379904 73.0142148385674,19.0535015830256 73.0141640451263,19.0534533592149 73.0146688174676,19.0525545999612 73.014424455049,19.0523958673159 73.0142126915938,19.0522078284443 73.0138397586986,19.0518125652947 73.0135418845369,19.0514852360126 73.0139747557229,19.0511010401739 73.0137138068109,19.0508131865046 73.0145819863122,19.0500938010607 73.0150511943514,19.0505917908987 73.0155027882245,19.0502012577278 73.0150346177395,19.0497232600904 73.0155552085146,19.0492631232076 73.0152381580166,19.0489092079259 73.0147301697065,19.0483421518776 73.0144789989564,19.0480942448992 73.0130780124905,19.0492921377042 73.0124938766888,19.0497874492786 73.0120072080954,19.0502193481691 73.011513390709,19.0506201504953 73.0112862516894,19.050804505162 73.0103386404558,19.0497729030147 73.009883927632,19.0493348740022 73.009795288168,19.0492697191873 73.0097248818092,19.0492361058412 73.0095708782302,19.049189312411 73.0095165517151,19.0491770001359 73.0093719184627,19.0491616938539 73.0092977535529,19.049159186395</coordinates></LinearRing></outerBoundaryIs></Polygon></MultiGeometry>
  </Placemark>
  <Placemark>
	<Style><LineStyle><color>ff0000ff</color></LineStyle><PolyStyle><fill>0</fill></PolyStyle></Style>
	<ExtendedData><SchemaData schemaUrl="#navi_mumbai_wards">
		<SimpleData name="objectid">79</SimpleData>
		<SimpleData name="townname">Navi Mumbai</SimpleData>
		<SimpleData name="towncensuscode2011">400708</SimpleData>
		<SimpleData name="town_lgd_code">251472</SimpleData>
		<SimpleData name="ward_lgd_code">2517942</SimpleData>
		<SimpleData name="ward_lgd_name">Navi Mumbai (M Corp.) - Ward No.79</SimpleData>
		<SimpleData name="sourcewardcode">79</SimpleData>
		<SimpleData name="state">Maharashtra</SimpleData>
	</SchemaData></ExtendedData>
      <MultiGeometry><Polygon><outerBoundaryIs><LinearRing><coordinates>73.0101209085938,19.0591560430729 73.010649312017,19.0597470636237 73.0109254182027,19.0600370295518 73.010920808947,19.0600915014276 73.0108742456726,19.0606417109467 73.0102830428245,19.0606259710018 73.0101374681378,19.0606317752021 73.0100710682652,19.0606405409368 73.0100449677146,19.0606520491468 73.0099990682952,19.0606777316242 73.0099700015076,19.060699808125 73.0098739608239,19.060775525041 73.0097582497305,19.0608786123053 73.009653422625,19.0609993166927 73.0096501967748,19.0616548752711 73.0096317076497,19.062888727707 73.0101721206499,19.0628936623987 73.0110300270176,19.0629001491577 73.0138370960921,19.0629552874478 73.0139359233498,19.0629528277444 73.0139362862691,19.0628433492534 73.0139557940838,19.0622292318413 73.0139866745701,19.0606675258795 73.0139951681411,19.0597442735851 73.0140078397765,19.059124817621 73.0140089393144,19.0590710798748 73.0157650325071,19.0590969689213 73.0171181342768,19.0591140352612 73.0192392111729,19.0592190297229 73.0192614804088,19.0587254546448 73.0193386753361,19.0575387495009 73.0193856967513,19.0560756921939 73.0194101444018,19.0544152387782 73.0194136163903,19.0543260378603 73.019231093996,19.0543194751964 73.0191331740367,19.0543159548438 73.0183537570687,19.0542879329701 73.0168354209822,19.054207705238 73.016764192665,19.0542056920297 73.0166007037749,19.0542010720944 73.0157833257995,19.0541779724159 73.0156794886375,19.0546681111561 73.0155637766458,19.0547673379904 73.0150798029982,19.0551805158801 73.0144687482808,19.0557057869662 73.0140633835088,19.0560502815609 73.0141577919536,19.0561537266806 73.0142726685121,19.0562795977994 73.0137935556486,19.0566846376974 73.0136441038331,19.0565305424599 73.0136054960388,19.0564907356606 73.0132155679167,19.0568026119376 73.012991568509,19.0569943875073 73.0129205387195,19.0570424370758 73.0128425550714,19.057078748072 73.0127689480153,19.0571015119592 73.0126001940993,19.0571569043546 73.0125147930619,19.0571843042159 73.0124599194727,19.0572086669088 73.0123780012036,19.0572446883319 73.0122372028593,19.0573424209412 73.0119608936543,19.0575783386843 73.0114747074562,19.0579872573924 73.0109891213327,19.0583832317885 73.0101209085938,19.0591560430729</coordinates></LinearRing></outerBoundaryIs></Polygon></MultiGeometry>
  </Placemark>
  <Placemark>
	<Style><LineStyle><color>ff0000ff</color></LineStyle><PolyStyle><fill>0</fill></PolyStyle></Style>
	<ExtendedData><SchemaData schemaUrl="#navi_mumbai_wards">
		<SimpleData name="objectid">80</SimpleData>
		<SimpleData name="townname">Navi Mumbai</SimpleData>
		<SimpleData name="towncensuscode2011">400708</SimpleData>
		<SimpleData name="town_lgd_code">251472</SimpleData>
		<SimpleData name="ward_lgd_code">2517943</SimpleData>
		<SimpleData name="ward_lgd_name">Navi Mumbai (M Corp.) - Ward No.80</SimpleData>
		<SimpleData name="sourcewardcode">80</SimpleData>
		<SimpleData name="state">Maharashtra</SimpleData>
	</SchemaData></ExtendedData>
      <MultiGeometry><Polygon><outerBoundaryIs><LinearRing><coordinates>73.0437764676815,19.0643582311376 73.0442487407724,19.0643146386278 73.0442574768885,19.0642578077935 73.0442494414583,19.0640193676963 73.0442458841298,19.0639139126944 73.0442458832315,19.0639138676949 73.0442298698632,19.0631175785493 73.0442556937327,19.062885414705 73.0442830770775,19.0626392114359 73.0443441526354,19.0622378769256 73.0444109810043,19.0621092967452 73.0444111903118,19.0621088951416 73.044493051987,19.0619513942819 73.0447822430331,19.0615590717182 73.0448119682859,19.0615306367274 73.0448120931517,19.0615305170101 73.0450833735877,19.0612710061019 73.045401689812,19.0610691961737 73.0457896721832,19.0608030983624 73.0458331075239,19.0607733081373 73.0461645247782,19.0605459993565 73.0463463240288,19.0602782373861 73.0464454486289,19.0600038862234 73.0464728993473,19.0599279099894 73.0465354238877,19.0597226333783 73.046611191392,19.0594738832985 73.0465398822265,19.0588121187135 73.0463765703044,19.0580129988688 73.045770553339,19.056793641371 73.0457704724907,19.0567934774979 73.0457038076151,19.0565363264255 73.0456432117576,19.056302596993 73.0453995024143,19.055696299245 73.0453789013499,19.0556748003079 73.0453784737518,19.0556743536869 73.0453111063937,19.0556040490862 73.045222798408,19.0555118956725 73.0443447455235,19.0548630834828 73.0441601911399,19.0547267105433 73.0441090365761,19.0546843942376 73.0432865777295,19.0540040195492 73.0432865040676,19.0540039601124 73.0438055937579,19.0535359435648 73.0441063497151,19.0532647781169 73.0443143447376,19.0531060673786 73.0445449710171,19.0528621795324 73.0448643840844,19.0525243981367 73.0449378357319,19.0524182905051 73.0450558689704,19.0522477823175 73.0453674298637,19.0516976009955 73.0454316261689,19.0515550804428 73.045432085208,19.0515540598123 73.0457672268776,19.0508100176108 73.0460086131775,19.0502702544308 73.0461221180086,19.0500164489618 73.0465456772584,19.0491293210541 73.0470266693975,19.048225118398 73.0473696928853,19.0473228663658 73.04749057019,19.0470085293112 73.0477477273131,19.0463397928367 73.04786201817,19.0459589086146 73.0478620729673,19.0459587260497 73.047901519788,19.045827269103 73.0479015152965,19.0458272308917 73.0479174873422,19.0455332517108 73.0479253197532,19.0453890335241 73.0480413380704,19.0446450392543 73.0482398154426,19.0445895017235 73.0490078812987,19.0443745827504 73.0490452601977,19.0433079648951 73.0490380161832,19.0423264181472 73.0490319902843,19.0418738853628 73.0490253589209,19.0413764221702 73.0490342809883,19.040893585201 73.0490389764823,19.0406395182853 73.045128337861,19.0378734002541 73.0449778233385,19.0378022584625 73.0448715768949,19.0377604108351 73.0446020580551,19.0377444071719 73.0445602962759,19.037740221559 73.0445260569888,19.0377247885435 73.0445042503853,19.0377020016179 73.0444851297445,19.0376706447516 73.0444630311885,19.0376215722544 73.044350377062,19.0371453734762 73.0442918239734,19.0370095150196 73.0442423798019,19.0369228667379 73.0440823718835,19.0367368025266 73.0440515893137,19.0366926032338 73.0439481438171,19.0365440719884 73.0438242975805,19.0363037917833 73.0435525446306,19.0359536320125 73.0423560524525,19.0359061435971 73.0423235019982,19.0354621786509 73.0417258618229,19.0353889451132 73.0416802597458,19.0353368445679 73.0414416618164,19.0350872996023 73.041302342099,19.0349476155357 73.0412179049538,19.0348119217234 73.0411799089123,19.0346642558256 73.0411529477757,19.0343052685761 73.0411208033599,19.034049642639 73.04108280642,19.0339019752143 73.0409730385805,19.0337104073398 73.0407323942889,19.0333472246621 73.0406817329001,19.0332115303913 73.0406521801239,19.0330838176856 73.0406352926949,19.0329720690936 73.0406307157785,19.0329215889235 73.0406142990667,19.0328042643346 73.04060699756,19.032779612726 73.0405820657177,19.0327194243674 73.0405670009704,19.0327013855191 73.040498399327,19.032635278159 73.0403637876801,19.0325429574365 73.0402758893261,19.0324696351431 73.0402348983014,19.0324276553938 73.0402005619963,19.0323799230966 73.0401797695907,19.0323378040545 73.0401538585846,19.0322646880283 73.0401459435287,19.0311235926877 73.040134231294,19.0310426353233 73.0401180400593,19.0310058991185 73.0400829895936,19.0309610087374 73.0400400141904,19.0309366320011 73.0399682432908,19.0309166771282 73.0397360422646,19.0309206684427 73.0396159500875,19.0309116081587 73.039601126987,19.03090925668 73.0395091421968,19.0308885527953 73.0394418071781,19.0308650422487 73.0393906328513,19.0308350572742 73.039328119989,19.0307855793793 73.0392834306002,19.0307418404766 73.0392085344617,19.030660788663 73.0391510557583,19.0306095910509 73.0390898634194,19.0305847327567 73.0390451605559,19.0305808102208 73.0390225535535,19.0305774354301 73.038912785714,19.0305933998708 73.0375001319291,19.0318709441844 73.0373466880005,19.0319961237792 73.0372364503421,19.032060380965 73.0371353952625,19.0321020228216 73.0370189322792,19.0321429886969 73.0368952252814,19.0322012376703 73.036776892904,19.0322725984096 73.0366572310199,19.0323927682219 73.0363951098065,19.0327939558202 73.0363755750424,19.0328379939523 73.0363337396013,19.0329849651255 73.0363121387119,19.0331197364959 73.0363027603004,19.0332290757967 73.0362735282227,19.0333178982684 73.0362562365518,19.0333515522026 73.0361897648141,19.0334385793938 73.0359071988431,19.0336731214424 73.0358301476463,19.0337559372757 73.035759454725,19.0338443493015 73.035705718403,19.0339757044914 73.0356113144498,19.034600399619 73.0356009937055,19.0346463955199 73.0355463078642,19.0347723211646 73.0355047580874,19.0348194549403 73.0354347910049,19.0348707998639 73.0352060188481,19.0349755523584 73.0349527092094,19.0351351916192 73.034741617694,19.0353187762821 73.0341885573129,19.0342571742106 73.034053458779,19.0340775796128 73.033834752245,19.0339589531672 73.0330444414075,19.0336585236635 73.0326750065519,19.0299606042419 73.0324886950637,19.0299458261019 73.0323626713108,19.0299293121532 73.0323090176338,19.0299183028531 73.0320830697803,19.0298633055964 73.0315657695341,19.029736132969 73.0314448931277,19.0297103302092 73.0313259660656,19.0296986576521 73.0312031403151,19.0296998864765 73.0310881119413,19.0297115590335 73.0309581373978,19.0297355189816 73.030811915924,19.0297834388675 73.0307007871369,19.0298338163863 73.0305890088677,19.0298964804207 73.0305253210091,19.0299413286284 73.0304271899457,19.03002610972 73.0303173619191,19.0301434524064 73.0302471756476,19.0302331478272 73.0301867369953,19.0303283733129 73.0301301979296,19.0304463297706 73.0300920330048,19.0305701559368 73.0300831037509,19.0306195931334 73.0300580560258,19.0307859122722 73.0300106636064,19.0311005959495 73.0299954416539,19.0312016652315 73.029857986839,19.0322586170334 73.029731472606,19.0331332702689 73.029681101373,19.0334775374241 73.0288119085721,19.0394299854171 73.0288090294716,19.0394492913487 73.0287037963276,19.0401549095054 73.0285505617065,19.0412654332156 73.0284321529723,19.0421038071126 73.0283880394036,19.0422771882336 73.0283183876298,19.0424769049226 73.0282610643348,19.0426214016153 73.028243601984,19.0426573243066 73.0281217302444,19.0428906959357 73.0280352126011,19.0430272662657 73.0278781358854,19.0432345038484 73.0276143815348,19.0435354340079 73.0272111897876,19.0439975474563 73.0268415977268,19.0444215473674 73.0260517755728,19.0453172020532 73.0247890847449,19.0467647479848 73.0243086163236,19.0473042355608 73.0238275586075,19.0478590863766 73.0231636973243,19.0486247792221 73.0222678056948,19.0496329468498 73.0221167566747,19.0498030993962 73.0211671951986,19.0508861907699 73.0206496191695,19.0514451486452 73.0200042452149,19.0521792203306 73.0199256480175,19.0522899616895 73.0198476904204,19.0524032468958 73.0197610550978,19.0525504104762 73.019706583954,19.0526637107886 73.0196694476001,19.052737295876 73.0196178205224,19.0528571952942 73.0195817989779,19.0529581528348 73.0195131254693,19.0531833390705 73.0194781962761,19.0533500711932 73.0194599317298,19.0534450269908 73.0194287808507,19.0538555352118 73.019413316353,19.0542682458222 73.0194136163903,19.0543260378603 73.0194101444018,19.0544152387782 73.0193856967513,19.0560756921939 73.0193386753361,19.0575387495009 73.0192614804088,19.0587254546448 73.0192392111729,19.0592190297229 73.0192112070922,19.0606688758907 73.0192281214707,19.0626933895336 73.0204686266061,19.0627296143872 73.0225136736898,19.06281185195 73.0245685088168,19.0628750808894 73.0265416700164,19.0629239345044 73.0286730514871,19.0630023571817 73.0295180113349,19.0630183906729 73.0290258154075,19.063465416587 73.028567077233,19.0639485707899 73.0284369356028,19.0640985429593 73.0283510647465,19.0642095480543 73.0282921029245,19.0643026662444 73.0281954091657,19.064432433386 73.0281359083545,19.0645055590134 73.0283698269595,19.0646763772357 73.0284575627184,19.064738692743 73.0284697914843,19.064744884812 73.0285513899532,19.0647774617304 73.0286302072379,19.0647971569703 73.0286795490015,19.0648046523172 73.0287993025137,19.0648079372625 73.0292357085703,19.0648004249348 73.0292991880199,19.0648062408757 73.0293837644039,19.0648262332769 73.0294746478595,19.0648531937653 73.0295738667826,19.064896007562 73.0298208450953,19.0650339853176 73.030217396496,19.0652703030535 73.0302921138697,19.0653287891683 73.0303321436971,19.0653775214967 73.0303518994468,19.0654196194179 73.0303931967971,19.0655076240164 73.0304278412243,19.0655745698674 73.0304506728056,19.0656056319384 73.0304773365998,19.0656279157975 73.0305143094603,19.0656414078636 73.0308016284174,19.0656845211671 73.0308439202027,19.0656908668766 73.0308871327611,19.0657023934149 73.0309478139585,19.0657222583524 73.0310417678558,19.0657705482167 73.0311698200046,19.0658766838143 73.0312480497911,19.0659397341362 73.0312981838688,19.0659664371854 73.0313906860885,19.0659939587014 73.0314031277553,19.0659976604999 73.031454236505,19.0657639061962 73.0315242979107,19.0653219450585 73.0316007661009,19.0648493569435 73.0316970385499,19.0642337560378 73.0318080541494,19.0636341726932 73.0318807898396,19.0632132164858 73.0318961294714,19.0631842264995 73.0319209490243,19.0631659727564 73.031946995676,19.0631485442888 73.0319838975696,19.0631314240249 73.032421653794,19.0630064131015 73.0328699113242,19.0628797260546 73.0330848530188,19.0628416944501 73.033184619016,19.062845623016 73.0332992081136,19.0628743388176 73.0335362690255,19.0629337469991 73.0338545789616,19.0630623698419 73.0354326027088,19.0642905274472 73.0356742908428,19.0643923584874 73.0359305370742,19.0644749238055 73.0362013440981,19.0645217103764 73.0373020408326,19.0648932549678 73.0379805123155,19.0651216853152 73.0382920857853,19.0651904898717 73.038408561345,19.0651904898717 73.0386153059127,19.0651684725526 73.0392675708439,19.0650418729109 73.0412651320833,19.0646730804013 73.0429685911869,19.0644611624975 73.0433263407572,19.0644155815527 73.0437070773173,19.0643670722402 73.0437764676815,19.0643582311376</coordinates></LinearRing></outerBoundaryIs></Polygon></MultiGeometry>
  </Placemark>
  <Placemark>
	<Style><LineStyle><color>ff0000ff</color></LineStyle><PolyStyle><fill>0</fill></PolyStyle></Style>
	<ExtendedData><SchemaData schemaUrl="#navi_mumbai_wards">
		<SimpleData name="objectid">71</SimpleData>
		<SimpleData name="townname">Navi Mumbai</SimpleData>
		<SimpleData name="towncensuscode2011">400708</SimpleData>
		<SimpleData name="town_lgd_code">251472</SimpleData>
		<SimpleData name="ward_lgd_code">2517934</SimpleData>
		<SimpleData name="ward_lgd_name">Navi Mumbai (M Corp.) - Ward No.71</SimpleData>
		<SimpleData name="sourcewardcode">71</SimpleData>
		<SimpleData name="state">Maharashtra</SimpleData>
	</SchemaData></ExtendedData>
      <MultiGeometry><Polygon><outerBoundaryIs><LinearRing><coordinates>73.0242344118878,19.0735126614672 73.0242377185864,19.0734934596817 73.0242442511352,19.0734669734907 73.0242552240563,19.0734224859852 73.0242860209992,19.0732894988365 73.0242997490534,19.0731989878784 73.0243114064908,19.0731221270909 73.0243172796762,19.0730776369459 73.0243227899421,19.0730375607414 73.0243220326623,19.0730333267769 73.0243223659373,19.0730158526517 73.0243210265492,19.0730019120647 73.0243172581166,19.072987270202 73.0242943879078,19.0729298123825 73.0242140722332,19.0727725085844 73.0241513527584,19.072653225509 73.0240119351246,19.0724270986992 73.0240183113665,19.0719579158277 73.023990162657,19.0708252626408 73.023787183827,19.0707704512908 73.0229258899124,19.0705098545254 73.022762776518,19.07047243681 73.0225323272066,19.0704470224402 73.022347359598,19.070428343292 73.0222282717375,19.0704168484958 73.0221421224034,19.0704101429854 73.0211250552286,19.07039361014 73.0197228497488,19.0703794901904 73.0191165704753,19.0703639668196 73.0190975513441,19.0703628240468 73.0190338275528,19.0707349252332 73.0190075733904,19.0711156668095 73.0189814117543,19.0715364985214 73.018948197445,19.0717167063086 73.0188677587012,19.0720498359636 73.0187991283118,19.0723253778714 73.018731300118,19.0726506997273 73.0185822705107,19.0738326178832 73.0185264887248,19.0742418785472 73.0182488958273,19.0764973629297 73.0186182165967,19.0765729665069 73.019158131032,19.0766733908791 73.0193835749306,19.0766964619539 73.0195156811763,19.0766978186264 73.019660711484,19.0766923902384 73.019919181944,19.0766923902384 73.0203431023165,19.0766759709343 73.0204331341692,19.076675940371 73.0204766503582,19.0766799713358 73.0204993031747,19.0766856051777 73.02051696046,19.0765378347722 73.0205359014378,19.0764468043129 73.0205824009318,19.0763653443919 73.0206264273639,19.0762946003021 73.0206599605751,19.0762603837128 73.0207575140217,19.0761784287423 73.020815151727,19.076118310463 73.020821602529,19.0761115814118 73.0208421811355,19.0760826862207 73.0208609280772,19.0760486342907 73.0208701744364,19.0760191481951 73.0208754601236,19.0759809956536 73.0208832494154,19.0758235784408 73.0208885494756,19.0757905291102 73.0209159058709,19.0757035793191 73.0209378490184,19.0756606740766 73.0210047294896,19.0755765504961 73.021033923838,19.0755398292455 73.0210382564126,19.0752583574015 73.0210426931918,19.0749700838175 73.0219360641486,19.0750030849193 73.0225080708973,19.0750210130446 73.0225117441085,19.075489717753 73.0250169100773,19.0755611082659 73.0263187422989,19.0755318139547 73.0273556388852,19.0755394378623 73.0273977483125,19.0751452211016 73.0280806781342,19.0752155726001 73.0281120796433,19.0748995488327 73.0282206176891,19.0738944646985 73.0280681942467,19.0738843353282 73.0280729580127,19.0738089317363 73.0277873341765,19.0737827834963 73.0265919316549,19.0736906155655 73.0265919316549,19.0736746646103 73.0265919316549,19.0735619941778 73.0259838296997,19.0735775673399 73.0259838296997,19.0736314523544 73.0253595814256,19.0736315516871 73.0242844929649,19.0736363451255 73.0242629441779,19.0736023020317 73.02424882356,19.0735799937748 73.0242430051719,19.0735682631759 73.0242356273084,19.0735480442977 73.0242341756309,19.0735395381898 73.0242344118878,19.0735126614672</coordinates></LinearRing></outerBoundaryIs></Polygon></MultiGeometry>
  </Placemark>
  <Placemark>
	<Style><LineStyle><color>ff0000ff</color></LineStyle><PolyStyle><fill>0</fill></PolyStyle></Style>
	<ExtendedData><SchemaData schemaUrl="#navi_mumbai_wards">
		<SimpleData name="objectid">72</SimpleData>
		<SimpleData name="townname">Navi Mumbai</SimpleData>
		<SimpleData name="towncensuscode2011">400708</SimpleData>
		<SimpleData name="town_lgd_code">251472</SimpleData>
		<SimpleData name="ward_lgd_code">2517935</SimpleData>
		<SimpleData name="ward_lgd_name">Navi Mumbai (M Corp.) - Ward No.72</SimpleData>
		<SimpleData name="sourcewardcode">72</SimpleData>
		<SimpleData name="state">Maharashtra</SimpleData>
	</SchemaData></ExtendedData>
      <MultiGeometry><Polygon><outerBoundaryIs><LinearRing><coordinates>73.018345762961,19.0670170859636 73.0149812084043,19.06729909226 73.0152942928403,19.0707828774285 73.0141679267466,19.0708608982015 73.0142122370463,19.0714187996554 73.0116841487664,19.0716173775481 73.0116864502502,19.0716521766663 73.0116893715715,19.0716844279065 73.0116995198392,19.0718378824934 73.0117402799969,19.0724182631204 73.0130973954394,19.0723099786374 73.0144030922133,19.07221903585 73.0154004548423,19.0721303174055 73.0154832426806,19.0730327460607 73.0183006603472,19.0728039479611 73.0184714453541,19.0727660239097 73.0185667790636,19.0727367724035 73.0186530326022,19.0726990639832 73.0186799272635,19.0726844849199 73.018731300118,19.0726506997273 73.0187991283118,19.0723253778714 73.0188677587012,19.0720498359636 73.018948197445,19.0717167063086 73.0189814117543,19.0715364985214 73.0190075733904,19.0711156668095 73.0190338275528,19.0707349252332 73.0190975513441,19.0703628240468 73.0191572416998,19.0699536616281 73.0192184277505,19.0687588004832 73.0192534225207,19.0677015411781 73.0192298597108,19.0669577301872 73.018345762961,19.0670170859636</coordinates></LinearRing></outerBoundaryIs></Polygon></MultiGeometry>
  </Placemark>
  <Placemark>
	<Style><LineStyle><color>ff0000ff</color></LineStyle><PolyStyle><fill>0</fill></PolyStyle></Style>
	<ExtendedData><SchemaData schemaUrl="#navi_mumbai_wards">
		<SimpleData name="objectid">73</SimpleData>
		<SimpleData name="townname">Navi Mumbai</SimpleData>
		<SimpleData name="towncensuscode2011">400708</SimpleData>
		<SimpleData name="town_lgd_code">251472</SimpleData>
		<SimpleData name="ward_lgd_code">2517936</SimpleData>
		<SimpleData name="ward_lgd_name">Navi Mumbai (M Corp.) - Ward No.73</SimpleData>
		<SimpleData name="sourcewardcode">73</SimpleData>
		<SimpleData name="state">Maharashtra</SimpleData>
	</SchemaData></ExtendedData>
      <MultiGeometry><Polygon><outerBoundaryIs><LinearRing><coordinates>73.0190975513441,19.0703628240468 73.0191165704753,19.0703639668196 73.0197228497488,19.0703794901904 73.0211250552286,19.07039361014 73.0221421224034,19.0704101429854 73.0222282717375,19.0704168484958 73.022347359598,19.070428343292 73.0225323272066,19.0704470224402 73.022762776518,19.07047243681 73.0229258899124,19.0705098545254 73.023787183827,19.0707704512908 73.023990162657,19.0708252626408 73.0240183113665,19.0719579158277 73.0240119351246,19.0724270986992 73.0241513527584,19.072653225509 73.0242140722332,19.0727725085844 73.0242943879078,19.0729298123825 73.0243172581166,19.072987270202 73.0243210265492,19.0730019120647 73.0243223659373,19.0730158526517 73.0243220326623,19.0730333267769 73.0243227899421,19.0730375607414 73.0243172796762,19.0730776369459 73.0243114064908,19.0731221270909 73.0242997490534,19.0731989878784 73.0242860209992,19.0732894988365 73.0242552240563,19.0734224859852 73.0242442511352,19.0734669734907 73.0242377185864,19.0734934596817 73.0242344118878,19.0735126614672 73.0242341756309,19.0735395381898 73.0242356273084,19.0735480442977 73.0242430051719,19.0735682631759 73.02424882356,19.0735799937748 73.0242629441779,19.0736023020317 73.0242844929649,19.0736363451255 73.0253595814256,19.0736315516871 73.0259838296997,19.0736314523544 73.0259838296997,19.0735775673399 73.0265919316549,19.0735619941778 73.0265919316549,19.0736746646103 73.0265919316549,19.0736906155655 73.0277873341765,19.0737827834963 73.0280729580127,19.0738089317363 73.0280681942467,19.0738843353282 73.0282206176891,19.0738944646985 73.0281120796433,19.0748995488327 73.0280806781342,19.0752155726001 73.0273977483125,19.0751452211016 73.0273556388852,19.0755394378623 73.0263187422989,19.0755318139547 73.0263003304288,19.0763137126196 73.0262871979577,19.0767366620737 73.0262813930443,19.0768990967427 73.0262729497789,19.0769563536754 73.0271830302983,19.0770364838035 73.0272067943309,19.0767984271518 73.0272101243856,19.0767650689865 73.0280916663267,19.0768414636917 73.028204766916,19.0768512643256 73.0282146726386,19.0767257687939 73.0282187707529,19.0765972499421 73.0289014050289,19.0766498936123 73.0295998433657,19.0767088944391 73.0296470911564,19.0767128863499 73.0296570507779,19.0766537734589 73.0296724227491,19.0765625376097 73.0305349653219,19.076685132295 73.0318245283533,19.0768603458724 73.0324904413886,19.0770007188279 73.0355651069082,19.0770973378148 73.0384384950069,19.077090540036 73.041548951204,19.0770630602648 73.0422099504547,19.0770572209826 73.0434571058182,19.0770458056014 73.0443643862888,19.0770375008813 73.0443363435806,19.0768231851342 73.0442245159041,19.07649540178 73.0439950466547,19.0758939016349 73.0439531636029,19.075778169569 73.0439142836191,19.0756707371174 73.0439179478471,19.0755034722025 73.043966116411,19.0752806543956 73.043991944772,19.0751611829521 73.0440346506807,19.0748663133888 73.0440814295507,19.0745433161794 73.0441197849184,19.0743225575889 73.0441847897073,19.0739484175296 73.0441824118668,19.073808530161 73.0441743306225,19.0733330533281 73.0441447131676,19.0728478506707 73.0441182227482,19.0724138848096 73.0441218591284,19.0720295345466 73.0440646436313,19.0714887791725 73.0440547289255,19.0713950766561 73.0440538719328,19.0713899435495 73.0440085025193,19.071118305533 73.0438201940762,19.0705899606025 73.0437026369449,19.0702897196815 73.0436399480128,19.0701296099292 73.0433505135232,19.0694364996561 73.043221351955,19.0691749532869 73.043122723225,19.0689752313834 73.0430295984728,19.0687157397696 73.042947817646,19.0684878535048 73.0429423487025,19.0684341179441 73.0429243042434,19.0682567423305 73.042938010738,19.0681695228417 73.0429519373198,19.0680808939243 73.0430763953092,19.0678255984999 73.0432574974671,19.0673723100161 73.0434814573489,19.0666983339029 73.0437686676098,19.0659577379572 73.0437938770317,19.0659012235278 73.0439086404025,19.0656439464877 73.0440640049292,19.065059002317 73.0441473101971,19.0647931613763 73.0442020238861,19.0646185455032 73.0442023733307,19.064616273463 73.0442487407724,19.0643146386278 73.0437764676815,19.0643582311376 73.0437070773173,19.0643670722402 73.0433263407572,19.0644155815527 73.0429685911869,19.0644611624975 73.0412651320833,19.0646730804013 73.0392675708439,19.0650418729109 73.0386153059127,19.0651684725526 73.038408561345,19.0651904898717 73.0382920857853,19.0651904898717 73.0379805123155,19.0651216853152 73.0373020408326,19.0648932549678 73.0362013440981,19.0645217103764 73.0359305370742,19.0644749238055 73.0356742908428,19.0643923584874 73.0354326027088,19.0642905274472 73.0338545789616,19.0630623698419 73.0335362690255,19.0629337469991 73.0332992081136,19.0628743388176 73.033184619016,19.062845623016 73.0330848530188,19.0628416944501 73.0328699113242,19.0628797260546 73.032421653794,19.0630064131015 73.0319838975696,19.0631314240249 73.031946995676,19.0631485442888 73.0319209490243,19.0631659727564 73.0318961294714,19.0631842264995 73.0318807898396,19.0632132164858 73.0318080541494,19.0636341726932 73.0316970385499,19.0642337560378 73.0316007661009,19.0648493569435 73.0315242979107,19.0653219450585 73.031454236505,19.0657639061962 73.0314031277553,19.0659976604999 73.0313906860885,19.0659939587014 73.0312981838688,19.0659664371854 73.0312480497911,19.0659397341362 73.0311698200046,19.0658766838143 73.0310417678558,19.0657705482167 73.0309478139585,19.0657222583524 73.0308871327611,19.0657023934149 73.0308439202027,19.0656908668766 73.0308016284174,19.0656845211671 73.0305143094603,19.0656414078636 73.0304773365998,19.0656279157975 73.0304506728056,19.0656056319384 73.0304278412243,19.0655745698674 73.0303931967971,19.0655076240164 73.0303518994468,19.0654196194179 73.0303321436971,19.0653775214967 73.0302921138697,19.0653287891683 73.030217396496,19.0652703030535 73.0298208450953,19.0650339853176 73.0295738667826,19.064896007562 73.0294746478595,19.0648531937653 73.0293837644039,19.0648262332769 73.0292991880199,19.0648062408757 73.0292357085703,19.0648004249348 73.0287993025137,19.0648079372625 73.0286795490015,19.0648046523172 73.0286302072379,19.0647971569703 73.0285513899532,19.0647774617304 73.0284697914843,19.064744884812 73.0284575627184,19.064738692743 73.0283698269595,19.0646763772357 73.0281359083545,19.0645055590134 73.0281954091657,19.064432433386 73.0282921029245,19.0643026662444 73.0283510647465,19.0642095480543 73.0284369356028,19.0640985429593 73.028567077233,19.0639485707899 73.0290258154075,19.063465416587 73.0295180113349,19.0630183906729 73.0286730514871,19.0630023571817 73.0265416700164,19.0629239345044 73.0245685088168,19.0628750808894 73.0225136736898,19.06281185195 73.0204686266061,19.0627296143872 73.0192281214707,19.0626933895336 73.0192341482679,19.0633712765198 73.0191483825145,19.0648473200912 73.0191181775614,19.0653012395236 73.0191272388676,19.065498223458 73.0191695261613,19.0659036101704 73.0192329571019,19.0665687841894 73.0192298597108,19.0669577301872 73.0192534225207,19.0677015411781 73.0192184277505,19.0687588004832 73.0191572416998,19.0699536616281 73.0190975513441,19.0703628240468</coordinates></LinearRing></outerBoundaryIs></Polygon></MultiGeometry>
  </Placemark>
  <Placemark>
	<Style><LineStyle><color>ff0000ff</color></LineStyle><PolyStyle><fill>0</fill></PolyStyle></Style>
	<ExtendedData><SchemaData schemaUrl="#navi_mumbai_wards">
		<SimpleData name="objectid">74</SimpleData>
		<SimpleData name="townname">Navi Mumbai</SimpleData>
		<SimpleData name="towncensuscode2011">400708</SimpleData>
		<SimpleData name="town_lgd_code">251472</SimpleData>
		<SimpleData name="ward_lgd_code">2517938</SimpleData>
		<SimpleData name="ward_lgd_name">Navi Mumbai (M Corp.) - Ward No.75</SimpleData>
		<SimpleData name="sourcewardcode">75</SimpleData>
		<SimpleData name="state">Maharashtra</SimpleData>
	</SchemaData></ExtendedData>
      <MultiGeometry><Polygon><outerBoundaryIs><LinearRing><coordinates>73.0126868060657,19.0662758529676 73.0126351484453,19.0663606104038 73.0126101088051,19.0663952178949 73.0125431340107,19.0664671591032 73.0124083579721,19.0666010635878 73.0124103189943,19.0666743869323 73.0124325379246,19.0675049563582 73.0149501770011,19.0673023983815 73.0149812084043,19.06729909226 73.018345762961,19.0670170859636 73.0183775273894,19.0670149531974 73.0182451013435,19.0668029372524 73.0181354107591,19.0666563814911 73.0179311329652,19.0664401012384 73.0177828130269,19.0663209995443 73.017661570108,19.0662381379832 73.0174004882454,19.0660932297012 73.0172222157806,19.0660178497339 73.0170643431576,19.0659797755484 73.0168351982,19.0659271191493 73.0166166982785,19.0659052131519 73.0164330116675,19.0658955978096 73.0161122250762,19.0659257173897 73.0159428270681,19.0659576284315 73.015804340089,19.0659992065951 73.0157023130323,19.0660430771458 73.015600449469,19.0660897308245 73.0155532537806,19.0658876949743 73.0155027972077,19.0656717032407 73.0157764447045,19.0655553281066 73.0158616624856,19.0655157637517 73.0159261947606,19.0654649632047 73.0159704313985,19.0654174034253 73.0160499044534,19.0653579876434 73.0161212360768,19.0653206392353 73.01620485845,19.0652844446642 73.0162559231823,19.0652627932939 73.0163536131728,19.0652253905259 73.0164325876627,19.0651816301341 73.0164905451682,19.0651370716324 73.0165632188747,19.065064203543 73.0166243231786,19.0649942204645 73.0166607363887,19.0649520630024 73.0167116852383,19.0648805864117 73.0167361679231,19.0648392949438 73.0168568116658,19.0645614702485 73.0170326200517,19.0641865720324 73.0171903264863,19.0638394860655 73.0172156104683,19.0637596450253 73.0172384977451,19.0637217231498 73.0172653250328,19.0636935568291 73.0172928889389,19.0636756563461 73.0173229645347,19.0636656630481 73.0173733357676,19.063652428932 73.0174304488567,19.0636277352078 73.0174604957064,19.0636052855154 73.0174871289579,19.0635698810343 73.0174940217311,19.0635469736967 73.0175035052455,19.0631888495808 73.0173268326803,19.0631911394706 73.0169618193326,19.0632029828786 73.0169596858338,19.0631722591287 73.0167283822245,19.0631759338206 73.0167423258744,19.0623494011899 73.0168935231165,19.0618654263828 73.0169056180334,19.0615510328267 73.0166696845072,19.0615435042194 73.0162472751011,19.0615391290175 73.0162203750499,19.061988849581 73.0161542311972,19.0619902598645 73.0161583598543,19.0622134708207 73.0159766980459,19.0622236161872 73.0159750460441,19.0623789270758 73.0157142642188,19.0623778581157 73.0154920695265,19.0623664824781 73.0146716408725,19.06238270537 73.014647611837,19.0626795779836 73.0146450372654,19.0629402532847 73.0139687459936,19.0629522452947 73.013963165659,19.0635543298561 73.0128000746399,19.0638018486392 73.012777292466,19.06381166278 73.0127615485923,19.0638271901606 73.0127530990387,19.0638355235612 73.012744110496,19.0638526429034 73.0127411235977,19.0638653480471 73.012741289786,19.0639677465117 73.0127214828323,19.0643645548227 73.0127137815754,19.0645188431551 73.0127135569966,19.0646528341176 73.0127281636031,19.0648083405576 73.0127533954828,19.0649372293943 73.0127859450388,19.0650878043374 73.012830829362,19.0652291220579 73.0128355643818,19.0652740558105 73.012831060229,19.0653287721875 73.0127753278504,19.0658668918707 73.0127577235658,19.06609774827 73.0127500726145,19.0661274916906 73.012733477138,19.0661778811014 73.0126868060657,19.0662758529676</coordinates></LinearRing></outerBoundaryIs></Polygon></MultiGeometry>
  </Placemark>
  <Placemark>
	<Style><LineStyle><color>ff0000ff</color></LineStyle><PolyStyle><fill>0</fill></PolyStyle></Style>
	<ExtendedData><SchemaData schemaUrl="#navi_mumbai_wards">
		<SimpleData name="objectid">75</SimpleData>
		<SimpleData name="townname">Navi Mumbai</SimpleData>
		<SimpleData name="towncensuscode2011">400708</SimpleData>
		<SimpleData name="town_lgd_code">251472</SimpleData>
		<SimpleData name="ward_lgd_code">2517937</SimpleData>
		<SimpleData name="ward_lgd_name">Navi Mumbai (M Corp.) - Ward No.74</SimpleData>
		<SimpleData name="sourcewardcode">74</SimpleData>
		<SimpleData name="state">Maharashtra</SimpleData>
	</SchemaData></ExtendedData>
      <MultiGeometry><Polygon><outerBoundaryIs><LinearRing><coordinates>73.0173268326803,19.0631911394706 73.0175035052455,19.0631888495808 73.0174940217311,19.0635469736967 73.0174871289579,19.0635698810343 73.0174604957064,19.0636052855154 73.0174304488567,19.0636277352078 73.0173733357676,19.063652428932 73.0173229645347,19.0636656630481 73.0172928889389,19.0636756563461 73.0172653250328,19.0636935568291 73.0172384977451,19.0637217231498 73.0172156104683,19.0637596450253 73.0171903264863,19.0638394860655 73.0170326200517,19.0641865720324 73.0168568116658,19.0645614702485 73.0167361679231,19.0648392949438 73.0167116852383,19.0648805864117 73.0166607363887,19.0649520630024 73.0166243231786,19.0649942204645 73.0165632188747,19.065064203543 73.0164905451682,19.0651370716324 73.0164325876627,19.0651816301341 73.0163536131728,19.0652253905259 73.0162559231823,19.0652627932939 73.01620485845,19.0652844446642 73.0161212360768,19.0653206392353 73.0160499044534,19.0653579876434 73.0159704313985,19.0654174034253 73.0159261947606,19.0654649632047 73.0158616624856,19.0655157637517 73.0157764447045,19.0655553281066 73.0155027972077,19.0656717032407 73.0155532537806,19.0658876949743 73.015600449469,19.0660897308245 73.0157023130323,19.0660430771458 73.015804340089,19.0659992065951 73.0159428270681,19.0659576284315 73.0161122250762,19.0659257173897 73.0164330116675,19.0658955978096 73.0166166982785,19.0659052131519 73.0168351982,19.0659271191493 73.0170643431576,19.0659797755484 73.0172222157806,19.0660178497339 73.0174004882454,19.0660932297012 73.017661570108,19.0662381379832 73.0177828130269,19.0663209995443 73.0179311329652,19.0664401012384 73.0181354107591,19.0666563814911 73.0182451013435,19.0668029372524 73.0183775273894,19.0670149531974 73.0192298597108,19.0669577301872 73.0192329571019,19.0665687841894 73.0191695261613,19.0659036101704 73.0191272388676,19.065498223458 73.0191181775614,19.0653012395236 73.0191483825145,19.0648473200912 73.0192341482679,19.0633712765198 73.0192281214707,19.0626933895336 73.0192112070922,19.0606688758907 73.0192392111729,19.0592190297229 73.0171181342768,19.0591140352612 73.0157650325071,19.0590969689213 73.0140089393144,19.0590710798748 73.0140078397765,19.059124817621 73.0139951681411,19.0597442735851 73.0139866745701,19.0606675258795 73.0139557940838,19.0622292318413 73.0139362862691,19.0628433492534 73.0139359233498,19.0629528277444 73.0146450372654,19.0629402532847 73.014647611837,19.0626795779836 73.0146716408725,19.06238270537 73.0154920695265,19.0623664824781 73.0157142642188,19.0623778581157 73.0159750460441,19.0623789270758 73.0159766980459,19.0622236161872 73.0161583598543,19.0622134708207 73.0161542311972,19.0619902598645 73.0162203750499,19.061988849581 73.0162472751011,19.0615391290175 73.0166696845072,19.0615435042194 73.0169056180334,19.0615510328267 73.0168935231165,19.0618654263828 73.0167423258744,19.0623494011899 73.0167283822245,19.0631759338206 73.0169596858338,19.0631722591287 73.0169618193326,19.0632029828786 73.0173268326803,19.0631911394706</coordinates></LinearRing></outerBoundaryIs></Polygon></MultiGeometry>
  </Placemark>
  <Placemark>
	<Style><LineStyle><color>ff0000ff</color></LineStyle><PolyStyle><fill>0</fill></PolyStyle></Style>
	<ExtendedData><SchemaData schemaUrl="#navi_mumbai_wards">
		<SimpleData name="objectid">76</SimpleData>
		<SimpleData name="townname">Navi Mumbai</SimpleData>
		<SimpleData name="towncensuscode2011">400708</SimpleData>
		<SimpleData name="town_lgd_code">251472</SimpleData>
		<SimpleData name="ward_lgd_code">2517939</SimpleData>
		<SimpleData name="ward_lgd_name">Navi Mumbai (M Corp.) - Ward No.76</SimpleData>
		<SimpleData name="sourcewardcode">76</SimpleData>
		<SimpleData name="state">Maharashtra</SimpleData>
	</SchemaData></ExtendedData>
      <MultiGeometry><Polygon><outerBoundaryIs><LinearRing><coordinates>73.006958888201,19.0622863605404 73.0068605280673,19.0626103521035 73.006736733933,19.06299576005 73.0066267235483,19.0632800282643 73.0065366665428,19.0634722081323 73.0064826786925,19.0635494308442 73.0064285848411,19.0636379586002 73.006339780087,19.0637516172781 73.0061828587799,19.0639217842091 73.0060431851263,19.0640371755961 73.0058361243516,19.0641861407172 73.0056660400307,19.0642826567991 73.0055317275226,19.0643469948791 73.0053396695115,19.0644178136905 73.0051920044451,19.0644614664553 73.0049860926157,19.0644979906352 73.004824439882,19.0645174091199 73.0046638588384,19.064526617001 73.004496323038,19.0645232454477 73.0042631680009,19.0644934431553 73.0033585815778,19.0644980212007 73.0053760261277,19.0650146195339 73.0076699936817,19.06556596656 73.0080805516143,19.0656657854457 73.0122439770548,19.0665782865711 73.0124083579721,19.0666010635878 73.0125431340107,19.0664671591032 73.0126101088051,19.0663952178949 73.0126351484453,19.0663606104038 73.0126868060657,19.0662758529676 73.012733477138,19.0661778811014 73.0127500726145,19.0661274916906 73.0127577235658,19.06609774827 73.0127753278504,19.0658668918707 73.012831060229,19.0653287721875 73.0128355643818,19.0652740558105 73.012830829362,19.0652291220579 73.0127859450388,19.0650878043374 73.0127533954828,19.0649372293943 73.0127281636031,19.0648083405576 73.0127135569966,19.0646528341176 73.0127137815754,19.0645188431551 73.0127214828323,19.0643645548227 73.012741289786,19.0639677465117 73.0127411235977,19.0638653480471 73.012744110496,19.0638526429034 73.0127530990387,19.0638355235612 73.0127615485923,19.0638271901606 73.012777292466,19.06381166278 73.0128000746399,19.0638018486392 73.013963165659,19.0635543298561 73.0139687459936,19.0629522452947 73.0139359233498,19.0629528277444 73.0138370960921,19.0629552874478 73.0110300270176,19.0629001491577 73.0101721206499,19.0628936623987 73.0096317076497,19.062888727707 73.0096501967748,19.0616548752711 73.009653422625,19.0609993166927 73.0097582497305,19.0608786123053 73.0098739608239,19.060775525041 73.0099700015076,19.060699808125 73.0099990682952,19.0606777316242 73.0100449677146,19.0606520491468 73.0100710682652,19.0606405409368 73.0101374681378,19.0606317752021 73.0102830428245,19.0606259710018 73.0108742456726,19.0606417109467 73.010920808947,19.0600915014276 73.0109254182027,19.0600370295518 73.010649312017,19.0597470636237 73.0101209085938,19.0591560430729 73.0096699812707,19.0595191217285 73.0091417242729,19.059941864412 73.0084932529272,19.0604899084638 73.0079695009805,19.0609463437098 73.0072543602677,19.0615225316079 73.0072315825853,19.0615463731902 73.0072194193964,19.0615642399407 73.0071640993445,19.0616943751697 73.0071168560455,19.0617954368598 73.0071048500617,19.0618211208582 73.0070808722301,19.061884846874 73.006958888201,19.0622863605404</coordinates></LinearRing></outerBoundaryIs></Polygon></MultiGeometry>
  </Placemark>
  <Placemark>
	<Style><LineStyle><color>ff0000ff</color></LineStyle><PolyStyle><fill>0</fill></PolyStyle></Style>
	<ExtendedData><SchemaData schemaUrl="#navi_mumbai_wards">
		<SimpleData name="objectid">77</SimpleData>
		<SimpleData name="townname">Navi Mumbai</SimpleData>
		<SimpleData name="towncensuscode2011">400708</SimpleData>
		<SimpleData name="town_lgd_code">251472</SimpleData>
		<SimpleData name="ward_lgd_code">2517940</SimpleData>
		<SimpleData name="ward_lgd_name">Navi Mumbai (M Corp.) - Ward No.77</SimpleData>
		<SimpleData name="sourcewardcode">77</SimpleData>
		<SimpleData name="state">Maharashtra</SimpleData>
	</SchemaData></ExtendedData>
      <MultiGeometry><Polygon><outerBoundaryIs><LinearRing><coordinates>73.0016935748599,19.0639980693641 73.0017025247751,19.0641056375881 73.0029480470014,19.0643962139987 73.0033585815778,19.0644980212007 73.0042631680009,19.0644934431553 73.004496323038,19.0645232454477 73.0046638588384,19.064526617001 73.004824439882,19.0645174091199 73.0049860926157,19.0644979906352 73.0051920044451,19.0644614664553 73.0053396695115,19.0644178136905 73.0055317275226,19.0643469948791 73.0056660400307,19.0642826567991 73.0058361243516,19.0641861407172 73.0060431851263,19.0640371755961 73.0061828587799,19.0639217842091 73.006339780087,19.0637516172781 73.0064285848411,19.0636379586002 73.0064826786925,19.0635494308442 73.0065015001944,19.0634086831023 73.0066193492782,19.0629205442395 73.0066479040261,19.0627246066721 73.0066600986561,19.0625703693114 73.006665543345,19.0625015016866 73.0066628331278,19.0623473940238 73.0066438364545,19.0620908450536 73.00662431786,19.0619549492838 73.0064809063165,19.0614183409662 73.006175736038,19.0605780574727 73.0059482511671,19.060133231347 73.0043719306256,19.0611581345014 73.004311955504,19.061077117069 73.0037647215958,19.0603192506473 73.0031720886299,19.0595368205817 73.0031441806689,19.0595076796673 73.0030415050286,19.0594173072242 73.0029689310351,19.0593615734084 73.0028702744574,19.0593133419616 73.0028317196637,19.0592972648095 73.002763681264,19.0592865461413 73.0024797552438,19.0592735332831 73.0013407678203,19.0592353590566 73.0013377548709,19.0600939552301 73.0013557211765,19.0605526305483 73.0014166053932,19.0609596417216 73.0015006095504,19.0618939564106 73.0015976779067,19.0629942147758 73.0016935748599,19.0639980693641</coordinates></LinearRing></outerBoundaryIs></Polygon></MultiGeometry>
  </Placemark>
  <Placemark>
	<Style><LineStyle><color>ff0000ff</color></LineStyle><PolyStyle><fill>0</fill></PolyStyle></Style>
	<ExtendedData><SchemaData schemaUrl="#navi_mumbai_wards">
		<SimpleData name="objectid">81</SimpleData>
		<SimpleData name="townname">Navi Mumbai</SimpleData>
		<SimpleData name="towncensuscode2011">400708</SimpleData>
		<SimpleData name="town_lgd_code">251472</SimpleData>
		<SimpleData name="ward_lgd_code">2517944</SimpleData>
		<SimpleData name="ward_lgd_name">Navi Mumbai (M Corp.) - Ward No.81</SimpleData>
		<SimpleData name="sourcewardcode">81</SimpleData>
		<SimpleData name="state">Maharashtra</SimpleData>
	</SchemaData></ExtendedData>
      <MultiGeometry><Polygon><outerBoundaryIs><LinearRing><coordinates>73.0199391290349,19.0441201730116 73.0204989483402,19.0441012174724 73.0206777562009,19.0441249112592 73.0209140876808,19.0441064108641 73.0209120943192,19.0441836782554 73.0212510232859,19.0441836782554 73.0211721143731,19.0436030892763 73.020259034379,19.0436484993166 73.0200203394315,19.0436560176971 73.0199040399416,19.0436541911739 73.0188885681748,19.0436374544126 73.018890247126,19.0443773441764 73.0188800207048,19.0455812171371 73.0188842014642,19.0476363596386 73.0188862918438,19.0489741650366 73.0188570247319,19.0504562109189 73.0189430042844,19.0518469380712 73.0190529472954,19.0518349469565 73.0191331740367,19.0543159548438 73.019231093996,19.0543194760455 73.0194136163903,19.0543260378603 73.019413316353,19.0542682458222 73.0194287808507,19.0538555352118 73.0194599317298,19.0534450269908 73.0194781962761,19.0533500711932 73.0195131254693,19.0531833390705 73.0195817989779,19.0529581528348 73.0196178205224,19.0528571952942 73.0196694476001,19.052737295876 73.019706583954,19.0526637107886 73.0197610550978,19.0525504104762 73.0198476904204,19.0524032468958 73.0199256480175,19.0522899616895 73.0200042452149,19.0521792203306 73.0206496191695,19.0514451486452 73.0211671951986,19.0508861907699 73.0221167566747,19.0498030993962 73.0222678056948,19.0496329468498 73.0231636973243,19.0486247792221 73.0238275586075,19.0478590863766 73.0243086163236,19.0473042355608 73.0247890847449,19.0467647479848 73.0242758601551,19.0457026815968 73.0241682563571,19.0454773017944 73.0241063265014,19.0453763201721 73.024035106269,19.045283387509 73.0234073312091,19.0445741950183 73.0229568719082,19.0441410977234 73.0225872205587,19.0444459875084 73.022617018575,19.044476734257 73.0220698268876,19.0448951277421 73.0220979109184,19.0449259627185 73.0223886776095,19.0452452092142 73.0226898638597,19.0455458979687 73.0229530441868,19.0459059104495 73.0230890500191,19.0460982641408 73.0226625254306,19.0464253348732 73.0223488759543,19.0464504336489 73.0223216246618,19.0464526142312 73.0222419530793,19.0467777006865 73.0224623960567,19.0469251061647 73.0224484227625,19.0469418706159 73.0222686330432,19.0471575793546 73.0218971096046,19.0476502531086 73.0216687075537,19.0480041659805 73.0217059948245,19.0480211850613 73.0216353764634,19.0482394083611 73.0218942026563,19.0484318748289 73.0219923822287,19.0485048826893 73.0214330408271,19.0490901926265 73.0214226338446,19.0490771679299 73.021324513561,19.0489543770616 73.0213438965099,19.048861459139 73.0211445262124,19.048843137588 73.0206945591883,19.0488967945843 73.0205616453571,19.0489138076296 73.0204050222907,19.0482792502561 73.020189670066,19.0475015491041 73.0199870712233,19.0469900071601 73.0201449061171,19.0469638326134 73.0201324455857,19.0467963171153 73.0201753652934,19.0467923907167 73.0201795191033,19.0466589016003 73.0201352141934,19.0466536666809 73.0201130617386,19.046432493094 73.0200909101819,19.0462754469228 73.0200826025622,19.0462270240121 73.0201435218132,19.0461262525829 73.0200798339545,19.0461053128369 73.0201116774347,19.0460215546757 73.0200493747782,19.0460058498566 73.02008039091,19.0459203687419 73.0200256323052,19.0459077157195 73.02008039091,19.0454993786198 73.0202756208724,19.0455237812399 73.0204786374316,19.0451632355175 73.0204176930278,19.0449532737413 73.0199888903118,19.0449704638129 73.0199889208545,19.044925730053 73.0199892622143,19.0444155651282 73.0199391290349,19.0441201730116</coordinates></LinearRing></outerBoundaryIs></Polygon></MultiGeometry>
  </Placemark>
  <Placemark>
	<Style><LineStyle><color>ff0000ff</color></LineStyle><PolyStyle><fill>0</fill></PolyStyle></Style>
	<ExtendedData><SchemaData schemaUrl="#navi_mumbai_wards">
		<SimpleData name="objectid">82</SimpleData>
		<SimpleData name="townname">Navi Mumbai</SimpleData>
		<SimpleData name="towncensuscode2011">400708</SimpleData>
		<SimpleData name="town_lgd_code">251472</SimpleData>
		<SimpleData name="ward_lgd_code">2517945</SimpleData>
		<SimpleData name="ward_lgd_name">Navi Mumbai (M Corp.) - Ward No.82</SimpleData>
		<SimpleData name="sourcewardcode">82</SimpleData>
		<SimpleData name="state">Maharashtra</SimpleData>
	</SchemaData></ExtendedData>
      <MultiGeometry><Polygon><outerBoundaryIs><LinearRing><coordinates>73.0152381580166,19.0489092079259 73.0155552085146,19.0492631232076 73.0161391745347,19.0493418418943 73.0171467644832,19.049462036713 73.0169844514878,19.0506194380878 73.0165579870865,19.0533322018596 73.0166007037749,19.0542010720944 73.016764192665,19.0542056920297 73.0168354209822,19.054207705238 73.0183537570687,19.0542879329701 73.0191331740367,19.0543159548438 73.0190529472954,19.0518349469565 73.0189430042844,19.0518469380712 73.0188570247319,19.0504562109189 73.0188862918438,19.0489741650366 73.0188842014642,19.0476363596386 73.0188800207048,19.0455812171371 73.018890247126,19.0443773441764 73.0188900548866,19.0442926137186 73.017732692424,19.0443396777091 73.0177619478578,19.04521622373 73.0177115936929,19.0458532824924 73.0175683689989,19.0465640429663 73.0174950673701,19.0469364964474 73.0165245428084,19.046786541028 73.0164536863938,19.04722653147 73.0162473649326,19.0485076839556 73.0156370908511,19.0484253611812 73.015597096058,19.0486335421947 73.0152381580166,19.0489092079259</coordinates></LinearRing></outerBoundaryIs></Polygon></MultiGeometry>
  </Placemark>
  <Placemark>
	<Style><LineStyle><color>ff0000ff</color></LineStyle><PolyStyle><fill>0</fill></PolyStyle></Style>
	<ExtendedData><SchemaData schemaUrl="#navi_mumbai_wards">
		<SimpleData name="objectid">83</SimpleData>
		<SimpleData name="townname">Navi Mumbai</SimpleData>
		<SimpleData name="towncensuscode2011">400708</SimpleData>
		<SimpleData name="town_lgd_code">251472</SimpleData>
		<SimpleData name="ward_lgd_code">2517946</SimpleData>
		<SimpleData name="ward_lgd_name">Navi Mumbai (M Corp.) - Ward No.83</SimpleData>
		<SimpleData name="sourcewardcode">83</SimpleData>
		<SimpleData name="state">Maharashtra</SimpleData>
	</SchemaData></ExtendedData>
      <MultiGeometry><Polygon><outerBoundaryIs><LinearRing><coordinates>73.0135418845369,19.0514852360126 73.0138397586986,19.0518125652947 73.0142126915938,19.0522078284443 73.014424455049,19.0523958673159 73.0146688174676,19.0525545999612 73.0141640451263,19.0534533592149 73.0142148385674,19.0535015830256 73.0155637766458,19.0547673379904 73.0156794886375,19.0546681111561 73.0157833257995,19.0541779724159 73.0166007037749,19.0542010720944 73.0165579870865,19.0533322018596 73.0169844514878,19.0506194380878 73.0171467644832,19.049462036713 73.0161391745347,19.0493418418943 73.0155552085146,19.0492631232076 73.0150346177395,19.0497232600904 73.0155027882245,19.0502012577278 73.0150511943514,19.0505917908987 73.0145819863122,19.0500938010607 73.0137138068109,19.0508131865046 73.0139747557229,19.0511010401739 73.0135418845369,19.0514852360126</coordinates></LinearRing></outerBoundaryIs></Polygon></MultiGeometry>
  </Placemark>
  <Placemark>
	<Style><LineStyle><color>ff0000ff</color></LineStyle><PolyStyle><fill>0</fill></PolyStyle></Style>
	<ExtendedData><SchemaData schemaUrl="#navi_mumbai_wards">
		<SimpleData name="objectid">84</SimpleData>
		<SimpleData name="townname">Navi Mumbai</SimpleData>
		<SimpleData name="towncensuscode2011">400708</SimpleData>
		<SimpleData name="town_lgd_code">251472</SimpleData>
		<SimpleData name="ward_lgd_code">2517947</SimpleData>
		<SimpleData name="ward_lgd_name">Navi Mumbai (M Corp.) - Ward No.84</SimpleData>
		<SimpleData name="sourcewardcode">84</SimpleData>
		<SimpleData name="state">Maharashtra</SimpleData>
	</SchemaData></ExtendedData>
      <MultiGeometry><Polygon><outerBoundaryIs><LinearRing><coordinates>73.0152381580166,19.0489092079259 73.015597096058,19.0486335421947 73.0156370908511,19.0484253611812 73.0162473649326,19.0485076839556 73.0164536863938,19.04722653147 73.0165245428084,19.046786541028 73.0174950673701,19.0469364964474 73.0175683689989,19.0465640429663 73.0177115936929,19.0458532824924 73.0177619478578,19.04521622373 73.017732692424,19.0443396777091 73.0188900548866,19.0442926137186 73.0188885681748,19.0436374544126 73.0182054488085,19.0436271126047 73.0174499602647,19.0436253650523 73.0170980308791,19.0436331169503 73.0147555965207,19.0437410567215 73.0097743376589,19.0439904129067 73.008414226335,19.0440497718071 73.0055806937905,19.043956592148 73.0020077570373,19.043884713354 72.9941197538337,19.0436725039572 72.9933552596791,19.0436354444726 72.9933238105593,19.0436339202469 72.992640115373,19.0448203639607 72.9925890937598,19.0455727384655 72.9921094868229,19.0462961726648 72.9912421122121,19.0470485404793 72.9909870023496,19.047935944439 72.9907012788004,19.0486400762133 72.990476781726,19.0494503069551 72.9905073954126,19.0500965598443 72.9906808699754,19.0504052172552 72.9907727101368,19.0509357204141 72.9908441405749,19.0515626757341 72.9910380239627,19.0520063666612 72.9913033386869,19.0523632472082 72.9916502887109,19.0527297719632 72.9921094868229,19.0530191337103 72.9927931811109,19.0533663671406 72.9933646282092,19.0536557269282 72.9939156655843,19.0539257964005 72.9943904368901,19.0541784326264 72.9968995913787,19.0548226038013 72.9970014459589,19.0546166203684 72.9972603835429,19.0540668739982 72.9978021610841,19.0529673757925 72.9983837744164,19.0517511407407 72.9989713633421,19.0505650208412 72.9994175322892,19.0496104706387 72.9994693201653,19.0495652846992 72.9995450095162,19.049521982097 72.9996306584887,19.0494880919887 72.9997820371904,19.0494429060158 72.9999911784633,19.0493694791022 73.0008516477245,19.049119072992 73.0010070104546,19.0490776527791 73.0011205449301,19.0490795352847 73.0012121685975,19.0491002453922 73.0012938335417,19.0491228388513 73.0013774900508,19.0491454314583 73.0015069588428,19.0491887350078 73.0016324445048,19.049213210959 73.0019053248404,19.0492385105551 73.0030599618144,19.0493120555547 73.0040403139452,19.0494267854511 73.0043670985877,19.049444436132 73.0045507196217,19.0494209018904 73.0056555611829,19.0493061719898 73.0067541783175,19.0492708697475 73.0071544343704,19.0492807085236 73.0080704904831,19.0492394157193 73.0086879025779,19.0491806725905 73.0092977535529,19.049159186395 73.0093719184627,19.0491616938539 73.0095165517151,19.0491770001359 73.0095708782302,19.049189312411 73.0097248818092,19.0492361058412 73.009795288168,19.0492697191873 73.009883927632,19.0493348740022 73.0103386404558,19.0497729030147 73.0112862516894,19.050804505162 73.011513390709,19.0506201504953 73.0120072080954,19.0502193481691 73.0124938766888,19.0497874492786 73.0130780124905,19.0492921377042 73.0144789989564,19.0480942448992 73.0147301697065,19.0483421518776 73.0152381580166,19.0489092079259</coordinates></LinearRing></outerBoundaryIs></Polygon></MultiGeometry>
  </Placemark>
  <Placemark>
	<Style><LineStyle><color>ff0000ff</color></LineStyle><PolyStyle><fill>0</fill></PolyStyle></Style>
	<ExtendedData><SchemaData schemaUrl="#navi_mumbai_wards">
		<SimpleData name="objectid">85</SimpleData>
		<SimpleData name="townname">Navi Mumbai</SimpleData>
		<SimpleData name="towncensuscode2011">400708</SimpleData>
		<SimpleData name="town_lgd_code">251472</SimpleData>
		<SimpleData name="ward_lgd_code">2517952</SimpleData>
		<SimpleData name="ward_lgd_name">Navi Mumbai (M Corp.) - Ward No.89</SimpleData>
		<SimpleData name="sourcewardcode">89</SimpleData>
		<SimpleData name="state">Maharashtra</SimpleData>
	</SchemaData></ExtendedData>
      <MultiGeometry><Polygon><outerBoundaryIs><LinearRing><coordinates>73.0199391290349,19.0441201730116 73.0199892622143,19.0444155651282 73.0199889208545,19.044925730053 73.0199888903118,19.0449704638129 73.0204176930278,19.0449532737413 73.0204786374316,19.0451632355175 73.0202756208724,19.0455237812399 73.02008039091,19.0454993786198 73.0200256323052,19.0459077157195 73.02008039091,19.0459203687419 73.0200493747782,19.0460058498566 73.0201116774347,19.0460215546757 73.0200798339545,19.0461053128369 73.0201435218132,19.0461262525829 73.0200826025622,19.0462270240121 73.0200909101819,19.0462754469228 73.0201130617386,19.046432493094 73.0201352141934,19.0466536666809 73.0201795191033,19.0466589016003 73.0201753652934,19.0467923907167 73.0201324455857,19.0467963171153 73.0201449061171,19.0469638326134 73.0199870712233,19.0469900071601 73.020189670066,19.0475015491041 73.0204050222907,19.0482792502561 73.0205616453571,19.0489138076296 73.0206945591883,19.0488967945843 73.0211445262124,19.048843137588 73.0213438965099,19.048861459139 73.021324513561,19.0489543770616 73.0214226338446,19.0490771679299 73.0214330408271,19.0490901926265 73.0219923822287,19.0485048826893 73.0218942026563,19.0484318748289 73.0216353764634,19.0482394083611 73.0217059948245,19.0480211850613 73.0216687075537,19.0480041659805 73.0218971096046,19.0476502531086 73.0222686330432,19.0471575793546 73.0224484227625,19.0469418706159 73.0224623960567,19.0469251061647 73.0222419530793,19.0467777006865 73.0223216246618,19.0464526142312 73.0223488759543,19.0464504336489 73.0226625254306,19.0464253348732 73.0230890500191,19.0460982641408 73.0229530441868,19.0459059104495 73.0226898638597,19.0455458979687 73.0223886776095,19.0452452092142 73.0220979109184,19.0449259627185 73.0220698268876,19.0448951277421 73.022617018575,19.044476734257 73.0225872205587,19.0444459875084 73.0229568719082,19.0441410977234 73.0226781192857,19.0438588253303 73.02246903281,19.0436245167506 73.0224274587787,19.0435835401214 73.0224039597492,19.0435658582477 73.022291802391,19.043553385915 73.0220452408967,19.0435621601944 73.0217991222717,19.0435734131454 73.0211721143731,19.0436030892763 73.0212510232859,19.0441836782554 73.0209120943192,19.0441836782554 73.0209140876808,19.0441064108641 73.0206777562009,19.0441249112592 73.0204989483402,19.0441012174724 73.0199391290349,19.0441201730116</coordinates></LinearRing></outerBoundaryIs></Polygon></MultiGeometry>
  </Placemark>
  <Placemark>
	<Style><LineStyle><color>ff0000ff</color></LineStyle><PolyStyle><fill>0</fill></PolyStyle></Style>
	<ExtendedData><SchemaData schemaUrl="#navi_mumbai_wards">
		<SimpleData name="objectid">86</SimpleData>
		<SimpleData name="townname">Navi Mumbai</SimpleData>
		<SimpleData name="towncensuscode2011">400708</SimpleData>
		<SimpleData name="town_lgd_code">251472</SimpleData>
		<SimpleData name="ward_lgd_code">2517948</SimpleData>
		<SimpleData name="ward_lgd_name">Navi Mumbai (M Corp.) - Ward No.85</SimpleData>
		<SimpleData name="sourcewardcode">85</SimpleData>
		<SimpleData name="state">Maharashtra</SimpleData>
	</SchemaData></ExtendedData>
      <MultiGeometry><Polygon><outerBoundaryIs><LinearRing><coordinates>73.008414226335,19.0440497718071 73.0097743376589,19.0439904129067 73.0098292651469,19.0439876633622 73.009781398417,19.0431207682756 73.0097210208501,19.0422140355102 73.0101063280384,19.0421883663087 73.0101296024891,19.041962974092 73.0101415150481,19.0419167433024 73.0101546825535,19.0418859230519 73.0101709851793,19.0418639926506 73.0101847797088,19.041846211242 73.0102205191824,19.0418159836922 73.010246853295,19.0418017585613 73.0102769504503,19.0417893115708 73.0103358898143,19.0417733091451 73.0103885589378,19.0417691601477 73.0104349578205,19.0417709382894 73.0104907620643,19.0417786435702 73.010518977249,19.0417869415645 73.0105478203562,19.0417958314231 73.0105954732871,19.0418225035434 73.0108399300287,19.0416254295056 73.0108526663428,19.0413411156937 73.0128883386081,19.0412656149365 73.0128413055148,19.0417768993949 73.0132148061453,19.0418773864487 73.0132116764149,19.0419439554687 73.0133403313332,19.0419367146858 73.0133403313332,19.0417630708187 73.0133838035048,19.0417630708187 73.0134689179796,19.0415691683281 73.0137338868525,19.0416143513496 73.0138912124014,19.0416401811314 73.0139238922131,19.0416073585075 73.0141444834126,19.0416034965224 73.014142441542,19.0414779980918 73.0146775796348,19.0414548287093 73.0146600058929,19.0406266186021 73.0146601864543,19.04060892962 73.0146232800692,19.040611564583 73.0145847315637,19.0406126362308 73.0140428641911,19.0406375974715 73.013761679829,19.0406602922842 73.0134174966161,19.0407088068305 73.0133874901907,19.0407135740471 73.0133449531654,19.0407143332013 73.0132121273691,19.0407078846365 73.0131651760225,19.0407025739536 73.0130331524218,19.0406722273123 73.0129605191395,19.0406471913503 73.0127529193757,19.0405509451391 73.0127152206765,19.0405287283922 73.0126696617185,19.0404916885858 73.0126298573683,19.0404419715554 73.012625443047,19.0404340055182 73.0126222324681,19.0404222462507 73.0126202256318,19.0404006239037 73.0125902614272,19.039652946499 73.0125247311238,19.0383927130945 73.0125079074752,19.0380705577193 73.0088171180449,19.0382313718152 73.0072772322731,19.0383863705867 73.0069604602528,19.0384239653757 73.0063089436183,19.0384913976952 73.0057810719978,19.0386487391016 73.0054637960226,19.0387410224627 73.0047300853362,19.0389544295558 73.0040547911944,19.0392241569587 73.004016106145,19.0392488194991 73.0038503004997,19.039354524551 73.0036790986745,19.0395253508378 73.0036144271606,19.039579073685 73.0035221638927,19.0396557181937 73.0032748729664,19.0398220495121 73.002420352349,19.040284235287 73.0020817683352,19.0405226857219 73.0005552665628,19.0415977341144 73.0000945682643,19.0418646465037 72.9996933150814,19.0420894155713 72.9992920610002,19.0422860874067 72.9987199033345,19.0425038308313 72.9978342812453,19.0426201593 72.9976212305044,19.0426172823595 72.9973716569588,19.0425770043373 72.9971342573821,19.0424935704718 72.9965894561117,19.0421742201814 72.9963003162695,19.0420389993124 72.9949215729883,19.0420102289547 72.994574604998,19.0420591388145 72.9942976391246,19.0421972366151 72.9940358916103,19.0424676771361 72.9939567581187,19.0426949622845 72.9933936958952,19.0432991362565 72.9933238105593,19.0436339202469 72.9933552596791,19.0436354444726 72.9941197538337,19.0436725039572 73.0020077570373,19.043884713354 73.0055806937905,19.043956592148 73.008414226335,19.0440497718071</coordinates></LinearRing></outerBoundaryIs></Polygon></MultiGeometry>
  </Placemark>
  <Placemark>
	<Style><LineStyle><color>ff0000ff</color></LineStyle><PolyStyle><fill>0</fill></PolyStyle></Style>
	<ExtendedData><SchemaData schemaUrl="#navi_mumbai_wards">
		<SimpleData name="objectid">87</SimpleData>
		<SimpleData name="townname">Navi Mumbai</SimpleData>
		<SimpleData name="towncensuscode2011">400708</SimpleData>
		<SimpleData name="town_lgd_code">251472</SimpleData>
		<SimpleData name="ward_lgd_code">2517949</SimpleData>
		<SimpleData name="ward_lgd_name">Navi Mumbai (M Corp.) - Ward No.86</SimpleData>
		<SimpleData name="sourcewardcode">86</SimpleData>
		<SimpleData name="state">Maharashtra</SimpleData>
	</SchemaData></ExtendedData>
      <MultiGeometry><Polygon><outerBoundaryIs><LinearRing><coordinates>73.0098292651469,19.0439876633622 73.0147555965207,19.0437410567215 73.0146775796348,19.0414548287093 73.014142441542,19.0414779980918 73.0141444834126,19.0416034965224 73.0139238922131,19.0416073585075 73.0138912124014,19.0416401811314 73.0137338868525,19.0416143513496 73.0134689179796,19.0415691683281 73.0133838035048,19.0417630708187 73.0133403313332,19.0417630708187 73.0133403313332,19.0419367146858 73.0132116764149,19.0419439554687 73.0132148061453,19.0418773864487 73.0128413055148,19.0417768993949 73.0128883386081,19.0412656149365 73.0108526663428,19.0413411156937 73.0108399300287,19.0416254295056 73.0105954732871,19.0418225035434 73.0105478203562,19.0417958314231 73.010518977249,19.0417869415645 73.0104907620643,19.0417786435702 73.0104349578205,19.0417709382894 73.0103885589378,19.0417691601477 73.0103358898143,19.0417733091451 73.0102769504503,19.0417893115708 73.010246853295,19.0418017585613 73.0102205191824,19.0418159836922 73.0101847797088,19.041846211242 73.0101709851793,19.0418639926506 73.0101546825535,19.0418859230519 73.0101415150481,19.0419167433024 73.0101296024891,19.041962974092 73.0101063280384,19.0421883663087 73.0097210208501,19.0422140355102 73.009781398417,19.0431207682756 73.0098292651469,19.0439876633622</coordinates></LinearRing></outerBoundaryIs></Polygon></MultiGeometry>
  </Placemark>
  <Placemark>
	<Style><LineStyle><color>ff0000ff</color></LineStyle><PolyStyle><fill>0</fill></PolyStyle></Style>
	<ExtendedData><SchemaData schemaUrl="#navi_mumbai_wards">
		<SimpleData name="objectid">88</SimpleData>
		<SimpleData name="townname">Navi Mumbai</SimpleData>
		<SimpleData name="towncensuscode2011">400708</SimpleData>
		<SimpleData name="town_lgd_code">251472</SimpleData>
		<SimpleData name="ward_lgd_code">2517950</SimpleData>
		<SimpleData name="ward_lgd_name">Navi Mumbai (M Corp.) - Ward No.87</SimpleData>
		<SimpleData name="sourcewardcode">87</SimpleData>
		<SimpleData name="state">Maharashtra</SimpleData>
	</SchemaData></ExtendedData>
      <MultiGeometry><Polygon><outerBoundaryIs><LinearRing><coordinates>73.0146600058929,19.0406266186021 73.0146775796348,19.0414548287093 73.0147555965207,19.0437410567215 73.0170980308791,19.0436331169503 73.0174499602647,19.0436253650523 73.0182054488085,19.0436271126047 73.0188885681748,19.0436374544126 73.0188779689527,19.042925179252 73.0188675817331,19.0426334256637 73.0187790967793,19.0411990948959 73.0186163777454,19.0391641271839 73.0186156626864,19.0391059562292 73.0180978656718,19.0391392311081 73.0180994071808,19.0391800330553 73.0174880497311,19.0392217673848 73.0175080704838,19.0396154632297 73.0155272250952,19.0396610229658 73.0155331126536,19.0397641097623 73.0155601690116,19.0402190404049 73.0155675774178,19.0404078588094 73.0155682870869,19.040425949469 73.0150901920145,19.0405202545575 73.0146601864543,19.04060892962 73.0146600058929,19.0406266186021</coordinates></LinearRing></outerBoundaryIs></Polygon></MultiGeometry>
  </Placemark>
  <Placemark>
	<Style><LineStyle><color>ff0000ff</color></LineStyle><PolyStyle><fill>0</fill></PolyStyle></Style>
	<ExtendedData><SchemaData schemaUrl="#navi_mumbai_wards">
		<SimpleData name="objectid">89</SimpleData>
		<SimpleData name="townname">Navi Mumbai</SimpleData>
		<SimpleData name="towncensuscode2011">400708</SimpleData>
		<SimpleData name="town_lgd_code">251472</SimpleData>
		<SimpleData name="ward_lgd_code">2517951</SimpleData>
		<SimpleData name="ward_lgd_name">Navi Mumbai (M Corp.) - Ward No.88</SimpleData>
		<SimpleData name="sourcewardcode">88</SimpleData>
		<SimpleData name="state">Maharashtra</SimpleData>
	</SchemaData></ExtendedData>
      <MultiGeometry><Polygon><outerBoundaryIs><LinearRing><coordinates>73.0184740082476,19.0369928022147 73.0186156626864,19.0391059562292 73.0186163777454,19.0391641271839 73.0187790967793,19.0411990948959 73.0188675817331,19.0426334256637 73.0188779689527,19.042925179252 73.0188885681748,19.0436374544126 73.0199040399416,19.0436541911739 73.0200203394315,19.0436560176971 73.020259034379,19.0436484993166 73.0211721143731,19.0436030892763 73.0217991222717,19.0435734131454 73.0220452408967,19.0435621601944 73.022291802391,19.043553385915 73.0224039597492,19.0435658582477 73.0223561469181,19.0430552773037 73.0223095063886,19.0420071770768 73.0222948422899,19.0418039969475 73.0222812193386,19.0417524860341 73.0222770421725,19.0417402802015 73.0222510395383,19.0416605643911 73.0222322638506,19.0416252350477 73.0222173311556,19.0416026499087 73.0221887368818,19.0415682486863 73.0209031282343,19.0402762276331 73.0205499169528,19.039914736426 73.0200106609827,19.0393757657557 73.0199849098768,19.039145006339 73.0198312090299,19.0370705501585 73.0215291911053,19.036982543213 73.0221703250118,19.0364425966492 73.02177855175,19.0360700100778 73.0214630634223,19.0357460201893 73.0214351734276,19.0357117459814 73.0214100736003,19.0356735179307 73.0213919446995,19.0356273796501 73.0213515052404,19.0353004600298 73.0213515052404,19.035282005357 73.0213515052404,19.0352622318844 73.0213598721489,19.0352332310701 73.0213738166971,19.0352081849469 73.021995950337,19.0346833313298 73.0219485094085,19.0346303652314 73.0213349259335,19.0340225701461 73.0212970484695,19.0339867636254 73.0212449138437,19.0339418927323 73.0211500391733,19.0338602370001 73.0210776313681,19.0338021592979 73.0210632969511,19.0337965129597 73.0209986416069,19.0337710462651 73.0209196518456,19.0337586012202 73.0208121378792,19.0337586012202 73.020305285938,19.0337959372013 73.0201966149414,19.0338047332264 73.0196089352859,19.033852303766 73.0195731544898,19.0333185759328 73.0195552717275,19.0332504774352 73.0194880049807,19.0329943148753 73.0193039752133,19.0325534978001 73.0192912380009,19.0325181962412 73.0185139221923,19.0325437956043 73.0184740082476,19.0369928022147</coordinates></LinearRing></outerBoundaryIs></Polygon></MultiGeometry>
  </Placemark>
  <Placemark>
	<Style><LineStyle><color>ff0000ff</color></LineStyle><PolyStyle><fill>0</fill></PolyStyle></Style>
	<ExtendedData><SchemaData schemaUrl="#navi_mumbai_wards">
		<SimpleData name="objectid">90</SimpleData>
		<SimpleData name="townname">Navi Mumbai</SimpleData>
		<SimpleData name="towncensuscode2011">400708</SimpleData>
		<SimpleData name="town_lgd_code">251472</SimpleData>
		<SimpleData name="ward_lgd_code">2517953</SimpleData>
		<SimpleData name="ward_lgd_name">Navi Mumbai (M Corp.) - Ward No.90</SimpleData>
		<SimpleData name="sourcewardcode">90</SimpleData>
		<SimpleData name="state">Maharashtra</SimpleData>
	</SchemaData></ExtendedData>
      <MultiGeometry><Polygon><outerBoundaryIs><LinearRing><coordinates>73.0224039597492,19.0435658582477 73.0224274587787,19.0435835401214 73.02246903281,19.0436245167506 73.0226781192857,19.0438588253303 73.0229568719082,19.0441410977234 73.0234073312091,19.0445741950183 73.024035106269,19.045283387509 73.0241063265014,19.0453763201721 73.0241682563571,19.0454773017944 73.0242758601551,19.0457026815968 73.0247890847449,19.0467647479848 73.0260517755728,19.0453172020532 73.0268415977268,19.0444215473674 73.0272111897876,19.0439975474563 73.0276143815348,19.0435354340079 73.0278781358854,19.0432345038484 73.0280352126011,19.0430272662657 73.0281217302444,19.0428906959357 73.028243601984,19.0426573243066 73.0282610643348,19.0426214016153 73.0283183876298,19.0424769049226 73.0283880394036,19.0422771882336 73.0284321529723,19.0421038071126 73.0285505617065,19.0412654332156 73.0287037963276,19.0401549095054 73.0288090294716,19.0394492913487 73.0288119085721,19.0394299854171 73.0263740875035,19.0390050751794 73.0260109112106,19.0386444507611 73.0259574641461,19.0386834619174 73.021995950337,19.0346833313298 73.0213738166971,19.0352081849469 73.0213598721489,19.0352332310701 73.0213515052404,19.0352622318844 73.0213515052404,19.035282005357 73.0213515052404,19.0353004600298 73.0213919446995,19.0356273796501 73.0214100736003,19.0356735179307 73.0214351734276,19.0357117459814 73.0214630634223,19.0357460201893 73.02177855175,19.0360700100778 73.0221703250118,19.0364425966492 73.0215291911053,19.036982543213 73.0198312090299,19.0370705501585 73.0199849098768,19.039145006339 73.0200106609827,19.0393757657557 73.0205499169528,19.039914736426 73.0209031282343,19.0402762276331 73.0221887368818,19.0415682486863 73.0222173311556,19.0416026499087 73.0222322638506,19.0416252350477 73.0222510395383,19.0416605643911 73.0222770421725,19.0417402802015 73.0222812193386,19.0417524860341 73.0222948422899,19.0418039969475 73.0223095063886,19.0420071770768 73.0223561469181,19.0430552773037 73.0224039597492,19.0435658582477</coordinates></LinearRing></outerBoundaryIs></Polygon></MultiGeometry>
  </Placemark>
  <Placemark>
	<Style><LineStyle><color>ff0000ff</color></LineStyle><PolyStyle><fill>0</fill></PolyStyle></Style>
	<ExtendedData><SchemaData schemaUrl="#navi_mumbai_wards">
		<SimpleData name="objectid">91</SimpleData>
		<SimpleData name="townname">Navi Mumbai</SimpleData>
		<SimpleData name="towncensuscode2011">400708</SimpleData>
		<SimpleData name="town_lgd_code">251472</SimpleData>
		<SimpleData name="ward_lgd_code">2517962</SimpleData>
		<SimpleData name="ward_lgd_name">Navi Mumbai (M Corp.) - Ward No.99</SimpleData>
		<SimpleData name="sourcewardcode">99</SimpleData>
		<SimpleData name="state">Maharashtra</SimpleData>
	</SchemaData></ExtendedData>
      <MultiGeometry><Polygon><outerBoundaryIs><LinearRing><coordinates>73.0240754451168,19.018038932158 73.0236283050909,19.0184394155414 73.0213683208042,19.02031344747 73.0210949895144,19.0205645101899 73.0202449371172,19.0212769908016 73.0188975369546,19.0224836452369 73.0179789700507,19.0232488954336 73.0175298366631,19.0236950891892 73.017304001099,19.0239589671004 73.0171872776043,19.0241268886488 73.017141552458,19.0241929535351 73.0179114526739,19.0249679613435 73.0181033202422,19.0247905613483 73.0182594618116,19.0249461790247 73.0182419725114,19.0249609253381 73.0182130629289,19.0249853012527 73.0182502154524,19.0250195674829 73.0182906980307,19.0250569045789 73.0183965474189,19.0249650781524 73.0196815667716,19.0263496903033 73.019374629507,19.0267392324697 73.0197050451399,19.0270241963177 73.0201282603348,19.0262135351239 73.0204894315881,19.0255577864522 73.0208743632806,19.0248491279703 73.0209187229876,19.0247871151033 73.0210614625913,19.0245783513309 73.0212978830044,19.0245017992266 73.022469599647,19.0241977764271 73.0233554723661,19.0239656056985 73.0245471109467,19.0236689941974 73.0246136761092,19.0236462622435 73.0249641062066,19.0235322482887 73.0250639988662,19.0234976004368 73.025158404616,19.0234548124784 73.0253993848775,19.0233413359704 73.0254983352044,19.023275575628 73.0261806415953,19.0227479862186 73.0270440097199,19.0220996404666 73.0273933205165,19.0218350547154 73.027410480135,19.0218220576051 73.0274313776435,19.0218062290529 73.0274542909714,19.0217888735252 73.0274846073156,19.0217722772365 73.0274918180924,19.0217683307132 73.0275179473891,19.0217598822485 73.0275402579475,19.0217553692667 73.0275818014361,19.021754435927 73.0279574445486,19.0217830832534 73.0279824284933,19.0215637135 73.0280151936449,19.0211601284826 73.0280803933683,19.0207310678469 73.0282096097337,19.019898503799 73.028392134823,19.0188707496636 73.0285139068496,19.0181789174977 73.0285408248671,19.0178754937658 73.0286035991392,19.0162416589898 73.0279562731454,19.0162152239607 73.0276421295956,19.0162094241525 73.026906107544,19.0163547055084 73.0266684151165,19.0164217060044 73.0264424825343,19.0164937784308 73.0258884052603,19.0167050237877 73.025653158047,19.0168172750578 73.0254049580256,19.0169568070576 73.0251053043013,19.0171596124698 73.0248464421758,19.0173483806494 73.0240754451168,19.018038932158</coordinates></LinearRing></outerBoundaryIs></Polygon></MultiGeometry>
  </Placemark>
  <Placemark>
	<Style><LineStyle><color>ff0000ff</color></LineStyle><PolyStyle><fill>0</fill></PolyStyle></Style>
	<ExtendedData><SchemaData schemaUrl="#navi_mumbai_wards">
		<SimpleData name="objectid">92</SimpleData>
		<SimpleData name="townname">Navi Mumbai</SimpleData>
		<SimpleData name="towncensuscode2011">400708</SimpleData>
		<SimpleData name="town_lgd_code">251472</SimpleData>
		<SimpleData name="ward_lgd_code">2517954</SimpleData>
		<SimpleData name="ward_lgd_name">Navi Mumbai (M Corp.) - Ward No.91</SimpleData>
		<SimpleData name="sourcewardcode">91</SimpleData>
		<SimpleData name="state">Maharashtra</SimpleData>
	</SchemaData></ExtendedData>
      <MultiGeometry><Polygon><outerBoundaryIs><LinearRing><coordinates>73.0282139764443,19.0330796098759 73.0275377130203,19.0336115084465 73.0267695007388,19.0342311301314 73.0263220660654,19.0345764870785 73.0259356952718,19.0342442680872 73.0259021036701,19.0342261538258 73.0258712124041,19.0342154335381 73.0258347650581,19.0342199495783 73.0258034749401,19.0342301628939 73.0257637954557,19.0342518251075 73.0253589993173,19.0346093527029 73.0248272110422,19.0340502506661 73.0245166409905,19.0337420647221 73.0244952619851,19.0337181121454 73.0244722992498,19.0336889191419 73.0244532962883,19.0336627212681 73.0244382513039,19.0336297858218 73.0244255823635,19.0335983483615 73.0244168722985,19.0335586770295 73.0244097459633,19.0335070285349 73.0244010358983,19.0333730429918 73.0243836166667,19.0329755771608 73.0242711925088,19.0311167242384 73.0242275137248,19.0302423898811 73.0242096049113,19.0298659093087 73.0236864566325,19.0298531650453 73.0234529386761,19.0298252341548 73.0229323613757,19.0297095166545 73.0229055772072,19.0297826609805 73.0228133220241,19.030021794831 73.0226674985041,19.0303734625821 73.022551435271,19.0305957156869 73.0224204923436,19.0307842087439 73.0219859988003,19.0313918865994 73.0214830572255,19.0312062076792 73.021152722441,19.0316619642722 73.0205128866001,19.0317041641608 73.0205598226754,19.0322464767412 73.0193272415791,19.0325093007907 73.0192912380009,19.0325181962412 73.0193039752133,19.0325534978001 73.0194880049807,19.0329943148753 73.0195552717275,19.0332504774352 73.0195731544898,19.0333185759328 73.0196089352859,19.033852303766 73.0201966149414,19.0338047332264 73.020305285938,19.0337959372013 73.0208121378792,19.0337586012202 73.0209196518456,19.0337586012202 73.0209986416069,19.0337710462651 73.0210632969511,19.0337965129597 73.0210776313681,19.0338021592979 73.0211500391733,19.0338602370001 73.0212449138437,19.0339418927323 73.0212970484695,19.0339867636254 73.0213349259335,19.0340225701461 73.0219485094085,19.0346303652314 73.021995950337,19.0346833313298 73.0259574641461,19.0386834619174 73.0260109112106,19.0386444507611 73.0263740875035,19.0390050751794 73.0288119085721,19.0394299854171 73.029681101373,19.0334775374241 73.029731472606,19.0331332702689 73.0295227229985,19.0328465845203 73.0292784854458,19.0325656083476 73.0291887500372,19.0324495004223 73.0291049300346,19.0324888535662 73.0282139764443,19.0330796098759</coordinates></LinearRing></outerBoundaryIs></Polygon></MultiGeometry>
  </Placemark>
  <Placemark>
	<Style><LineStyle><color>ff0000ff</color></LineStyle><PolyStyle><fill>0</fill></PolyStyle></Style>
	<ExtendedData><SchemaData schemaUrl="#navi_mumbai_wards">
		<SimpleData name="objectid">93</SimpleData>
		<SimpleData name="townname">Navi Mumbai</SimpleData>
		<SimpleData name="towncensuscode2011">400708</SimpleData>
		<SimpleData name="town_lgd_code">251472</SimpleData>
		<SimpleData name="ward_lgd_code">2517970</SimpleData>
		<SimpleData name="ward_lgd_name">Navi Mumbai (M Corp.) - Ward No.107</SimpleData>
		<SimpleData name="sourcewardcode">107</SimpleData>
		<SimpleData name="state">Maharashtra</SimpleData>
	</SchemaData></ExtendedData>
      <MultiGeometry><Polygon><outerBoundaryIs><LinearRing><coordinates>73.022024750325,19.0158225996722 73.0224797694743,19.0158922544222 73.0223460821937,19.0166600148892 73.0240754451168,19.018038932158 73.0248464430741,19.0173483806494 73.0251053043013,19.0171596124698 73.0254049580256,19.0169568070576 73.025653158047,19.0168172750578 73.0258884052603,19.0167050237877 73.0264424825343,19.0164937784308 73.0266684151165,19.0164217060044 73.026906107544,19.0163547055084 73.0276421295956,19.0162094241525 73.0279562731454,19.0162152239607 73.0286035991392,19.0162416589898 73.0286793971862,19.0141453997721 73.028691767886,19.0129310164093 73.0287560082086,19.0115092207289 73.0287824914415,19.0101642417187 73.0288565341805,19.0093736273234 73.029175238477,19.0094817447805 73.0326878003582,19.0106733542076 73.0346103585596,19.0113451202459 73.0360769112615,19.0118100469885 73.0367292803973,19.0120139186207 73.0368931861057,19.0121448927399 73.0377263923963,19.0130192042573 73.0380332856435,19.0133297404457 73.0384785526821,19.0129290324264 73.0383800955303,19.0126316453459 73.038379265487,19.0126008035255 73.0384123639136,19.0124782591681 73.0385801476491,19.0120355259772 73.0389025916322,19.0111773760322 73.0391727069532,19.010407665688 73.0392903880521,19.0099845922058 73.039325812217,19.0097534216643 73.0393539914692,19.0093790239403 73.0393934939855,19.009160110045 73.0394500150848,19.0089955180311 73.0394892759543,19.008928750656 73.0395293165615,19.0088606141364 73.0395567493136,19.0088307891124 73.0395849824647,19.008818536696 73.0396524998414,19.0088166044731 73.0396959199107,19.008810776379 73.0397207394637,19.0087990692303 73.0397726054933,19.0087691499198 73.0397896869584,19.0087592960042 73.0398500645252,19.0087042976914 73.0399017095692,19.0086462689523 73.0400747646188,19.008350921101 73.0404216571506,19.0078772926083 73.0404715801242,19.0078411976264 73.0419183797714,19.0072784969245 73.0425377322272,19.0069861660415 73.0424878424913,19.0069524846855 73.0422667688965,19.0068277210902 73.0421308717602,19.0067510257671 73.0419047226841,19.0066852257382 73.0415308330831,19.0065764397312 73.0410498840631,19.0063994991385 73.040634557873,19.0062467000534 73.0395146120386,19.0059261988811 73.0389877097003,19.005752185287 73.0388300939955,19.0057001323566 73.0383581946037,19.0055370580966 73.0382517163947,19.0054789416192 73.037954092863,19.0053164990563 73.0378589262401,19.0052285474891 73.0376790898084,19.0050623446184 73.0371484846145,19.0046198515873 73.036329407925,19.003936779819 73.0358801227221,19.003525828871 73.0356673738151,19.0033312311537 73.034967509852,19.0027205119294 73.0349640477449,19.0027173922304 73.0343006419075,19.0021193925119 73.0339380935369,19.0017620923068 73.0335186306049,19.0013486983042 73.0331708873686,19.0009437876214 73.0328785001166,19.0006363370043 73.0328640776647,19.0006211714927 73.0326584730591,19.0005141533086 73.032657201943,19.0005134924978 73.0325310623074,19.0004478411899 73.0325310227816,19.0004478242025 73.031708364509,19.0000719250766 73.0315958460281,19.0000205116461 73.0311093310466,18.9998553780315 73.0308361578603,18.9997626551861 73.0301380195608,18.9996991091834 73.0285211212197,18.9996078896462 73.0268702000855,18.9996429977413 73.0267568344932,18.9996454091187 73.0257667787608,18.999540996193 73.0255110248061,18.9993674897935 73.0253869809401,18.9992833513343 73.0249790182403,18.9986371861878 73.0244832263569,18.9977808281257 73.024246116936,18.9974832874046 73.024132091082,18.9973401979721 73.023949518382,18.9971815272405 73.023344211984,18.996655456145 73.0220697568191,18.9957761040986 73.0212911833691,18.9953443592817 73.0211606761246,18.9952719871971 73.0203938553334,18.9949936876822 73.0196466519515,18.9947726959118 73.0186419267304,18.9944755320439 73.0164982661881,18.9938419262238 73.014907825927,18.99317237442 73.0135803450075,18.9926203207494 73.0133198739993,18.9925120105614 73.0110786905531,18.9914361104139 73.0108371003356,18.9913201300597 73.0091495432091,18.9904608624544 73.0085110880788,18.9900742099945 73.007222290412,18.9895042791962 73.0065604602197,18.9892585897993 73.0053755545122,18.9888187075202 73.0044538255385,18.9892010673339 73.0034063207469,18.989348353992 73.0031312332508,18.9894467066995 73.0029341563522,18.9895308237988 73.0028943178659,18.9895693376736 73.0028575156853,18.9896356464816 73.0028575156853,18.9896783522518 73.0028958360188,18.9897896457682 73.0030279431627,18.9900854232461 73.0032074067936,18.9904093882943 73.0033216114123,18.9905405170273 73.0034439727338,18.9907179263751 73.0035337045492,18.9908876219484 73.0036315939657,18.9912501532844 73.003688696275,18.9914507017069 73.0037457976861,18.9915818296198 73.003876317507,18.9917438116161 73.004324976584,18.9921140537672 73.0044718107088,18.9925151491387 73.0044718107088,18.9927079825362 73.0044109363736,18.9932568642259 73.004293990995,18.9935412076257 73.004250554756,18.9936075547738 73.0041202442426,18.9936707421048 73.0038909986737,18.9936883256594 73.0040256776943,18.9943887282349 73.0040767181721,18.9948092889293 73.004030805278,18.9957708964556 73.0037644889322,18.9972570650125 73.0036764917636,18.9982604463299 73.0037007525645,18.998637373901 73.0038308735334,18.9989504273188 73.0042045933528,18.9995317422398 73.0087913741256,19.0045828122702 73.0114699643515,19.007715424839 73.0117592892467,19.0079713256987 73.0123306608865,19.0083123835449 73.0124897408452,19.0084212355136 73.0130892818557,19.0090755102577 73.0139874192734,19.0083691774731 73.0143309709707,19.0081394978123 73.0146015471275,19.0079774137182 73.0150974144694,19.0077723565633 73.0156311062746,19.0075927257001 73.0162338614572,19.0074684951184 73.0167366997258,19.0074266508933 73.0171137495999,19.0074258729016 73.0181318624137,19.0075359909601 73.0202217498031,19.0078910050983 73.0233110596584,19.0084254634822 73.0232665454412,19.0086006760814 73.0226643148747,19.0112686062117 73.0224414383611,19.0123565385518 73.0225185964575,19.012370626917 73.02251465465,19.012391150507 73.0224350315765,19.0128057358237 73.0223818441252,19.0131363084066 73.0223595245836,19.0131320882015 73.0223065715926,19.0131220748748 73.0222468668638,19.0134176563045 73.0223722635927,19.0134326168162 73.0223694231198,19.0134476223398 73.022361400266,19.0134900094544 73.0222032159275,19.014325680916 73.0223325966847,19.0143495929737 73.0222966065811,19.0145158171381 73.022024750325,19.0158225996722</coordinates></LinearRing></outerBoundaryIs></Polygon></MultiGeometry>
  </Placemark>
  <Placemark>
	<Style><LineStyle><color>ff0000ff</color></LineStyle><PolyStyle><fill>0</fill></PolyStyle></Style>
	<ExtendedData><SchemaData schemaUrl="#navi_mumbai_wards">
		<SimpleData name="objectid">94</SimpleData>
		<SimpleData name="townname">Navi Mumbai</SimpleData>
		<SimpleData name="towncensuscode2011">400708</SimpleData>
		<SimpleData name="town_lgd_code">251472</SimpleData>
		<SimpleData name="ward_lgd_code">2517957</SimpleData>
		<SimpleData name="ward_lgd_name">Navi Mumbai (M Corp.) - Ward No.94</SimpleData>
		<SimpleData name="sourcewardcode">94</SimpleData>
		<SimpleData name="state">Maharashtra</SimpleData>
	</SchemaData></ExtendedData>
      <MultiGeometry><Polygon><outerBoundaryIs><LinearRing><coordinates>73.0149347843687,19.0367534109074 73.0150056237154,19.0378128316103 73.0154233951197,19.0377956611779 73.0154597229898,19.0384790438661 73.0155144995609,19.0394382011591 73.0155272250952,19.0396610229658 73.0175080704838,19.0396154632297 73.0174880497311,19.0392217673848 73.0180994071808,19.0391800330553 73.0180978656718,19.0391392311081 73.0186156626864,19.0391059562292 73.0184740082476,19.0369928022147 73.0175962320441,19.0362076313699 73.0172390052933,19.0358812767545 73.0172660472783,19.0365504188125 73.0167876719316,19.0365786984371 73.0155253772607,19.0366534319627 73.0152195637885,19.0366683173525 73.0150961128105,19.0366782426434 73.0149743084446,19.0367020648675 73.0149302802158,19.0367145614922 73.0149347843687,19.0367534109074</coordinates></LinearRing></outerBoundaryIs></Polygon></MultiGeometry>
  </Placemark>
  <Placemark>
	<Style><LineStyle><color>ff0000ff</color></LineStyle><PolyStyle><fill>0</fill></PolyStyle></Style>
	<ExtendedData><SchemaData schemaUrl="#navi_mumbai_wards">
		<SimpleData name="objectid">95</SimpleData>
		<SimpleData name="townname">Navi Mumbai</SimpleData>
		<SimpleData name="towncensuscode2011">400708</SimpleData>
		<SimpleData name="town_lgd_code">251472</SimpleData>
		<SimpleData name="ward_lgd_code">2517958</SimpleData>
		<SimpleData name="ward_lgd_name">Navi Mumbai (M Corp.) - Ward No.95</SimpleData>
		<SimpleData name="sourcewardcode">95</SimpleData>
		<SimpleData name="state">Maharashtra</SimpleData>
	</SchemaData></ExtendedData>
      <MultiGeometry><Polygon><outerBoundaryIs><LinearRing><coordinates>73.0149347843687,19.0367534109074 73.0149302802158,19.0367145614922 73.0149743084446,19.0367020648675 73.0150961128105,19.0366782426434 73.0152195637885,19.0366683173525 73.0152032494846,19.0357586255824 73.0151072725813,19.0356652578445 73.0150281022587,19.0354992034447 73.0150252635824,19.0353999345193 73.0150621591878,19.0352067642455 73.0150649978641,19.035134325441 73.015039454269,19.0349492035308 73.0151416268528,19.0349170079888 73.015131361804,19.0346102392645 73.0151688988064,19.0346076008095 73.0151332069436,19.0343385979166 73.0151548590369,19.0343346780169 73.0151037098629,19.0340775278116 73.0149594889373,19.0340976130814 73.0149391178416,19.0340444226075 73.0147898358077,19.034066538318 73.0144899125888,19.0341280781139 73.014484100489,19.0341874210088 73.0142678760001,19.0342258837805 73.0142562518003,19.0341852232815 73.0141458147159,19.0341819258412 73.0141458147159,19.0343006107222 73.0138522120434,19.034376986773 73.013830779139,19.0343258862659 73.0137528916106,19.0343500629432 73.0137777246383,19.0344490675464 73.0136822615714,19.0344775538838 73.0136615706755,19.0344526588038 73.0135936301922,19.034474242013 73.0135668927361,19.0343962177134 73.0133288607453,19.0339948879231 73.0131774568908,19.0340621420108 73.0131297886885,19.0339863560093 73.0130530707666,19.0340104919744 73.0129432957406,19.0340234652028 73.0129407939325,19.0339633868419 73.0122698045176,19.034000952061 73.012358422422,19.0354968240075 73.0124340605689,19.0367735858673 73.0124358392332,19.0368047671216 73.0125079074752,19.0380705577193 73.0125247311238,19.0383927130945 73.0125902614272,19.039652946499 73.0126202256318,19.0404006239037 73.0126222324681,19.0404222462507 73.012625443047,19.0404340055182 73.0126298573683,19.0404419715554 73.0126696617185,19.0404916885858 73.0127152206765,19.0405287283922 73.0127529193757,19.0405509451391 73.0129605191395,19.0406471913503 73.0130331524218,19.0406722273123 73.0131651760225,19.0407025739536 73.0132121273691,19.0407078846365 73.0133449531654,19.0407143332013 73.0133874901907,19.0407135740471 73.0134174966161,19.0407088068305 73.013761679829,19.0406602922842 73.0140428641911,19.0406375974715 73.0145847315637,19.0406126362308 73.0146232800692,19.040611564583 73.0146601864543,19.04060892962 73.0150901920145,19.0405202545575 73.0155682870869,19.040425949469 73.0155675774178,19.0404078588094 73.0155601690116,19.0402190404049 73.0155331126536,19.0397641097623 73.0155272250952,19.0396610229658 73.0155144995609,19.0394382011591 73.0154597229898,19.0384790438661 73.0154233951197,19.0377956611779 73.0150056237154,19.0378128316103 73.0149347843687,19.0367534109074</coordinates></LinearRing></outerBoundaryIs></Polygon></MultiGeometry>
  </Placemark>
  <Placemark>
	<Style><LineStyle><color>ff0000ff</color></LineStyle><PolyStyle><fill>0</fill></PolyStyle></Style>
	<ExtendedData><SchemaData schemaUrl="#navi_mumbai_wards">
		<SimpleData name="objectid">96</SimpleData>
		<SimpleData name="townname">Navi Mumbai</SimpleData>
		<SimpleData name="towncensuscode2011">400708</SimpleData>
		<SimpleData name="town_lgd_code">251472</SimpleData>
		<SimpleData name="ward_lgd_code">2517959</SimpleData>
		<SimpleData name="ward_lgd_name">Navi Mumbai (M Corp.) - Ward No.96</SimpleData>
		<SimpleData name="sourcewardcode">96</SimpleData>
		<SimpleData name="state">Maharashtra</SimpleData>
	</SchemaData></ExtendedData>
      <MultiGeometry><Polygon><outerBoundaryIs><LinearRing><coordinates>73.0124340605689,19.0367735858673 73.012358422422,19.0354968240075 73.0106621911632,19.0355449316011 73.0106328836271,19.0350192825035 73.0106778209508,19.0350171348896 73.0106569207474,19.0347020000666 73.0103276046525,19.0347131500163 73.0103225534256,19.0346203115894 73.0102459307252,19.0346240429607 73.0100886617701,19.0346348082294 73.0099617298204,19.0347494429698 73.0095031704106,19.0347750751076 73.0094467723804,19.0346927794908 73.009209291057,19.0347290537665 73.0086331601428,19.0347702856414 73.0085970864959,19.0338406697141 73.0077732388539,19.0338396829426 73.0028391136968,19.0337735004567 72.9972183962865,19.0336186273074 72.9968307597667,19.0341434630593 72.9967072450084,19.0343975917159 72.9965909949258,19.0346654557405 72.9965256047596,19.0349951347963 72.9963221686872,19.0369525890644 72.9956827972753,19.0380927094083 72.9955302193225,19.038429249807 72.9954502980084,19.0386833719048 72.9954212357123,19.0389718333914 72.9954285012863,19.0392465589999 72.9955011570265,19.0395762281111 72.9961143272765,19.0407813408571 72.9964479139623,19.0414369631898 72.9965758978391,19.0417191828075 72.9965771015816,19.0417301836828 72.9965767000347,19.0417415641322 72.9965746940967,19.0417533233063 72.9965718850648,19.0417616680057 72.9965646617116,19.0417741863277 72.9965598458433,19.0417817727259 72.9963861206505,19.0419594178126 72.9963003162695,19.0420389993124 72.9965894561117,19.0421742201814 72.9971342573821,19.0424935704718 72.9973716569588,19.0425770043373 72.9976212305044,19.0426172823595 72.9978342812453,19.0426201593 72.9987199033345,19.0425038308313 72.9992920610002,19.0422860874067 72.9996933150814,19.0420894155713 73.0000945682643,19.0418646465037 73.0005552665628,19.0415977341144 73.0020817683352,19.0405226857219 73.002420352349,19.040284235287 73.0032748729664,19.0398220495121 73.0035221638927,19.0396557181937 73.0036144271606,19.039579073685 73.0036790986745,19.0395253508378 73.0038503004997,19.039354524551 73.004016106145,19.0392488194991 73.0040547911944,19.0392241569587 73.0047300853362,19.0389544295558 73.0054637960226,19.0387410224627 73.0057810719978,19.0386487391016 73.0063089436183,19.0384913976952 73.0069604602528,19.0384239653757 73.0072772322731,19.0383863705867 73.0088171180449,19.0382313718152 73.0125079074752,19.0380705577193 73.0124358392332,19.0368047671216 73.0124340605689,19.0367735858673</coordinates></LinearRing></outerBoundaryIs></Polygon></MultiGeometry>
  </Placemark>
  <Placemark>
	<Style><LineStyle><color>ff0000ff</color></LineStyle><PolyStyle><fill>0</fill></PolyStyle></Style>
	<ExtendedData><SchemaData schemaUrl="#navi_mumbai_wards">
		<SimpleData name="objectid">97</SimpleData>
		<SimpleData name="townname">Navi Mumbai</SimpleData>
		<SimpleData name="towncensuscode2011">400708</SimpleData>
		<SimpleData name="town_lgd_code">251472</SimpleData>
		<SimpleData name="ward_lgd_code">2517960</SimpleData>
		<SimpleData name="ward_lgd_name">Navi Mumbai (M Corp.) - Ward No.97</SimpleData>
		<SimpleData name="sourcewardcode">97</SimpleData>
		<SimpleData name="state">Maharashtra</SimpleData>
	</SchemaData></ExtendedData>
      <MultiGeometry><Polygon><outerBoundaryIs><LinearRing><coordinates>73.01206338514,19.0293539801325 73.0108740354668,19.0293971512701 73.0109044847617,19.0294883060592 73.0109374717972,19.029615443209 73.0109425472785,19.0297209904928 73.0109247848904,19.0298385312634 73.010901947021,19.0298985015668 73.0106913370026,19.0302823091279 73.010645662162,19.0303758624739 73.0105558144639,19.0304775767534 73.0104545779246,19.0305439516266 73.0103190517927,19.0306056956906 73.0097932741451,19.0308418671393 73.0096267237965,19.0308958934182 73.0095826371772,19.0309036110926 73.0095516129606,19.0309036110926 73.0095140570935,19.0308943495435 73.0094862991513,19.0308789133442 73.0093964927757,19.0307940154961 73.0093589369086,19.0307569692723 73.0093409759928,19.0307338153782 73.0093377097184,19.0307168352877 73.0093377097184,19.0306998560446 73.0093396905036,19.0306776354321 73.0093423656865,19.0306637252559 73.0093490536438,19.0306504485945 73.009371124352,19.0306137768435 73.0093784815542,19.030593545087 73.0093811567371,19.0305707835087 73.0093778123093,19.03055244805 73.0091405923956,19.0301408852149 73.0091176018125,19.0301250786857 73.0090862515075,19.0301053207343 73.0090622152854,19.0300954417578 73.0090423598227,19.0300914894876 73.0090214596193,19.0300885257096 73.0089901093142,19.0300875380666 73.0089232279446,19.0300993931786 73.0088187143512,19.0301219824299 73.0087366864877,19.0301281868305 73.0086296369502,19.0300982017229 73.007224019669,19.0288413173456 73.0025293629087,19.0288596190241 72.9977836243481,19.028976148127 72.9977307045948,19.0294805959621 72.9977409480839,19.0297800360363 72.9978347726238,19.0300769296089 72.9979085638345,19.0302540080499 72.9979486673237,19.0305385675859 72.99789153537,19.030720850385 72.9977326009383,19.030978418506 72.9976474577174,19.0311072019922 72.9975570979796,19.031381433631 72.9975169037605,19.0325023525731 72.9974147311767,19.033275045752 72.9972898536741,19.0335218776911 72.9972183962865,19.0336186273074 73.0028391136968,19.0337735004567 73.0077732388539,19.0338396829426 73.0085970864959,19.0338406697141 73.0086331601428,19.0347702856414 73.009209291057,19.0347290537665 73.0094467723804,19.0346927794908 73.0095031704106,19.0347750751076 73.0099617298204,19.0347494429698 73.0100886617701,19.0346348082294 73.0102459307252,19.0346240429607 73.0103225534256,19.0346203115894 73.0103276046525,19.0347131500163 73.0106569207474,19.0347020000666 73.0106778209508,19.0350171348896 73.0106328836271,19.0350192825035 73.0106621911632,19.0355449316011 73.012358422422,19.0354968240075 73.0122698045176,19.034000952061 73.0122381074628,19.0331011219303 73.013220896723,19.0330698771394 73.0136074049588,19.0331082569479 73.0136139006766,19.0331497074707 73.0138152751155,19.0331650593878 73.0138315148592,19.0326077799828 73.0145514076599,19.0326146577118 73.01456268511,19.0314910865865 73.0145671039229,19.0309314942458 73.0145674910968,19.0308824418368 73.0135897270123,19.0309124480332 73.0134366127654,19.0309444048727 73.0133193161455,19.0309757867871 73.0132843707826,19.0309851358008 73.0132647875094,19.0307005022987 73.0132610603993,19.0306463426292 73.0121265968916,19.030705396336 73.01206338514,19.0293539801325</coordinates></LinearRing></outerBoundaryIs></Polygon></MultiGeometry>
  </Placemark>
  <Placemark>
	<Style><LineStyle><color>ff0000ff</color></LineStyle><PolyStyle><fill>0</fill></PolyStyle></Style>
	<ExtendedData><SchemaData schemaUrl="#navi_mumbai_wards">
		<SimpleData name="objectid">98</SimpleData>
		<SimpleData name="townname">Navi Mumbai</SimpleData>
		<SimpleData name="towncensuscode2011">400708</SimpleData>
		<SimpleData name="town_lgd_code">251472</SimpleData>
		<SimpleData name="ward_lgd_code">2517961</SimpleData>
		<SimpleData name="ward_lgd_name">Navi Mumbai (M Corp.) - Ward No.98</SimpleData>
		<SimpleData name="sourcewardcode">98</SimpleData>
		<SimpleData name="state">Maharashtra</SimpleData>
	</SchemaData></ExtendedData>
      <MultiGeometry><Polygon><outerBoundaryIs><LinearRing><coordinates>72.9982065835233,19.0217343661501 72.998221279063,19.0217945695288 72.9982274765401,19.0220078005163 72.9980648078118,19.022644431111 72.997726924484,19.0251991472457 72.9977666578674,19.0253869627841 72.9979482981161,19.0258484524373 72.9980277648828,19.0261060281125 72.9980958796392,19.0263850670568 72.998084527629,19.0266963026741 72.9979710030349,19.0271899857366 72.9977836243481,19.028976148127 73.0025293629087,19.0288596190241 73.007224019669,19.0288413173456 73.0086296369502,19.0300982017229 73.0087366864877,19.0301281868305 73.0088187143512,19.0301219824299 73.0089232279446,19.0300993931786 73.0089901093142,19.0300875380666 73.0090214596193,19.0300885257096 73.0090423598227,19.0300914894876 73.0090622152854,19.0300954417578 73.0090862515075,19.0301053207343 73.0091176018125,19.0301250786857 73.0091405923956,19.0301408852149 73.0093778123093,19.03055244805 73.0093811567371,19.0305707835087 73.0093784815542,19.030593545087 73.009371124352,19.0306137768435 73.0093490536438,19.0306504485945 73.0093423656865,19.0306637252559 73.0093396905036,19.0306776354321 73.0093377097184,19.0306998560446 73.0093377097184,19.0307168352877 73.0093409759928,19.0307338153782 73.0093589369086,19.0307569692723 73.0093964927757,19.0307940154961 73.0094862991513,19.0308789133442 73.0095140570935,19.0308943495435 73.0095516129606,19.0309036110926 73.0095826371772,19.0309036110926 73.0096267237965,19.0308958934182 73.0097932741451,19.0308418671393 73.0103190517927,19.0306056956906 73.0104545779246,19.0305439516266 73.0105558144639,19.0304775767534 73.010645662162,19.0303758624739 73.0106913370026,19.0302823091279 73.010901947021,19.0298985015668 73.0109247848904,19.0298385312634 73.0109425472785,19.0297209904928 73.0109374717972,19.029615443209 73.0109044847617,19.0294883060592 73.0108740354668,19.0293971512701 73.01206338514,19.0293539801325 73.0121265968916,19.030705396336 73.0132610603993,19.0306463426292 73.0132647875094,19.0307005022987 73.0132843707826,19.0309851358008 73.0133193161455,19.0309757867871 73.0134366127654,19.0309444048727 73.0135897270123,19.0309124480332 73.0145674910968,19.0308824418368 73.0145671039229,19.0309314942458 73.01456268511,19.0314910865865 73.0145514076599,19.0326146577118 73.0145707465914,19.0331638390811 73.0146041531402,19.0331718852923 73.0153992340318,19.0327608002571 73.0154295404946,19.0327637639875 73.0154880612438,19.0328348926518 73.0155474317992,19.0329781986577 73.0155637604761,19.0330723568176 73.0154668681896,19.033335466591 73.0154782363695,19.0334536773725 73.0158226504494,19.0334682921534 73.015807904604,19.0330944403877 73.0158098162189,19.0319779888915 73.0184420066639,19.031766190581 73.0179143820801,19.0305336930757 73.0172253392228,19.028615138462 73.0168954679691,19.027749162668 73.0167000816998,19.0271686444621 73.0166645569236,19.0270415062891 73.0166290321474,19.0269359573029 73.0165858950474,19.0267344546611 73.0165630580763,19.0265761304394 73.0165520213747,19.0264704894398 73.0165457870666,19.0262949576773 73.0165503702712,19.0261635284745 73.0165605203356,19.025830086734 73.0165790687496,19.0255877876656 73.0166351667424,19.025293515332 73.0166924693761,19.0250936361544 73.016730531893,19.0250000798339 73.0167762058353,19.0248849339129 73.0169005425521,19.0245922713584 73.0169893544927,19.0244267485594 73.0170527908231,19.0243211979122 73.017141552458,19.0241929535351 73.0171872776043,19.0241268886488 73.017304001099,19.0239589671004 73.0175298366631,19.0236950891892 73.0179789700507,19.0232488954336 73.0188975369546,19.0224836452369 73.0202449371172,19.0212769908016 73.0210175628217,19.0206294062005 73.0194481727827,19.0190407791619 73.0180703664443,19.0176494961412 73.0175003368875,19.0170907489365 73.0160301936194,19.0183994025765 73.014854192013,19.0194433688801 73.0132522928421,19.0208758722091 73.0127472015989,19.0213532938582 73.0123811381206,19.0212603290683 73.0110639006903,19.021036077042 73.0107853861213,19.021037288945 73.010404808563,19.02108429668 73.0092512037532,19.021193785729 73.0074404741266,19.0213275832157 73.0074680398293,19.0210972896016 73.0059676547772,19.021107158922 73.0055319386268,19.0211451635707 73.0051195858602,19.0211811316718 73.0039135005732,19.0213614374576 73.0027700808621,19.0215286635359 72.9982065835233,19.0217343661501</coordinates></LinearRing></outerBoundaryIs></Polygon></MultiGeometry>
  </Placemark>
  <Placemark>
	<Style><LineStyle><color>ff0000ff</color></LineStyle><PolyStyle><fill>0</fill></PolyStyle></Style>
	<ExtendedData><SchemaData schemaUrl="#navi_mumbai_wards">
		<SimpleData name="objectid">99</SimpleData>
		<SimpleData name="townname">Navi Mumbai</SimpleData>
		<SimpleData name="towncensuscode2011">400708</SimpleData>
		<SimpleData name="town_lgd_code">251472</SimpleData>
		<SimpleData name="ward_lgd_code">2517956</SimpleData>
		<SimpleData name="ward_lgd_name">Navi Mumbai (M Corp.) - Ward No.93</SimpleData>
		<SimpleData name="sourcewardcode">93</SimpleData>
		<SimpleData name="state">Maharashtra</SimpleData>
	</SchemaData></ExtendedData>
      <MultiGeometry><Polygon><outerBoundaryIs><LinearRing><coordinates>73.0152032494846,19.0357586255824 73.0152195637885,19.0366683173525 73.0155253772607,19.0366534319627 73.0167876719316,19.0365786984371 73.0172660472783,19.0365504188125 73.0172390052933,19.0358812767545 73.0175962320441,19.0362076313699 73.0184740082476,19.0369928022147 73.0185139221923,19.0325437956043 73.0184420066639,19.031766190581 73.0158098162189,19.0319779888915 73.015807904604,19.0330944403877 73.0158226504494,19.0334682921534 73.0154782363695,19.0334536773725 73.0154668681896,19.033335466591 73.0155637604761,19.0330723568176 73.0155474317992,19.0329781986577 73.0154880612438,19.0328348926518 73.0154295404946,19.0327637639875 73.0153992340318,19.0327608002571 73.0146041531402,19.0331718852923 73.0145707465914,19.0331638390811 73.0145514076599,19.0326146577118 73.0138315148592,19.0326077799828 73.0138152751155,19.0331650593878 73.0136139006766,19.0331497074707 73.0136074049588,19.0331082569479 73.013220896723,19.0330698771394 73.0122381074628,19.0331011219303 73.0122698045176,19.034000952061 73.0129407939325,19.0339633868419 73.0129432957406,19.0340234652028 73.0130530707666,19.0340104919744 73.0131297886885,19.0339863560093 73.0131774568908,19.0340621420108 73.0133288607453,19.0339948879231 73.0135668927361,19.0343962177134 73.0135936301922,19.034474242013 73.0136615706755,19.0344526588038 73.0136822615714,19.0344775538838 73.0137777246383,19.0344490675464 73.0137528916106,19.0343500629432 73.013830779139,19.0343258862659 73.0138522120434,19.034376986773 73.0141458147159,19.0343006107222 73.0141458147159,19.0341819258412 73.0142562518003,19.0341852232815 73.0142678760001,19.0342258837805 73.014484100489,19.0341874210088 73.0144899125888,19.0341280781139 73.0147898358077,19.034066538318 73.0149391178416,19.0340444226075 73.0149594889373,19.0340976130814 73.0151037098629,19.0340775278116 73.0151548590369,19.0343346780169 73.0151332069436,19.0343385979166 73.0151688988064,19.0346076008095 73.015131361804,19.0346102392645 73.0151416268528,19.0349170079888 73.015039454269,19.0349492035308 73.0150649978641,19.035134325441 73.0150621591878,19.0352067642455 73.0150252635824,19.0353999345193 73.0150281022587,19.0354992034447 73.0151072725813,19.0356652578445 73.0152032494846,19.0357586255824</coordinates></LinearRing></outerBoundaryIs></Polygon></MultiGeometry>
  </Placemark>
  <Placemark>
	<Style><LineStyle><color>ff0000ff</color></LineStyle><PolyStyle><fill>0</fill></PolyStyle></Style>
	<ExtendedData><SchemaData schemaUrl="#navi_mumbai_wards">
		<SimpleData name="objectid">100</SimpleData>
		<SimpleData name="townname">Navi Mumbai</SimpleData>
		<SimpleData name="towncensuscode2011">400708</SimpleData>
		<SimpleData name="town_lgd_code">251472</SimpleData>
		<SimpleData name="ward_lgd_code">2517955</SimpleData>
		<SimpleData name="ward_lgd_name">Navi Mumbai (M Corp.) - Ward No.92</SimpleData>
		<SimpleData name="sourcewardcode">92</SimpleData>
		<SimpleData name="state">Maharashtra</SimpleData>
	</SchemaData></ExtendedData>
      <MultiGeometry><Polygon><outerBoundaryIs><LinearRing><coordinates>73.021152722441,19.0316619642722 73.0214830572255,19.0312062076792 73.0219859988003,19.0313918865994 73.0224204923436,19.0307842087439 73.022551435271,19.0305957156869 73.0226674985041,19.0303734625821 73.0228133220241,19.030021794831 73.0229055772072,19.0297826609805 73.0229323613757,19.0297095166545 73.0230078755551,19.029277321528 73.0230373295166,19.0290096271512 73.0230490022254,19.0287779064429 73.0230305032188,19.0283086502336 73.0230043406845,19.0280805938258 73.0229929401652,19.0280147309037 73.0229144543588,19.0275836769832 73.0228658671801,19.0273504834125 73.0228023311366,19.0271526219443 73.0226864700245,19.0269194277686 73.0224693023046,19.0265669790501 73.021836074471,19.0256954190017 73.0211150345216,19.0246662204764 73.0210614625913,19.0245783513309 73.0209187229876,19.0247871151033 73.0208743632806,19.0248491279703 73.0204894315881,19.0255577864522 73.0201282603348,19.0262135351239 73.0197050451399,19.0270241963177 73.019374629507,19.0267392324697 73.0196815667716,19.0263496903033 73.0183965474189,19.0249650781524 73.0182906980307,19.0250569045789 73.0182502154524,19.0250195674829 73.0182130629289,19.0249853012527 73.0182419725114,19.0249609253381 73.0182594618116,19.0249461790247 73.0181033202422,19.0247905613483 73.0179114526739,19.0249679613435 73.017141552458,19.0241929535351 73.0170527908231,19.0243211979122 73.0169893544927,19.0244267485594 73.0169005425521,19.0245922713584 73.0167762058353,19.0248849339129 73.016730531893,19.0250000798339 73.0166924693761,19.0250936361544 73.0166351667424,19.025293515332 73.0165790687496,19.0255877876656 73.0165605203356,19.025830086734 73.0165503702712,19.0261635284745 73.0165457870666,19.0262949576773 73.0165520213747,19.0264704894398 73.0165630580763,19.0265761304394 73.0165858950474,19.0267344546611 73.0166290321474,19.0269359573029 73.0166645569236,19.0270415062891 73.0167000816998,19.0271686444621 73.0168954679691,19.027749162668 73.0172253392228,19.028615138462 73.0179143820801,19.0305336930757 73.0184420066639,19.031766190581 73.0185139221923,19.0325437956043 73.0192912380009,19.0325181962412 73.0193272415791,19.0325093007907 73.0205598226754,19.0322464767412 73.0205128866001,19.0317041641608 73.021152722441,19.0316619642722</coordinates></LinearRing></outerBoundaryIs></Polygon></MultiGeometry>
  </Placemark>
  <Placemark>
	<Style><LineStyle><color>ff0000ff</color></LineStyle><PolyStyle><fill>0</fill></PolyStyle></Style>
	<ExtendedData><SchemaData schemaUrl="#navi_mumbai_wards">
		<SimpleData name="objectid">101</SimpleData>
		<SimpleData name="townname">Navi Mumbai</SimpleData>
		<SimpleData name="towncensuscode2011">400708</SimpleData>
		<SimpleData name="town_lgd_code">251472</SimpleData>
		<SimpleData name="ward_lgd_code">2517963</SimpleData>
		<SimpleData name="ward_lgd_name">Navi Mumbai (M Corp.) - Ward No.100</SimpleData>
		<SimpleData name="sourcewardcode">100</SimpleData>
		<SimpleData name="state">Maharashtra</SimpleData>
	</SchemaData></ExtendedData>
      <MultiGeometry><Polygon><outerBoundaryIs><LinearRing><coordinates>73.0274313776435,19.0218062290529 73.027410480135,19.0218220576051 73.0273933205165,19.0218350547154 73.0270440097199,19.0220996404666 73.0261806415953,19.0227479862186 73.0254983352044,19.023275575628 73.0253993848775,19.0233413359704 73.025158404616,19.0234548124784 73.0250639988662,19.0234976004368 73.0249641062066,19.0235322482887 73.0246136761092,19.0236462622435 73.0245471109467,19.0236689941974 73.0233554723661,19.0239656056985 73.022469599647,19.0241977764271 73.0212978830044,19.0245017992266 73.0210614625913,19.0245783513309 73.0211150345216,19.0246662204764 73.021836074471,19.0256954190017 73.0224693023046,19.0265669790501 73.0226864700245,19.0269194277686 73.0228023311366,19.0271526219443 73.0228658671801,19.0273504834125 73.0229144543588,19.0275836769832 73.0229929401652,19.0280147309037 73.0230043406845,19.0280805938258 73.0230305032188,19.0283086502336 73.0230490022254,19.0287779064429 73.0230373295166,19.0290096271512 73.0230078755551,19.029277321528 73.0229323613757,19.0297095166545 73.0234529386761,19.0298252341548 73.0236864566325,19.0298531650453 73.0242096049113,19.0298659093087 73.0242275137248,19.0302423898811 73.0242711925088,19.0311167242384 73.0243836166667,19.0329755771608 73.0244010358983,19.0333730429918 73.0244097459633,19.0335070285349 73.0244168722985,19.0335586770295 73.0244255823635,19.0335983483615 73.0244382513039,19.0336297858218 73.0244532962883,19.0336627212681 73.0244722992498,19.0336889191419 73.0244952619851,19.0337181121454 73.0245166409905,19.0337420647221 73.0248272110422,19.0340502506661 73.0253589993173,19.0346093527029 73.0257637954557,19.0342518251075 73.0258034749401,19.0342301628939 73.0258347650581,19.0342199495783 73.0258712124041,19.0342154335381 73.0259021036701,19.0342261538258 73.0259356952718,19.0342442680872 73.0263220660654,19.0345764870785 73.0267695007388,19.0342311301314 73.0275377130203,19.0336115084465 73.0282139764443,19.0330796098759 73.0291049300346,19.0324888535662 73.0291887500372,19.0324495004223 73.0290457346507,19.0322644536466 73.0289590723786,19.0321172839701 73.0289033184405,19.0319894277556 73.0288703520662,19.0318624605666 73.0288670992665,19.0318420455325 73.0288575798195,19.0316620602331 73.0288575798195,19.0315675675333 73.0288750322888,19.0314790744694 73.0288893119086,19.0314160798388 73.0290352791591,19.0309196179627 73.0290749442704,19.0307636296785 73.0291003306604,19.0306391387193 73.0291098501075,19.0305431457189 73.029113022957,19.030426154042 73.0291003306604,19.0302626658398 73.0290781180183,19.0300991774767 73.028955631831,19.0296283904548 73.028678379395,19.0284889814054 73.0283558150378,19.0271750137246 73.0281004707149,19.0261625645869 73.0278327305394,19.0250727676406 73.0276970696601,19.0245416544606 73.0276671755241,19.0244384393211 73.0276515780758,19.0243757723788 73.0276437798008,19.0243204785978 73.0276405305944,19.0242442957986 73.0276502782136,19.0241509096991 73.027660676213,19.0240397071114 73.0276761425072,19.0239167720384 73.0277335682101,19.023460324986 73.0279574445486,19.0217830832534 73.0275818014361,19.021754435927 73.0275402579475,19.0217553692667 73.0275179473891,19.0217598822485 73.0274918180924,19.0217683307132 73.0274846073156,19.0217722772365 73.0274542909714,19.0217888735252 73.0274313776435,19.0218062290529</coordinates></LinearRing></outerBoundaryIs></Polygon></MultiGeometry>
  </Placemark>
  <Placemark>
	<Style><LineStyle><color>ff0000ff</color></LineStyle><PolyStyle><fill>0</fill></PolyStyle></Style>
	<ExtendedData><SchemaData schemaUrl="#navi_mumbai_wards">
		<SimpleData name="objectid">102</SimpleData>
		<SimpleData name="townname">Navi Mumbai</SimpleData>
		<SimpleData name="towncensuscode2011">400708</SimpleData>
		<SimpleData name="town_lgd_code">251472</SimpleData>
		<SimpleData name="ward_lgd_code">2517966</SimpleData>
		<SimpleData name="ward_lgd_name">Navi Mumbai (M Corp.) - Ward No.103</SimpleData>
		<SimpleData name="sourcewardcode">103</SimpleData>
		<SimpleData name="state">Maharashtra</SimpleData>
	</SchemaData></ExtendedData>
      <MultiGeometry><Polygon><outerBoundaryIs><LinearRing><coordinates>73.04060699756,19.032779612726 73.0406142990667,19.0328042643346 73.0406307157785,19.0329215889235 73.0406352926949,19.0329720690936 73.0406521801239,19.0330838176856 73.0406817329001,19.0332115303913 73.0407323942889,19.0333472246621 73.0409730385805,19.0337104073398 73.04108280642,19.0339019752143 73.0411208033599,19.034049642639 73.0411529477757,19.0343052685761 73.0411799089123,19.0346642558256 73.0412179049538,19.0348119217234 73.041302342099,19.0349476155357 73.0414416618164,19.0350872996023 73.0416802597458,19.0353368445679 73.0417258618229,19.0353889451132 73.0423235019982,19.0354621786509 73.0423560524525,19.0359061435971 73.0435525446306,19.0359536320125 73.0438242975805,19.0363037917833 73.0439481438171,19.0365440719884 73.0440515893137,19.0366926032338 73.0440823718835,19.0367368025266 73.0442423798019,19.0369228667379 73.0442918239734,19.0370095150196 73.044350377062,19.0371453734762 73.0444630311885,19.0376215722544 73.0444851297445,19.0376706447516 73.0445042503853,19.0377020016179 73.0445260569888,19.0377247885435 73.0445602962759,19.037740221559 73.0446020580551,19.0377444071719 73.0448715768949,19.0377604108351 73.0449778233385,19.0378022584625 73.045128337861,19.0378734002541 73.0490389764823,19.0406395182853 73.0490526784853,19.0398980502378 73.0490871387579,19.039405748339 73.0490986371935,19.0390474311484 73.049116582838,19.038488222622 73.0491472432369,19.0376639447108 73.0491508760239,19.0375662692956 73.049180120678,19.0369983796603 73.0492002016179,19.0366084225235 73.0492006714368,19.036595790021 73.0492229038418,19.0359983053499 73.0492105223622,19.0359377164909 73.0491412532706,19.0355987406553 73.049020660732,19.0350904611535 73.0489364212162,19.0347354032076 73.0486526119769,19.0337891351001 73.048535460884,19.0331395424933 73.0484700752095,19.0327769784879 73.0484764271968,19.0318273490842 73.048477367733,19.0311507590668 73.04681568029,19.0304979978997 73.0462734814391,19.0303019710964 73.0460246418172,19.0301977778376 73.0459905938713,19.0301798125976 73.0459652559904,19.0301663388786 73.0459296243146,19.0301371461 73.0458218390569,19.0300519064862 73.0457451319148,19.0299910878668 73.045554601938,19.0299314386023 73.0452391145085,19.0296331928076 73.0448338656192,19.0292443894582 73.044242790332,19.0296512150047 73.042919676123,19.0283094102937 73.0428302066157,19.0283786122668 73.0421809564306,19.028989413033 73.041722899179,19.0294150180849 73.0416976340617,19.0294336024916 73.0416645086856,19.0294520340359 73.041629017147,19.0294641133883 73.0415717567342,19.0294730599553 73.041505087367,19.0294776245301 73.0414565639687,19.0294787166311 73.0413631822982,19.0294674652725 73.0413035575196,19.0294594562477 73.0406686821757,19.0293855236999 73.0400725385936,19.0293290978721 73.0398928782317,19.0293144020507 73.0395555464695,19.0296161361746 73.0390417927719,19.0295802480278 73.0390397203586,19.0296056644116 73.0390422077936,19.0300514997097 73.0390424629151,19.0300972854145 73.0390451605559,19.0305808102208 73.0390898634194,19.0305847327567 73.0391510557583,19.0306095910509 73.0392085344617,19.030660788663 73.0392834306002,19.0307418404766 73.039328119989,19.0307855793793 73.0393906328513,19.0308350572742 73.0394418071781,19.0308650422487 73.0395091421968,19.0308885527953 73.039601126987,19.03090925668 73.0396159500875,19.0309116081587 73.0397360422646,19.0309206684427 73.0399682432908,19.0309166771282 73.0400400141904,19.0309366320011 73.0400829895936,19.0309610087374 73.0401180400593,19.0310058991185 73.040134231294,19.0310426353233 73.0401459435287,19.0311235926877 73.0401538585846,19.0322646880283 73.0401797695907,19.0323378040545 73.0402005619963,19.0323799230966 73.0402348983014,19.0324276553938 73.0402758893261,19.0324696351431 73.0403637876801,19.0325429574365 73.040498399327,19.032635278159 73.0405670009704,19.0327013855191 73.0405820657177,19.0327194243674 73.04060699756,19.032779612726</coordinates></LinearRing></outerBoundaryIs></Polygon></MultiGeometry>
  </Placemark>
  <Placemark>
	<Style><LineStyle><color>ff0000ff</color></LineStyle><PolyStyle><fill>0</fill></PolyStyle></Style>
	<ExtendedData><SchemaData schemaUrl="#navi_mumbai_wards">
		<SimpleData name="objectid">103</SimpleData>
		<SimpleData name="townname">Navi Mumbai</SimpleData>
		<SimpleData name="towncensuscode2011">400708</SimpleData>
		<SimpleData name="town_lgd_code">251472</SimpleData>
		<SimpleData name="ward_lgd_code">2517965</SimpleData>
		<SimpleData name="ward_lgd_name">Navi Mumbai (M Corp.) - Ward No.102</SimpleData>
		<SimpleData name="sourcewardcode">102</SimpleData>
		<SimpleData name="state">Maharashtra</SimpleData>
	</SchemaData></ExtendedData>
      <MultiGeometry><Polygon><outerBoundaryIs><LinearRing><coordinates>73.0363951098065,19.0327939558202 73.0366572310199,19.0323927682219 73.036776892904,19.0322725984096 73.0368952252814,19.0322012376703 73.0370189322792,19.0321429886969 73.0371353952625,19.0321020228216 73.0372364503421,19.032060380965 73.0373466880005,19.0319961237792 73.0375001319291,19.0318709441844 73.038912785714,19.0305933998708 73.0390225535535,19.0305774354301 73.0390451605559,19.0305808102208 73.0390424629151,19.0300972854145 73.0390422077936,19.0300514997097 73.0390397203586,19.0296056644116 73.0390417927719,19.0295802480278 73.0395555464695,19.0296161361746 73.0398928782317,19.0293144020507 73.0400725385936,19.0293290978721 73.0406686821757,19.0293855236999 73.0413035575196,19.0294594562477 73.0413631822982,19.0294674652725 73.0414565639687,19.0294787166311 73.041505087367,19.0294776245301 73.0415717567342,19.0294730599553 73.041629017147,19.0294641133883 73.0416645086856,19.0294520340359 73.0416976340617,19.0294336024916 73.041722899179,19.0294150180849 73.0421809564306,19.028989413033 73.0428302066157,19.0283786122668 73.042919676123,19.0283094102937 73.0429558656526,19.0282775735379 73.043000323276,19.0282382176978 73.0435423703117,19.0277620523114 73.0438071235888,19.0275611086176 73.0435888886703,19.0272848894083 73.0421447489348,19.0257774082534 73.0413561125569,19.0263994650545 73.0394646917599,19.0244788474312 73.0388821163319,19.0249451786125 73.0388584996231,19.0249655197605 73.0381201886641,19.0255574357147 73.0373332312375,19.0262309046266 73.0364145861802,19.0270393645167 73.0355461452692,19.0278282507802 73.0350409147871,19.0282683899716 73.0345423911269,19.0287102697617 73.0338124165338,19.0294719398298 73.033628918569,19.0296452076059 73.0335042189328,19.0297375494711 73.033467843452,19.0297570144847 73.0333599782443,19.0298147335314 73.0332101185936,19.0298725170989 73.0329911740061,19.0299266727746 73.0329177699693,19.0299393482454 73.0326750065519,19.0299606042419 73.0330444414075,19.0336585236635 73.033834752245,19.0339589531672 73.034053458779,19.0340775796128 73.0341885573129,19.0342571742106 73.034741617694,19.0353187762821 73.0349527092094,19.0351351916192 73.0352060188481,19.0349755523584 73.0354347910049,19.0348707998639 73.0355047580874,19.0348194549403 73.0355463078642,19.0347723211646 73.0356009937055,19.0346463955199 73.0356113144498,19.034600399619 73.035705718403,19.0339757044914 73.035759454725,19.0338443493015 73.0358301476463,19.0337559372757 73.0359071988431,19.0336731214424 73.0361897648141,19.0334385793938 73.0362562365518,19.0333515522026 73.0362735282227,19.0333178982684 73.0363027603004,19.0332290757967 73.0363121387119,19.0331197364959 73.0363337396013,19.0329849651255 73.0363755750424,19.0328379939523 73.0363951098065,19.0327939558202</coordinates></LinearRing></outerBoundaryIs></Polygon></MultiGeometry>
  </Placemark>
  <Placemark>
	<Style><LineStyle><color>ff0000ff</color></LineStyle><PolyStyle><fill>0</fill></PolyStyle></Style>
	<ExtendedData><SchemaData schemaUrl="#navi_mumbai_wards">
		<SimpleData name="objectid">104</SimpleData>
		<SimpleData name="townname">Navi Mumbai</SimpleData>
		<SimpleData name="towncensuscode2011">400708</SimpleData>
		<SimpleData name="town_lgd_code">251472</SimpleData>
		<SimpleData name="ward_lgd_code">2517964</SimpleData>
		<SimpleData name="ward_lgd_name">Navi Mumbai (M Corp.) - Ward No.101</SimpleData>
		<SimpleData name="sourcewardcode">101</SimpleData>
		<SimpleData name="state">Maharashtra</SimpleData>
	</SchemaData></ExtendedData>
      <MultiGeometry><Polygon><outerBoundaryIs><LinearRing><coordinates>73.0354098897052,19.0170454955479 73.0344708564842,19.0168907180627 73.0303852287405,19.0163144177209 73.0286035991392,19.0162416589898 73.0285408248671,19.0178754937658 73.0285139068496,19.0181789174977 73.028392134823,19.0188707496636 73.0282096097337,19.019898503799 73.0280803933683,19.0207310678469 73.0280151936449,19.0211601284826 73.0279824284933,19.0215637135 73.0279574445486,19.0217830832534 73.0277335682101,19.023460324986 73.0276761425072,19.0239167720384 73.027660676213,19.0240397071114 73.0276502782136,19.0241509096991 73.0276405305944,19.0242442957986 73.0276437798008,19.0243204785978 73.0276515780758,19.0243757723788 73.0276671755241,19.0244384393211 73.0276970696601,19.0245416544606 73.0278327305394,19.0250727676406 73.0281004707149,19.0261625645869 73.0283558150378,19.0271750137246 73.028678379395,19.0284889814054 73.028955631831,19.0296283904548 73.0290781180183,19.0300991774767 73.0291003306604,19.0302626658398 73.029113022957,19.030426154042 73.0291098501075,19.0305431457189 73.0291003306604,19.0306391387193 73.0290749442704,19.0307636296785 73.0290352791591,19.0309196179627 73.0288893119086,19.0314160798388 73.0288750322888,19.0314790744694 73.0288575798195,19.0315675675333 73.0288575798195,19.0316620602331 73.0288670992665,19.0318420455325 73.0288703520662,19.0318624605666 73.0289033184405,19.0319894286047 73.0289590723786,19.0321172839701 73.0290457346507,19.0322644536466 73.0291887500372,19.0324495004223 73.0292784854458,19.0325656083476 73.0295227229985,19.0328465845203 73.029731472606,19.0331332702689 73.029857986839,19.0322586170334 73.0299954416539,19.0312016652315 73.0300106636064,19.0311005959495 73.0300580560258,19.0307859122722 73.0300831037509,19.0306195931334 73.0300920330048,19.0305701559368 73.0301301979296,19.0304463297706 73.0301867369953,19.0303283733129 73.0302471756476,19.0302331478272 73.0303173619191,19.0301434524064 73.0304271899457,19.03002610972 73.0305253210091,19.0299413286284 73.0305890088677,19.0298964804207 73.0307007871369,19.0298338163863 73.030811915924,19.0297834388675 73.0309581373978,19.0297355189816 73.0310881119413,19.0297115590335 73.0312031403151,19.0296998864765 73.0313259660656,19.0296986576521 73.0314448931277,19.0297103302092 73.0315657695341,19.029736132969 73.0320830697803,19.0298633055964 73.0323090176338,19.0299183028531 73.0323626713108,19.0299293121532 73.0324886950637,19.0299458261019 73.0326750065519,19.0299606042419 73.0329177699693,19.0299393482454 73.0329911740061,19.0299266727746 73.0332101185936,19.0298725170989 73.0333599782443,19.0298147335314 73.033467843452,19.0297570144847 73.0335042189328,19.0297375494711 73.033628918569,19.0296452076059 73.0338124165338,19.0294719398298 73.0345423911269,19.0287102697617 73.0350409147871,19.0282683899716 73.0355461452692,19.0278282507802 73.0364145861802,19.0270393645167 73.0373332312375,19.0262309046266 73.0381201886641,19.0255574357147 73.0388584996231,19.0249655197605 73.0388821163319,19.0249451786125 73.0394646908616,19.0244788474312 73.0402498480643,19.0238636674761 73.0403436312817,19.0238059845782 73.0405794749764,19.0236763020185 73.0407404917028,19.023603117637 73.0409572461978,19.0235240793182 73.0410197572635,19.0235064539072 73.041298774889,19.0234440864001 73.0415238019694,19.0234122487121 73.0419728715765,19.0233468230041 73.0436866397463,19.0230971428296 73.0437688562561,19.0230849721439 73.0455462404194,19.0227922342325 73.0469093063022,19.0225932429183 73.0469711705809,19.0225842119043 73.0468338523099,19.0218650939685 73.0456890518882,19.0220127958717 73.0452626395892,19.0220403798785 73.0447037042262,19.0220297131572 73.0444438566488,19.0219982913363 73.0439976661421,19.0218832027836 73.0435722500746,19.0217404910332 73.0432769738408,19.02160670407 73.0426923322876,19.0212922758746 73.042045858795,19.0208715952996 73.040542644948,19.0198126525521 73.0384841545762,19.0185414420188 73.0383014938412,19.0184286407305 73.037800716308,19.0181552013254 73.0376949819041,19.0180848901798 73.0370475840452,19.0176766035748 73.0368298045725,19.0175533580528 73.0366089932858,19.0174314636515 73.0365374828976,19.017391987192 73.0364629344071,19.0173491959632 73.0358491595909,19.0171531646891 73.0355029991861,19.0170683175797 73.0354098897052,19.0170454955479</coordinates></LinearRing></outerBoundaryIs></Polygon></MultiGeometry>
  </Placemark>
  <Placemark>
	<Style><LineStyle><color>ff0000ff</color></LineStyle><PolyStyle><fill>0</fill></PolyStyle></Style>
	<ExtendedData><SchemaData schemaUrl="#navi_mumbai_wards">
		<SimpleData name="objectid">105</SimpleData>
		<SimpleData name="townname">Navi Mumbai</SimpleData>
		<SimpleData name="towncensuscode2011">400708</SimpleData>
		<SimpleData name="town_lgd_code">251472</SimpleData>
		<SimpleData name="ward_lgd_code">2517969</SimpleData>
		<SimpleData name="ward_lgd_name">Navi Mumbai (M Corp.) - Ward No.106</SimpleData>
		<SimpleData name="sourcewardcode">106</SimpleData>
		<SimpleData name="state">Maharashtra</SimpleData>
	</SchemaData></ExtendedData>
      <MultiGeometry><Polygon><outerBoundaryIs><LinearRing><coordinates>73.0358491595909,19.0171531646891 73.0362932192938,19.0172949911764 73.0365022428873,19.0167379039881 73.0369675782893,19.0154639819233 73.036138418909,19.0151968640491 73.0361236299445,19.0151892908749 73.0360641767441,19.0151443240309 73.0360205788084,19.015089989432 73.0359868892903,19.0150038027772 73.0358764899351,19.0144378947248 73.0358560793136,19.0142671598454 73.0358517691968,19.0141734530495 73.0358476135903,19.0140616806993 73.0357904169579,19.0140651254681 73.0357763475439,19.0135917663426 73.0338882136825,19.0135648612268 73.0337114665571,19.0135560785685 73.0343938546947,19.0119177416023 73.0346103585596,19.0113451202459 73.0326878003582,19.0106733542076 73.029175238477,19.0094817447805 73.0288565341805,19.0093736273234 73.0287824914415,19.0101642417187 73.0287560082086,19.0115092207289 73.028691767886,19.0129310164093 73.0286793971862,19.0141453997721 73.0286035991392,19.0162416589898 73.0303852287405,19.0163144177209 73.0344708564842,19.0168907180627 73.0347884486664,19.0169430655902 73.0354098897052,19.0170454955479 73.0358491595909,19.0171531646891</coordinates></LinearRing></outerBoundaryIs></Polygon></MultiGeometry>
  </Placemark>
  <Placemark>
	<Style><LineStyle><color>ff0000ff</color></LineStyle><PolyStyle><fill>0</fill></PolyStyle></Style>
	<ExtendedData><SchemaData schemaUrl="#navi_mumbai_wards">
		<SimpleData name="objectid">106</SimpleData>
		<SimpleData name="townname">Navi Mumbai</SimpleData>
		<SimpleData name="towncensuscode2011">400708</SimpleData>
		<SimpleData name="town_lgd_code">251472</SimpleData>
		<SimpleData name="ward_lgd_code">2517974</SimpleData>
		<SimpleData name="ward_lgd_name">Navi Mumbai (M Corp.) - Ward No.111</SimpleData>
		<SimpleData name="sourcewardcode">111</SimpleData>
		<SimpleData name="state">Maharashtra</SimpleData>
	</SchemaData></ExtendedData>
      <MultiGeometry><Polygon><outerBoundaryIs><LinearRing><coordinates>73.0086354113209,19.0133826513346 73.0095627215274,19.0137442291495 73.0100429626749,19.0127791100032 73.0108276797032,19.0135409830284 73.0109815682979,19.013694815809 73.0114506083521,19.0141885731619 73.0115743162482,19.0143266041058 73.0116772191623,19.0144566217901 73.011809077473,19.0146555438603 73.0118216152594,19.0146745876896 73.0118418309465,19.0147071727356 73.0118566333858,19.0147269936672 73.0121565808592,19.0144578770555 73.0125819232647,19.014087984429 73.0134281470421,19.0149604673834 73.0142256174525,19.0142756503066 73.0134816192594,19.0135011387455 73.0138272352852,19.0132169891275 73.0134622839212,19.012839941716 73.0140827772375,19.0122845985232 73.0150542791661,19.0114352368808 73.0161061713295,19.0105002679418 73.0165690345679,19.0109568261701 73.0165935064728,19.0109809646308 73.0168936138463,19.0106931093732 73.0168972951424,19.0106407182613 73.0169722909938,19.0095733275107 73.0170561056065,19.0086336504613 73.0170518700499,19.0085517266454 73.0170335596895,19.00850745106 73.0170041668134,19.0084826455159 73.0168395622157,19.0084578000495 73.0168664002831,19.0082361033803 73.0169023328944,19.0078804962945 73.0169482368055,19.0074262143346 73.0167366997258,19.0074266508933 73.0162338614572,19.0074684951184 73.0156311062746,19.0075927257001 73.0150974144694,19.0077723565633 73.0146015471275,19.0079774137182 73.0143309709707,19.0081394978123 73.0139874192734,19.0083691774731 73.0130892818557,19.0090755102577 73.0124897408452,19.0084212355136 73.0123306608865,19.0083123835449 73.0117592892467,19.0079713256987 73.0114699643515,19.007715424839 73.0087913741256,19.0045828122702 73.0042045933528,18.9995317422398 73.0038308735334,18.9989504273188 73.0037007525645,18.998637373901 73.0036764917636,18.9982604463299 73.0037644889322,18.9972570650125 73.004030805278,18.9957708964556 73.0040767181721,18.9948092889293 73.0040256776943,18.9943887282349 73.0038909986737,18.9936883256594 73.0038095044094,18.9936644233728 73.0036658287612,18.9935696423637 73.0035923205198,18.9934811800398 73.0035503458398,18.99339014991 73.0028596958966,18.991624735353 73.0027067442447,18.9912390649757 73.0024645701222,18.9908533937049 73.0022068290941,18.9905099820002 73.0019639102683,18.9900889891296 73.0019211423759,18.9900222617358 73.0018676818367,18.9899616000594 73.0017436532421,18.9898604980657 73.001715853079,18.9898463440875 73.0016410081444,18.9898200569113 73.001558131373,18.9898187725795 73.001380120318,18.9898160127953 72.9994489167303,18.9901001845424 72.9983010584434,18.9903307657077 72.9965883853199,18.9907968231417 72.9945663413957,18.9913470651049 72.9936801210286,18.9915882248783 72.9928195861904,18.9920551035734 72.9923847701519,18.9923752194974 72.9921004991785,18.9926380675019 72.9914292681167,18.993258714237 72.9908153217223,18.9939661703772 72.9905846595102,18.9943062087688 72.9904426161009,18.9946802242055 72.9902478002618,18.9951931970276 72.9898907325128,18.9964136811085 72.989841233544,18.9967613649587 72.9897954446173,18.9978065840286 72.9900171721856,18.9996347282202 72.9901413400192,19.0003894613283 72.9902122925535,19.0010435604163 72.9903187222535,19.0018486017872 72.990442890087,19.0024691521706 72.9914773845783,19.0057134178057 72.9917687675137,19.0065932337344 72.9920125208745,19.0070495470374 72.9924764028024,19.0077420574156 72.9928729613896,19.0083575756105 72.9931575512649,19.0087993019464 72.9933278386051,19.0089978698199 72.9935158173665,19.009181807801 72.9936016235441,19.0092423104417 72.9939937723016,19.0094718034266 72.9943041042997,19.0096534154331 72.9943828443293,19.009601119118 72.9961420834221,19.0084952291958 72.9975464682148,19.0076116692674 72.9986532699,19.0071229943565 73.0001046419719,19.0066244452825 73.0013720516501,19.0063466395363 73.0017821496453,19.006318657982 73.0022718392729,19.0062809726941 73.002780437539,19.0062884171741 73.003669170494,19.0063014248415 73.0039331323554,19.0063109026443 73.0041436336776,19.0063266978487 73.0043608166689,19.006355130402 73.0046214376958,19.0064119946445 73.005044391481,19.0065408082068 73.0060013892111,19.0067626574687 73.0062887405075,19.0068132033392 73.0068045333807,19.0068528819047 73.0069236014784,19.0068671151238 73.006963289946,19.0068852315179 73.0069947678118,19.0069098164722 73.0070276138119,19.0069460483998 73.007457089366,19.0077894884806 73.0076240583296,19.0081438795172 73.0083422829588,19.0085851248506 73.0084405299048,19.0086454833224 73.0084672601744,19.0086739146299 73.0085374275813,19.0087655283808 73.0086075940898,19.0088918915066 73.0086643963618,19.0090245726853 73.0088276463001,19.0094924904448 73.0089818187624,19.0099343853297 73.0090352793016,19.0100481113479 73.009108787543,19.0101555191826 73.0093376746841,19.0104152034085 73.009724559314,19.010854143611 73.0100514319914,19.0112199921916 73.0101880468815,19.0113531522258 73.0097569319019,19.0117131734148 73.0095750598878,19.0118997183315 73.0093560317569,19.0121472979908 73.0090948582662,19.0124966739081 73.0089431211366,19.0127525198494 73.0087226979221,19.01316625326 73.0086354113209,19.0133826513346</coordinates></LinearRing></outerBoundaryIs></Polygon></MultiGeometry>
  </Placemark>
  <Placemark>
	<Style><LineStyle><color>ff0000ff</color></LineStyle><PolyStyle><fill>0</fill></PolyStyle></Style>
	<ExtendedData><SchemaData schemaUrl="#navi_mumbai_wards">
		<SimpleData name="objectid">107</SimpleData>
		<SimpleData name="townname">Navi Mumbai</SimpleData>
		<SimpleData name="towncensuscode2011">400708</SimpleData>
		<SimpleData name="town_lgd_code">251472</SimpleData>
		<SimpleData name="ward_lgd_code">2517971</SimpleData>
		<SimpleData name="ward_lgd_name">Navi Mumbai (M Corp.) - Ward No.108</SimpleData>
		<SimpleData name="sourcewardcode">108</SimpleData>
		<SimpleData name="state">Maharashtra</SimpleData>
	</SchemaData></ExtendedData>
      <MultiGeometry><Polygon><outerBoundaryIs><LinearRing><coordinates>73.0168664002831,19.0082361033803 73.0168395622157,19.0084578000495 73.0170041668134,19.0084826455159 73.0170335596895,19.00850745106 73.0170518700499,19.0085517266454 73.0170561056065,19.0086336504613 73.0169722909938,19.0095733275107 73.0168972951424,19.0106407182613 73.0168936138463,19.0106931093732 73.0165935064728,19.0109809646308 73.0165690345679,19.0109568261701 73.0161061713295,19.0105002679418 73.0150542791661,19.0114352368808 73.0140827772375,19.0122845985232 73.0134622839212,19.012839941716 73.0139750207259,19.0133696739467 73.0149147088187,19.0143681017788 73.0155931156229,19.015091629424 73.0157132203764,19.014984217134 73.0163159036938,19.0144452267321 73.0171881579532,19.013692356225 73.0178669267785,19.0136960566419 73.0178676849567,19.013748670158 73.0178930237359,19.0155070471102 73.0178884513111,19.0164477970383 73.017893365994,19.0167046823738 73.0176236153889,19.0169763559491 73.0175835936463,19.0170106178856 73.0175003368875,19.0170907489365 73.0180703664443,19.0176494961412 73.0194481727827,19.0190407791619 73.0210175628217,19.0206294062005 73.0210949904127,19.0205645093406 73.0213683208042,19.02031344747 73.0236283050909,19.0184394155414 73.0240754451168,19.018038932158 73.0223460821937,19.0166600148892 73.0224797694743,19.0158922544222 73.022024750325,19.0158225996722 73.0222966065811,19.0145158171381 73.0223325966847,19.0143495929737 73.0222032159275,19.014325680916 73.022361400266,19.0134900094544 73.0223694231198,19.0134476223398 73.0223722635927,19.0134326168162 73.0222468668638,19.0134176563045 73.0223065715926,19.0131220748748 73.0223595245836,19.0131320882015 73.0223818441252,19.0131363084066 73.0224350315765,19.0128057358237 73.02251465465,19.012391150507 73.0225185964575,19.012370626917 73.0224414383611,19.0123565385518 73.0226643148747,19.0112686062117 73.0232665454412,19.0086006760814 73.0233110596584,19.0084254634822 73.0202217498031,19.0078910050983 73.0181318624137,19.0075359909601 73.0171137495999,19.0074258729016 73.0169482368055,19.0074262143346 73.0169023328944,19.0078804962945 73.0168664002831,19.0082361033803</coordinates></LinearRing></outerBoundaryIs></Polygon></MultiGeometry>
  </Placemark>
  <Placemark>
	<Style><LineStyle><color>ff0000ff</color></LineStyle><PolyStyle><fill>0</fill></PolyStyle></Style>
	<ExtendedData><SchemaData schemaUrl="#navi_mumbai_wards">
		<SimpleData name="objectid">108</SimpleData>
		<SimpleData name="townname">Navi Mumbai</SimpleData>
		<SimpleData name="towncensuscode2011">400708</SimpleData>
		<SimpleData name="town_lgd_code">251472</SimpleData>
		<SimpleData name="ward_lgd_code">2517972</SimpleData>
		<SimpleData name="ward_lgd_name">Navi Mumbai (M Corp.) - Ward No.109</SimpleData>
		<SimpleData name="sourcewardcode">109</SimpleData>
		<SimpleData name="state">Maharashtra</SimpleData>
	</SchemaData></ExtendedData>
      <MultiGeometry><Polygon><outerBoundaryIs><LinearRing><coordinates>73.0110604799057,19.0196305403799 73.0112949222285,19.0203266374826 73.011102025191,19.0209190013876 73.0110639006903,19.021036077042 73.0123811381206,19.0212603290683 73.0127472015989,19.0213532938582 73.0132522928421,19.0208758722091 73.014854192013,19.0194433688801 73.0160301936194,19.0183994025765 73.0175003368875,19.0170907489365 73.0175835936463,19.0170106178856 73.0176236153889,19.0169763559491 73.017893365994,19.0167046823738 73.0178884513111,19.0164477970383 73.0178930237359,19.0155070471102 73.0178676849567,19.013748670158 73.0178669267785,19.0136960566419 73.0171881579532,19.013692356225 73.0163159036938,19.0144452267321 73.0157132203764,19.014984217134 73.0155931156229,19.015091629424 73.0149147088187,19.0143681017788 73.0139750207259,19.0133696739467 73.0138272352852,19.0132169899767 73.0134816174628,19.0135011395948 73.0142256174525,19.0142756503066 73.0134281470421,19.0149604673834 73.0125819232647,19.014087984429 73.0121565808592,19.0144578770555 73.0118566324875,19.0147269928179 73.0122638459923,19.0153540839863 73.0123309070249,19.0154511269963 73.0124157591917,19.0155494642744 73.0125923077894,19.0157331988216 73.0128728687206,19.0160398546222 73.0133614561155,19.0165393003451 73.0136279278698,19.0168151204143 73.0136766363211,19.0168637930979 73.0131768298667,19.017284765779 73.0124765472886,19.0178941321186 73.0122484533599,19.0181193446747 73.0120385889432,19.018353445491 73.0119388211494,19.0185168681263 73.01189358828,19.0187876070822 73.0115983821146,19.0195918627601 73.0115447392175,19.0195641976659 73.0114518489255,19.0195162901198 73.0110604799057,19.0196305403799</coordinates></LinearRing></outerBoundaryIs></Polygon></MultiGeometry>
  </Placemark>
  <Placemark>
	<Style><LineStyle><color>ff0000ff</color></LineStyle><PolyStyle><fill>0</fill></PolyStyle></Style>
	<ExtendedData><SchemaData schemaUrl="#navi_mumbai_wards">
		<SimpleData name="objectid">109</SimpleData>
		<SimpleData name="townname">Navi Mumbai</SimpleData>
		<SimpleData name="towncensuscode2011">400708</SimpleData>
		<SimpleData name="town_lgd_code">251472</SimpleData>
		<SimpleData name="ward_lgd_code">2517973</SimpleData>
		<SimpleData name="ward_lgd_name">Navi Mumbai (M Corp.) - Ward No.110</SimpleData>
		<SimpleData name="sourcewardcode">110</SimpleData>
		<SimpleData name="state">Maharashtra</SimpleData>
	</SchemaData></ExtendedData>
      <MultiGeometry><Polygon><outerBoundaryIs><LinearRing><coordinates>73.009724559314,19.010854143611 73.0093376746841,19.0104152034085 73.009108787543,19.0101555191826 73.0090352793016,19.0100481113479 73.0089818187624,19.0099343853297 73.0088276463001,19.0094924904448 73.0086643963618,19.0090245726853 73.0086075940898,19.0088918915066 73.0085374275813,19.0087655283808 73.0084672601744,19.0086739146299 73.0084405299048,19.0086454833224 73.0083422829588,19.0085851248506 73.0076240583296,19.0081438795172 73.007457089366,19.0077894884806 73.0070276138119,19.0069460483998 73.0069947678118,19.0069098164722 73.006963289946,19.0068852315179 73.0069236014784,19.0068671151238 73.0068045333807,19.0068528819047 73.0062887405075,19.0068132033392 73.0060013892111,19.0067626574687 73.005044391481,19.0065408082068 73.0046214376958,19.0064119946445 73.0043608166689,19.006355130402 73.0041436336776,19.0063266978487 73.0039331323554,19.0063109026443 73.003669170494,19.0063014248415 73.002780437539,19.0062884171741 73.0022718392729,19.0062809726941 73.0017821496453,19.006318657982 73.0013720516501,19.0063466395363 73.0001046419719,19.0066244452825 72.9986532699,19.0071229943565 72.9975464682148,19.0076116692674 72.9961420834221,19.0084952291958 72.9943828443293,19.009601119118 72.9943041042997,19.0096534154331 72.9951203036854,19.0119020471478 72.9954619284963,19.0130263681643 72.9954978485313,19.0131396529764 72.9955626197582,19.013484799818 72.9955914709502,19.0137166616014 72.9954280476371,19.019569931963 72.9957572694089,19.0195484665652 72.9957459173987,19.0197792200834 72.9958133458422,19.0200894582894 72.9959275567491,19.0203319530633 72.9959843194953,19.0204285473009 72.9961602823915,19.0206271021352 72.9962794834398,19.0207290618761 72.9966995248868,19.0209759124548 72.9970060417399,19.0211261688908 72.9977893600912,19.0213408207067 72.9982065835233,19.0217343661501 73.0027700808621,19.0215286635359 73.0039135005732,19.0213614374576 73.0051195858602,19.0211811316718 73.0055319386268,19.0211451635707 73.0056705019627,19.0211330776687 73.0059676547772,19.021107158922 73.0074680398293,19.0210972896016 73.0074404741266,19.0213275832157 73.0092512037532,19.021193785729 73.010404808563,19.02108429668 73.0107853861213,19.021037288945 73.0110639006903,19.021036077042 73.011102025191,19.0209190013876 73.0112949222285,19.0203266374826 73.0110604799057,19.0196305403799 73.0114518489255,19.0195162901198 73.0115447392175,19.0195641976659 73.0115983821146,19.0195918627601 73.01189358828,19.0187876070822 73.0119388211494,19.0185168681263 73.0120385889432,19.018353445491 73.0122484533599,19.0181193446747 73.0124765472886,19.0178941321186 73.0131768298667,19.017284765779 73.0136766363211,19.0168637930979 73.0136279278698,19.0168151204143 73.0133614561155,19.0165393003451 73.0128728687206,19.0160398546222 73.0125923077894,19.0157331988216 73.0124157591917,19.0155494642744 73.0123309070249,19.0154511269963 73.0122638459923,19.0153540839863 73.0118566324875,19.0147269928179 73.0118418309465,19.0147071727356 73.0118216152594,19.0146745876896 73.011809077473,19.0146555438603 73.0116772191623,19.0144566217901 73.0115743162482,19.0143266041058 73.0114506083521,19.0141885731619 73.0109815682979,19.013694815809 73.0108276797032,19.0135409830284 73.0100429626749,19.0127791100032 73.0095627215274,19.0137442291495 73.0086354113209,19.0133826513346 73.0087226979221,19.01316625326 73.0089431211366,19.0127525198494 73.0090948582662,19.0124966739081 73.0093560317569,19.0121472979908 73.0095750598878,19.0118997183315 73.0097569319019,19.0117131734148 73.0101880468815,19.0113531522258 73.0100514319914,19.0112199921916 73.009724559314,19.010854143611</coordinates></LinearRing></outerBoundaryIs></Polygon></MultiGeometry>
  </Placemark>
  <Placemark>
	<Style><LineStyle><color>ff0000ff</color></LineStyle><PolyStyle><fill>0</fill></PolyStyle></Style>
	<ExtendedData><SchemaData schemaUrl="#navi_mumbai_wards">
		<SimpleData name="objectid">110</SimpleData>
		<SimpleData name="townname">Navi Mumbai</SimpleData>
		<SimpleData name="towncensuscode2011">400708</SimpleData>
		<SimpleData name="town_lgd_code">251472</SimpleData>
		<SimpleData name="ward_lgd_code">2517967</SimpleData>
		<SimpleData name="ward_lgd_name">Navi Mumbai (M Corp.) - Ward No.104</SimpleData>
		<SimpleData name="sourcewardcode">104</SimpleData>
		<SimpleData name="state">Maharashtra</SimpleData>
	</SchemaData></ExtendedData>
      <MultiGeometry><Polygon><outerBoundaryIs><LinearRing><coordinates>73.0469093063022,19.0225932429183 73.0455462404194,19.0227922342325 73.0437688562561,19.0230849721439 73.0436866397463,19.0230971428296 73.0419728715765,19.0233468230041 73.0415238019694,19.0234122487121 73.041298774889,19.0234440864001 73.0410197572635,19.0235064539072 73.0409572461978,19.0235240793182 73.0407404917028,19.023603117637 73.0405794749764,19.0236763020185 73.0403436312817,19.0238059845782 73.0402498480643,19.0238636674761 73.0394646917599,19.0244788474312 73.0413561125569,19.0263994650545 73.0421447489348,19.0257774082534 73.0435888886703,19.0272848894083 73.0438071235888,19.0275611086176 73.0435423703117,19.0277620523114 73.043000323276,19.0282382176978 73.0429558656526,19.0282775735379 73.042919676123,19.0283094102937 73.044242790332,19.0296512150047 73.0448338656192,19.0292443894582 73.0452391145085,19.0296331928076 73.045554601938,19.0299314386023 73.0457451319148,19.0299910878668 73.0458218390569,19.0300519064862 73.0459296243146,19.0301371461 73.0459652559904,19.0301663388786 73.0459905938713,19.0301798125976 73.0460246418172,19.0301977778376 73.0462734814391,19.0303019710964 73.04681568029,19.0304979978997 73.048477367733,19.0311507590668 73.0484777288557,19.0308911921586 73.0485857449804,19.0298575877897 73.0486436081628,19.028945138645 73.0486371654456,19.0287444842701 73.048615247451,19.028062669969 73.0487691468254,19.0271069271454 73.0487938433092,19.0268450915522 73.0486125830478,19.0267767899809 73.0485532394418,19.0267544363627 73.048110641298,19.0263341594161 73.0481106035687,19.0263341169542 73.0478913607405,19.0260233061281 73.0475800944945,19.0255820365913 73.0475963288484,19.0251384822617 73.0476151629266,19.0246239117948 73.0475972289603,19.0240150796797 73.0475971714681,19.0240131128141 73.0475850370252,19.0236012144605 73.0475447296184,19.0231455877715 73.0475048722676,19.0226950494359 73.0474683674294,19.0225116266187 73.0469711705809,19.0225842119043 73.0469093063022,19.0225932429183</coordinates></LinearRing></outerBoundaryIs></Polygon></MultiGeometry>
  </Placemark>
  <Placemark>
	<Style><LineStyle><color>ff0000ff</color></LineStyle><PolyStyle><fill>0</fill></PolyStyle></Style>
	<ExtendedData><SchemaData schemaUrl="#navi_mumbai_wards">
		<SimpleData name="objectid">111</SimpleData>
		<SimpleData name="townname">Navi Mumbai</SimpleData>
		<SimpleData name="towncensuscode2011">400708</SimpleData>
		<SimpleData name="town_lgd_code">251472</SimpleData>
		<SimpleData name="ward_lgd_code">2517968</SimpleData>
		<SimpleData name="ward_lgd_name">Navi Mumbai (M Corp.) - Ward No.105</SimpleData>
		<SimpleData name="sourcewardcode">105</SimpleData>
		<SimpleData name="state">Maharashtra</SimpleData>
	</SchemaData></ExtendedData>
      <MultiGeometry><Polygon><outerBoundaryIs><LinearRing><coordinates>73.0343938546947,19.0119177416023 73.0337114665571,19.0135560785685 73.0338882136825,19.0135648612268 73.0357763475439,19.0135917663426 73.0357904169579,19.0140651254681 73.0358476135903,19.0140616806993 73.0358517691968,19.0141734530495 73.0358560793136,19.0142671598454 73.0358764899351,19.0144378947248 73.0359868892903,19.0150038027772 73.0360205788084,19.015089989432 73.0360641767441,19.0151443240309 73.0361236299445,19.0151892908749 73.036138418909,19.0151968640491 73.0369675782893,19.0154639819233 73.0365022428873,19.0167379039881 73.0362932192938,19.0172949911764 73.0364629344071,19.0173491959632 73.0365374828976,19.017391987192 73.0366089932858,19.0174314636515 73.0368298045725,19.0175533580528 73.0370475840452,19.0176766035748 73.0376949819041,19.0180848901798 73.037800716308,19.0181552013254 73.0383014938412,19.0184286407305 73.040542644948,19.0198126525521 73.042045858795,19.0208715952996 73.0426923322876,19.0212922758746 73.0432769738408,19.02160670407 73.0435722500746,19.0217404910332 73.0439976661421,19.0218832027836 73.0444438566488,19.0219982913363 73.0447037042262,19.0220297131572 73.0452626395892,19.0220403798785 73.0456890518882,19.0220127958717 73.0468338523099,19.0218650939685 73.0469711705809,19.0225842119043 73.0474683674294,19.0225116266187 73.0473492831621,19.021913281094 73.0473205244966,19.0217687867672 73.0472473791746,19.0214170311642 73.0471052162893,19.0207333804034 73.0469742625821,19.0201112896532 73.0468853518268,19.0196889321716 73.0468478175193,19.0193221399979 73.0467990911017,19.0188459651988 73.0466974799649,19.0178309336055 73.046574498806,19.0168077188699 73.046564526608,19.0167247519087 73.0465612208077,19.0166998754009 73.0464337265127,19.0157407235614 73.0463893111101,19.0152177176664 73.0463390889975,19.0146263262752 73.0462967343302,19.0143229996739 73.0462650013428,19.0140957453491 73.0461566178071,19.0138312513222 73.0460692162216,19.013675167163 73.0459415135174,19.0134471076609 73.0455463500138,19.0128107492911 73.0451769726504,19.0120843359499 73.0447879131992,19.0113892931579 73.0445743603,19.0109328151035 73.0445370622494,19.0108084383861 73.044414729674,19.0104004931749 73.0440967494196,19.0094987796987 73.0438262334499,19.0088195915624 73.0436255174761,19.0083236083076 73.0435734798683,19.0081950169523 73.0433214278709,19.0077604072813 73.0432273149719,19.0076321993899 73.0431782444995,19.007565359274 73.0431276064669,19.007496364367 73.0430350485516,19.0073702719685 73.0429822842068,19.0073194273009 73.0428674175297,19.0072087425912 73.0425377322272,19.0069861660415 73.0419183797714,19.0072784969245 73.0404715801242,19.0078411976264 73.0404216571506,19.0078772926083 73.0400747646188,19.008350921101 73.0399017095692,19.0086462689523 73.0398500645252,19.0087042976914 73.0397896869584,19.0087592960042 73.0397726054933,19.0087691499198 73.0397207394637,19.0087990692303 73.0396959199107,19.008810776379 73.0396524998414,19.0088166044731 73.0395849824647,19.008818536696 73.0395567493136,19.0088307891124 73.0395293165615,19.0088606141364 73.0394892759543,19.008928750656 73.0394500150848,19.0089955180311 73.0393934939855,19.009160110045 73.0393539914692,19.0093790239403 73.039325812217,19.0097534216643 73.0392903880521,19.0099845922058 73.0391727069532,19.010407665688 73.0389025916322,19.0111773760322 73.0385801476491,19.0120355259772 73.0384123639136,19.0124782591681 73.038379265487,19.0126008035255 73.0383800955303,19.0126316453459 73.0384785526821,19.0129290324264 73.0380332856435,19.0133297404457 73.0377263923963,19.0130192042573 73.0368931861057,19.0121448927399 73.0367292803973,19.0120139186207 73.0360769112615,19.0118100469885 73.0346103585596,19.0113451202459 73.0343938546947,19.0119177416023</coordinates></LinearRing></outerBoundaryIs></Polygon></MultiGeometry>
  </Placemark>
</Folder>
</Document></kml>
