<?xml version="1.0" encoding="utf-8" ?>
<kml xmlns="http://www.opengis.net/kml/2.2">
<Document id="root_doc">
<Schema name="bhopal_wards" id="bhopal_wards">
	<SimpleField name="objectid" type="float"></SimpleField>
	<SimpleField name="townname" type="string"></SimpleField>
	<SimpleField name="towncensuscode2011" type="string"></SimpleField>
	<SimpleField name="town_lgd_code" type="float"></SimpleField>
	<SimpleField name="ward_lgd_code" type="float"></SimpleField>
	<SimpleField name="ward_lgd_name" type="string"></SimpleField>
	<SimpleField name="sourcewardname" type="string"></SimpleField>
	<SimpleField name="sourcewardcode" type="string"></SimpleField>
	<SimpleField name="state" type="string"></SimpleField>
</Schema>
<Folder><name>bhopal_wards</name>
  <Placemark>
	<Style><LineStyle><color>ff0000ff</color></LineStyle><PolyStyle><fill>0</fill></PolyStyle></Style>
	<ExtendedData><SchemaData schemaUrl="#bhopal_wards">
		<SimpleData name="objectid">1</SimpleData>
		<SimpleData name="townname">Bhopal</SimpleData>
		<SimpleData name="towncensuscode2011">802312</SimpleData>
		<SimpleData name="town_lgd_code">250946</SimpleData>
		<SimpleData name="ward_lgd_code">32961</SimpleData>
		<SimpleData name="ward_lgd_name">Ravindra Nath Tagore</SimpleData>
		<SimpleData name="sourcewardcode">34</SimpleData>
		<SimpleData name="state">Madhya Pradesh</SimpleData>
	</SchemaData></ExtendedData>
      <MultiGeometry><Polygon><outerBoundaryIs><LinearRing><coordinates>77.4123541779685,23.2536676748458 77.4140707443904,23.2524234956379 77.4141712532943,23.2523843435427 77.4144487285125,23.2523416259255 77.4147739608662,23.2523251436911 77.4150696664948,23.2522722593924 77.4154375876891,23.2521659261922 77.415387803056,23.2518237229389 77.415347922349,23.2513078128265 77.415402040455,23.2506609788626 77.4153781237089,23.2498869275064 77.4153703775361,23.249270833289 77.4154027546156,23.2487542653834 77.4153650810692,23.2480992956841 77.4155885037585,23.2481066423553 77.4158235838852,23.2481182000936 77.4167433742945,23.2481860030503 77.4174400429502,23.248251729329 77.4180904402838,23.2482911426305 77.4183690428878,23.2483326251342 77.4186840461253,23.2484224217234 77.4188615271743,23.2485382282413 77.4190859254339,23.2486956590136 77.4193572435992,23.2488389691474 77.4197874396022,23.2489970012597 77.420262290858,23.2491337766191 77.4206005901059,23.249273074165 77.4209987476943,23.2495372422303 77.4219927802686,23.2501976687706 77.4220863901111,23.25006952203 77.4220408347464,23.2499310952503 77.421790244308,23.2491052815578 77.4215678061723,23.248436334226 77.4215478869292,23.2483753101954 77.421249869037,23.2484397001005 77.4209922097556,23.2475696855513 77.4212794119318,23.2475127360232 77.4209918234801,23.2461478219387 77.4211309689243,23.2461020904819 77.4210441368707,23.2460314240176 77.4200226589678,23.2451982723641 77.4199256750531,23.245169242432 77.4196467122248,23.2450889035002 77.4195204099941,23.2449734464312 77.4187109866007,23.2448766481631 77.4182112852491,23.2447462949769 77.4180310167278,23.2445217002191 77.4182038328255,23.2442258475018 77.4183253838666,23.2440801156378 77.4185163944421,23.2439146474327 77.4188235616754,23.2436702795641 77.4191479810538,23.243381413664 77.4195538497806,23.2431349623177 77.4198014344561,23.2430281488741 77.4204171595147,23.2428138514986 77.4210788082474,23.2426120430567 77.4212928642032,23.2425285825335 77.4213993289374,23.2424444731851 77.4214619549874,23.2423680318559 77.4215365088678,23.2422334055356 77.4215816878383,23.2420444602843 77.4216152614738,23.241866956662 77.4216191664503,23.2418265311546 77.4216189481597,23.2418175201013 77.4216180767939,23.2418079089708 77.4216161148733,23.2417972957859 77.4216091726928,23.2417585450248 77.4215104343683,23.2415082483656 77.4213283180125,23.2416875370138 77.4209958380511,23.2418660214673 77.4208738621069,23.2419204237018 77.4208001283884,23.2419455286719 77.4206453190205,23.2419864180257 77.4203506635224,23.2420411677102 77.4198798016848,23.2421210726594 77.4193795128351,23.2421707674617 77.4189675077166,23.242180978641 77.4181102023218,23.2420947064912 77.4172263597952,23.2420206537085 77.4170436002456,23.2420379362165 77.4167919668632,23.2421045363355 77.4140165598091,23.2429375199439 77.413346592677,23.2431864371438 77.4130116423486,23.2426022289326 77.412966694245,23.2425186627507 77.4115428878759,23.241946832826 77.4103750303958,23.2407015108499 77.4103006031779,23.2406306805675 77.4102155435003,23.2405647350984 77.4100906112004,23.2404792501824 77.409391526975,23.2400884612978 77.4092267238496,23.2400127449936 77.4077590132192,23.2395240778829 77.4074616457074,23.2393974083126 77.4060903279003,23.2387566875336 77.4058401273307,23.2386230076443 77.4053164283847,23.2384732440113 77.4048272921193,23.2383355216763 77.4046266866382,23.2382627478851 77.4045187702265,23.2382055244659 77.4043647747323,23.2381005766925 77.4041901539191,23.2379644561493 77.4041656020641,23.2379495396465 77.4041518407723,23.2379411787771 77.4036819787595,23.2376557144949 77.402833951165,23.236966388948 77.4027140799735,23.2370545662375 77.4025779313091,23.2371912432323 77.4018627393923,23.2380739868615 77.4028538533402,23.2388146321452 77.4009617264673,23.2417871588645 77.40174439893,23.2422646209723 77.4013951114896,23.2425331000047 77.4012171094177,23.242665796215 77.4011768065025,23.242730601581 77.4011801653034,23.242792320712 77.4012591748276,23.2429375050866 77.4013502424378,23.2430421015589 77.401447002672,23.2432408338875 77.4015209951053,23.2433977277957 77.4016063718883,23.2436016893529 77.4017998914583,23.2438893274033 77.4020104862053,23.2440148420996 77.4022772867431,23.2441926540399 77.4025263015364,23.2445276851805 77.4026952755397,23.2446665996002 77.4029265027921,23.2448463718129 77.4033000240839,23.2450261437833 77.4036201854478,23.2452631161187 77.4039581334543,23.2455082585885 77.4044028013166,23.245802429618 77.4046784951756,23.2460393997489 77.4047140693592,23.2463744262511 77.4045628819985,23.2466277388162 77.3982766962191,23.2493961638164 77.3980661014721,23.2495373619086 77.3980184799822,23.2495533690762 77.3979269156036,23.2495426962557 77.3978206188544,23.2495706002609 77.3977238128061,23.2496229210803 77.3976573778993,23.2497153530195 77.3976232113758,23.2497432569886 77.3975434885892,23.2497641857869 77.3975131183461,23.2497903457485 77.397463766701,23.2498409216597 77.3973935346155,23.2499333542732 77.3973650625125,23.2499978820874 77.3973479792508,23.2500693866703 77.3973555718116,23.2501129865037 77.3973650625125,23.2501653062849 77.3974428871589,23.2502821545476 77.397596637413,23.2504513223768 77.3977105258247,23.250521082729 77.397823737805,23.2505997486844 77.3978568577913,23.2506407121439 77.3978609972281,23.2506494898495 77.3978606792245,23.2506565120137 77.3978578127004,23.250666167076 77.3978645006577,23.2506831381286 77.397994337759,23.250816166279 77.3981194640949,23.2509188532963 77.398227330201,23.250977799562 77.3985668233098,23.2507609918347 77.3988470536609,23.2506335851582 77.3992626116164,23.2503968039442 77.3994769622196,23.2503530391312 77.3998308104067,23.2502576941041 77.3998801458821,23.2502342480268 77.3999141695735,23.2502061130589 77.3999686074797,23.2501498439305 77.3999822169562,23.2501326507874 77.4000094359094,23.2501092046882 77.4000485638282,23.2500857594102 77.4000774841905,23.2500763808026 77.4001183126201,23.2500716919113 77.4001778547538,23.2500732551502 77.40023229266,23.2500763808026 77.4003326632233,23.2500716919113 77.4004024120152,23.2500544987581 77.4007001217852,23.2499810355777 77.400887252537,23.2499529005563 77.4010012325769,23.2499529005563 77.401113512106,23.2499529005563 77.4014265318633,23.2499763458576 77.4016897301567,23.2499753711023 77.4018484283315,23.2499747834429 77.4018568886648,23.2499398036721 77.4018756472845,23.2498622441419 77.4022489260312,23.2498502375561 77.4029933320594,23.249826293712 77.403003539616,23.2497684611809 77.403821691939,23.2497384096153 77.4041876781622,23.2498785772896 77.4052076504886,23.2502168592835 77.4056781368305,23.2504024700524 77.4055815877004,23.2509854068877 77.4055512417118,23.2511686263531 77.4062522905528,23.2514990344904 77.406637717217,23.2516480109683 77.4066988538603,23.2517090665155 77.4069775310244,23.2519176315587 77.4070489812254,23.25195827025 77.4070966143933,23.2519864048483 77.4071510531979,23.2520332955571 77.4071986863658,23.2520942527111 77.4072921407998,23.2522160390062 77.4073007978642,23.2522252144271 77.4074748922646,23.2524097321141 77.4076284080584,23.2525377742627 77.4079038656605,23.2527298376678 77.408001623923,23.2527118706814 77.4080271684164,23.2527085181202 77.4080279050349,23.2527441822029 77.4080312512594,23.2530159307937 77.4082132023252,23.2533153608602 77.4083207126984,23.2533925750392 77.4086191842398,23.2535119031041 77.4086617140786,23.2535775491757 77.408736567098,23.2536682030643 77.4088726061679,23.2542940943567 77.4087520459686,23.2544228222014 77.4088314741077,23.2548601616832 77.4117163543539,23.2540989216775 77.4119095316658,23.253988826386 77.4123541779685,23.2536676748458</coordinates></LinearRing></outerBoundaryIs></Polygon></MultiGeometry>
  </Placemark>
  <Placemark>
	<Style><LineStyle><color>ff0000ff</color></LineStyle><PolyStyle><fill>0</fill></PolyStyle></Style>
	<ExtendedData><SchemaData schemaUrl="#bhopal_wards">
		<SimpleData name="objectid">2</SimpleData>
		<SimpleData name="townname">Bhopal</SimpleData>
		<SimpleData name="towncensuscode2011">802312</SimpleData>
		<SimpleData name="town_lgd_code">250946</SimpleData>
		<SimpleData name="ward_lgd_code">32962</SimpleData>
		<SimpleData name="ward_lgd_name">Jahangirabad Ward</SimpleData>
		<SimpleData name="sourcewardcode">35</SimpleData>
		<SimpleData name="state">Madhya Pradesh</SimpleData>
	</SchemaData></ExtendedData>
      <MultiGeometry><Polygon><outerBoundaryIs><LinearRing><coordinates>77.4189231354331,23.2539844520866 77.4188508704601,23.2539746586074 77.4187287750399,23.2539797121616 77.4186135804778,23.2539161378913 77.4185156515354,23.25388920457 77.4182853225982,23.2539000148744 77.4181513388736,23.2539085538422 77.4181315040721,23.2538406143126 77.4181231623164,23.2537109210819 77.4181605457069,23.2534772676037 77.4181930665169,23.2532505210206 77.4181893510849,23.2531363907433 77.418136737657,23.252984526393 77.4180424217387,23.2527285847906 77.418009722164,23.2524827606485 77.4179728319486,23.2523489236673 77.417957031481,23.2522010407366 77.4179642844786,23.2519899687177 77.4179479207674,23.2519257984197 77.417915210413,23.2518015077384 77.417885014443,23.2517173489387 77.4178258064826,23.251590851891 77.4171785586423,23.2517447655304 77.4166110892841,23.2518565224591 77.4162087141054,23.2519275745777 77.4160343106845,23.2519658271733 77.4154375876891,23.2521659261922 77.4150696664948,23.2522722593924 77.4147739608662,23.2523251436911 77.4144487285125,23.2523416259255 77.4141712532943,23.2523843435427 77.4140707443904,23.2524234956379 77.4123541779685,23.2536676748458 77.4119095316658,23.253988826386 77.4117163543539,23.2540989216775 77.4088314741077,23.2548601616832 77.4090252470027,23.2550873272739 77.4103351586719,23.2567790257326 77.4103952317099,23.2568801301429 77.4104241520722,23.256952026364 77.4104377615487,23.2570114189371 77.4104394629579,23.2570489297615 77.4104453289567,23.2571318331855 77.4104551691023,23.2572709094438 77.4104600514459,23.2574071761734 77.4104725272485,23.2577553692719 77.4104934544014,23.258339492122 77.4105206580832,23.2585740308911 77.4105715701019,23.2590129685826 77.4119121754077,23.2590920215491 77.4121012465205,23.2590434967366 77.4123352369908,23.2589424311059 77.4130056353142,23.2585290959946 77.4135264542615,23.2582419335387 77.4137947495958,23.2581458942865 77.4143978461382,23.2580186787117 77.4145018171492,23.2579967476263 77.4145658508593,23.2579832405254 77.415432914653,23.2577474594414 77.4155932181171,23.257691314817 77.4160121187038,23.2574763122473 77.4174864238666,23.2564695906127 77.4192776807128,23.2551824245495 77.4192553216454,23.2551534355813 77.4191145529454,23.2549647083639 77.4189140849066,23.2545510852575 77.4190142326878,23.2545112528847 77.4191895658649,23.2543851818854 77.4190611588816,23.2541309349157 77.4190298454074,23.2540874502929 77.4189231354331,23.2539844520866</coordinates></LinearRing></outerBoundaryIs></Polygon></MultiGeometry>
  </Placemark>
  <Placemark>
	<Style><LineStyle><color>ff0000ff</color></LineStyle><PolyStyle><fill>0</fill></PolyStyle></Style>
	<ExtendedData><SchemaData schemaUrl="#bhopal_wards">
		<SimpleData name="objectid">3</SimpleData>
		<SimpleData name="townname">Bhopal</SimpleData>
		<SimpleData name="towncensuscode2011">802312</SimpleData>
		<SimpleData name="town_lgd_code">250946</SimpleData>
		<SimpleData name="ward_lgd_code">34366</SimpleData>
		<SimpleData name="ward_lgd_name">Maharani Laxmibai Ward</SimpleData>
		<SimpleData name="sourcewardcode">42</SimpleData>
		<SimpleData name="state">Madhya Pradesh</SimpleData>
	</SchemaData></ExtendedData>
      <MultiGeometry><Polygon><outerBoundaryIs><LinearRing><coordinates>77.4207756088727,23.2541224611639 77.4245539166695,23.2515383783278 77.4245446846833,23.2513337867802 77.4238102436666,23.2500793058916 77.4231966799544,23.2501538452915 77.4226549446342,23.2502098280173 77.4223145702781,23.2502412916722 77.422305284393,23.2502042865307 77.4222577033273,23.2500146749464 77.4224017230303,23.2497916044309 77.4226505105499,23.249391209958 77.42311851305,23.2486884031659 77.4233393602694,23.2483857949239 77.4234829056619,23.2481802411044 77.4237724003386,23.2477763232077 77.4237162619215,23.2476797844918 77.4226118335854,23.2477191773278 77.4226298178574,23.2474289773025 77.422513656708,23.2473417015824 77.4217998230439,23.2467034175252 77.4213459654162,23.2462887775044 77.4211309689243,23.2461020904819 77.4209918234801,23.2461478219387 77.4212794119318,23.2475127360232 77.4209922097556,23.2475696855513 77.421249869037,23.2484397001005 77.4215478869292,23.2483753101954 77.4215678061723,23.248436334226 77.421790244308,23.2491052815578 77.4220408347464,23.2499310952503 77.4220863901111,23.25006952203 77.4219927802686,23.2501976687706 77.4209987476943,23.2495372422303 77.4206005901059,23.249273074165 77.420262290858,23.2491337766191 77.4197874396022,23.2489970012597 77.4193572435992,23.2488389691474 77.4190859254339,23.2486956590136 77.4188615271743,23.2485382282413 77.4186840461253,23.2484224217234 77.4183690428878,23.2483326251342 77.4180904402838,23.2482911426305 77.4174400429502,23.248251729329 77.4167433742945,23.2481860030503 77.4158235838852,23.2481182000936 77.4155885037585,23.2481066423553 77.4153650810692,23.2480992956841 77.4154027546156,23.2487542653834 77.4153703775361,23.249270833289 77.4153781237089,23.2498869275064 77.415402040455,23.2506609788626 77.415347922349,23.2513078128265 77.415387803056,23.2518237229389 77.4154375876891,23.2521659261922 77.4160343106845,23.2519658271733 77.4162087141054,23.2519275745777 77.4166110892841,23.2518565224591 77.4171785586423,23.2517447655304 77.4178258064826,23.251590851891 77.417885014443,23.2517173489387 77.417915210413,23.2518015077384 77.4179479207674,23.2519257984197 77.4179642844786,23.2519899687177 77.417957031481,23.2522010407366 77.4179728319486,23.2523489236673 77.418009722164,23.2524827606485 77.4180424217387,23.2527285847906 77.418136737657,23.252984526393 77.4181893510849,23.2531363907433 77.4181930665169,23.2532505210206 77.4181605457069,23.2534772676037 77.4181231623164,23.2537109210819 77.4181315040721,23.2538406143126 77.4181513388736,23.2539085538422 77.4182853225982,23.2539000148744 77.4185156515354,23.25388920457 77.4186135804778,23.2539161378913 77.4187287750399,23.2539797121616 77.4188508704601,23.2539746586074 77.4189231354331,23.2539844520866 77.4190298454074,23.2540874502929 77.4190611588816,23.2541309349157 77.4191895658649,23.2543851818854 77.4190142326878,23.2545112528847 77.4189140849066,23.2545510852575 77.4191145529454,23.2549647083639 77.4192553216454,23.2551534355813 77.4192776807128,23.2551824245495 77.4202631505458,23.2544785423285 77.4205311108085,23.2542923504183 77.4207756088727,23.2541224611639</coordinates></LinearRing></outerBoundaryIs></Polygon></MultiGeometry>
  </Placemark>
  <Placemark>
	<Style><LineStyle><color>ff0000ff</color></LineStyle><PolyStyle><fill>0</fill></PolyStyle></Style>
	<ExtendedData><SchemaData schemaUrl="#bhopal_wards">
		<SimpleData name="objectid">4</SimpleData>
		<SimpleData name="townname">Bhopal</SimpleData>
		<SimpleData name="towncensuscode2011">802312</SimpleData>
		<SimpleData name="town_lgd_code">250946</SimpleData>
		<SimpleData name="ward_lgd_code">32960</SimpleData>
		<SimpleData name="ward_lgd_name">Pt. Madanmohan Malviya</SimpleData>
		<SimpleData name="sourcewardcode">33</SimpleData>
		<SimpleData name="state">Madhya Pradesh</SimpleData>
	</SchemaData></ExtendedData>
      <MultiGeometry><Polygon><outerBoundaryIs><LinearRing><coordinates>77.4170436002456,23.2420379362165 77.4172263597952,23.2420206537085 77.4181102023218,23.2420947064912 77.4189675077166,23.242180978641 77.4193795128351,23.2421707674617 77.4198798016848,23.2421210726594 77.4203506635224,23.2420411677102 77.4206453190205,23.2419864180257 77.4208001283884,23.2419455286719 77.4208738621069,23.2419204237018 77.4209958380511,23.2418660214673 77.4213283180125,23.2416875370138 77.4215104343683,23.2415082483656 77.4217743863482,23.2412776168259 77.4217986076233,23.2412539322751 77.4219917058835,23.241096776664 77.422173559033,23.240955247723 77.4221967894662,23.2409357694568 77.4222924717221,23.2408574824478 77.4224214284744,23.2407519696958 77.4224359766904,23.2407386019954 77.4230994058839,23.2401144489922 77.4238326081239,23.2394419501476 77.4242408942171,23.239045727708 77.4242717522454,23.2390157818583 77.424141857652,23.2388737480212 77.4238647516414,23.2385683589111 77.4238392853014,23.2385360390029 77.4237951843091,23.2384639091608 77.423678565019,23.2382212672025 77.4235280990055,23.2377780265712 77.4231710276632,23.2367404669829 77.423355423045,23.2365563585037 77.4233803629722,23.2365227471081 77.4233903387634,23.2364960108585 77.4233953271082,23.2364738583156 77.4234211051636,23.2363816276906 77.4234398754614,23.2363144716644 77.4234535783628,23.2362573761797 77.4235000742636,23.2360636472352 77.4235092182148,23.2360277442646 77.4235208567877,23.2359933683684 77.4235333272004,23.2359651049283 77.4235566043461,23.2359307290159 77.4236274463877,23.2358468392058 77.4236349374389,23.2358380778606 77.4236458340033,23.2358299430327 77.4236594542596,23.2358221202252 77.4236809069269,23.2358114818006 77.423868782382,23.2357462793332 77.4240242088925,23.2356975512195 77.4247382383893,23.2354736956942 77.4248530736254,23.2354426602687 77.4249631271291,23.2354183382569 77.4254711666431,23.2353060607267 77.4256044721397,23.2352822760613 77.4257213770942,23.2352607911104 77.4263994272672,23.2351736584883 77.4268397706397,23.2351187532765 77.4268326335248,23.234839458208 77.4268312312546,23.2344418881583 77.4268120064093,23.2338025229365 77.4267841640253,23.2335965240091 77.426757087006,23.2334986864796 77.4267214625168,23.2334228360126 77.4266584978019,23.2333245204102 77.426610896075,23.2332501928323 77.4263581730361,23.2329805320355 77.426177862294,23.2328175677503 77.4261415478987,23.2327947187252 77.4260580647643,23.2327421907165 77.4259711806084,23.2326936464116 77.4256890655917,23.2325481743579 77.4253805661569,23.2324455978462 77.4250213262815,23.2323411565112 77.424716885435,23.2322758805321 77.4243150231944,23.2322068742029 77.4240065237595,23.2321695734919 77.4238644516041,23.2321565177866 77.4236675795214,23.2321471932254 77.4235478331957,23.2321471932254 77.4233996722592,23.2321490579726 77.4221555244553,23.2322217946495 77.4218125207304,23.232232984777 77.4216318865948,23.2322311192055 77.4213802154831,23.2322255241418 77.4204825622573,23.2321320028403 77.420207132503,23.2320880099826 77.4190603773473,23.231936444431 77.4188736535323,23.2318916829906 77.4188208837976,23.2318655723498 77.4187884097,23.2318375969524 77.4187539063083,23.231796566634 77.4187214331091,23.2317350198946 77.4186970779851,23.2316790690391 77.4186869297173,23.2316268476692 77.4186333874315,23.2313054152852 77.4165350900144,23.2315097717444 77.4166169534862,23.2321567192024 77.4157738324898,23.2323818944446 77.4142288020664,23.232755913345 77.41345510557,23.2329688565946 77.4128273844091,23.2337146868917 77.4124934518719,23.233970376064 77.4122610505213,23.2354976511945 77.412400194169,23.2362166452073 77.4121579643509,23.2362840464412 77.4123514794294,23.2366517900906 77.4119891798922,23.2371165537872 77.4121106402034,23.237478719284 77.411893414093,23.2377424385545 77.4107877820143,23.237805247097 77.4105311962197,23.2381496208967 77.4097265985759,23.2378068888965 77.4090529959618,23.2376779130663 77.4076310841397,23.2375925245283 77.4066280369715,23.237575414787 77.4058385498891,23.2376327944848 77.4050828556311,23.2377417526138 77.40441598589,23.2378458422124 77.4041518407723,23.2379411787771 77.4041656020641,23.2379495396465 77.4041901539191,23.2379644561493 77.4043647747323,23.2381005766925 77.4045187702265,23.2382055244659 77.4046266866382,23.2382627478851 77.4048272921193,23.2383355216763 77.4053164283847,23.2384732440113 77.4058401273307,23.2386230076443 77.4060903279003,23.2387566875336 77.4074616457074,23.2393974083126 77.4077590132192,23.2395240778829 77.4092267238496,23.2400127449936 77.409391526975,23.2400884612978 77.4100906112004,23.2404792501824 77.4102155435003,23.2405647350984 77.4103006031779,23.2406306805675 77.4103750303958,23.2407015108499 77.4115428878759,23.241946832826 77.412966694245,23.2425186627507 77.4130116423486,23.2426022289326 77.413346592677,23.2431864371438 77.4140165598091,23.2429375199439 77.4167919668632,23.2421045363355 77.4170436002456,23.2420379362165</coordinates></LinearRing></outerBoundaryIs></Polygon></MultiGeometry>
  </Placemark>
  <Placemark>
	<Style><LineStyle><color>ff0000ff</color></LineStyle><PolyStyle><fill>0</fill></PolyStyle></Style>
	<ExtendedData><SchemaData schemaUrl="#bhopal_wards">
		<SimpleData name="objectid">5</SimpleData>
		<SimpleData name="townname">Bhopal</SimpleData>
		<SimpleData name="towncensuscode2011">802312</SimpleData>
		<SimpleData name="town_lgd_code">250946</SimpleData>
		<SimpleData name="ward_lgd_code">34369</SimpleData>
		<SimpleData name="ward_lgd_name">Indira Gandhi Ward</SimpleData>
		<SimpleData name="sourcewardcode">45</SimpleData>
		<SimpleData name="state">Madhya Pradesh</SimpleData>
	</SchemaData></ExtendedData>
      <MultiGeometry><Polygon><outerBoundaryIs><LinearRing><coordinates>77.4383465498288,23.2280564975788 77.4394668100736,23.2236585618568 77.4413974090951,23.2160095202697 77.44149380102,23.215615184071 77.4424187917765,23.2118310065337 77.4424030991068,23.2118291943412 77.4420641270209,23.2118089564009 77.4419383592878,23.2118201094358 77.4418865076313,23.2118272071214 77.4418214175025,23.2118474855133 77.4417839083478,23.2118647223917 77.4417508108194,23.2118900699612 77.4417144047959,23.2119255575412 77.4417000631924,23.2119549612694 77.4416061506177,23.2124438605645 77.4414519619857,23.212463745879 77.4411948749311,23.2124917707432 77.4410967321897,23.212506695044 77.4409900626396,23.2125326022457 77.4408616134354,23.2125637990342 77.4405228021479,23.2126389290478 77.4405136177725,23.2126411796204 77.4404604545757,23.2126519173115 77.4404193575497,23.2126602178449 77.4403881240256,23.2126634079444 77.4403427186796,23.2126647363269 77.4403084030357,23.212659689464 77.4402330604345,23.2126486091516 77.4402061603833,23.2126446528994 77.4400484539487,23.2126105979185 77.4395203685291,23.2125008927548 77.4390049565416,23.2123820745635 77.4390704607938,23.2122886037604 77.439206640001,23.2121317632782 77.439282486557,23.2120287871789 77.439334199873,23.2119099685678 77.4394470911548,23.2115566312243 77.4384102502639,23.2114600398919 77.4381235367713,23.2114335628163 77.4380174098037,23.211996071163 77.4379788900443,23.2122550811992 77.4374725097186,23.2121567310219 77.4368160918759,23.2120431724153 77.4363075061862,23.2119580027778 77.4358011258606,23.2118910837979 77.4353443918274,23.2118241647844 77.4351182310732,23.2117876641657 77.4345776509863,23.2117045220414 77.4340514134013,23.2116376029345 77.4339543297736,23.211631519903 77.4336354979163,23.2116284783872 77.4321927191284,23.2116039258224 77.432157832156,23.211603711166 77.4313364378131,23.2115866096526 77.4311799485956,23.2115768716797 77.4311020457959,23.2115765199733 77.4295171643098,23.2115362107847 77.4285518436886,23.2115220162078 77.427737664614,23.2115270854049 77.4270327045083,23.2115179600244 77.4262703501407,23.2115170204892 77.4262696647261,23.2115941424427 77.4262587466022,23.211846955478 77.4262646251774,23.2121609035952 77.42629626474,23.2127577338012 77.4263531442672,23.2135399946889 77.4265536967476,23.2145843730991 77.4267023032484,23.215252762774 77.4268834467289,23.2156905872855 77.427001994702,23.2159871703175 77.4272385372859,23.2164021232543 77.4275883385626,23.2168499333864 77.4278315358663,23.2171476456971 77.4286593073494,23.2181004386876 77.4287497685969,23.2182099336881 77.4289311061134,23.218429423709 77.4292193979459,23.2188057164796 77.4295378228664,23.2192691405174 77.4298528485618,23.2197856739603 77.43009988257,23.2202647156201 77.4305155456283,23.2210817514789 77.4307238766208,23.2214790707271 77.4312754296289,23.2225791518816 77.4311284113495,23.2226492685766 77.4302913638627,23.2230484736267 77.429584212766,23.2233912294885 77.4288592310092,23.2237563925642 77.4282587216148,23.224069429378 77.4285651630093,23.224557880651 77.4286804635727,23.2247274080014 77.4287509391017,23.2248531974568 77.4289663820563,23.2252209453572 77.4290317883921,23.2255931318653 77.429062101143,23.2258103816894 77.4290738978193,23.2262303628375 77.4290323013301,23.2266747380933 77.4289347137476,23.2271440132481 77.4288492165904,23.227448359472 77.4285508717115,23.2282123766406 77.4285021875147,23.2283286051941 77.4284783300573,23.2283871718058 77.4305266811446,23.2292427340642 77.4305526972535,23.2291892891862 77.4307358682315,23.2288613146636 77.4308308902257,23.2287229748448 77.4309786837512,23.2285338668278 77.4311270980125,23.2283628353003 77.4312071046667,23.2282855744398 77.4314041671922,23.228123095595 77.4315170342195,23.2280436899467 77.4318227327073,23.2278587811174 77.4319464334169,23.2277883988702 77.4322722469805,23.2276057160682 77.4324007905078,23.2278686631914 77.4325070082053,23.228054300098 77.4325771648324,23.2281584253189 77.4327201002688,23.2283319154421 77.4328008237785,23.2284183376495 77.4329383046445,23.2285387983467 77.4331105763632,23.2286715844185 77.4333417973274,23.2283201000853 77.4334798719799,23.2280764433067 77.4336878131035,23.2276238903349 77.4341352343021,23.2265792770842 77.434277732259,23.226256097322 77.4343311972898,23.2261578276229 77.4347028824251,23.2262921614192 77.4354847670653,23.2265487233391 77.4355207706436,23.2265605372015 77.4351853918187,23.2272643966722 77.4351426472826,23.2273541059033 77.434704845244,23.2282533453227 77.4342835461556,23.2291750122852 77.4340395547413,23.2295957216627 77.4338879487657,23.2298262256293 77.4337117945284,23.230059768643 77.4331051541322,23.2307443651733 77.4326298204811,23.2312751267753 77.43402551587,23.2326683680029 77.4341681898967,23.2328080236602 77.4344207188994,23.2330576143536 77.4344520970523,23.2330876498656 77.434633192922,23.2332356778054 77.4346647830773,23.2332570673281 77.434717988495,23.2332845686096 77.4348767899759,23.2333603506415 77.4349949444869,23.2334085546116 77.4351560726045,23.2334731762673 77.4352467970583,23.2334937898136 77.4358923928968,23.2336281302606 77.4367959076298,23.2338243754538 77.4383465498288,23.2280564975788</coordinates></LinearRing></outerBoundaryIs></Polygon></MultiGeometry>
  </Placemark>
  <Placemark>
	<Style><LineStyle><color>ff0000ff</color></LineStyle><PolyStyle><fill>0</fill></PolyStyle></Style>
	<ExtendedData><SchemaData schemaUrl="#bhopal_wards">
		<SimpleData name="objectid">6</SimpleData>
		<SimpleData name="townname">Bhopal</SimpleData>
		<SimpleData name="towncensuscode2011">802312</SimpleData>
		<SimpleData name="town_lgd_code">250946</SimpleData>
		<SimpleData name="ward_lgd_code">34367</SimpleData>
		<SimpleData name="ward_lgd_name">Maharana Pratap Ward</SimpleData>
		<SimpleData name="sourcewardcode">43</SimpleData>
		<SimpleData name="state">Madhya Pradesh</SimpleData>
	</SchemaData></ExtendedData>
      <MultiGeometry><Polygon><outerBoundaryIs><LinearRing><coordinates>77.4297048924412,23.2509740672924 77.4285125001741,23.2500387656714 77.4278877623182,23.2495288631037 77.4289786746026,23.2487654632035 77.4308275179501,23.247480492566 77.4316996132077,23.2468569422718 77.4321879868035,23.2465014597951 77.432541813431,23.2462215967508 77.4330179681423,23.2457780195271 77.4332332422136,23.2455311004843 77.4332889305747,23.2454672258705 77.4333772322722,23.2453605901031 77.4334980952037,23.2452000667704 77.4337087429513,23.2448941581104 77.4339260867411,23.2445219560925 77.4340617161793,23.2442454358912 77.4342691650262,23.2437018017146 77.4344534364404,23.2430449038164 77.4345485644357,23.2426868581894 77.4358214556338,23.2378958209073 77.4367747082874,23.2339076433102 77.4367959076298,23.2338243754538 77.4358923928968,23.2336281302606 77.4352467970583,23.2334937898136 77.4351560726045,23.2334731762673 77.4349949444869,23.2334085546116 77.4348767899759,23.2333603506415 77.434717988495,23.2332845686096 77.4346647830773,23.2332570673281 77.434633192922,23.2332356778054 77.4344520970523,23.2330876498656 77.4344207188994,23.2330576143536 77.4341681898967,23.2328080236602 77.43402551587,23.2326683680029 77.4326298204811,23.2312751267753 77.4331051541322,23.2307443651733 77.4337117945284,23.230059768643 77.4338879487657,23.2298262256293 77.4340395547413,23.2295957216627 77.4342835461556,23.2291750122852 77.434704845244,23.2282533453227 77.4351426472826,23.2273541059033 77.4351853918187,23.2272643966722 77.4355207706436,23.2265605372015 77.4354847670653,23.2265487233391 77.4347028824251,23.2262921614192 77.4343311972898,23.2261578276229 77.434277732259,23.226256097322 77.4341352343021,23.2265792770842 77.4336878131035,23.2276238903349 77.4334798719799,23.2280764433067 77.4333417973274,23.2283201000853 77.4331105763632,23.2286715844185 77.4329383046445,23.2285387983467 77.4328008237785,23.2284183376495 77.4327201002688,23.2283319154421 77.4325771648324,23.2281584253189 77.4325070082053,23.228054300098 77.4324007905078,23.2278686631914 77.4322722469805,23.2276057160682 77.4319464334169,23.2277883988702 77.4318227327073,23.2278587811174 77.4315170342195,23.2280436899467 77.4314041671922,23.228123095595 77.4312071046667,23.2282855744398 77.4311270980125,23.2283628353003 77.4309786837512,23.2285338668278 77.4308308902257,23.2287229748448 77.4307358682315,23.2288613146636 77.4305526972535,23.2291892891862 77.4305266811446,23.2292427340642 77.4284783300573,23.2283871718058 77.4283230203279,23.2287643751044 77.4280151074929,23.2295515034357 77.4278018411562,23.2303584850111 77.4276767256001,23.2307839553471 77.4226928328779,23.231071465012 77.4186333874315,23.2313054152852 77.4186869297173,23.2316268476692 77.4186970779851,23.2316790690391 77.4187214331091,23.2317350198946 77.4187539063083,23.231796566634 77.4187884097,23.2318375969524 77.4188208837976,23.2318655723498 77.4188736535323,23.2318916829906 77.4190603773473,23.231936444431 77.420207132503,23.2320880099826 77.4204825622573,23.2321320028403 77.4213802154831,23.2322255241418 77.4216318865948,23.2322311192055 77.4218125207304,23.232232984777 77.4221555244553,23.2322217946495 77.4233996722592,23.2321490579726 77.4235478331957,23.2321471932254 77.4236675795214,23.2321471932254 77.4238644516041,23.2321565177866 77.4240065237595,23.2321695734919 77.4243150231944,23.2322068742029 77.424716885435,23.2322758805321 77.4250213262815,23.2323411565112 77.4253805661569,23.2324455978462 77.4256890655917,23.2325481743579 77.4259711806084,23.2326936464116 77.4260580647643,23.2327421907165 77.4261415478987,23.2327947187252 77.426177862294,23.2328175677503 77.4263581730361,23.2329805320355 77.426610896075,23.2332501928323 77.4266584978019,23.2333245204102 77.4267214625168,23.2334228360126 77.426757087006,23.2334986864796 77.4267841640253,23.2335965240091 77.4268120064093,23.2338025229365 77.4268312312546,23.2344418881583 77.4268326335248,23.234839458208 77.4268397706397,23.2351187532765 77.4263994272672,23.2351736584883 77.4257213770942,23.2352607911104 77.4256044721397,23.2352822760613 77.4254711666431,23.2353060607267 77.4249631271291,23.2354183382569 77.4248530736254,23.2354426602687 77.4247382383893,23.2354736956942 77.4240242088925,23.2356975512195 77.423868782382,23.2357462793332 77.4236809069269,23.2358114818006 77.4236594542596,23.2358221202252 77.4236458340033,23.2358299430327 77.4236349374389,23.2358380778606 77.4236274463877,23.2358468392058 77.4235566043461,23.2359307290159 77.4235333272004,23.2359651049283 77.4235208567877,23.2359933683684 77.4235092182148,23.2360277442646 77.4235000742636,23.2360636472352 77.4234535783628,23.2362573761797 77.4234398754614,23.2363144716644 77.4234211051636,23.2363816276906 77.4233953271082,23.2364738583156 77.4233903387634,23.2364960108585 77.4233803629722,23.2365227471081 77.423355423045,23.2365563585037 77.4231710276632,23.2367404669829 77.4235280990055,23.2377780265712 77.423678565019,23.2382212672025 77.4237951843091,23.2384639091608 77.4238392853014,23.2385360390029 77.4238647516414,23.2385683589111 77.424141857652,23.2388737480212 77.4242717522454,23.2390157818583 77.4242408942171,23.239045727708 77.4238326081239,23.2394419501476 77.4230994058839,23.2401144489922 77.4224359766904,23.2407386019954 77.4224214284744,23.2407519696958 77.4222924717221,23.2408574824478 77.4221967894662,23.2409357694568 77.422173559033,23.240955247723 77.4219917058835,23.241096776664 77.4217986076233,23.2412539322751 77.4217743863482,23.2412776168259 77.4215104343683,23.2415082483656 77.4216091726928,23.2417585450248 77.4216161148733,23.2417972957859 77.4216180767939,23.2418079089708 77.4216189481597,23.2418175201013 77.4216191664503,23.2418265311546 77.4216152614738,23.241866956662 77.4215816878383,23.2420444602843 77.4215365088678,23.2422334055356 77.4214619549874,23.2423680318559 77.4213993289374,23.2424444731851 77.4212928642032,23.2425285825335 77.4210788082474,23.2426120430567 77.4204171595147,23.2428138514986 77.4198014344561,23.2430281488741 77.4195538497806,23.2431349623177 77.4191479810538,23.243381413664 77.4188235616754,23.2436702795641 77.4185163944421,23.2439146474327 77.4183253838666,23.2440801156378 77.4182038328255,23.2442258475018 77.4180310167278,23.2445217002191 77.4182112852491,23.2447462949769 77.4187109866007,23.2448766481631 77.4195204099941,23.2449734464312 77.4196467122248,23.2450889035002 77.4199256750531,23.245169242432 77.4200226589678,23.2451982723641 77.4210441368707,23.2460314240176 77.4211309689243,23.2461020904819 77.4213459654162,23.2462887775044 77.4217998230439,23.2467034175252 77.422513656708,23.2473417015824 77.4226298178574,23.2474289773025 77.4226118335854,23.2477191773278 77.4237162619215,23.2476797844918 77.4237724003386,23.2477763232077 77.4234829056619,23.2481802411044 77.4233393602694,23.2483857949239 77.42311851305,23.2486884031659 77.4226505105499,23.249391209958 77.4224017230303,23.2497916044309 77.4222577033273,23.2500146749464 77.422305284393,23.2502042865307 77.4223145702781,23.2502412916722 77.4226549446342,23.2502098280173 77.4231966799544,23.2501538452915 77.4238102436666,23.2500793058916 77.4245446846833,23.2513337867802 77.4245539166695,23.2515383783278 77.4245640092417,23.2517303135918 77.4249215117753,23.2521919395956 77.4253014883607,23.2526626296209 77.4254048080931,23.2527816620394 77.4254260900805,23.2528036591851 77.4254608539837,23.2528318852185 77.4254947249615,23.2528593857663 77.4255252362401,23.2528789085108 77.4255458516775,23.2528897345786 77.4256096320627,23.2529180266215 77.4257174442699,23.2529495143978 77.4257545949968,23.2529592377979 77.4260907221182,23.2530452767758 77.4261900542291,23.253065698294 77.4262526470414,23.2530751699553 77.4264111179424,23.2530906847926 77.4266302116502,23.2531021876262 77.4267604871294,23.2531090272599 77.426801249982,23.2531086442998 77.4269634309251,23.2530980939149 77.4271811789567,23.253071405556 77.4272291930104,23.2530644305637 77.4272490439815,23.2530605489651 77.4272675205303,23.2530569356036 77.427657535789,23.2529904845636 77.4282660662406,23.2528659852367 77.4288812478185,23.252726209441 77.4292285068629,23.2526326265777 77.42949061011,23.252561992461 77.430104096567,23.2523943277944 77.4302986527929,23.2523383369069 77.4301076422174,23.2514082082785 77.430066415834,23.2513237108346 77.4297048924412,23.2509740672924</coordinates></LinearRing></outerBoundaryIs></Polygon></MultiGeometry>
  </Placemark>
  <Placemark>
	<Style><LineStyle><color>ff0000ff</color></LineStyle><PolyStyle><fill>0</fill></PolyStyle></Style>
	<ExtendedData><SchemaData schemaUrl="#bhopal_wards">
		<SimpleData name="objectid">20</SimpleData>
		<SimpleData name="townname">Bhopal</SimpleData>
		<SimpleData name="towncensuscode2011">802312</SimpleData>
		<SimpleData name="town_lgd_code">250946</SimpleData>
		<SimpleData name="ward_lgd_code">34364</SimpleData>
		<SimpleData name="ward_lgd_name">Aishbagh Ward</SimpleData>
		<SimpleData name="sourcewardcode">40</SimpleData>
		<SimpleData name="state">Madhya Pradesh</SimpleData>
	</SchemaData></ExtendedData>
      <MultiGeometry><Polygon><outerBoundaryIs><LinearRing><coordinates>77.415869632425,23.2605791727079 77.4167116098661,23.2604066818671 77.4166670606145,23.2602246957167 77.4166481995868,23.2601476464284 77.4172669259168,23.2600118529224 77.4172113534384,23.2597865138668 77.4172415970191,23.2596559218868 77.4170843307589,23.2589557276559 77.4177248340481,23.2588355626478 77.4179039284713,23.2592724824283 77.418085389057,23.2597642851377 77.4182305577053,23.2603616700103 77.4191771789955,23.2601838441416 77.4191166918341,23.2598976549812 77.4190289857196,23.2595253306041 77.4189624502015,23.2592697044457 77.4187895730183,23.2587906633278 77.4185814594181,23.258855535136 77.4185343859007,23.2587485535407 77.4185219990312,23.2586165344066 77.4185155724836,23.2584025715718 77.4184768604848,23.258155389521 77.4184362135148,23.2579508865319 77.4183557550081,23.2577446104497 77.4183089797312,23.2576557469691 77.4176982726618,23.2578053999294 77.4176350375539,23.2575876880273 77.4174108198556,23.2576320744052 77.4173290551985,23.2573251981031 77.4175725615226,23.2570446694568 77.4176349737735,23.257004066154 77.4179930584155,23.2567666607544 77.4186515944857,23.2563854562179 77.4188545014505,23.256697098446 77.4189105895618,23.2566966346147 77.421271936152,23.2567789349472 77.4215359195729,23.2567969657606 77.4217680747851,23.2567996777691 77.4215986722854,23.257987481818 77.421584709771,23.2586283322246 77.4215986722854,23.2587537818796 77.4216588297651,23.2587659585028 77.4217083080726,23.2590181779291 77.4217912189801,23.2595280475088 77.4225770050035,23.2593582359026 77.4223252763996,23.2583880369983 77.4233487323927,23.258264648631 77.4232274508462,23.2575197561496 77.4243304346914,23.2573291794412 77.4242132880901,23.2559320806756 77.4242104089897,23.2557330544586 77.4241574784565,23.2550017567523 77.4236762482638,23.2550573123963 77.423670932034,23.2550157956698 77.4226050270505,23.2552062840733 77.42262097574,23.2553161811054 77.422049481031,23.255335718346 77.4219139171698,23.254686103559 77.4222674464549,23.2546323758785 77.4222086175836,23.2543692157393 77.4220806022657,23.2543932784416 77.4214135717262,23.2545098291796 77.4211823094394,23.2545709750287 77.4211206427901,23.2546073079605 77.4208398402121,23.2547727496942 77.4205311108085,23.2542923504183 77.4202631505458,23.2544785423285 77.4192776807128,23.2551824245495 77.4174864238666,23.2564695906127 77.4160121187038,23.2574763122473 77.4155932181171,23.257691314817 77.415432914653,23.2577474594414 77.4145658508593,23.2579832405254 77.4145018171492,23.2579967476263 77.4145584487413,23.2587331590318 77.4141125906113,23.2590621404477 77.414579532201,23.2595696098725 77.4149597701962,23.2599169777971 77.4150265446662,23.2600186872498 77.4151034395562,23.2603576252147 77.4151293352909,23.2605507750019 77.4153857333376,23.2605115790767 77.4158121761794,23.2604161001877 77.415869632425,23.2605791727079</coordinates></LinearRing></outerBoundaryIs></Polygon></MultiGeometry>
  </Placemark>
  <Placemark>
	<Style><LineStyle><color>ff0000ff</color></LineStyle><PolyStyle><fill>0</fill></PolyStyle></Style>
	<ExtendedData><SchemaData schemaUrl="#bhopal_wards">
		<SimpleData name="objectid">7</SimpleData>
		<SimpleData name="townname">Bhopal</SimpleData>
		<SimpleData name="towncensuscode2011">802312</SimpleData>
		<SimpleData name="town_lgd_code">250946</SimpleData>
		<SimpleData name="ward_lgd_code">34370</SimpleData>
		<SimpleData name="ward_lgd_name">Pt. Ravishankar Shukl</SimpleData>
		<SimpleData name="sourcewardcode">46</SimpleData>
		<SimpleData name="state">Madhya Pradesh</SimpleData>
	</SchemaData></ExtendedData>
      <MultiGeometry><Polygon><outerBoundaryIs><LinearRing><coordinates>77.4239512863527,23.2171907766321 77.4237999893976,23.2172242236538 77.423574394582,23.2172625844399 77.4232014050928,23.2173158326536 77.4221278195136,23.2174705164516 77.4206660377642,23.217591379994 77.4202186920241,23.2176135356702 77.4197601182412,23.2176362469476 77.419397667787,23.217645011964 77.4191206300483,23.2176341054336 77.4188388096791,23.2175974214759 77.4184944980071,23.2175351458217 77.418248270686,23.2176410302674 77.4178979438949,23.2177852513238 77.416904821314,23.2181762929065 77.4163853175003,23.2195862470908 77.4162832482228,23.2198018580625 77.4155741558668,23.2200710683111 77.4153555508424,23.2201570847422 77.4151269574504,23.2202470299018 77.4151078368095,23.2202539058927 77.4150729210911,23.2202730057739 77.4150504757854,23.2202921048269 77.4150230421349,23.2203173170585 77.414877224903,23.2205138600279 77.4147853910299,23.2206376399462 77.4146402322631,23.2208501633353 77.4144463407905,23.2211042714661 77.4143590892236,23.2212104717414 77.4138580538739,23.22172823681 77.413409184591,23.2221454999232 77.4130813237668,23.2224087566433 77.4127505622826,23.222684824294 77.4127191715533,23.2227073151171 77.4126840564088,23.2227434973984 77.4126670306393,23.2227635438095 77.4123794251196,23.2233113405679 77.41237028027,23.2233518302961 77.4123661237652,23.2233755138962 77.412362798202,23.2233946125054 77.412362681421,23.2238195626643 77.4123056500786,23.2246641623829 77.4122941678126,23.2248342179311 77.412290795537,23.2249115410518 77.4129289937491,23.2249450373219 77.4131291815136,23.2249596283726 77.4133075006907,23.2249728069586 77.4134852961501,23.2249859475694 77.4137593739399,23.2250134018493 77.4140308538019,23.2250456317485 77.4143361067253,23.2251005411037 77.4151405282993,23.2252808234278 77.4159999375485,23.2254691237449 77.4164871505209,23.2255775065133 77.4180562908283,23.2259265677564 77.4189302743447,23.2261127810942 77.4196975883109,23.2262831427129 77.4201706132917,23.2263862754009 77.4204058784714,23.2264290566378 77.4204790345732,23.2264282930411 77.4205214323596,23.226423708984 77.4206020714278,23.2264091940403 77.4207124752745,23.2263878479979 77.4218287577791,23.2261491135214 77.4219959971356,23.2270987532462 77.4219946981717,23.2271309818165 77.4219882033522,23.2271596301617 77.4219830074966,23.2271739535066 77.4219648229003,23.2272085702452 77.4218453191197,23.2273553912134 77.4218297324512,23.2273709082163 77.4218089490288,23.2273900070795 77.4217738770035,23.2274174616906 77.4217608882628,23.2274270102937 77.421732311057,23.2274389470785 77.4216907451105,23.2274473028273 77.4212179276405,23.2274675953577 77.420347633505,23.227449690184 77.4196784640768,23.2274531465678 77.4191214277523,23.2273004819601 77.4191954677963,23.2270331015747 77.4182424460097,23.2267757910245 77.418207942618,23.2268727766051 77.418165321151,23.227051826532 77.4181490841022,23.2271786539342 77.4181511142948,23.2273110756603 77.418153143589,23.2274994507114 77.418189676275,23.2278239779841 77.4182546235717,23.2283275518583 77.4191923012349,23.2283107661757 77.4192166563589,23.2286203698032 77.4192471002639,23.2287117588327 77.4193059587796,23.2288087430068 77.4195305959912,23.2291900395592 77.4196111308547,23.229277175262 77.4197942820698,23.2294335432404 77.4199917218878,23.2295552949144 77.4200605660762,23.2295875228916 77.4200995349932,23.2295982658241 77.4201744733525,23.2296083772557 77.4202787839267,23.2296224518652 77.4205000892868,23.229646252398 77.4219137204387,23.2297364611007 77.4219219570916,23.2304696225811 77.4219232560555,23.2306427002606 77.4219271529472,23.2307584825882 77.4219401425862,23.2308145832419 77.4220223231633,23.2310946436992 77.4220250486519,23.2311099497697 77.4226928328779,23.231071465012 77.4276767256001,23.2307839553471 77.4278018411562,23.2303584850111 77.4280151074929,23.2295515034357 77.4283230203279,23.2287643751044 77.4284783300573,23.2283871718058 77.4285021875147,23.2283286051941 77.4285508717115,23.2282123766406 77.4288492165904,23.227448359472 77.4289347137476,23.2271440132481 77.4290323013301,23.2266747380933 77.4290738978193,23.2262303628375 77.429062101143,23.2258103816894 77.4290317883921,23.2255931318653 77.4289663820563,23.2252209453572 77.4287509391017,23.2248531974568 77.4286804635727,23.2247274080014 77.4285651630093,23.224557880651 77.4282587216148,23.224069429378 77.4288592310092,23.2237563925642 77.429584212766,23.2233912294885 77.4302913638627,23.2230484736267 77.4311284113495,23.2226492685766 77.4312754296289,23.2225791518816 77.4307238766208,23.2214790707271 77.4305155456283,23.2210817514789 77.43009988257,23.2202647156201 77.4298528485618,23.2197856739603 77.4295378228664,23.2192691405174 77.4292193979459,23.2188057164796 77.4289311061134,23.218429423709 77.4287497685969,23.2182099336881 77.4286593073494,23.2181004386876 77.4278315358663,23.2171476456971 77.4275883385626,23.2168499333864 77.4272385372859,23.2164021232543 77.427001994702,23.2159871703175 77.4268834467289,23.2156905872855 77.4265615004125,23.2158376570321 77.42576206359,23.2162547205977 77.4248263343726,23.2167913006223 77.4244601855544,23.2169834584078 77.4241896965341,23.2171074678037 77.4239512863527,23.2171907766321</coordinates></LinearRing></outerBoundaryIs></Polygon></MultiGeometry>
  </Placemark>
  <Placemark>
	<Style><LineStyle><color>ff0000ff</color></LineStyle><PolyStyle><fill>0</fill></PolyStyle></Style>
	<ExtendedData><SchemaData schemaUrl="#bhopal_wards">
		<SimpleData name="objectid">9</SimpleData>
		<SimpleData name="townname">Bhopal</SimpleData>
		<SimpleData name="towncensuscode2011">802312</SimpleData>
		<SimpleData name="town_lgd_code">250946</SimpleData>
		<SimpleData name="ward_lgd_code">32958</SimpleData>
		<SimpleData name="ward_lgd_name">Chhtrapati Shivaji Ward</SimpleData>
		<SimpleData name="sourcewardcode">31</SimpleData>
		<SimpleData name="state">Madhya Pradesh</SimpleData>
	</SchemaData></ExtendedData>
      <MultiGeometry><Polygon><outerBoundaryIs><LinearRing><coordinates>77.411893414093,23.2377424385545 77.4121106402034,23.237478719284 77.4119891798922,23.2371165537872 77.4123514794294,23.2366517900906 77.4121579643509,23.2362840464412 77.412400194169,23.2362166452073 77.4122610505213,23.2354976511945 77.4124934518719,23.233970376064 77.4128273844091,23.2337146868917 77.41345510557,23.2329688565946 77.4142288020664,23.232755913345 77.4157738324898,23.2323818944446 77.4166169534862,23.2321567192024 77.4165350900144,23.2315097717444 77.4186333874315,23.2313054152852 77.4220250486519,23.2311099497697 77.4220223231633,23.2310946436992 77.4219401425862,23.2308145832419 77.4219271529472,23.2307584825882 77.4219232560555,23.2306427002606 77.4219219570916,23.2304696225811 77.4219137204387,23.2297364611007 77.4205000892868,23.229646252398 77.4202787839267,23.2296224518652 77.4201744733525,23.2296083772557 77.4200995349932,23.2295982658241 77.4200605660762,23.2295875228916 77.4199917218878,23.2295552949144 77.4197942820698,23.2294335432404 77.4196111308547,23.229277175262 77.4195305959912,23.2291900395592 77.4193059587796,23.2288087430068 77.4192471002639,23.2287117588327 77.4192166563589,23.2286203698032 77.4191923012349,23.2283107661757 77.4182546235717,23.2283275518583 77.418189676275,23.2278239779841 77.418153143589,23.2274994507114 77.4181511142948,23.2273110756603 77.4181490841022,23.2271786539342 77.418165321151,23.227051826532 77.418207942618,23.2268727766051 77.4182424460097,23.2267757910245 77.4191954677963,23.2270331015747 77.4191214277523,23.2273004819601 77.4196784640768,23.2274531465678 77.420347633505,23.227449690184 77.4212179276405,23.2274675953577 77.4216907451105,23.2274473028273 77.421732311057,23.2274389470785 77.4217608882628,23.2274270102937 77.4217738770035,23.2274174616906 77.4218089490288,23.2273900070795 77.4218297324512,23.2273709082163 77.4218453191197,23.2273553912134 77.4219648229003,23.2272085702452 77.4219830074966,23.2271739535066 77.4219882033522,23.2271596301617 77.4219946981717,23.2271309818165 77.4219959971356,23.2270987532462 77.4218287577791,23.2261491135214 77.4207124752745,23.2263878479979 77.4206020714278,23.2264091940403 77.4205214323596,23.226423708984 77.4204790345732,23.2264282930411 77.4204058784714,23.2264290566378 77.4201706132917,23.2263862754009 77.4196975883109,23.2262831427129 77.4189302743447,23.2261127810942 77.4180562908283,23.2259265677564 77.4164871505209,23.2255775065133 77.4159999375485,23.2254691237449 77.4151405282993,23.2252808234278 77.4143361067253,23.2251005411037 77.4140308538019,23.2250456317485 77.4137593739399,23.2250134018493 77.4134852961501,23.2249859475694 77.4133075006907,23.2249728069586 77.4131291815136,23.2249596283726 77.4129289937491,23.2249450373219 77.412290795537,23.2249115410518 77.410577653493,23.2249459148488 77.4095954580192,23.2250342569279 77.4083726568814,23.2252576338249 77.407815116602,23.2252851623455 77.4072082327624,23.2252846183298 77.4062610437369,23.2252835674465 77.4061382575123,23.2252688501272 77.4059807702665,23.2252443198822 77.4058072157537,23.2251993688054 77.4052129990578,23.2250261734493 77.4046302969673,23.2248602317103 77.4041441224474,23.2247812921914 77.4037444997067,23.2247275549441 77.4025624066243,23.2246358139919 77.4023165332395,23.2246047760465 77.4011465799899,23.2375388089471 77.4018627393923,23.2380739868615 77.4025779313091,23.2371912432323 77.4027140799735,23.2370545662375 77.402833951165,23.236966388948 77.4036819787595,23.2376557144949 77.4041518407723,23.2379411787771 77.40441598589,23.2378458422124 77.4050828556311,23.2377417526138 77.4058385498891,23.2376327944848 77.4066280369715,23.237575414787 77.4076310841397,23.2375925245283 77.4090529959618,23.2376779130663 77.4097265985759,23.2378068888965 77.4105311962197,23.2381496208967 77.4107877820143,23.237805247097 77.411893414093,23.2377424385545</coordinates></LinearRing></outerBoundaryIs></Polygon></MultiGeometry>
  </Placemark>
  <Placemark>
	<Style><LineStyle><color>ff0000ff</color></LineStyle><PolyStyle><fill>0</fill></PolyStyle></Style>
	<ExtendedData><SchemaData schemaUrl="#bhopal_wards">
		<SimpleData name="objectid">8</SimpleData>
		<SimpleData name="townname">Bhopal</SimpleData>
		<SimpleData name="towncensuscode2011">802312</SimpleData>
		<SimpleData name="town_lgd_code">250946</SimpleData>
		<SimpleData name="ward_lgd_code">34371</SimpleData>
		<SimpleData name="ward_lgd_name">Dr Rajendra Prasad Ward</SimpleData>
		<SimpleData name="sourcewardcode">47</SimpleData>
		<SimpleData name="state">Madhya Pradesh</SimpleData>
	</SchemaData></ExtendedData>
      <MultiGeometry><Polygon><outerBoundaryIs><LinearRing><coordinates>77.418248270686,23.2176410302674 77.4184944980071,23.2175351458217 77.4188388096791,23.2175974214759 77.4191206300483,23.2176341054336 77.419397667787,23.217645011964 77.4197601182412,23.2176362469476 77.4202186920241,23.2176135356702 77.4206660377642,23.217591379994 77.4221278195136,23.2174705164516 77.4232014050928,23.2173158326536 77.423574394582,23.2172625844399 77.4237999893976,23.2172242236538 77.4239512863527,23.2171907766321 77.4241896965341,23.2171074678037 77.4244601855544,23.2169834584078 77.4248263343726,23.2167913006223 77.42576206359,23.2162547205977 77.4265615004125,23.2158376570321 77.4268834467289,23.2156905872855 77.4267023032484,23.215252762774 77.4265536967476,23.2145843730991 77.4263531442672,23.2135399946889 77.42629626474,23.2127577338012 77.4262646251774,23.2121609035952 77.4262587466022,23.211846955478 77.4262696647261,23.2115941424427 77.4262703501407,23.2115170204892 77.426257976746,23.2112510244141 77.4262163191713,23.2105932576297 77.4262119066466,23.2105638536018 77.4261975650431,23.2104969347492 77.4261931516202,23.2104857816038 77.4260895911393,23.2101889642694 77.4258202492676,23.2096220907247 77.4252169236548,23.2084091205498 77.4243523365163,23.2068569994911 77.4243173974417,23.2068712391476 77.4240768313035,23.2069692852552 77.4238330788411,23.2070785937047 77.423721699424,23.2072605169344 77.4236778014509,23.2073810842315 77.4236733889263,23.2074155591384 77.4236634598475,23.2074855219701 77.4236656661098,23.2075433175046 77.4236759554131,23.2076598786092 77.4236774484131,23.2076767940337 77.423685215247,23.2076956133492 77.4237063975214,23.2077215701957 77.4237198129618,23.2077332511465 77.4238476099891,23.2078409737714 77.4238737347942,23.2078630369434 77.423888561488,23.2078779625868 77.4238984465494,23.2078935371694 77.423899858701,23.2079130045696 77.423892091867,23.207931174911 77.4238829128815,23.2079480465431 77.4238501845607,23.2079960648394 77.4236060368395,23.2083542670799 77.4235750701151,23.2083997010352 77.423560242523,23.2084284780672 77.4235585069779,23.2084391095917 77.423560242523,23.2084462867165 77.4235637127149,23.2084523996153 77.4235726779015,23.2084609051637 77.4236526638943,23.2085408450729 77.4234698666155,23.2087823074956 77.4234526944205,23.2088026573529 77.4234468203369,23.2088080569007 77.4234400425481,23.2088130403364 77.4234296490402,23.208816777913 77.4234228703531,23.2088176093112 77.4234088620246,23.2088171931993 77.4233953055486,23.2088130403364 77.4233853647917,23.2088055651828 77.4232687796375,23.2086631128173 77.4232610972452,23.2086556368297 77.4232529638986,23.2086502381014 77.4232404934858,23.2086495619187 77.4232217842734,23.2086485769542 77.4231341194814,23.2086672656849 77.4231160435813,23.2086693421186 77.4230862195138,23.2086693421186 77.4230753750518,23.2086656045378 77.4230509732154,23.208653145109 77.4230418678917,23.2086494529369 77.4230202454428,23.208640685679 77.4230039778513,23.2086394398185 77.4229700862123,23.2086452546597 77.4229502038001,23.2086523145354 77.4229325806508,23.2086672656849 77.4228833430918,23.2087433927607 77.4228806247897,23.2087475959885 77.422861416114,23.2087772943365 77.4228536941958,23.2088208944486 77.4228404548252,23.2088624660015 77.4228261132216,23.2088918704038 77.4228095644575,23.2089141769597 77.4227974291163,23.2089253302363 77.4227764678275,23.2089334419347 77.4227400618039,23.2089334419347 77.4227047589116,23.2089192470813 77.4226826944916,23.2089040375415 77.422647390701,23.2088726054228 77.422441768129,23.2087412932108 77.4224104959774,23.2087213223035 77.4219995005652,23.2085034981216 77.4203878223342,23.2078297634362 77.4203191434358,23.2082217745439 77.4202351231089,23.2083555129431 77.4199987503065,23.2085422519304 77.4198175358592,23.208644141724 77.4197514611768,23.2087105752147 77.4197295943861,23.2087688565091 77.4197295943861,23.2088552748635 77.4199608252319,23.2093455485921 77.4201711531792,23.2094833173433 77.4206285411859,23.2098961876473 77.4209191758247,23.2110737853204 77.4206840346126,23.211500752823 77.420379123049,23.2118923221977 77.4204116052313,23.2123423691293 77.4202502139074,23.212995872196 77.419870482562,23.2141898824368 77.4196058819985,23.2146795826241 77.418943880228,23.2143641040128 77.4188891000636,23.2144488370336 77.4185696304025,23.2149439322691 77.4182994791488,23.2153044060382 77.417920584135,23.2158016041464 77.417762295592,23.2160516782203 77.4173278577442,23.2171615680646 77.4172891529319,23.2172278016607 77.4172237555792,23.2172891297078 77.4169840563153,23.2174186420409 77.4167794344666,23.217510056074 77.4147582556201,23.218549833152 77.4113538688654,23.2203242838561 77.4106312128468,23.2206407778458 77.4085278282703,23.2212429807662 77.4083998848177,23.2212796108879 77.4075760165144,23.2214727619457 77.4074270758403,23.2215077805495 77.4075217807291,23.2220213598171 77.4075610380053,23.2223796837792 77.4073904694925,23.2232490122677 77.4072464165518,23.224115101518 77.4072177953286,23.2249124986542 77.4072082327624,23.2252846183298 77.407815116602,23.2252851623455 77.4083726568814,23.2252576338249 77.4095954580192,23.2250342569279 77.410577653493,23.2249459148488 77.412290795537,23.2249115410518 77.4122941678126,23.2248342179311 77.4123056500786,23.2246641623829 77.412362681421,23.2238195626643 77.412362798202,23.2233946125054 77.4123661237652,23.2233755138962 77.41237028027,23.2233518302961 77.4123794251196,23.2233113405679 77.4126670306393,23.2227635438095 77.4126840564088,23.2227434973984 77.4127191715533,23.2227073151171 77.4127505622826,23.222684824294 77.4130813237668,23.2224087566433 77.413409184591,23.2221454999232 77.4138580538739,23.22172823681 77.4143590892236,23.2212104717414 77.4144463407905,23.2211042714661 77.4146402322631,23.2208501633353 77.4147853910299,23.2206376399462 77.414877224903,23.2205138600279 77.4150230421349,23.2203173170585 77.4150504757854,23.2202921048269 77.4150729210911,23.2202730057739 77.4151078368095,23.2202539058927 77.4151269574504,23.2202470299018 77.4153555508424,23.2201570847422 77.4155741558668,23.2200710683111 77.4162832482228,23.2198018580625 77.4163853175003,23.2195862470908 77.416904821314,23.2181762929065 77.4178979438949,23.2177852513238 77.418248270686,23.2176410302674</coordinates></LinearRing></outerBoundaryIs></Polygon></MultiGeometry>
  </Placemark>
  <Placemark>
	<Style><LineStyle><color>ff0000ff</color></LineStyle><PolyStyle><fill>0</fill></PolyStyle></Style>
	<ExtendedData><SchemaData schemaUrl="#bhopal_wards">
		<SimpleData name="objectid">10</SimpleData>
		<SimpleData name="townname">Bhopal</SimpleData>
		<SimpleData name="towncensuscode2011">802312</SimpleData>
		<SimpleData name="town_lgd_code">250946</SimpleData>
		<SimpleData name="ward_lgd_code">34373</SimpleData>
		<SimpleData name="ward_lgd_name">Asha Niketan Ward</SimpleData>
		<SimpleData name="sourcewardcode">49</SimpleData>
		<SimpleData name="state">Madhya Pradesh</SimpleData>
	</SchemaData></ExtendedData>
      <MultiGeometry><Polygon><outerBoundaryIs><LinearRing><coordinates>77.4419383592878,23.2118201094358 77.4420641270209,23.2118089564009 77.4424030991068,23.2118291943412 77.4424187917765,23.2118310065337 77.4440233391808,23.2053202131903 77.4431392675838,23.205217704934 77.4426175134904,23.2049658635223 77.4425901633833,23.2048424604381 77.4425789748664,23.2048144661697 77.4425230304854,23.2047419094174 77.4423794419738,23.2046122213181 77.4423362725345,23.2045816658506 77.4423253624954,23.2045739435925 77.4422992556566,23.2045693728213 77.4422470410807,23.2045659447428 77.4417837098201,23.2045935014715 77.4418064740277,23.2048069074024 77.4413969958701,23.2048074647119 77.4413612653796,23.2056068719479 77.4409599466197,23.2057653044877 77.4408934021184,23.2056776407238 77.4404590648819,23.2055448128015 77.440226747973,23.2057207423361 77.4402174935289,23.2057268553597 77.4402070820548,23.2057321716423 77.4401920433586,23.2057364245031 77.4401637015114,23.205740145653 77.4400828423561,23.2057369347473 77.4400172491707,23.2057319520226 77.439984187575,23.2057274275267 77.4390904375291,23.2056051182914 77.4392600547261,23.2046027899768 77.4392621334277,23.2045582398223 77.4392652038693,23.2044924557018 77.4392630865402,23.2044788275953 77.4392602622369,23.2044690932326 77.4392490234144,23.2044599714984 77.4392362556593,23.2044574119965 77.4392101317525,23.2044528701189 77.439156470889,23.2044522211613 77.4388267604336,23.204468132181 77.4389587373219,23.2038789542221 77.4393082313748,23.2026649848911 77.4387042993992,23.2024679144889 77.438657990348,23.2024528032939 77.4386325716187,23.2024502074245 77.4386085659393,23.2024502074245 77.4384828862412,23.2024755171483 77.4384263516671,23.2024936552027 77.4383873504107,23.2025061688736 77.4373122394922,23.2029030009112 77.4372932365306,23.2038173624167 77.4372828933285,23.204043923817 77.4372628977285,23.2042529943273 77.4372579587911,23.2042824666212 77.4367582161171,23.2042824666212 77.4364781214115,23.2042802175591 77.4364996477407,23.2037279461709 77.4361441170091,23.2037279461709 77.435939417007,23.2037378481945 77.435955577699,23.2030372664466 77.4348815770981,23.2030287572504 77.4347426984535,23.2025065676663 77.4347258640251,23.2021429681 77.4336947903184,23.202351845077 77.4330298528535,23.2024794910403 77.4330003944004,23.2021855176602 77.4327815540174,23.2022280663811 77.4326596463451,23.2028113935883 77.4326268281928,23.202968429131 77.4325772887998,23.2032205253051 77.4324454197094,23.2038915858311 77.4329355001042,23.2039267172036 77.4332822893298,23.2039075902159 77.433354662999,23.2041547588048 77.4334497352987,23.2045128095149 77.4334704818902,23.2046069157243 77.4335292254216,23.2049336873987 77.4335536065967,23.2051884029284 77.4335593450348,23.2053085312029 77.4335670822243,23.2054853271444 77.4335836471581,23.2058326385286 77.4320788046655,23.205880063952 77.431970182178,23.2060005763512 77.4317914713354,23.2059990935085 77.4312995610723,23.2059960906694 77.4312070831071,23.2059955267598 77.4311966994807,23.2107953514251 77.4311799485956,23.2115768716797 77.4313364378131,23.2115866096526 77.432157832156,23.211603711166 77.4321927191284,23.2116039258224 77.4336354979163,23.2116284783872 77.4339543297736,23.211631519903 77.4340514134013,23.2116376029345 77.4345776509863,23.2117045220414 77.4351182310732,23.2117876641657 77.4353443918274,23.2118241647844 77.4358011258606,23.2118910837979 77.4363075061862,23.2119580027778 77.4368160918759,23.2120431724153 77.4374725097186,23.2121567310219 77.4379788900443,23.2122550811992 77.4380174098037,23.211996071163 77.4381235367713,23.2114335628163 77.4384102502639,23.2114600398919 77.4394470911548,23.2115566312243 77.439334199873,23.2119099685678 77.439282486557,23.2120287871789 77.439206640001,23.2121317632782 77.4390704607938,23.2122886037604 77.4390049565416,23.2123820745635 77.4395203685291,23.2125008927548 77.4400484539487,23.2126105979185 77.4402061603833,23.2126446528994 77.4402330604345,23.2126486091516 77.4403084030357,23.212659689464 77.4403427186796,23.2126647363269 77.4403881240256,23.2126634079444 77.4404193575497,23.2126602178449 77.4404604545757,23.2126519173115 77.4405136177725,23.2126411796204 77.4405228021479,23.2126389290478 77.4408616134354,23.2125637990342 77.4409900626396,23.2125326022457 77.4410967321897,23.212506695044 77.4411948749311,23.2124917707432 77.4414519619857,23.212463745879 77.4416061506177,23.2124438605645 77.4417000631924,23.2119549612694 77.4417144047959,23.2119255575412 77.4417508108194,23.2118900699612 77.4417839083478,23.2118647223917 77.4418214175025,23.2118474855133 77.4418865076313,23.2118272071214 77.4419383592878,23.2118201094358</coordinates></LinearRing></outerBoundaryIs></Polygon></MultiGeometry>
  </Placemark>
  <Placemark>
	<Style><LineStyle><color>ff0000ff</color></LineStyle><PolyStyle><fill>0</fill></PolyStyle></Style>
	<ExtendedData><SchemaData schemaUrl="#bhopal_wards">
		<SimpleData name="objectid">11</SimpleData>
		<SimpleData name="townname">Bhopal</SimpleData>
		<SimpleData name="towncensuscode2011">802312</SimpleData>
		<SimpleData name="town_lgd_code">250946</SimpleData>
		<SimpleData name="ward_lgd_code">34374</SimpleData>
		<SimpleData name="ward_lgd_name">Gulmohar Ward</SimpleData>
		<SimpleData name="sourcewardcode">50</SimpleData>
		<SimpleData name="state">Madhya Pradesh</SimpleData>
	</SchemaData></ExtendedData>
      <MultiGeometry><Polygon><outerBoundaryIs><LinearRing><coordinates>77.4440233391808,23.2053202131903 77.4465798196136,23.195819542053 77.4483369602419,23.1901300599832 77.4447141966349,23.1896918057546 77.4423080627396,23.1894245433286 77.4415040400176,23.18941636191 77.44129339227,23.1893754539839 77.4411480152126,23.1893400008782 77.4409967047828,23.1892827300757 77.4391097737656,23.1883145792077 77.4384451938302,23.1880173138073 77.4378577531265,23.1879027718709 77.4364917892786,23.1877530677993 77.4364122111208,23.1881658351143 77.4359914357501,23.1903263699051 77.4357552560856,23.1915969374957 77.4352529909422,23.1942440244958 77.4351196890389,23.1950527337039 77.4349765029725,23.1959815870627 77.4349232544357,23.1963270075254 77.4348602861275,23.1972231191885 77.4348370008971,23.1976102221387 77.4364931259717,23.1972809967754 77.4375266790286,23.1970933932439 77.4375766199685,23.1972690226168 77.4378198082889,23.1972430769515 77.437843693594,23.1970375112724 77.4378446502998,23.1970237379098 77.4378766752397,23.1967189442034 77.4384169238482,23.1967640873413 77.438660113067,23.1968119866272 77.4390335822564,23.196843919475 77.4393961944074,23.1968738557904 77.43927189003,23.1984202238229 77.4397199669988,23.1984560502069 77.4411247263889,23.1985265552477 77.4412757879854,23.2006993481362 77.4412787245781,23.2007324269094 77.4409546663225,23.2008577732824 77.4409568582118,23.2013329741104 77.4405746834489,23.2013224039455 77.4405734931811,23.202041610855 77.4398068933755,23.2021924845776 77.4396852650793,23.2027245626256 77.4397818878713,23.2029804721341 77.4400021188463,23.2030771067503 77.4397608789717,23.2040435976859 77.4401213028267,23.2041046205156 77.4401485262713,23.2039772271015 77.4407442799846,23.2041428620472 77.4407946772687,23.2042777166747 77.4409681051191,23.2042649307062 77.441095841061,23.2046156493954 77.4412002630262,23.2048101629152 77.4413969958701,23.2048074647119 77.4418064740277,23.2048069074024 77.4417837098201,23.2045935014715 77.4422470410807,23.2045659447428 77.4422992556566,23.2045693728213 77.4423253624954,23.2045739435925 77.4423362725345,23.2045816658506 77.4423794419738,23.2046122213181 77.4425230304854,23.2047419094174 77.4425789748664,23.2048144661697 77.4425901633833,23.2048424604381 77.4426175134904,23.2049658635223 77.4431392675838,23.205217704934 77.4440233391808,23.2053202131903</coordinates></LinearRing></outerBoundaryIs></Polygon></MultiGeometry>
  </Placemark>
  <Placemark>
	<Style><LineStyle><color>ff0000ff</color></LineStyle><PolyStyle><fill>0</fill></PolyStyle></Style>
	<ExtendedData><SchemaData schemaUrl="#bhopal_wards">
		<SimpleData name="objectid">21</SimpleData>
		<SimpleData name="townname">Bhopal</SimpleData>
		<SimpleData name="towncensuscode2011">802312</SimpleData>
		<SimpleData name="town_lgd_code">250946</SimpleData>
		<SimpleData name="ward_lgd_code">34363</SimpleData>
		<SimpleData name="ward_lgd_name">Naveen Nagar Ward</SimpleData>
		<SimpleData name="sourcewardcode">39</SimpleData>
		<SimpleData name="state">Madhya Pradesh</SimpleData>
	</SchemaData></ExtendedData>
      <MultiGeometry><Polygon><outerBoundaryIs><LinearRing><coordinates>77.4228140991531,23.2630002048907 77.4228624060574,23.2629805449808 77.4229208477549,23.2629519587965 77.4229377342856,23.2629424119108 77.4229523471803,23.2629289870142 77.4229600080131,23.2629182508923 77.4229715064487,23.262902137217 77.4229815729698,23.2628833413654 77.422991315199,23.2628451546241 77.422994238317,23.2628311330368 77.422994238317,23.262816216014 77.422994238317,23.2627974209756 77.4229881306714,23.262742590682 77.4229714920757,23.2625796693603 77.422968259039,23.2625480113736 77.4229754033404,23.2624856584875 77.4229773517863,23.2624787970521 77.4229818981599,23.2624692501325 77.4229883929794,23.2624579131646 77.4230000836545,23.2624388193217 77.4230146965492,23.2624277811051 77.4230358042635,23.2624173395704 77.4230745863309,23.2624054876187 77.4230928212329,23.2624011168966 77.4231253267714,23.2623945616385 77.4231752739995,23.2623894630125 77.4234211195366,23.2623868369477 77.4235161837516,23.2623858218441 77.4237000078048,23.2623634837851 77.4237199593872,23.2623589009627 77.4237270264336,23.2623558457477 77.4237407428097,23.2623461081778 77.4237455514914,23.2623408329384 77.4238288073519,23.2622495082108 77.4238618509813,23.2622022736486 77.4238705718261,23.2621884352079 77.4238792926709,23.2621651274014 77.4238880135156,23.2621279811438 77.4239160149014,23.262008398349 77.4239521154977,23.2617312211639 77.4239425879658,23.2616075800507 77.423861801574,23.2605591377552 77.4237677039463,23.2591205474885 77.4225770050035,23.2593582359026 77.4217912189801,23.2595280475088 77.4217083080726,23.2590181779291 77.4216588297651,23.2587659585028 77.4215986722854,23.2587537818796 77.421584709771,23.2586283322246 77.4215986722854,23.257987481818 77.4217680747851,23.2567996777691 77.4215359195729,23.2567969657606 77.421271936152,23.2567789349472 77.4189105895618,23.2566966346147 77.4188545014505,23.256697098446 77.4186515944857,23.2563854562179 77.4179930584155,23.2567666607544 77.4176349737735,23.257004066154 77.4175725615226,23.2570446694568 77.4173290551985,23.2573251981031 77.4174108198556,23.2576320744052 77.4176350375539,23.2575876880273 77.4176982726618,23.2578053999294 77.4183089797312,23.2576557469691 77.4183557550081,23.2577446104497 77.4184362135148,23.2579508865319 77.4184768604848,23.258155389521 77.4185155724836,23.2584025715718 77.4185219990312,23.2586165344066 77.4185343859007,23.2587485535407 77.4185814594181,23.258855535136 77.4187895730183,23.2587906633278 77.4189624502015,23.2592697044457 77.4190289857196,23.2595253306041 77.4191166918341,23.2598976549812 77.4191771789955,23.2601838441416 77.4182305577053,23.2603616700103 77.418085389057,23.2597642851377 77.4179039284713,23.2592724824283 77.4177248340481,23.2588355626478 77.4170843307589,23.2589557276559 77.4172415970191,23.2596559218868 77.4172113534384,23.2597865138668 77.4172669259168,23.2600118529224 77.4166481995868,23.2601476464284 77.4166670606145,23.2602246957167 77.4167116098661,23.2604066818671 77.415869632425,23.2605791727079 77.4158121761794,23.2604161001877 77.4153857333376,23.2605115790767 77.4151293352909,23.2605507750019 77.4151288241495,23.2605659390426 77.4151274155911,23.2609982826616 77.4151167130629,23.2610507252669 77.4150820228215,23.2611264882231 77.4147770789186,23.261422966155 77.4146874719689,23.261513671654 77.414676106484,23.261531871012 77.4146696116645,23.2615458927359 77.4146692864743,23.2615524562887 77.4146693655261,23.2615609675318 77.4146715601103,23.2615691635125 77.4146783792217,23.2615843786054 77.4147775478392,23.2618004565059 77.4148537806708,23.2619665619241 77.4150076009935,23.2623209971448 77.4150261826451,23.2623517250861 77.41504352552,23.2623767626627 77.4150683010556,23.2624074905912 77.4152293411382,23.2626009617454 77.4154182972667,23.2628389195983 77.4155041780045,23.2629470714645 77.4155357960075,23.2629689778022 77.4155567069907,23.2629763929778 77.4155867897729,23.2629770672347 77.4156367810185,23.2629724910357 77.4156888851016,23.2629635069951 77.4160754229818,23.2628968586984 77.4162674324839,23.2628775115561 77.4166799442523,23.2628456456684 77.4167096748949,23.262849059871 77.4167307341001,23.2628524740736 77.416748076975,23.2628593024784 77.4167740912873,23.2628746668005 77.4168235022212,23.2629286560753 77.4168569491942,23.2629906802911 77.4168815010492,23.2630103261697 77.4169116862394,23.263018593861 77.4169637256438,23.263019519004 77.4175363423486,23.2629986219966 77.4178405936505,23.2629976011206 77.4183332710748,23.2629954603347 77.4183571186507,23.262994527764 77.4184032920563,23.2629991889665 77.4185088315258,23.2630173691402 77.4186092973105,23.2630364810565 77.4186681558262,23.2630518643397 77.418696570437,23.2630616538509 77.4187219496404,23.2630732350513 77.4188614660889,23.2631369006875 77.4197748757647,23.263554947065 77.4199515905508,23.2636393063624 77.4203638624689,23.2638361139802 77.4205139449018,23.2639040401629 77.4207455952607,23.2640189840233 77.4210466171191,23.2641566880883 77.4212918940226,23.264287564505 77.4218060834031,23.2645687084174 77.4219930335935,23.2646699959068 77.4220241072175,23.2639827625933 77.4220494774377,23.2638652941753 77.4220772254986,23.2635453705124 77.4220882226742,23.263356203747 77.4220986143854,23.2633171225357 77.4221070576508,23.2632956421007 77.4221151559631,23.2632777433861 77.4221278797008,23.2632496243752 77.4221357354679,23.2632322645638 77.4221418242489,23.263225271947 77.4221585688458,23.2632075580862 77.4221874901064,23.2631842512832 77.4222483788147,23.2631600110815 77.4223246287143,23.2631444734828 77.4223833470928,23.2631325085321 77.4225867481311,23.2630797861496 77.4228140991531,23.2630002048907</coordinates></LinearRing></outerBoundaryIs></Polygon></MultiGeometry>
  </Placemark>
  <Placemark>
	<Style><LineStyle><color>ff0000ff</color></LineStyle><PolyStyle><fill>0</fill></PolyStyle></Style>
	<ExtendedData><SchemaData schemaUrl="#bhopal_wards">
		<SimpleData name="objectid">12</SimpleData>
		<SimpleData name="townname">Bhopal</SimpleData>
		<SimpleData name="towncensuscode2011">802312</SimpleData>
		<SimpleData name="town_lgd_code">250946</SimpleData>
		<SimpleData name="ward_lgd_code">34375</SimpleData>
		<SimpleData name="ward_lgd_name">Shahpura Ward</SimpleData>
		<SimpleData name="sourcewardcode">51</SimpleData>
		<SimpleData name="state">Madhya Pradesh</SimpleData>
	</SchemaData></ExtendedData>
      <MultiGeometry><Polygon><outerBoundaryIs><LinearRing><coordinates>77.4305497292198,23.1973447664593 77.4305881034522,23.1971944313956 77.4306212539811,23.1970915775487 77.430731980323,23.1968266757051 77.4308385717196,23.1966391970416 77.4308444520915,23.1966427004615 77.4309134184508,23.1966837878172 77.4318734695545,23.1972742203365 77.4317249133594,23.198679186685 77.4347609441352,23.1988746484678 77.4348369999987,23.1976102221387 77.4348602861275,23.1972231191885 77.4349232544357,23.1963270075254 77.4349765029725,23.1959815870627 77.4351196890389,23.1950527337039 77.4352529909422,23.1942440244958 77.4357552560856,23.1915969374957 77.4359914357501,23.1903263699051 77.4364122111208,23.1881658351143 77.4364917892786,23.1877530677993 77.4364535246407,23.187746957257 77.4354916122278,23.1876359418659 77.4341301740922,23.1874718727375 77.4334994166255,23.1874091470494 77.4330721868595,23.1873436938749 77.4328882406354,23.1873109668627 77.4328081351666,23.1872864222176 77.4326835262603,23.1872318779953 77.4325322158305,23.1871391526011 77.4319625761425,23.1867027960676 77.431579849814,23.18644370927 77.43134546678,23.1863182569002 77.4310458130557,23.1861846219707 77.4307075892664,23.1860728051222 77.4305236430423,23.1860509869077 77.4304020012714,23.1860618960154 77.4302269555551,23.1861000774725 77.4299807057762,23.1861764403539 77.4296632501379,23.1863264385082 77.4294882044216,23.1864328001934 77.4292864571819,23.1866018887159 77.4289423000201,23.1869646098282 77.4286189110094,23.1874309642167 77.4278297221677,23.1886391149542 77.4273312874407,23.1893699999781 77.4269960307868,23.1897872567865 77.4266548407604,23.1901390604865 77.4262839820752,23.1904908640868 77.4259220229994,23.1907772144417 77.4257974149914,23.1908808460284 77.4257113752518,23.1909408427047 77.4256164350044,23.1909981127971 77.4251417355638,23.191156286857 77.4248747167355,23.191229919474 77.4245809963837,23.1912762807611 77.423738404495,23.1914099106036 77.4227921227679,23.1915582885957 77.4227491455681,23.1915656623237 77.4225807689445,23.1915945528012 77.4224726135809,23.19162918041 77.4223583820128,23.1916705112436 77.4222434219109,23.1917273078835 77.4220989539486,23.1918395848874 77.422021179608,23.1919074998202 77.4219736731025,23.1919622972842 77.4218488926179,23.192173699535 77.4217846460071,23.1923336186036 77.421732707214,23.1924629041031 77.4216811241538,23.1926049765625 77.4214250836366,23.1932656219614 77.4206350557684,23.1954814582863 77.4204656685401,23.1958125995744 77.4203737547168,23.1959614903942 77.4203359122872,23.1960107218184 77.4202569521703,23.1960931570004 77.4201075452706,23.1962126328912 77.4198890696036,23.1963465088123 77.4196585115961,23.1964805794634 77.4195878339461,23.1965140605682 77.4194922972173,23.1965490279149 77.4194147052347,23.1965730085621 77.4169767395373,23.1971884946797 77.4169916910969,23.1972952927733 77.4170826859436,23.197373985964 77.4172422581791,23.1974045579414 77.4176058153578,23.1973140549265 77.4177609274579,23.1972948188273 77.4178875773365,23.1973005317765 77.4181549429145,23.1973446227892 77.4182084438779,23.1973631438341 77.4182799488762,23.1973942384755 77.4182972674966,23.197405292805 77.41833865378,23.1974416181772 77.4183585263107,23.1974614958158 77.4184238401201,23.1975291932142 77.4187145223696,23.1978722416098 77.4187852045111,23.1979556573846 77.4189907147936,23.1982570150772 77.4190840659213,23.1983711600739 77.4192370993198,23.1985362116033 77.4193781851251,23.1986713517932 77.4194794692751,23.1987589285016 77.4195868682572,23.1988423305123 77.4199931924299,23.1991193278592 77.42023838579,23.1992790008257 77.4202510996463,23.1992869256808 77.42036613341,23.1993517413667 77.4205100866376,23.199420357612 77.4208521165888,23.1995595237303 77.4209481689505,23.1996053016794 77.4211118141475,23.1996984923674 77.4213643970492,23.1998775159669 77.4219577226163,23.2003328389426 77.4221905758194,23.2005360852017 77.4223621109195,23.2006618165207 77.4225466742862,23.200793535469 77.4227095235759,23.2008813477538 77.4230612795866,23.2010290315832 77.4234238917376,23.2011507711681 77.4239080980488,23.2013004511586 77.4252438587403,23.2017135143522 77.4252927747025,23.2017257762689 77.4253354644414,23.2017339503291 77.4253879377321,23.2017388555906 77.4257764842453,23.2017799834888 77.4266910680192,23.2019023209945 77.4274843648567,23.2019856219647 77.4283320519897,23.2020865251389 77.4293742908571,23.2021848744712 77.4300441025807,23.2022512913569 77.4300394376294,23.2022054887185 77.4300135302167,23.2019511357491 77.4299940754025,23.2018553416684 77.429994335914,23.2018153474274 77.429994335914,23.2017275357561 77.4300453081198,23.201281570669 77.4300497484923,23.2012414623145 77.4301526163721,23.2003625969575 77.4302970915209,23.19890033703 77.4303367036317,23.1985899602117 77.430470917325,23.1977577832517 77.430485964106,23.1976696691904 77.4305497292198,23.1973447664593</coordinates></LinearRing></outerBoundaryIs></Polygon></MultiGeometry>
  </Placemark>
  <Placemark>
	<Style><LineStyle><color>ff0000ff</color></LineStyle><PolyStyle><fill>0</fill></PolyStyle></Style>
	<ExtendedData><SchemaData schemaUrl="#bhopal_wards">
		<SimpleData name="objectid">13</SimpleData>
		<SimpleData name="townname">Bhopal</SimpleData>
		<SimpleData name="towncensuscode2011">802312</SimpleData>
		<SimpleData name="town_lgd_code">250946</SimpleData>
		<SimpleData name="ward_lgd_code">32957</SimpleData>
		<SimpleData name="ward_lgd_name">Kushabhau Thakre Ward</SimpleData>
		<SimpleData name="sourcewardcode">30</SimpleData>
		<SimpleData name="state">Madhya Pradesh</SimpleData>
	</SchemaData></ExtendedData>
      <MultiGeometry><Polygon><outerBoundaryIs><LinearRing><coordinates>77.4075217807291,23.2220213598171 77.4074270758403,23.2215077805495 77.4075760165144,23.2214727619457 77.4083998848177,23.2212796108879 77.4085278282703,23.2212429807662 77.4106312128468,23.2206407778458 77.4113538688654,23.2203242838561 77.4147582556201,23.218549833152 77.4167794344666,23.217510056074 77.4169840563153,23.2174186420409 77.4172237555792,23.2172891297078 77.4172891529319,23.2172278016607 77.4173278577442,23.2171615680646 77.417762295592,23.2160516782203 77.417920584135,23.2158016041464 77.4182994791488,23.2153044060382 77.4185696304025,23.2149439322691 77.4188891000636,23.2144488370336 77.418943880228,23.2143641040128 77.4196058819985,23.2146795826241 77.419870482562,23.2141898824368 77.4202502139074,23.212995872196 77.4204116052313,23.2123423691293 77.420379123049,23.2118923221977 77.4206840346126,23.211500752823 77.4209191758247,23.2110737853204 77.4206285411859,23.2098961876473 77.4201711531792,23.2094833173433 77.4199608252319,23.2093455485921 77.4197295943861,23.2088552748635 77.4197295943861,23.2087688565091 77.4197514611768,23.2087105752147 77.4198175358592,23.208644141724 77.4199987503065,23.2085422519304 77.4202351231089,23.2083555129431 77.4203191434358,23.2082217745439 77.4203878223342,23.2078297634362 77.4201409518194,23.2070161860002 77.4191203704352,23.2072837088362 77.4189876973526,23.207312660316 77.4189482819728,23.2073212608842 77.4189251144217,23.2073212608842 77.4189118759493,23.2073202470129 77.4188898115293,23.2073131499135 77.4188688502405,23.2073019956768 77.4188434755287,23.2072614375101 77.4188401661351,23.2072421722941 77.4188335473481,23.2071945161779 77.4188918111792,23.2065249864471 77.4189339403693,23.2062353094867 77.4189339403693,23.2062160441227 77.4189339403693,23.2061866391316 77.4189328372382,23.206157234134 77.418927320684,23.2061237736085 77.4189129790805,23.2060598933493 77.4189030500017,23.2060244050371 77.4188909146605,23.2059970277665 77.4188798824505,23.2059777623682 77.4188677471093,23.205961538612 77.4188600242928,23.2059534275588 77.4188423723975,23.2059412593268 77.4187441856386,23.2058733234513 77.4187188118251,23.2058378350896 77.4186558417203,23.20551724471 77.4185631310914,23.2051599290348 77.418523782187,23.2050721608429 77.4185076214951,23.2050474056167 77.4184833813554,23.2050127476319 77.4184537540191,23.2049929437728 77.4184160454384,23.2049756151873 77.4183648711116,23.2049533352202 77.4183271625309,23.204931056075 77.4182975351945,23.2049038247193 77.4182732950549,23.2048666922444 77.4182571343629,23.2048221322701 77.4182382805217,23.2047503425453 77.418216732633,23.2046859786277 77.4181897984459,23.2046240907877 77.4178315745651,23.2040968016291 77.4178046403779,23.2040423402235 77.4177358393086,23.2038676816309 77.4179984069847,23.203634465186 77.4189816633688,23.2027921863524 77.4202637299591,23.2016831291342 77.4207447418612,23.2012963591613 77.4194236973707,23.1998895055797 77.419321035205,23.199807995017 77.4189323440631,23.1996734826637 77.4188290189408,23.1996378456856 77.4186555632426,23.1995398346579 77.4185517925559,23.1994198316558 77.4184562261827,23.1991179811772 77.418407704581,23.1983777358162 77.4183124050074,23.1980377016438 77.4182431062714,23.197873320782 77.4181582990204,23.1977443435409 77.4177609274579,23.1972948188273 77.4176058153578,23.1973140549265 77.4172422581791,23.1974045579414 77.4170826859436,23.197373985964 77.4169916910969,23.1972952927733 77.4169767395373,23.1971884946797 77.4170253276144,23.195589982632 77.4170825287384,23.1939841744874 77.4171188368456,23.1922071041003 77.4171359254972,23.1919138834868 77.4171644074817,23.1916520794142 77.4172194733102,23.1914094746201 77.4172985996154,23.1911222057578 77.4173166827021,23.1910292196531 77.4173455527587,23.1908807675841 77.4173438980619,23.190782524713 77.4173396678953,23.1906507587444 77.4173370466113,23.1905691129097 77.4172993739632,23.1903512905265 77.4172386128157,23.1900798487242 77.4171477536146,23.1896295154454 77.4169523287178,23.1897133203298 77.4167421696537,23.1897907876353 77.415510969268,23.1903203263647 77.4154096006764,23.1903509775737 77.4153802563093,23.1903583332023 77.4152802217159,23.1903718198964 77.4151855213187,23.1903705936833 77.4150492648564,23.1903612001467 77.414651999295,23.1903338130627 77.4146079836427,23.1903362646639 77.4145572988977,23.1903472989336 77.4145266214308,23.1903656896562 77.4145039470547,23.1903865319766 77.414487940873,23.1904061489066 77.4144732695878,23.1904306698587 77.4144575778164,23.1904598495877 77.4143266339907,23.1907033611053 77.4141273517281,23.1911245640374 77.4140799143929,23.1912507765228 77.4140584141148,23.1913494731997 77.4140531913098,23.1913828614564 77.414045382255,23.1914818965834 77.4140475022791,23.1915117911615 77.4140695963435,23.1915896207443 77.4140826506612,23.1916195062153 77.4141501473767,23.1917575921486 77.4141807808262,23.1918081173785 77.4142718062156,23.1919129058305 77.414300108537,23.1919413660312 77.4143248247837,23.19197514801 77.4143341735509,23.1919879252452 77.4143394188138,23.1919972460039 77.4143422152693,23.1920056014921 77.4143439642892,23.1920171723437 77.4143457124107,23.1920274567185 77.4143225493511,23.1926485489209 77.4143212153529,23.1926926852307 77.4143358875364,23.1927368215261 77.4143505588217,23.1927588896682 77.4143745680942,23.1927834101889 77.4144132477538,23.1928103822611 77.4145159512419,23.19286800496 77.4145532978015,23.1928827175912 77.4145933114592,23.1928949770151 77.4146253229243,23.1929060110736 77.4147213573198,23.1929427918125 77.4147573698812,23.1929685376631 77.4147880473482,23.1929918319562 77.4150361880808,23.1932208021484 77.4150515537637,23.193241203092 77.4150643583498,23.1932623884617 77.4150728950399,23.1932796500313 77.4150738508474,23.1933012622894 77.4150780226236,23.1933955679568 77.4150724207294,23.1935301460776 77.415057529357,23.1936248941656 77.4150541148606,23.1936366638739 77.4150472858678,23.1936539262208 77.415040456875,23.1936649106739 77.4150285056885,23.1936790344846 77.4150088721097,23.1936994353583 77.4149003655048,23.1937953252856 77.4141389013677,23.1943101522001 77.4120385432153,23.1955088723901 77.4115417443205,23.1956711820003 77.4111530819246,23.1955450835051 77.4109318277685,23.1954346880834 77.4107867660198,23.1952456171647 77.4105837665285,23.1951411145406 77.4104271856829,23.1951160288453 77.4102081710267,23.1952550962312 77.410043184645,23.1952414201179 77.4097329586481,23.1956756061012 77.4097115347269,23.1956802622235 77.4095378607381,23.195743861751 77.4098866774613,23.1963460282573 77.4103443196912,23.1970577687891 77.4109662664815,23.1964494086456 77.4112467178183,23.1963590750774 77.4114788784203,23.1989370979551 77.4115942508489,23.2001746113356 77.4108165891889,23.2003764302501 77.4107085209619,23.200404475814 77.4108710782991,23.2012683806635 77.4110273842602,23.2018219659347 77.4111128311117,23.2020384188506 77.4114171048715,23.2024981418278 77.4119062707813,23.2031300163197 77.4119190322483,23.2031465005006 77.4122150433041,23.2034944413297 77.4124267070462,23.2038386303268 77.4127230361056,23.2043145091468 77.4128825975614,23.2044851058047 77.4131406314402,23.2048637719441 77.4133490387895,23.2050285025385 77.4132623037539,23.2052272154934 77.413166140001,23.2054475301911 77.4131498247988,23.205492982473 77.4131470939204,23.2055035267133 77.4131460006707,23.2055125649867 77.4131460006707,23.2055251188312 77.4131487324474,23.2055346590918 77.4131558345281,23.2055431953745 77.4131700395877,23.205550726854 77.413706712003,23.205757450196 77.4138060998094,23.205795733362 77.4136755494458,23.2059966017382 77.413574736013,23.2061770386462 77.4135705399823,23.2061866795877 77.4135701905377,23.2061976060423 77.4135708903253,23.2062030692692 77.4135789625865,23.2062221488672 77.4136003739312,23.2062727528455 77.413605496125,23.2062892283825 77.4136140319169,23.2063033508594 77.4137410105789,23.2065679953153 77.4138237058907,23.2068511754901 77.4139837632164,23.2069455681979 77.4138290418835,23.2071576460639 77.4135089281303,23.2071306768864 77.4134195637258,23.2074064995274 77.4134052454785,23.2075078262838 77.4133528727991,23.2078784629154 77.4133622098882,23.2080525366786 77.4136380726305,23.2087559562092 77.4137780966271,23.2089624624091 77.4139409144757,23.2091480174392 77.4140158106142,23.2093006516087 77.4141264803622,23.20961061304 77.4142425211374,23.209751586548 77.4143420859119,23.2098667413597 77.4143612299089,23.2098888826304 77.4144185828482,23.2100384372491 77.4144492612135,23.2101610223088 77.4144252519409,23.2103375451586 77.4143512154901,23.2105007705261 77.4141868696072,23.2107859750103 77.4139677570347,23.2111662191887 77.4139464166568,23.2112593836524 77.4139530857495,23.2113427407105 77.4139971005035,23.2114506148131 77.4140504532448,23.2115192619991 77.4143238833493,23.2118134633532 77.4144265859391,23.2119237891068 77.4145639679904,23.2121260517885 77.4149494377738,23.212263345431 77.4155349785406,23.2124398655032 77.4160124807248,23.2123761228358 77.4163002218901,23.2123337763148 77.4164206248843,23.2123160565225 77.4168887899794,23.212236377284 77.4170581834959,23.2121689564798 77.4171875624564,23.2121285038158 77.4172915990444,23.2121211485595 77.4176261172832,23.2121396345328 77.4178056204399,23.2122042491445 77.417865485967,23.2122384916397 77.4178837451235,23.2122489354504 77.4181143974542,23.2125020890435 77.4182202477407,23.2126817468868 77.4183730484756,23.213011249691 77.4183818726266,23.213043262879 77.4184054866405,23.2131289296567 77.4182707357546,23.2134779350988 77.4181937645078,23.2136335620359 77.4181489816943,23.21373259719 77.4180180684113,23.2138959950855 77.4178625745272,23.2140954659512 77.4177752816378,23.2141926778698 77.4176611165449,23.2143457289756 77.4177157493856,23.2145724558048 77.4177259928748,23.2146226644688 77.4177277005721,23.2147113155398 77.4176841646202,23.2147552489018 77.4174536829695,23.214926273916 77.4172240556165,23.2150902383506 77.4170208899369,23.2151318178598 77.4166990693847,23.2151475080036 77.4166102843936,23.2151132059867 77.4165650488291,23.2150957301093 77.4164971308038,23.2151762315708 77.4162563167306,23.2154616638403 77.4155873296604,23.2157164014052 77.4152436216563,23.2159069186683 77.4151906237495,23.2158861290359 77.4148936317334,23.2157696287703 77.4147979683422,23.2160844642424 77.4147853793518,23.2161258956645 77.4147627049757,23.2161700242221 77.4147373626032,23.2161957664243 77.4147093531327,23.2162104756623 77.4146706725748,23.2162300888026 77.414631992017,23.2162472499883 77.4146186538317,23.2162631851963 77.4146093176409,23.2162938296311 77.4145933114592,23.2164384740093 77.4133042478911,23.2168389590944 77.4130910040123,23.2169052093618 77.4128196840504,23.2170054036649 77.4128049678494,23.2170911504586 77.4127154812741,23.2176125524229 77.4118177678612,23.2177281875415 77.4115181824089,23.2178089887471 77.4108017831564,23.2182728471859 77.4105300652408,23.2184540881209 77.4103959108362,23.21895324841 77.4100785674874,23.2189270881821 77.4097686055953,23.2189015363842 77.409677919769,23.2192700833004 77.4096599938875,23.2193179373698 77.4096463359019,23.2193406871584 77.4096275557226,23.2193555925318 77.4095438992134,23.2193940327845 77.4092126885716,23.2195187672541 77.4091879336973,23.2195195515292 77.409170860317,23.2195195515292 77.4091554955324,23.2195164136033 77.4090983015949,23.2194968017711 77.4090464795828,23.2196327553972 77.4090358956321,23.2196573477638 77.4089713238311,23.2198534995679 77.4089412940495,23.2198771540686 77.4088872936229,23.2199196905515 77.4088834254772,23.2200116122369 77.4088779574321,23.2201415545177 77.4084678558437,23.2209790926836 77.4080201606589,23.22105322401 77.4062608182598,23.2213630946054 77.4062433136881,23.2213657338609 77.4054827370865,23.2215110917921 77.4054033897958,23.2215228532657 77.4052457471415,23.2215378013236 77.405169873636,23.2215400509208 77.4051519522461,23.2215387473927 77.405108424379,23.2215340492432 77.4049834031459,23.2215100491346 77.4049351007331,23.2214949879745 77.4048736326115,23.2214724143931 77.4044723902084,23.2213078675309 77.4040055986373,23.2210793896002 77.4039781299525,23.2210741672146 77.4039336112437,23.2210793896002 77.403912773024,23.2210915762665 77.4038928816287,23.2211063741238 77.403873937956,23.2211255242412 77.4038483629198,23.2211577319636 77.4029731981189,23.2230605783858 77.4023165332395,23.2246047760465 77.4025624066243,23.2246358139919 77.4037444997067,23.2247275549441 77.4041441224474,23.2247812921914 77.4046302969673,23.2248602317103 77.4052129990578,23.2250261734493 77.4058072157537,23.2251993688054 77.4059807702665,23.2252443198822 77.4061382575123,23.2252688501272 77.4062610437369,23.2252835674465 77.4072082327624,23.2252846183298 77.4072177953286,23.2249124986542 77.4072464165518,23.224115101518 77.4073904694925,23.2232490122677 77.4075610380053,23.2223796837792 77.4075217807291,23.2220213598171</coordinates></LinearRing></outerBoundaryIs></Polygon></MultiGeometry>
  </Placemark>
  <Placemark>
	<Style><LineStyle><color>ff0000ff</color></LineStyle><PolyStyle><fill>0</fill></PolyStyle></Style>
	<ExtendedData><SchemaData schemaUrl="#bhopal_wards">
		<SimpleData name="objectid">22</SimpleData>
		<SimpleData name="townname">Bhopal</SimpleData>
		<SimpleData name="towncensuscode2011">802312</SimpleData>
		<SimpleData name="town_lgd_code">250946</SimpleData>
		<SimpleData name="ward_lgd_code">32964</SimpleData>
		<SimpleData name="ward_lgd_name">Kapdamil Ward</SimpleData>
		<SimpleData name="sourcewardcode">37</SimpleData>
		<SimpleData name="state">Madhya Pradesh</SimpleData>
	</SchemaData></ExtendedData>
      <MultiGeometry><Polygon><outerBoundaryIs><LinearRing><coordinates>77.4209332003229,23.2794498155064 77.4220622433962,23.2787673190832 77.4227646486933,23.2795004783593 77.4256268913943,23.2783765995208 77.425435536764,23.2779481692338 77.4253227254323,23.2777384764532 77.4249947675901,23.2770823816759 77.4247677193003,23.2766319548415 77.424544336137,23.2762108153775 77.4249607546785,23.2762575754339 77.4251802894592,23.2762854697204 77.4254060163272,23.2763229635668 77.4257739231484,23.2763971771897 77.4265471965382,23.2765914243479 77.4272714713209,23.2768039221329 77.4281093560375,23.2771284276316 77.4286743649102,23.2773199126209 77.4290133873018,23.2774156121022 77.4289451584593,23.2769016792026 77.4288746838287,23.2763596718114 77.4287906805698,23.2758672198505 77.4288180666096,23.2757425133117 77.4289109757661,23.2756367806061 77.4292004955957,23.2753072962974 77.4297047280495,23.2753838714034 77.4299716633345,23.2754023890473 77.4302897468952,23.2753637503794 77.430449482624,23.2753139301401 77.43080271816,23.2750371973635 77.4309271222505,23.2749660783441 77.4310189165978,23.274946751934 77.4311129540384,23.2749575580548 77.4312324569206,23.2749747339672 77.4313420684533,23.2749633881608 77.4315703124007,23.2748135935525 77.4316640075831,23.2748565449289 77.4319313228555,23.274697677003 77.4319314414331,23.2746166107002 77.4319773112081,23.2745921745274 77.4321351047794,23.2745277172095 77.4321783245243,23.274522274109 77.432256808534,23.2745243965552 77.4323527800474,23.2745322715562 77.4323396817123,23.2739585786172 77.4323186961689,23.2738316149744 77.4322821257537,23.2737868106556 77.4319564298693,23.2735736198252 77.4319442720703,23.2735627616035 77.4319224942129,23.2735355599303 77.4319128732561,23.2735192164778 77.4318995323759,23.2734864404431 77.4318298204149,23.273269799712 77.4318135950442,23.273232540194 77.431652482198,23.2729587260297 77.4316322197985,23.2729190155145 77.4316180354001,23.2728848892682 77.4316137917587,23.2727442300212 77.4316120023147,23.2726782921829 77.4315801273934,23.2726074615578 77.4312490299393,23.2723198144966 77.4311481877604,23.2722430915641 77.4308991262547,23.2721046960632 77.4308216223069,23.272044102083 77.4307770991065,23.2719850231941 77.4307639073465,23.2719304879865 77.4308162755343,23.2710700360613 77.430815211929,23.2710573282865 77.4308141474254,23.2710421769929 77.4308093594049,23.2710265363339 77.4307997824657,23.2710084521548 77.4307342503657,23.2708906680887 77.4307273926269,23.2708776434066 77.4307133825017,23.2708696617342 77.4304848241439,23.2707094323657 77.4302333524583,23.2705990471072 77.4301082369021,23.2705501130408 77.4295384013814,23.2703816895002 77.4288694646169,23.2702098509075 77.428439610872,23.2700835331557 77.4278412834854,23.2699526624316 77.4276183045639,23.2699344551459 77.4268564595411,23.2699037289531 77.4264278436746,23.2698969009092 77.4260723165363,23.2697831001274 77.425903843793,23.2696966122935 77.4252051754875,23.2692562028912 77.4246353408651,23.2688749697068 77.4245102244107,23.2687907564917 77.4243355577835,23.2687190622405 77.4242376944181,23.2686837836966 77.4237314218903,23.2689539508038 77.4233507338392,23.2687930325252 77.4233048990984,23.2687691349963 77.423273929679,23.2687475126723 77.4232392439292,23.2687179242231 77.4232095132866,23.2686883357673 77.4231896928582,23.2686632993766 77.4231735887601,23.2686439530714 77.4231302315729,23.2685733959346 77.4231005018286,23.2685005635472 77.4230332207087,23.2682635673185 77.4230271714536,23.2682274485482 77.4229908795161,23.2679662818275 77.4230392690656,23.2672744663549 77.4230392690656,23.2672161198301 77.4230211230968,23.2671188763908 77.4229666851906,23.2669243892991 77.4229061980293,23.266763242448 77.4228451889467,23.2666255452027 77.4227471540031,23.2663978471749 77.4222793078099,23.266469051644 77.4222313018411,23.266480257054 77.4221738833248,23.2665006707372 77.4220296597042,23.2665584143089 77.4216003045243,23.266779103952 77.4214921788051,23.2668346802704 77.4214685423334,23.2668441039136 77.4214507044868,23.2668498394698 77.4214158498538,23.2668571001059 77.4211675213732,23.2669088348089 77.4210783294453,23.2669235838459 77.4210551394362,23.2669252219858 77.4210288277816,23.2669239931745 77.420835283957,23.2669130791184 77.4207972843222,23.2669088884507 77.4207113766349,23.2669006110977 77.4205380395143,23.2668726232423 77.420425873173,23.266845657878 77.4202906138407,23.2668069630865 77.4198488187907,23.2666603085033 77.4195882112385,23.2665958085605 77.4191750993956,23.2664935644056 77.4191053506036,23.2664841877776 77.419020290926,23.2664779364168 77.4188925783404,23.2664825983227 77.418763410484,23.2664873130453 77.4186596371024,23.266495127452 77.418528645666,23.2665216959363 77.4183874457747,23.2665560788183 77.4180760537646,23.2666622503426 77.4178187026054,23.2667499970179 77.417715579604,23.266782930684 77.4170917526398,23.2670369323525 77.4168361900263,23.2671293282855 77.4166988789419,23.2671896307091 77.4165188287111,23.2672894992399 77.4163616540791,23.2673024425723 77.4156061718235,23.2673639671227 77.4145099918183,23.267453237584 77.4138136815904,23.2670257451449 77.4131749848133,23.2672077847281 77.414177871183,23.269764849906 77.4149691342347,23.2719608275051 77.4156062050612,23.2736164519448 77.4157311364627,23.2738972617656 77.4158374610597,23.2740779559368 77.4159863154956,23.2743270204735 77.4162733919075,23.2747811966081 77.4179513604166,23.2770368679561 77.4188145524714,23.2781972314846 77.4196522799829,23.2795343388526 77.4197201216515,23.2796339505746 77.4211122974412,23.2816699057574 77.422092760963,23.2811130102247 77.4211309087372,23.2797262767073 77.421093606195,23.279679958515 77.421065951559,23.2796456202792 77.4209332003229,23.2794498155064</coordinates></LinearRing></outerBoundaryIs></Polygon></MultiGeometry>
  </Placemark>
  <Placemark>
	<Style><LineStyle><color>ff0000ff</color></LineStyle><PolyStyle><fill>0</fill></PolyStyle></Style>
	<ExtendedData><SchemaData schemaUrl="#bhopal_wards">
		<SimpleData name="objectid">14</SimpleData>
		<SimpleData name="townname">Bhopal</SimpleData>
		<SimpleData name="towncensuscode2011">802312</SimpleData>
		<SimpleData name="town_lgd_code">250946</SimpleData>
		<SimpleData name="ward_lgd_code">34372</SimpleData>
		<SimpleData name="ward_lgd_name">Arera Colony Ward</SimpleData>
		<SimpleData name="sourcewardcode">48</SimpleData>
		<SimpleData name="state">Madhya Pradesh</SimpleData>
	</SchemaData></ExtendedData>
      <MultiGeometry><Polygon><outerBoundaryIs><LinearRing><coordinates>77.4311799485956,23.2115768716797 77.4311966994807,23.2107953514251 77.4312070831071,23.2059955267598 77.4312995610723,23.2059960906694 77.4317914713354,23.2059990935085 77.431970182178,23.2060005763512 77.4320788046655,23.205880063952 77.4335836471581,23.2058326385286 77.4335670822243,23.2054853271444 77.4335593450348,23.2053085312029 77.4335536065967,23.2051884029284 77.4335292254216,23.2049336873987 77.4334704818902,23.2046069157243 77.4334497352987,23.2045128095149 77.433354662999,23.2041547588048 77.4332822893298,23.2039075902159 77.4329355001042,23.2039267172036 77.4324454197094,23.2038915858311 77.4325772887998,23.2032205253051 77.4326268281928,23.202968429131 77.4326596463451,23.2028113935883 77.4327815540174,23.2022280663811 77.4330003944004,23.2021855176602 77.4330298528535,23.2024794910403 77.4336947903184,23.202351845077 77.4347258640251,23.2021429681 77.4347426984535,23.2025065676663 77.4348815770981,23.2030287572504 77.435955577699,23.2030372664466 77.435939417007,23.2037378481945 77.4361441170091,23.2037279461709 77.4364996477407,23.2037279461709 77.4364781214115,23.2042802175591 77.4367582161171,23.2042824666212 77.4372579587911,23.2042824666212 77.4372628977285,23.2042529943273 77.4372828933285,23.204043923817 77.4372932365306,23.2038173624167 77.4373122394922,23.2029030009112 77.4383873504107,23.2025061688736 77.4384263516671,23.2024936552027 77.4384828862412,23.2024755171483 77.4386085659393,23.2024502074245 77.4386325716187,23.2024502074245 77.438657990348,23.2024528032939 77.4387042993992,23.2024679144889 77.4393082313748,23.2026649848911 77.4389587373219,23.2038789542221 77.4388267604336,23.204468132181 77.439156470889,23.2044522211613 77.4392101317525,23.2044528701189 77.4392362556593,23.2044574119965 77.4392490234144,23.2044599714984 77.4392602622369,23.2044690932326 77.4392630865402,23.2044788275953 77.4392652038693,23.2044924557018 77.4392621334277,23.2045582398223 77.4392600547261,23.2046027899768 77.4390904375291,23.2056051182914 77.439984187575,23.2057274275267 77.4400172491707,23.2057319520226 77.4400828423561,23.2057369347473 77.4401637015114,23.205740145653 77.4401920433586,23.2057364245031 77.4402070820548,23.2057321716423 77.4402174935289,23.2057268553597 77.440226747973,23.2057207423361 77.4404590648819,23.2055448128015 77.4408934021184,23.2056776407238 77.4409599466197,23.2057653044877 77.4413612653796,23.2056068719479 77.4413969958701,23.2048074647119 77.4412002630262,23.2048101629152 77.441095841061,23.2046156493954 77.4409681051191,23.2042649307062 77.4407946772687,23.2042777166747 77.4407442799846,23.2041428620472 77.4401485262713,23.2039772271015 77.4401213028267,23.2041046205156 77.4397608789717,23.2040435976859 77.4400021188463,23.2030771067503 77.4397818878713,23.2029804721341 77.4396852650793,23.2027245626256 77.4398068933755,23.2021924845776 77.4405734931811,23.202041610855 77.4405746834489,23.2013224039455 77.4409568582118,23.2013329741104 77.4409546663225,23.2008577732824 77.4412787245781,23.2007324269094 77.4412757879854,23.2006993481362 77.4411247263889,23.1985265552477 77.4397199669988,23.1984560502069 77.43927189003,23.1984202238229 77.4393961944074,23.1968738557904 77.4390335822564,23.196843919475 77.438660113067,23.1968119866272 77.4384169238482,23.1967640873413 77.4378766752397,23.1967189442034 77.4378446502998,23.1970237379098 77.437843693594,23.1970375112724 77.4378198082889,23.1972430769515 77.4375766199685,23.1972690226168 77.4375266790286,23.1970933932439 77.4364931259717,23.1972809967754 77.4348370008971,23.1976102221387 77.4347609441352,23.1988746484678 77.4317249133594,23.198679186685 77.4318734695545,23.1972742203365 77.4309134184508,23.1966837878172 77.4308444520915,23.1966427004615 77.4308385717196,23.1966391970416 77.430731980323,23.1968266757051 77.4306212539811,23.1970915775487 77.4305881034522,23.1971944313956 77.4305497292198,23.1973447664593 77.430485964106,23.1976696691904 77.430470917325,23.1977577832517 77.4303367036317,23.1985899602117 77.4302970915209,23.19890033703 77.4301526163721,23.2003625969575 77.4300497484923,23.2012414623145 77.4300453081198,23.201281570669 77.429994335914,23.2017275357561 77.429994335914,23.2018153474274 77.4299940754025,23.2018553416684 77.4300135302167,23.2019511357491 77.4300394376294,23.2022054887185 77.4300441025807,23.2022512913569 77.4293742908571,23.2021848744712 77.4283320519897,23.2020865251389 77.4274843648567,23.2019856219647 77.4266910680192,23.2019023209945 77.4257764842453,23.2017799834888 77.4253879377321,23.2017388555906 77.4253354644414,23.2017339503291 77.4252927747025,23.2017257762689 77.4252438587403,23.2017135143522 77.4239080980488,23.2013004511586 77.4234238917376,23.2011507711681 77.4230612795866,23.2010290315832 77.4227095235759,23.2008813477538 77.4225466742862,23.200793535469 77.4223621109195,23.2006618165207 77.4221905758194,23.2005360852017 77.4219577226163,23.2003328389426 77.4213643970492,23.1998775159669 77.4211118141475,23.1996984923674 77.4209481689505,23.1996053016794 77.4208521165888,23.1995595237303 77.4205100866376,23.199420357612 77.42036613341,23.1993517413667 77.4202510996463,23.1992869256808 77.42023838579,23.1992790008257 77.4199931924299,23.1991193278592 77.4195868682572,23.1988423305123 77.4194794692751,23.1987589285016 77.4193781851251,23.1986713517932 77.4192370993198,23.1985362116033 77.4190840659213,23.1983711600739 77.4189907147936,23.1982570150772 77.4187852045111,23.1979556573846 77.4187145223696,23.1978722416098 77.4184238401201,23.1975291932142 77.4183585263107,23.1974614958158 77.41833865378,23.1974416181772 77.4182972674966,23.197405292805 77.4182799488762,23.1973942384755 77.4182084438779,23.1973631438341 77.4181549429145,23.1973446227892 77.4178875773365,23.1973005317765 77.4177609274579,23.1972948188273 77.4181582990204,23.1977443435409 77.4182431062714,23.197873320782 77.4183124050074,23.1980377016438 77.418407704581,23.1983777358162 77.4184562261827,23.1991179811772 77.4185517925559,23.1994198316558 77.4186555632426,23.1995398346579 77.4188290189408,23.1996378456856 77.4189323440631,23.1996734826637 77.419321035205,23.199807995017 77.4194236973707,23.1998895055797 77.4207447418612,23.2012963591613 77.4202637299591,23.2016831291342 77.4189816633688,23.2027921863524 77.4179984069847,23.203634465186 77.4177358393086,23.2038676816309 77.4178046403779,23.2040423402235 77.4178315745651,23.2040968016291 77.4181897984459,23.2046240907877 77.418216732633,23.2046859786277 77.4182382805217,23.2047503425453 77.4182571343629,23.2048221322701 77.4182732950549,23.2048666922444 77.4182975351945,23.2049038247193 77.4183271625309,23.204931056075 77.4183648711116,23.2049533352202 77.4184160454384,23.2049756151873 77.4184537540191,23.2049929437728 77.4184833813554,23.2050127476319 77.4185076214951,23.2050474056167 77.418523782187,23.2050721608429 77.4185631310914,23.2051599290348 77.4186558417203,23.20551724471 77.4187188118251,23.2058378350896 77.4187441856386,23.2058733234513 77.4188423723975,23.2059412593268 77.4188600242928,23.2059534275588 77.4188677471093,23.205961538612 77.4188798824505,23.2059777623682 77.4188909146605,23.2059970277665 77.4189030500017,23.2060244050371 77.4189129790805,23.2060598933493 77.418927320684,23.2061237736085 77.4189328372382,23.206157234134 77.4189339403693,23.2061866391316 77.4189339403693,23.2062160441227 77.4189339403693,23.2062353094867 77.4188918111792,23.2065249864471 77.4188335473481,23.2071945161779 77.4188401661351,23.2072421722941 77.4188434755287,23.2072614375101 77.4188688502405,23.2073019956768 77.4188898115293,23.2073131499135 77.4189118759493,23.2073202470129 77.4189251144217,23.2073212608842 77.4189482819728,23.2073212608842 77.4189876973526,23.207312660316 77.4191203704352,23.2072837088362 77.4201409518194,23.2070161860002 77.4203878223342,23.2078297634362 77.4219995005652,23.2085034981216 77.4224104959774,23.2087213223035 77.422441768129,23.2087412932108 77.422647390701,23.2088726054228 77.4226826944916,23.2089040375415 77.4227047589116,23.2089192470813 77.4227400618039,23.2089334419347 77.4227764678275,23.2089334419347 77.4227974291163,23.2089253302363 77.4228095644575,23.2089141769597 77.4228261132216,23.2088918704038 77.4228404548252,23.2088624660015 77.4228536941958,23.2088208944486 77.422861416114,23.2087772943365 77.4228806247897,23.2087475959885 77.4228833430918,23.2087433927607 77.4229325806508,23.2086672656849 77.4229502038001,23.2086523145354 77.4229700862123,23.2086452546597 77.4230039778513,23.2086394398185 77.4230202454428,23.208640685679 77.4230418678917,23.2086494529369 77.4230509732154,23.208653145109 77.4230753750518,23.2086656045378 77.4230862195138,23.2086693421186 77.4231160435813,23.2086693421186 77.4231341194814,23.2086672656849 77.4232217842734,23.2086485769542 77.4232404934858,23.2086495619187 77.4232529638986,23.2086502381014 77.4232610972452,23.2086556368297 77.4232687796375,23.2086631128173 77.4233853647917,23.2088055651828 77.4233953055486,23.2088130403364 77.4234088620246,23.2088171931993 77.4234228703531,23.2088176093112 77.4234296490402,23.208816777913 77.4234400425481,23.2088130403364 77.4234468203369,23.2088080569007 77.4234526944205,23.2088026573529 77.4234698666155,23.2087823074956 77.4236526638943,23.2085408450729 77.4235726779015,23.2084609051637 77.4235637127149,23.2084523996153 77.423560242523,23.2084462867165 77.4235585069779,23.2084391095917 77.423560242523,23.2084284780672 77.4235750701151,23.2083997010352 77.4236060368395,23.2083542670799 77.4238501845607,23.2079960648394 77.4238829128815,23.2079480465431 77.423892091867,23.207931174911 77.423899858701,23.2079130045696 77.4238984465494,23.2078935371694 77.423888561488,23.2078779625868 77.4238737347942,23.2078630369434 77.4238476099891,23.2078409737714 77.4237198129618,23.2077332511465 77.4237063975214,23.2077215701957 77.423685215247,23.2076956133492 77.4236774484131,23.2076767940337 77.4236759554131,23.2076598786092 77.4236656661098,23.2075433175046 77.4236634598475,23.2074855219701 77.4236733889263,23.2074155591384 77.4236778014509,23.2073810842315 77.423721699424,23.2072605169344 77.4238330788411,23.2070785937047 77.4240768313035,23.2069692852552 77.4243173974417,23.2068712391476 77.4243523365163,23.2068569994911 77.4252169236548,23.2084091205498 77.4258202492676,23.2096220907247 77.4260895911393,23.2101889642694 77.4261931516202,23.2104857816038 77.4261975650431,23.2104969347492 77.4262119066466,23.2105638536018 77.4262163191713,23.2105932576297 77.426257976746,23.2112510244141 77.4262703501407,23.2115170204892 77.4270327045083,23.2115179600244 77.427737664614,23.2115270854049 77.4285518436886,23.2115220162078 77.4295171643098,23.2115362107847 77.4311020457959,23.2115765199733 77.4311799485956,23.2115768716797</coordinates></LinearRing></outerBoundaryIs></Polygon></MultiGeometry>
  </Placemark>
  <Placemark>
	<Style><LineStyle><color>ff0000ff</color></LineStyle><PolyStyle><fill>0</fill></PolyStyle></Style>
	<ExtendedData><SchemaData schemaUrl="#bhopal_wards">
		<SimpleData name="objectid">15</SimpleData>
		<SimpleData name="townname">Bhopal</SimpleData>
		<SimpleData name="towncensuscode2011">802312</SimpleData>
		<SimpleData name="town_lgd_code">250946</SimpleData>
		<SimpleData name="ward_lgd_code">881948</SimpleData>
		<SimpleData name="ward_lgd_name">Danish Kunj Ward</SimpleData>
		<SimpleData name="sourcewardcode">82</SimpleData>
		<SimpleData name="state">Madhya Pradesh</SimpleData>
	</SchemaData></ExtendedData>
      <MultiGeometry><Polygon><outerBoundaryIs><LinearRing><coordinates>77.4200853649679,23.1898307028996 77.4201094748518,23.1898299878121 77.4201685839975,23.1898335624237 77.4201919159404,23.1898399965593 77.4202582628123,23.1898390725606 77.4205282478777,23.1897872567865 77.4210444845187,23.1896372625131 77.4211917597162,23.1895905819231 77.4212622433301,23.1895794113444 77.4214746023683,23.1895579817986 77.4216020238998,23.1895372318317 77.421827651953,23.1894815143274 77.4219140986295,23.1894444791348 77.4219444625844,23.1894243468028 77.4219544177144,23.1894156542519 77.421966363511,23.1894000973343 77.4219807985393,23.1893813381994 77.4221836291473,23.1889814908824 77.4229423713891,23.1877560793057 77.4230345825547,23.1875343779209 77.4230395367635,23.1874745828513 77.4230338243766,23.1873843852498 77.4230174759367,23.1873178371165 77.4229852839102,23.1872418695961 77.4228187497313,23.1870416245613 77.4227458532426,23.1869933947773 77.4227269005868,23.1869863255002 77.4227074089417,23.1869825551089 77.4226891381071,23.1869778177598 77.4226675875235,23.1869748029329 77.4225846658362,23.1869786790209 77.4225326632628,23.1869881528931 77.4223421799983,23.1870136117021 77.4222529665108,23.1870335875038 77.4221706152538,23.1870651288022 77.4221008449023,23.1871019276625 77.4217430495179,23.1873300161267 77.4216975228993,23.1873616498395 77.4215074744195,23.1874536186917 77.421478399547,23.1874536186917 77.421455138571,23.1874518367215 77.4213989264921,23.187426891613 77.421348529208,23.1873787841792 77.4212128440743,23.1872148600678 77.4211779535087,23.1871631877838 77.4211527548666,23.1871115163056 77.4211333719177,23.1870598448075 77.4211236799941,23.1870259905724 77.4211178651993,23.1869707550879 77.4211178651993,23.1869315557247 77.4211236799941,23.1868745390491 77.4211391867126,23.1868246486122 77.4211566319954,23.1867818860736 77.4214031665403,23.1864060390548 77.4215000848779,23.186347574602 77.4215636864984,23.1863169497256 77.4216363754762,23.186289109298 77.421851411494,23.1862250758798 77.4222027390083,23.1860997934113 77.4224010573787,23.1859925512014 77.4225696945137,23.185841098508 77.4226375370806,23.185775171405 77.4226666119531,23.1857324085309 77.4226898720307,23.1856878636494 77.4227034410831,23.1856290636234 77.4227092558779,23.1855863007026 77.4227073173136,23.185520373474 77.4227053787492,23.1855007739942 77.4226956877239,23.1854544470387 77.4226549814651,23.1853796114078 77.422602646515,23.1853101209056 77.4225716321798,23.1852744842285 77.4225289882549,23.1852370663679 77.4224863452284,23.1852067756719 77.4221270218097,23.1849360517555 77.4220694766309,23.1848831539793 77.4219877020923,23.1847940636359 77.4219301578118,23.1846576426939 77.4219028993328,23.1845796885153 77.421872612633,23.1844098591988 77.421878669973,23.1842929268715 77.4219483298317,23.1841509380692 77.4220301043703,23.1840757672716 77.4221421656087,23.1840228691552 77.4224541199642,23.1839365619181 77.42283573328,23.1838586073193 77.4228720782181,23.1838474709443 77.4229447662976,23.1838419027565 77.4229962541365,23.1838446864375 77.4230719713351,23.1838641755064 77.4231416302956,23.1838892327585 77.4232022045935,23.1839226418702 77.4232718635539,23.1839755392005 77.4235414165296,23.1841565062442 77.4235898752493,23.1841954834625 77.4236413630881,23.1842344606695 77.4236716497879,23.1842428133395 77.4237322240858,23.1842511651832 77.4238564000042,23.1842400288409 77.4239321172028,23.1842010516356 77.4239836041433,23.1841648580933 77.4240350919822,23.1840924718052 77.4240562931212,23.1840507100544 77.4240744651411,23.1839978127539 77.4241410958806,23.1836275261101 77.4241865263795,23.1834298545623 77.4242228704193,23.183346330634 77.4242440715583,23.1833129213784 77.4242773864789,23.183273943903 77.4243803621566,23.1831904198774 77.4245499676755,23.1831347377152 77.4247165458719,23.1831347377152 77.4251526761457,23.1831319540194 77.4252859376248,23.1830846237494 77.4253283399029,23.1830595663466 77.4254070853223,23.1830038841299 77.4254464584812,23.1829704747888 77.4255342903598,23.1828618939597 77.4255948637594,23.1827728014444 77.4258241955666,23.18237723257 77.425870715722,23.1822435937038 77.4259704206336,23.1819681865469 77.4259976782143,23.1819013665133 77.4260582525122,23.1817844328193 77.4261793993115,23.1816674981973 77.4262339153711,23.181650793361 77.4263732350885,23.181617383682 77.4264398658281,23.1816006788393 77.4265125548059,23.1815756211586 77.4265367841658,23.1815589163107 77.4266700456449,23.1814252766272 77.4267215334837,23.1813695937303 77.4268093653623,23.1813668099978 77.42691234104,23.1814280611843 77.4269759426604,23.1814642554669 77.4270183449385,23.1814837440568 77.4272394382962,23.1815199383243 77.4273878435744,23.1815282903381 77.4274938474728,23.1815171537691 77.4275544217708,23.1814865286127 77.4276059087113,23.1814391977606 77.4276331671903,23.181411356318 77.42766345389,23.1813779465792 77.4276876832499,23.1813501051239 77.4277876298084,23.1812665798973 77.4278300311882,23.1812415221539 77.4284721119189,23.1810048689445 77.4285690302566,23.1809464013057 77.428659890356,23.180860092084 77.4286780623759,23.1808238976379 77.428693206175,23.1807709990616 77.428693206175,23.1807125313206 77.4286962343958,23.1806624164475 77.428714407314,23.1805872436899 77.4287356075547,23.1805538329195 77.4291475084687,23.1803116101591 77.42970478644,23.1799942130436 77.4297562733805,23.1799440979015 77.4298047329985,23.1798856297991 77.4298259332392,23.1797965361279 77.4298198758993,23.1797603413942 77.4298138185593,23.1797046578045 77.4297441587006,23.1795181163716 77.4297078146608,23.1794540797127 77.4296744997402,23.1794178857121 77.4296290692414,23.1793705541283 77.4295654667226,23.1793371438799 77.4294049467645,23.1793232225278 77.4291626522677,23.1793232225278 77.4291172217689,23.1793148703764 77.4290596765901,23.1792898122676 77.4290233325503,23.1792591857756 77.4289597300316,23.1791728754655 77.4289415580117,23.1791255446209 77.428926415111,23.1790698599413 77.428926415111,23.1789891178992 77.4289688164907,23.1787608128927 77.4290021314113,23.1786605816659 77.4292686561662,23.1781482850792 77.429463964282,23.1776695805345 77.4294850540299,23.1776148399774 77.4294962191906,23.1775817678735 77.4295073843513,23.1775486957615 77.4295272326275,23.1774255299846 77.4295458412286,23.1773867555958 77.4295681706516,23.177361665745 77.4296103492491,23.1773399980596 77.4296525278467,23.1773274531304 77.4297430879088,23.1772909596102 77.4298380479191,23.1772127822989 77.4298743928572,23.1771877246223 77.4299077077779,23.1771710192266 77.4299531382767,23.177165450761 77.4300379410362,23.177168234581 77.4301378875947,23.1771960769064 77.4301924045527,23.1771960769064 77.4303286951509,23.1771738030465 77.4304437846102,23.177126470669 77.4306618497471,23.1770401589835 77.431306959597,23.1767951452094 77.4317552045508,23.1766030320575 77.4321094129622,23.176536357992 77.4324272324182,23.1764949531139 77.4325893792253,23.1764373613499 77.4326861592224,23.1763547274191 77.4327243825377,23.176293979312 77.4327455836767,23.1762605682956 77.4327637556966,23.1762076670896 77.4327698130366,23.1761491973547 77.4327637556966,23.1760406109904 77.4326395797783,23.1756368911543 77.4326244359792,23.175597911443 77.4325547770188,23.1755088149172 77.4325184320808,23.1754837560957 77.4324639160211,23.1754419916581 77.4323669985817,23.1753890909544 77.4323064242838,23.1753528950286 77.4322609946833,23.1753166990929 77.4322246506435,23.1752777192883 77.4318310906327,23.1747251216732 77.4316696552913,23.1744363247082 77.4315867560619,23.1741354947338 77.4315213093019,23.1735057551318 77.4315169461846,23.1734094881185 77.4315256724192,23.1733212440524 77.4315431248886,23.1732530554161 77.4315823929446,23.1731768445462 77.4316740184086,23.1730685448143 77.4321016039074,23.1726112783134 77.4324375639423,23.1720737867965 77.43284769787,23.171488160154 77.4331618423182,23.1711993570308 77.4332621940168,23.1711391888092 77.4333756350676,23.171099077197 77.4334541711796,23.171087043711 77.433628695873,23.1710950660352 77.4337421369237,23.1711191330046 77.4338773935611,23.1711552334507 77.4342569856675,23.17127155787 77.4343878791876,23.1713116694305 77.434470778417,23.1713317252063 77.434588582585,23.1713477698247 77.4351645140732,23.171351780979 77.4359804179132,23.1714159594316 77.4362247524839,23.171367825595 77.436408003412,23.1712515020853 77.436469087953,23.1711993570308 77.4365388978304,23.1711311664878 77.4366785175851,23.170998798114 77.4367090594065,23.1709586864597 77.4367832324011,23.1708102732345 77.4368050479878,23.1706698821943 77.4367963217531,23.1705696027897 77.4367788692838,23.1705014127517 77.4367439643451,23.1704292114972 77.4366261601771,23.1703128871718 77.4365301715957,23.1702567305647 77.4364734510704,23.1702286522524 77.4363730984733,23.1701845291782 77.4361331270199,23.1701363948989 77.4349725369105,23.1701885403674 77.4347194761051,23.1701564508507 77.4344795046516,23.1700802382178 77.4343137061929,23.1699879799361 77.4341297464941,23.169870454428 77.4339232067423,23.1696871399648 77.4337028688677,23.1694705347668 77.4335692462658,23.1692938514349 77.4334277750833,23.1688522395372 77.4333169202823,23.1678806604857 77.4330238296495,23.1678280392419 77.4329624594442,23.1678056837136 77.4328741254074,23.1677436797041 77.4325881251771,23.1674505045839 77.4324310987671,23.167315217232 77.4322956894162,23.1672338825533 77.4320756138496,23.1671591771322 77.4318144340707,23.1671184787813 77.431606376166,23.1671388275453 77.431251069115,23.1672698486035 77.4310308947338,23.1673301085844 77.4306324847187,23.1675091796316 77.4298758723825,23.1680156730771 77.4294462863355,23.1682497172086 77.4285546509239,23.1686808888363 77.4284011441132,23.1687565836218 77.4283130705878,23.1687823555992 77.4282930857676,23.1687833582005 77.4281184954972,23.1687957940903 77.4262588301455,23.1686853452126 77.4257424533674,23.1689155503779 77.4249517643391,23.1692442938731 77.4248909555809,23.1692438049621 77.4247077387888,23.1693277910907 77.4246789154446,23.1693678842388 77.4245729618518,23.1694131241477 77.4245648572513,23.1693964937611 77.4244865133788,23.1694368841989 77.4244557748264,23.1694902794685 77.4242483556239,23.1695872958787 77.4242258124018,23.1695595791532 77.4237823213326,23.1697705344995 77.4233372977375,23.1699894144525 77.423111612192,23.1701259403663 77.4226278388688,23.1706497594252 77.4224730312976,23.1708414962743 77.4226106379277,23.1709521894773 77.4229310032092,23.1712407825417 77.4229181025034,23.171311942787 77.4229420965046,23.1715369348061 77.4206094394097,23.1716811354003 77.4203230124797,23.1716947817142 77.4202789788611,23.1716935165149 77.4202266879284,23.1716833957466 77.4202019186811,23.1716694802051 77.4201675176973,23.1716391187183 77.4201276109391,23.1715923121008 77.4200890812982,23.1715366490623 77.4200656882699,23.1714923719854 77.4200367912639,23.1714468296924 77.419992756747,23.1714012873838 77.4199611073029,23.1713747214429 77.4199074410495,23.1713481546709 77.4198606540945,23.1713329738919 77.4198014838634,23.1713215887195 77.4197615780035,23.1713152635315 77.4197092870709,23.1713165287343 77.4195354891145,23.1713453335666 77.4168588563175,23.1719011882352 77.4169079088236,23.1721090908701 77.4170439227408,23.1727572500062 77.41714963828,23.1731958091095 77.4172608982212,23.1736573679603 77.417404515479,23.1743409312682 77.4175008130808,23.1748457934554 77.4175238404948,23.1749965467311 77.4175357036465,23.1751325447897 77.4175392915177,23.1752681603527 77.4175482638907,23.1756072531634 77.4175664071646,23.1760922248076 77.4175758538481,23.1763888766943 77.4175988992284,23.1769139768591 77.4175923567982,23.1775865385878 77.4175847247115,23.1780977233092 77.4175672794287,23.1786810731913 77.417548452537,23.1791418162264 77.4175084002517,23.1804607362442 77.4174470039953,23.1827411435248 77.4173764655843,23.1842949169779 77.4173394010956,23.1857702713382 77.4172513284685,23.1877074435107 77.4172442739986,23.1879050674503 77.4172319338415,23.1881442839573 77.4172161073229,23.1886270937801 77.4172105251917,23.1887066310268 77.4172002421766,23.1887586181483 77.4171463261916,23.1890311972003 77.4171213359587,23.18914084153 77.4171093425514,23.1892099964432 77.4171017104647,23.1893082156973 77.4171038906759,23.1893452979947 77.4171095716218,23.1893913833127 77.4171192500706,23.1894699060982 77.4171433491748,23.1896105581657 77.4171477536146,23.1896295154454 77.4181460864241,23.1895314483631 77.4182163418659,23.1895314483631 77.4183606508264,23.1895558835988 77.4184157157567,23.1895715924341 77.4187783862981,23.1896588613223 77.4188182616153,23.1896780605361 77.4188920115035,23.1897540886031 77.4190214326848,23.1898875069267 77.4191866283739,23.1900295812963 77.4192072869305,23.1900508051586 77.4192218701808,23.1900608584789 77.4192510357832,23.1900753806743 77.4192704789192,23.1900798487242 77.4192984299993,23.1900820823362 77.4193725589765,23.1900720290175 77.4195654254714,23.1900298125021 77.4199058016241,23.1899091337705 77.4200511436472,23.1898392814718 77.4200853649679,23.1898307028996</coordinates></LinearRing></outerBoundaryIs></Polygon></MultiGeometry>
  </Placemark>
  <Placemark>
	<Style><LineStyle><color>ff0000ff</color></LineStyle><PolyStyle><fill>0</fill></PolyStyle></Style>
	<ExtendedData><SchemaData schemaUrl="#bhopal_wards">
		<SimpleData name="objectid">17</SimpleData>
		<SimpleData name="townname">Bhopal</SimpleData>
		<SimpleData name="towncensuscode2011">802312</SimpleData>
		<SimpleData name="town_lgd_code">250946</SimpleData>
		<SimpleData name="ward_lgd_code">881950</SimpleData>
		<SimpleData name="ward_lgd_name">Sankhedi Ward</SimpleData>
		<SimpleData name="sourcewardcode">83</SimpleData>
		<SimpleData name="state">Madhya Pradesh</SimpleData>
	</SchemaData></ExtendedData>
      <MultiGeometry><Polygon><outerBoundaryIs><LinearRing><coordinates>77.4197092870709,23.1713165287343 77.4197615780035,23.1713152635315 77.4198014838634,23.1713215887195 77.4198606540945,23.1713329738919 77.4199074410495,23.1713481546709 77.4199611073029,23.1713747214429 77.419992756747,23.1714012873838 77.4200367912639,23.1714468296924 77.4200656882699,23.1714923719854 77.4200890812982,23.1715366490623 77.4201276109391,23.1715923121008 77.4201675176973,23.1716391187183 77.4202019186811,23.1716694802051 77.4202266879284,23.1716833957466 77.4202789788611,23.1716935165149 77.4203230124797,23.1716947817142 77.4206094394097,23.1716811354003 77.4229420965046,23.1715369348061 77.4229181025034,23.171311942787 77.4229310032092,23.1712407825417 77.4226106379277,23.1709521894773 77.4224730312976,23.1708414962743 77.4226278388688,23.1706497594252 77.423111612192,23.1701259403663 77.4233372977375,23.1699894144525 77.4237823213326,23.1697705344995 77.4242258124018,23.1695595791532 77.4242483556239,23.1695872958787 77.4244557748264,23.1694902794685 77.4244865133788,23.1694368841989 77.4245648572513,23.1693964937611 77.4245729618518,23.1694131241477 77.4246789154446,23.1693678842388 77.4247077387888,23.1693277910907 77.4248909555809,23.1692438049621 77.4249517643391,23.1692442938731 77.4257424533674,23.1689155503779 77.4262588301455,23.1686853452126 77.4281184954972,23.1687957940903 77.4282930857676,23.1687833582005 77.4283130705878,23.1687823555992 77.4284011441132,23.1687565836218 77.4285546509239,23.1686808888363 77.4294462863355,23.1682497172086 77.4298758723825,23.1680156730771 77.4306324847187,23.1675091796316 77.4310308947338,23.1673301085844 77.431251069115,23.1672698486035 77.431606376166,23.1671388275453 77.4318144340707,23.1671184787813 77.4320756138496,23.1671591771322 77.4322956894162,23.1672338825533 77.4324310987671,23.167315217232 77.4325881251771,23.1674505045839 77.4328741254074,23.1677436797041 77.4329624594442,23.1678056837136 77.4330238296495,23.1678280392419 77.4333169202823,23.1678806604857 77.433563528489,23.1674213429616 77.4336034343489,23.1673504977842 77.4336873738274,23.1672568798823 77.4338167240417,23.167165792399 77.4340589125373,23.1670405474212 77.4341855103137,23.1669848833161 77.4346286420568,23.1668611305304 77.4354641974419,23.1666834774766 77.4357076759182,23.1666305989139 77.4358339107752,23.1666146198005 77.4358962215165,23.1666142613689 77.4359386184047,23.1666154985362 77.4360758621155,23.1666370366428 77.4385671832491,23.1672171635273 77.4388225608097,23.1672588421623 77.4390391832523,23.1672941954064 77.440258103668,23.1673109854481 77.4403519246146,23.1673811592103 77.4420930033656,23.1673096384458 77.4422809120585,23.1673188700773 77.4424515443517,23.167426403094 77.4425052106051,23.1674403199025 77.442550706681,23.1674297239348 77.4428213421267,23.167264716614 77.4443564677258,23.1673464245694 77.444670278899,23.1670089105565 77.4479366314254,23.1663883443492 77.449742471522,23.1670045970011 77.4520136173761,23.1620496828105 77.4523831348767,23.1618058432982 77.4516193324249,23.1588429097325 77.4513024058943,23.1574077046675 77.4516448625452,23.1565958416473 77.4513338837602,23.1560828816424 77.4500864750718,23.1563198473396 77.4499683367305,23.1563429630007 77.4499066889458,23.1563300072625 77.4495429664771,23.1560854685 77.4495174273736,23.1560494358484 77.449508866429,23.1560049182563 77.4495021694885,23.1557274649355 77.4495250001714,23.1550781463284 77.4495866551427,23.154688287201 77.4496648975056,23.154423357581 77.4496672780411,23.154367885635 77.449643492449,23.1542691938989 77.449623852582,23.1542175815808 77.4496048496205,23.1541810908472 77.4495505266986,23.1541401622404 77.4494808255174,23.154114147092 77.4494087087664,23.1540979666038 77.4488908039539,23.1540731589959 77.4487881902973,23.1540699542838 77.448682015719,23.1540605053383 77.4485639061237,23.1540445172916 77.4483774598882,23.1540094735877 77.4481738396611,23.1539567196964 77.4480712278011,23.1539301354275 77.4477844002224,23.1537863757775 77.4476843925785,23.1537080187245 77.4475821175868,23.1535769117146 77.4475115908538,23.153479027185 77.4474415007021,23.1533104807769 77.4473661006087,23.1529417430069 77.4467801475152,23.1526889912694 77.4467137153033,23.1526603360537 77.4466614854561,23.1526479424418 77.4465115341772,23.1526309019464 77.4464475103486,23.1526324514578 77.4459798671747,23.1526831153524 77.4454367089229,23.1527245284198 77.4451629221873,23.1527463132459 77.4449839068158,23.1527729390478 77.4439440421957,23.1530997117748 77.4433517146569,23.1532473649198 77.4428015073252,23.1532933544656 77.4421008627261,23.1534157197845 77.4415141819972,23.1535959211776 77.4412245992856,23.1537024236783 77.4408007552699,23.1541066507109 77.4407138809954,23.1541308561903 77.4406506988882,23.1541308561903 77.4406217407967,23.1541211743295 77.440529600598,23.154080025174 77.440479582403,23.1540437177653 77.4402821389917,23.1537072646239 77.440112457116,23.1534954101083 77.4400799452893,23.15348100949 77.4400432832459,23.1534760520757 77.4393949637155,23.1534676330611 77.4393344145704,23.1534773149692 77.4392554373856,23.1535015205624 77.4386481960164,23.1538896701065 77.4385377176095,23.1539732826199 77.4384900997129,23.1540012016269 77.438418327915,23.1540164306243 77.4382254713016,23.1540189316223 77.4379929630515,23.154034422446 77.4378329030308,23.1540747002312 77.4377351815993,23.1541211743295 77.4375886007994,23.1542218674656 77.4374268555393,23.1544650806693 77.4373763100332,23.1546014035322 77.4373594612317,23.1546773102861 77.4373510377293,23.1547888477585 77.4373493524898,23.154923621633 77.4373611464712,23.1550367067321 77.4374251702998,23.1551606364599 77.4374697447042,23.1552191492243 77.4378091443882,23.1556194533872 77.43781942381,23.155648607668 77.4378177394689,23.1556950812203 77.4377570663562,23.1558881841213 77.4377452912395,23.1559166040781 77.4377452912395,23.1559382917495 77.4377971842185,23.1560706477544 77.4378058107402,23.1560934504256 77.4378025759069,23.1561132788682 77.4377917925302,23.1561350903994 77.4377583653201,23.1561509534791 77.4377217032768,23.1561559107944 77.4375718193716,23.1561023731012 77.4375459398066,23.1560924592925 77.4375146694515,23.1560875019749 77.4372368564668,23.1560805227453 77.4372092512381,23.1560748113401 77.4371602535293,23.1560608520533 77.4371236777241,23.156031030499 77.4370940027771,23.1560088224974 77.4370746800153,23.1559974013324 77.4370436243576,23.1559961318551 77.4370118796921,23.156003111915 77.4369704727474,23.1560183398589 77.4364879992864,23.1563578687883 77.4364052707369,23.1564028553984 77.4363721453608,23.1564440988238 77.436365934409,23.1564663067533 77.4363637191635,23.1565130104596 77.4363687730853,23.1565393447816 77.4364412213146,23.1566834112053 77.4364496457153,23.156736080603 77.4364479613742,23.1567841032415 77.4364243734114,23.1568398706993 77.4362411970435,23.1570709956743 77.4362217871452,23.1571423781936 77.436040632885,23.1578393456448 77.4360007360083,23.1579156850049 77.4359478988999,23.1579414615464 77.4355466591917,23.1580100461687 77.4352162794915,23.1580509306447 77.4342808476164,23.158103061823 77.4342603597398,23.1581070279478 77.4342096794864,23.1581357786325 77.4340533259146,23.1582666449647 77.4339444177628,23.1583410010223 77.4338948154877,23.1583737177737 77.433809630046,23.1584143659227 77.4336791560391,23.1584530310021 77.4330494280418,23.1585779486842 77.4330343318535,23.1585829059096 77.43280664037,23.1587243156028 77.4327854976215,23.1587421498659 77.4327673471612,23.1587703693428 77.4327306725414,23.1588518247917 77.4327205143921,23.1588741595148 77.4327107973157,23.1588904030225 77.4326946680648,23.1589061055461 77.4325749765363,23.158992357893 77.4325296879713,23.1590330050284 77.4325038084062,23.1590845585024 77.4324921096463,23.1592730172986 77.4325107964008,23.1598189490843 77.4283516631107,23.1598133196046 77.4282646738518,23.1611493951409 77.4272133305591,23.16096350923 77.4258101288476,23.1607137624424 77.4248105330068,23.1606031607112 77.4238233195438,23.1605668542446 77.4237890964265,23.1600948758904 77.4236890582398,23.159927867411 77.4236304764052,23.1596615564741 77.4227149997059,23.1595386220178 77.4225777227574,23.1596438949511 77.420892020652,23.1594223171388 77.4205697742983,23.1593039861661 77.4202508274567,23.1590938253898 77.4194602318533,23.1582678417385 77.4152638283603,23.1606602736482 77.4148218177146,23.1609164411951 77.4141797962727,23.1611736943277 77.4151608490894,23.1650385113887 77.4157643786198,23.1673864266387 77.4159484416249,23.1681329342834 77.4159904666105,23.1683093606503 77.4160958219253,23.1689399282645 77.4161560243207,23.1691771321861 77.4167972130244,23.1716399214429 77.4168588563175,23.1719011882352 77.4195354891145,23.1713453335666 77.4197092870709,23.1713165287343</coordinates></LinearRing></outerBoundaryIs></Polygon></MultiGeometry>
  </Placemark>
  <Placemark>
	<Style><LineStyle><color>ff0000ff</color></LineStyle><PolyStyle><fill>0</fill></PolyStyle></Style>
	<ExtendedData><SchemaData schemaUrl="#bhopal_wards">
		<SimpleData name="objectid">18</SimpleData>
		<SimpleData name="townname">Bhopal</SimpleData>
		<SimpleData name="towncensuscode2011">802312</SimpleData>
		<SimpleData name="town_lgd_code">250946</SimpleData>
		<SimpleData name="ward_lgd_code">34376</SimpleData>
		<SimpleData name="ward_lgd_name">Misraud Ward</SimpleData>
		<SimpleData name="sourcewardcode">52</SimpleData>
		<SimpleData name="state">Madhya Pradesh</SimpleData>
	</SchemaData></ExtendedData>
      <MultiGeometry><Polygon><outerBoundaryIs><LinearRing><coordinates>77.4521683423023,23.1874508326085 77.45343411525,23.1854368525024 77.4545835033679,23.1836080270975 77.459023191301,23.1766854238705 77.4624016859143,23.1713027585043 77.4633299429452,23.169878142352 77.4641869186583,23.168583842038 77.4675867204118,23.1641711400178 77.4680595360851,23.1635586767613 77.4699924716247,23.1610850763175 77.4706713042304,23.1601912920574 77.4709635154126,23.1597916499049 77.4711688136926,23.1595044519261 77.4712148289947,23.1594222791463 77.4713040065496,23.1592481677009 77.4713330329131,23.1591785703023 77.4714998213153,23.1587717131272 77.4716245389177,23.1585273225338 77.4717571230672,23.1583033509793 77.4723833718894,23.1573936092402 77.4733605053565,23.1561279368981 77.4748596552252,23.1542271990102 77.4719129852605,23.1495073163335 77.470510000043,23.1472599999871 77.4700908434365,23.1465499018751 77.4696599997482,23.1458200006002 77.4694199995486,23.145420000044 77.4681600000733,23.145250000458 77.4600500007051,23.1469099999188 77.4583614455503,23.1476010469903 77.4572400004278,23.1480600004868 77.4572177069374,23.1479269865111 77.457164305687,23.1479850167497 77.4565155055579,23.1486387012235 77.4563907996335,23.1487547313237 77.4562379432031,23.1488319390186 77.4560092330301,23.1489844421125 77.455752936493,23.1492610619346 77.4556247208508,23.1493545379553 77.4551473354475,23.1496114895046 77.4550307062759,23.1496908079203 77.4549410023082,23.1497795697552 77.4546104285719,23.1502498408072 77.4545565997234,23.1503247167256 77.4544900902564,23.1503804249237 77.4544402463346,23.150412228434 77.4543077412369,23.1504737390976 77.4541211997799,23.150560896364 77.4540576143292,23.1505828359997 77.4539037535823,23.1506153365875 77.4538285313553,23.1506356416041 77.4537671117427,23.1506794250341 77.4534921922315,23.1510200164824 77.4534572513602,23.1510766461797 77.4534379277001,23.1511299480004 77.4532848089616,23.1520077094416 77.4532705338335,23.1520370767823 77.4529127959412,23.1522525992497 77.4528562613671,23.1522701155507 77.452801852207,23.1522801213247 77.4525956654931,23.1523087402792 77.4525321878402,23.1523228106365 77.4524828802126,23.1523483454197 77.452432438911,23.1523921192045 77.4522385698963,23.1526519079022 77.4519361457677,23.153189183331 77.4518144680642,23.1533444236573 77.451557459163,23.1535675420265 77.4510354751009,23.1539678098264 77.4508582653431,23.1540718531583 77.4505146678318,23.1542200429292 77.4502752730968,23.1542949860093 77.4496648975056,23.154423357581 77.4495866551427,23.154688287201 77.4495250001714,23.1550781463284 77.4495021694885,23.1557274649355 77.449508866429,23.1560049182563 77.4495174273736,23.1560494358484 77.4495429664771,23.1560854685 77.4499066889458,23.1563300072625 77.4499683367305,23.1563429630007 77.4500864750718,23.1563198473396 77.4513338837602,23.1560828816424 77.4516448625452,23.1565958416473 77.4513024058943,23.1574077046675 77.4516193324249,23.1588429097325 77.4523831348767,23.1618058432982 77.4520136173761,23.1620496828105 77.449742471522,23.1670045970011 77.4479366314254,23.1663883443492 77.444670278899,23.1670089105565 77.4443564677258,23.1673464245694 77.4428213421267,23.167264716614 77.442550706681,23.1674297239348 77.4425052106051,23.1674403199025 77.4424515443517,23.167426403094 77.4422809120585,23.1673188700773 77.4420930033656,23.1673096384458 77.4403519246146,23.1673811592103 77.440258103668,23.1673109854481 77.4390391832523,23.1672941954064 77.4388225608097,23.1672588421623 77.4385671832491,23.1672171635273 77.4360758621155,23.1666370366428 77.4359386184047,23.1666154985362 77.4358962215165,23.1666142613689 77.4358339107752,23.1666146198005 77.4357076759182,23.1666305989139 77.4354641974419,23.1666834774766 77.4346286420568,23.1668611305304 77.4341855103137,23.1669848833161 77.4340589125373,23.1670405474212 77.4338167240417,23.167165792399 77.4336873738274,23.1672568798823 77.4336034343489,23.1673504977842 77.433563528489,23.1674213429616 77.4333169202823,23.1678806604857 77.4334277750833,23.1688522395372 77.4335692462658,23.1692938514349 77.4337028688677,23.1694705347668 77.4339232067423,23.1696871399648 77.4341297464941,23.169870454428 77.4343137061929,23.1699879799361 77.4344795046516,23.1700802382178 77.4347194761051,23.1701564508507 77.4349725369105,23.1701885403674 77.4361331270199,23.1701363948989 77.4363730984733,23.1701845291782 77.4364734510704,23.1702286522524 77.4365301715957,23.1702567305647 77.4366261601771,23.1703128871718 77.4367439643451,23.1704292114972 77.4367788692838,23.1705014127517 77.4367963217531,23.1705696027897 77.4368050479878,23.1706698821943 77.4367832324011,23.1708102732345 77.4367090594065,23.1709586864597 77.4366785175851,23.170998798114 77.4365388978304,23.1711311664878 77.436469087953,23.1711993570308 77.436408003412,23.1712515020853 77.4362247524839,23.171367825595 77.4359804179132,23.1714159594316 77.4351645140732,23.171351780979 77.434588582585,23.1713477698247 77.434470778417,23.1713317252063 77.4343878791876,23.1713116694305 77.4342569856675,23.17127155787 77.4338773935611,23.1711552334507 77.4337421369237,23.1711191330046 77.433628695873,23.1710950660352 77.4334541711796,23.171087043711 77.4333756350676,23.171099077197 77.4332621940168,23.1711391888092 77.4331618423182,23.1711993570308 77.43284769787,23.171488160154 77.4324375639423,23.1720737867965 77.4321016039074,23.1726112783134 77.4316740184086,23.1730685448143 77.4315823929446,23.1731768445462 77.4315431248886,23.1732530554161 77.4315256724192,23.1733212440524 77.4315169461846,23.1734094881185 77.4315213093019,23.1735057551318 77.4315867560619,23.1741354947338 77.4316696552913,23.1744363247082 77.4318310906327,23.1747251216732 77.4322246506435,23.1752777192883 77.4322609946833,23.1753166990929 77.4323064242838,23.1753528950286 77.4323669985817,23.1753890909544 77.4324639160211,23.1754419916581 77.4325184320808,23.1754837560957 77.4325547770188,23.1755088149172 77.4326244359792,23.175597911443 77.4326395797783,23.1756368911543 77.4327637556966,23.1760406109904 77.4327698130366,23.1761491973547 77.4327637556966,23.1762076670896 77.4327455836767,23.1762605682956 77.4327243825377,23.176293979312 77.4326861592224,23.1763547274191 77.4325893792253,23.1764373613499 77.4324272324182,23.1764949531139 77.4321094129622,23.176536357992 77.4317552045508,23.1766030320575 77.431306959597,23.1767951452094 77.4306618497471,23.1770401589835 77.4304437846102,23.177126470669 77.4303286951509,23.1771738030465 77.4301924045527,23.1771960769064 77.4301378875947,23.1771960769064 77.4300379410362,23.177168234581 77.4299531382767,23.177165450761 77.4299077077779,23.1771710192266 77.4298743928572,23.1771877246223 77.4298380479191,23.1772127822989 77.4297430879088,23.1772909596102 77.4296525278467,23.1773274531304 77.4296103492491,23.1773399980596 77.4295681706516,23.177361665745 77.4295458412286,23.1773867555958 77.4295272326275,23.1774255299846 77.4295073843513,23.1775486957615 77.4294962191906,23.1775817678735 77.4294850540299,23.1776148399774 77.429463964282,23.1776695805345 77.4292686561662,23.1781482850792 77.4290021314113,23.1786605816659 77.4289688164907,23.1787608128927 77.428926415111,23.1789891178992 77.428926415111,23.1790698599413 77.4289415580117,23.1791255446209 77.4289597300316,23.1791728754655 77.4290233325503,23.1792591857756 77.4290596765901,23.1792898122676 77.4291172217689,23.1793148703764 77.4291626522677,23.1793232225278 77.4294049467645,23.1793232225278 77.4295654667226,23.1793371438799 77.4296290692414,23.1793705541283 77.4296744997402,23.1794178857121 77.4297078146608,23.1794540797127 77.4297441587006,23.1795181163716 77.4298138185593,23.1797046578045 77.4298198758993,23.1797603413942 77.4298259332392,23.1797965361279 77.4298047329985,23.1798856297991 77.4297562733805,23.1799440979015 77.42970478644,23.1799942130436 77.4291475084687,23.1803116101591 77.4287356075547,23.1805538329195 77.428714407314,23.1805872436899 77.4286962343958,23.1806624164475 77.428693206175,23.1807125313206 77.428693206175,23.1807709990616 77.4286780623759,23.1808238976379 77.428659890356,23.180860092084 77.4285690302566,23.1809464013057 77.4284721119189,23.1810048689445 77.4278300311882,23.1812415221539 77.4277876298084,23.1812665798973 77.4276876832499,23.1813501051239 77.42766345389,23.1813779465792 77.4276331671903,23.181411356318 77.4276059087113,23.1814391977606 77.4275544217708,23.1814865286127 77.4274938474728,23.1815171537691 77.4273878435744,23.1815282903381 77.4272394382962,23.1815199383243 77.4270183449385,23.1814837440568 77.4269759426604,23.1814642554669 77.42691234104,23.1814280611843 77.4268093653623,23.1813668099978 77.4267215334837,23.1813695937303 77.4266700456449,23.1814252766272 77.4265367841658,23.1815589163107 77.4265125548059,23.1815756211586 77.4264398658281,23.1816006788393 77.4263732350885,23.181617383682 77.4262339153711,23.181650793361 77.4261793993115,23.1816674981973 77.4260582525122,23.1817844328193 77.4259976782143,23.1819013665133 77.4259704206336,23.1819681865469 77.425870715722,23.1822435937038 77.4258241955666,23.18237723257 77.4255948637594,23.1827728014444 77.4255342903598,23.1828618939597 77.4254464584812,23.1829704747888 77.4254070853223,23.1830038841299 77.4253283399029,23.1830595663466 77.4252859376248,23.1830846237494 77.4251526761457,23.1831319540194 77.4247165458719,23.1831347377152 77.4245499676755,23.1831347377152 77.4243803621566,23.1831904198774 77.4242773864789,23.183273943903 77.4242440715583,23.1833129213784 77.4242228704193,23.183346330634 77.4241865263795,23.1834298545623 77.4241410958806,23.1836275261101 77.4240744651411,23.1839978127539 77.4240562931212,23.1840507100544 77.4240350919822,23.1840924718052 77.4239836041433,23.1841648580933 77.4239321172028,23.1842010516356 77.4238564000042,23.1842400288409 77.4237322240858,23.1842511651832 77.4236716497879,23.1842428133395 77.4236413630881,23.1842344606695 77.4235898752493,23.1841954834625 77.4235414165296,23.1841565062442 77.4232718635539,23.1839755392005 77.4232022045935,23.1839226418702 77.4231416302956,23.1838892327585 77.4230719713351,23.1838641755064 77.4229962541365,23.1838446864375 77.4229447662976,23.1838419027565 77.4228720782181,23.1838474709443 77.42283573328,23.1838586073193 77.4224541199642,23.1839365619181 77.4221421656087,23.1840228691552 77.4220301043703,23.1840757672716 77.4219483298317,23.1841509380692 77.421878669973,23.1842929268715 77.421872612633,23.1844098591988 77.4219028993328,23.1845796885153 77.4219301578118,23.1846576426939 77.4219877020923,23.1847940636359 77.4220694766309,23.1848831539793 77.4221270218097,23.1849360517555 77.4224863452284,23.1852067756719 77.4225289882549,23.1852370663679 77.4225716321798,23.1852744842285 77.422602646515,23.1853101209056 77.4226549814651,23.1853796114078 77.4226956877239,23.1854544470387 77.4227053787492,23.1855007739942 77.4227073173136,23.185520373474 77.4227092558779,23.1855863007026 77.4227034410831,23.1856290636234 77.4226898720307,23.1856878636494 77.4226666119531,23.1857324085309 77.4226375370806,23.185775171405 77.4225696945137,23.185841098508 77.4224010573787,23.1859925512014 77.4222027390083,23.1860997934113 77.421851411494,23.1862250758798 77.4216363754762,23.186289109298 77.4215636864984,23.1863169497256 77.4215000848779,23.186347574602 77.4214031665403,23.1864060390548 77.4211566319954,23.1867818860736 77.4211391867126,23.1868246486122 77.4211236799941,23.1868745390491 77.4211178651993,23.1869315557247 77.4211178651993,23.1869707550879 77.4211236799941,23.1870259905724 77.4211333719177,23.1870598448075 77.4211527548666,23.1871115163056 77.4211779535087,23.1871631877838 77.4212128440743,23.1872148600678 77.421348529208,23.1873787841792 77.4213989264921,23.187426891613 77.421455138571,23.1874518367215 77.421478399547,23.1874536186917 77.4215074744195,23.1874536186917 77.4216975228993,23.1873616498395 77.4217430495179,23.1873300161267 77.4221008449023,23.1871019276625 77.4221706152538,23.1870651288022 77.4222529665108,23.1870335875038 77.4223421799983,23.1870136117021 77.4225326632628,23.1869881528931 77.4225846658362,23.1869786790209 77.4226675875235,23.1869748029329 77.4226891381071,23.1869778177598 77.4227074089417,23.1869825551089 77.4227269005868,23.1869863255002 77.4227458532426,23.1869933947773 77.4228187497313,23.1870416245613 77.4229852839102,23.1872418695961 77.4230174759367,23.1873178371165 77.4230338243766,23.1873843852498 77.4230395367635,23.1874745828513 77.4230345825547,23.1875343779209 77.4229423713891,23.1877560793057 77.4221836291473,23.1889814908824 77.4219807985393,23.1893813381994 77.421966363511,23.1894000973343 77.4219544177144,23.1894156542519 77.4219444625844,23.1894243468028 77.4219140986295,23.1894444791348 77.421827651953,23.1894815143274 77.4216020238998,23.1895372318317 77.4214746023683,23.1895579817986 77.4212622433301,23.1895794113444 77.4211917597162,23.1895905819231 77.4210444845187,23.1896372625131 77.4205282478777,23.1897872567865 77.4202582628123,23.1898390725606 77.4201919159404,23.1898399965593 77.4201685839975,23.1898335624237 77.4201094748518,23.1898299878121 77.4200853649679,23.1898307028996 77.4200511436472,23.1898392814718 77.4199058016241,23.1899091337705 77.4195654254714,23.1900298125021 77.4193725589765,23.1900720290175 77.4192984299993,23.1900820823362 77.4192704789192,23.1900798487242 77.4192510357832,23.1900753806743 77.4192218701808,23.1900608584789 77.4192072869305,23.1900508051586 77.4191866283739,23.1900295812963 77.4190214326848,23.1898875069267 77.4188920115035,23.1897540886031 77.4188182616153,23.1896780605361 77.4187783862981,23.1896588613223 77.4184157157567,23.1895715924341 77.4183606508264,23.1895558835988 77.4182163418659,23.1895314483631 77.4181460864241,23.1895314483631 77.4171477536146,23.1896295154454 77.4172386128157,23.1900798487242 77.4172993739632,23.1903512905265 77.4173370466113,23.1905691129097 77.4173396678953,23.1906507587444 77.4173438980619,23.190782524713 77.4173455527587,23.1908807675841 77.4173166827021,23.1910292196531 77.4172985996154,23.1911222057578 77.4172194733102,23.1914094746201 77.4171644074817,23.1916520794142 77.4171359254972,23.1919138834868 77.4171188368456,23.1922071041003 77.4170825287384,23.1939841744874 77.4170253276144,23.195589982632 77.4169767395373,23.1971884946797 77.4194147052347,23.1965730085621 77.4194922972173,23.1965490279149 77.4195878339461,23.1965140605682 77.4196585115961,23.1964805794634 77.4198890696036,23.1963465088123 77.4201075452706,23.1962126328912 77.4202569521703,23.1960931570004 77.4203359122872,23.1960107218184 77.4203737547168,23.1959614903942 77.4204656685401,23.1958125995744 77.4206350557684,23.1954814582863 77.4214250836366,23.1932656219614 77.4216811241538,23.1926049765625 77.421732707214,23.1924629041031 77.4217846460071,23.1923336186036 77.4218488926179,23.192173699535 77.4219736731025,23.1919622972842 77.422021179608,23.1919074998202 77.4220989539486,23.1918395848874 77.4222434219109,23.1917273078835 77.4223583820128,23.1916705112436 77.4224726135809,23.19162918041 77.4225807689445,23.1915945528012 77.4227491455681,23.1915656623237 77.4227921227679,23.1915582885957 77.423738404495,23.1914099106036 77.4245809963837,23.1912762807611 77.4248747167355,23.191229919474 77.4251417355638,23.191156286857 77.4256164350044,23.1909981127971 77.4257113752518,23.1909408427047 77.4257974149914,23.1908808460284 77.4259220229994,23.1907772144417 77.4262839820752,23.1904908640868 77.4266548407604,23.1901390604865 77.4269960307868,23.1897872567865 77.4273312874407,23.1893699999781 77.4278297221677,23.1886391149542 77.4286189110094,23.1874309642167 77.4289423000201,23.1869646098282 77.4292864571819,23.1866018887159 77.4294882044216,23.1864328001934 77.4296632501379,23.1863264385082 77.4299807057762,23.1861764403539 77.4302269555551,23.1861000774725 77.4304020012714,23.1860618960154 77.4305236430423,23.1860509869077 77.4307075892664,23.1860728051222 77.4310458130557,23.1861846219707 77.43134546678,23.1863182569002 77.431579849814,23.18644370927 77.4319625761425,23.1867027960676 77.4325322158305,23.1871391526011 77.4326835262603,23.1872318779953 77.4328081351666,23.1872864222176 77.4328882406354,23.1873109668627 77.4330721868595,23.1873436938749 77.4334994166255,23.1874091470494 77.4341301740922,23.1874718727375 77.4354916122278,23.1876359418659 77.4364535246407,23.187746957257 77.4364917892786,23.1877530677993 77.4378577531265,23.1879027718709 77.4384451938302,23.1880173138073 77.4391097737656,23.1883145792077 77.4409967047828,23.1892827300757 77.4411480152126,23.1893400008782 77.44129339227,23.1893754539839 77.4415040400176,23.18941636191 77.4423080627396,23.1894245433286 77.4447141966349,23.1896918057546 77.4483369602419,23.1901300599832 77.4465798196136,23.195819542053 77.4440233391808,23.2053202131903 77.4424187917765,23.2118310065337 77.44149380102,23.215615184071 77.4413974090951,23.2160095202697 77.4419707947578,23.2161015709591 77.4427774001362,23.2129678499144 77.4437252359487,23.2106656510371 77.4460323404654,23.2040606844774 77.4469642473512,23.2015774285502 77.449621647218,23.1939663515256 77.4510323004547,23.1899914777543 77.4514233353012,23.1888555619623 77.4515313559175,23.1885715815069 77.4516674614629,23.1883034869682 77.4521683423023,23.1874508326085</coordinates></LinearRing></outerBoundaryIs></Polygon></MultiGeometry>
  </Placemark>
  <Placemark>
	<Style><LineStyle><color>ff0000ff</color></LineStyle><PolyStyle><fill>0</fill></PolyStyle></Style>
	<ExtendedData><SchemaData schemaUrl="#bhopal_wards">
		<SimpleData name="objectid">23</SimpleData>
		<SimpleData name="townname">Bhopal</SimpleData>
		<SimpleData name="towncensuscode2011">802312</SimpleData>
		<SimpleData name="town_lgd_code">250946</SimpleData>
		<SimpleData name="ward_lgd_code">34393</SimpleData>
		<SimpleData name="ward_lgd_name">Guru Nanak Dev Ward</SimpleData>
		<SimpleData name="sourcewardcode">69</SimpleData>
		<SimpleData name="state">Madhya Pradesh</SimpleData>
	</SchemaData></ExtendedData>
      <MultiGeometry><Polygon><outerBoundaryIs><LinearRing><coordinates>77.4252767667241,23.2586000512973 77.4251725630494,23.2586209176324 77.4251702804303,23.2586224906749 77.4251682816788,23.2586251126873 77.4251665694899,23.2586321930284 77.4251662838256,23.2586403215138 77.4252001009045,23.2589789270828 77.4252060585314,23.259275943765 77.4252000290393,23.2593840308472 77.4246789334109,23.2594237404442 77.4246903662696,23.2598559227074 77.424668676447,23.2601078347096 77.4246648029115,23.2602446597438 77.4246686800403,23.2605803124453 77.4246634132177,23.2613275803518 77.4243858885922,23.2613840205503 77.4239425879658,23.2616075800507 77.4239521154977,23.2617312211639 77.424060931123,23.261745543273 77.4243042020885,23.2618018075075 77.4245406683156,23.2618815157514 77.4250714414945,23.2620581237037 77.4265582853421,23.262514489882 77.4267692340253,23.2627973739344 77.4269206405749,23.2626707792873 77.4273501161291,23.2623398623999 77.4276925179828,23.2621063560916 77.4284978522451,23.2615714347177 77.4292066382756,23.261101311762 77.4298701087916,23.2606213099768 77.4299558404091,23.2605628433468 77.43164126763,23.2593392621104 77.432126824109,23.2589233120002 77.4322401555653,23.2588420685623 77.432472446423,23.2586870489469 77.4330515804052,23.2583087987442 77.4337492372077,23.2578647921222 77.4338445035436,23.2577553857782 77.4340486474886,23.2574552988263 77.4337543405369,23.2571661516391 77.4338632172476,23.2566863222067 77.4345277612504,23.2568046181471 77.4345642032065,23.2568110201702 77.4345712603714,23.2567540424012 77.4345814077408,23.2567057304963 77.4348936783033,23.2552007609517 77.4341460149839,23.255333951312 77.4347686067646,23.2529736871273 77.4334147135791,23.2526788204659 77.4328997282913,23.2525597813528 77.4323975655559,23.2524305787844 77.4317761227204,23.2522706862751 77.4313329954689,23.2521676528261 77.4310107212675,23.2521016305255 77.431001568333,23.2521108125571 77.4307873830198,23.2523256702642 77.4305254720122,23.2527554085751 77.4305050577974,23.2528038613951 77.4302097384444,23.2538815289067 77.4302006807313,23.2539052161673 77.4301937124997,23.2539237821896 77.4301853500827,23.2539404276437 77.4301728078047,23.2539589936612 77.4301623559064,23.2539705170533 77.4301498136284,23.2539801207047 77.4301303022204,23.253987802965 77.4300466852372,23.2539922845584 77.4300250843478,23.253991644095 77.4300027863658,23.2539890830666 77.4299867595228,23.2539884426031 77.4299609778742,23.2539910036316 77.4299484355962,23.2539967653264 77.4299335612917,23.2540109058664 77.429818695513,23.2541558056673 77.4294455137844,23.2547025343308 77.4291880179964,23.2551289067034 77.428932432925,23.2555171070291 77.4287013754542,23.2558692204195 77.4285691757837,23.2560602160049 77.4282812810065,23.2564057096835 77.4280122885795,23.2567285176535 77.4278771630962,23.2568906769272 77.4275698494375,23.2577626287528 77.427530187021,23.2578470816757 77.4275200540246,23.2578686587253 77.4275082088393,23.2578840227974 77.4274900916166,23.2579019478211 77.427483123385,23.2579089902361 77.427467096542,23.2579198736676 77.4274324646912,23.2579349530001 77.4274164818656,23.2579399354271 77.4274136270197,23.2579401970519 77.4274067773656,23.2579401970519 77.4273952690485,23.2579390118996 77.4271779737678,23.2579166260524 77.4270405180546,23.2579024652937 77.4265343542229,23.2579467492279 77.4264095988912,23.257952393557 77.4261461966802,23.257963764746 77.4261283588336,23.2579690905029 77.4261176554071,23.2579756459787 77.4261051688246,23.2579846600668 77.4259217606913,23.258153621699 77.425663585777,23.2583914612188 77.4255273850103,23.2585232040965 77.4255051732665,23.2585399257302 77.425486651802,23.2585480327632 77.4254619930475,23.2585553631777 77.4252767667241,23.2586000512973</coordinates></LinearRing></outerBoundaryIs></Polygon></MultiGeometry>
  </Placemark>
  <Placemark>
	<Style><LineStyle><color>ff0000ff</color></LineStyle><PolyStyle><fill>0</fill></PolyStyle></Style>
	<ExtendedData><SchemaData schemaUrl="#bhopal_wards">
		<SimpleData name="objectid">16</SimpleData>
		<SimpleData name="townname">Bhopal</SimpleData>
		<SimpleData name="towncensuscode2011">802312</SimpleData>
		<SimpleData name="town_lgd_code">250946</SimpleData>
		<SimpleData name="ward_lgd_code">881951</SimpleData>
		<SimpleData name="ward_lgd_name">Ratanpur Sadak Ward</SimpleData>
		<SimpleData name="sourcewardcode">84</SimpleData>
		<SimpleData name="state">Madhya Pradesh</SimpleData>
	</SchemaData></ExtendedData>
      <MultiGeometry><Polygon><outerBoundaryIs><LinearRing><coordinates>77.4152638283603,23.1606602736482 77.4194602318533,23.1582678417385 77.4202508274567,23.1590938253898 77.4205697742983,23.1593039861661 77.420892020652,23.1594223171388 77.4225777227574,23.1596438949511 77.4227149997059,23.1595386220178 77.4236304764052,23.1596615564741 77.4236890582398,23.159927867411 77.4237890964265,23.1600948758904 77.4238233195438,23.1605668542446 77.4248105330068,23.1606031607112 77.4258101288476,23.1607137624424 77.4272133305591,23.16096350923 77.4282646738518,23.1611493951409 77.4283516631107,23.1598133196046 77.4325107964008,23.1598189490843 77.4324921096463,23.1592730172986 77.4325038084062,23.1590845585024 77.4325296879713,23.1590330050284 77.4325749765363,23.158992357893 77.4326946680648,23.1589061055461 77.4327107973157,23.1588904030225 77.4327205143921,23.1588741595148 77.4327306725414,23.1588518247917 77.4327673471612,23.1587703693428 77.4327854976215,23.1587421498659 77.43280664037,23.1587243156028 77.4330343318535,23.1585829059096 77.4330494280418,23.1585779486842 77.4336791560391,23.1584530310021 77.433809630046,23.1584143659227 77.4338948154877,23.1583737177737 77.4339444177628,23.1583410010223 77.4340533259146,23.1582666449647 77.4342096794864,23.1581357786325 77.4342603597398,23.1581070279478 77.4342808476164,23.158103061823 77.4352162794915,23.1580509306447 77.4355466591917,23.1580100461687 77.4359478988999,23.1579414615464 77.4360007360083,23.1579156850049 77.436040632885,23.1578393456448 77.4362217871452,23.1571423781936 77.4362411970435,23.1570709956743 77.4364243734114,23.1568398706993 77.4364479613742,23.1567841032415 77.4364496457153,23.156736080603 77.4364412213146,23.1566834112053 77.4363687730853,23.1565393447816 77.4363637191635,23.1565130104596 77.436365934409,23.1564663067533 77.4363721453608,23.1564440988238 77.4364052707369,23.1564028553984 77.4364879992864,23.1563578687883 77.4369704727474,23.1560183398589 77.4370118796921,23.156003111915 77.4370436243576,23.1559961318551 77.4370746800153,23.1559974013324 77.4370940027771,23.1560088224974 77.4371236777241,23.156031030499 77.4371602535293,23.1560608520533 77.4372092512381,23.1560748113401 77.4372368564668,23.1560805227453 77.4375146694515,23.1560875019749 77.4375459398066,23.1560924592925 77.4375718193716,23.1561023731012 77.4377217032768,23.1561559107944 77.4377583653201,23.1561509534791 77.4377917925302,23.1561350903994 77.4378025759069,23.1561132788682 77.4378058107402,23.1560934504256 77.4377971842185,23.1560706477544 77.4377452912395,23.1559382917495 77.4377452912395,23.1559166040781 77.4377570663562,23.1558881841213 77.4378177394689,23.1556950812203 77.43781942381,23.155648607668 77.4378091443882,23.1556194533872 77.4374697447042,23.1552191492243 77.4374251702998,23.1551606364599 77.4373611464712,23.1550367067321 77.4373493524898,23.154923621633 77.4373510377293,23.1547888477585 77.4373594612317,23.1546773102861 77.4373763100332,23.1546014035322 77.4374268555393,23.1544650806693 77.4375886007994,23.1542218674656 77.4377351815993,23.1541211743295 77.4378329030308,23.1540747002312 77.4379929630515,23.154034422446 77.4382254713016,23.1540189316223 77.438418327915,23.1540164306243 77.4384900997129,23.1540012016269 77.4385377176095,23.1539732826199 77.4386481960164,23.1538896701065 77.4392554373856,23.1535015205624 77.4393344145704,23.1534773149692 77.4393949637155,23.1534676330611 77.4400432832459,23.1534760520757 77.4400799452893,23.15348100949 77.440112457116,23.1534954101083 77.4402821389917,23.1537072646239 77.440479582403,23.1540437177653 77.440529600598,23.154080025174 77.4406217407967,23.1541211743295 77.4406506988882,23.1541308561903 77.4407138809954,23.1541308561903 77.4408007552699,23.1541066507109 77.4412245992856,23.1537024236783 77.4415141819972,23.1535959211776 77.4421008627261,23.1534157197845 77.4428015073252,23.1532933544656 77.4433517146569,23.1532473649198 77.4439440421957,23.1530997117748 77.4449839068158,23.1527729390478 77.4451629221873,23.1527463132459 77.4454367089229,23.1527245284198 77.4459798671747,23.1526831153524 77.4464475103486,23.1526324514578 77.4465115341772,23.1526309019464 77.4466614854561,23.1526479424418 77.4467137153033,23.1526603360537 77.4467801475152,23.1526889912694 77.4473661006087,23.1529417430069 77.4474415007021,23.1533104807769 77.4475115908538,23.153479027185 77.4475821175868,23.1535769117146 77.4476843925785,23.1537080187245 77.4477844002224,23.1537863757775 77.4480712278011,23.1539301354275 77.4481738396611,23.1539567196964 77.4483774598882,23.1540094735877 77.4485639061237,23.1540445172916 77.448682015719,23.1540605053383 77.4487881902973,23.1540699542838 77.4488908039539,23.1540731589959 77.4494087087664,23.1540979666038 77.4494808255174,23.154114147092 77.4495505266986,23.1541401622404 77.4496048496205,23.1541810908472 77.449623852582,23.1542175815808 77.449643492449,23.1542691938989 77.4496672780411,23.154367885635 77.4496648975056,23.154423357581 77.4502752730968,23.1542949860093 77.4505146678318,23.1542200429292 77.4508582653431,23.1540718531583 77.4510354751009,23.1539678098264 77.451557459163,23.1535675420265 77.4518144680642,23.1533444236573 77.4519361457677,23.153189183331 77.4522385698963,23.1526519079022 77.452432438911,23.1523921192045 77.4524828802126,23.1523483454197 77.4525321878402,23.1523228106365 77.4525956654931,23.1523087402792 77.452801852207,23.1522801213247 77.4528562613671,23.1522701155507 77.4529127959412,23.1522525992497 77.4532705338335,23.1520370767823 77.4532848089616,23.1520077094416 77.4534379277001,23.1511299480004 77.4534572513602,23.1510766461797 77.4534921922315,23.1510200164824 77.4537671117427,23.1506794250341 77.4538285313553,23.1506356416041 77.4539037535823,23.1506153365875 77.4540576143292,23.1505828359997 77.4541211997799,23.150560896364 77.4543077412369,23.1504737390976 77.4544402463346,23.150412228434 77.4544900902564,23.1503804249237 77.4545565997234,23.1503247167256 77.4546104285719,23.1502498408072 77.4549410023082,23.1497795697552 77.4550307062759,23.1496908079203 77.4551473354475,23.1496114895046 77.4556247208508,23.1493545379553 77.455752936493,23.1492610619346 77.4560092330301,23.1489844421125 77.4562379432031,23.1488319390186 77.4563907996335,23.1487547313237 77.4565155055579,23.1486387012235 77.457164305687,23.1479850167497 77.4572177069374,23.1479269865111 77.4572400004278,23.1480600004868 77.4583614455503,23.1476010469903 77.4600500007051,23.1469099999188 77.4681600000733,23.145250000458 77.4694199995486,23.145420000044 77.4696599997482,23.1458200006002 77.4700908434365,23.1465499018751 77.4716822053691,23.14499547811 77.4718002943031,23.1448801295204 77.4719312803496,23.1448388362788 77.4720855282704,23.1448493431719 77.4722176964998,23.144865043211 77.4722404229782,23.1448653744424 77.4722600727268,23.1448584797078 77.4724875207668,23.1447572426266 77.4725105185364,23.1447546869388 77.4726718532664,23.1447661982716 77.4735944140801,23.144958020908 77.4736234413419,23.1449647586951 77.4736536974989,23.1449636997466 77.4744841055375,23.1449258229211 77.4744942636867,23.1449287949162 77.4745007279635,23.1449321914819 77.4746202335407,23.1450342065347 77.4746427785594,23.1450419809635 77.4752236768328,23.1451698319261 77.4756358364616,23.1451609242167 77.4757644159214,23.1451398691779 77.4761710006055,23.1450597997016 77.4766057825081,23.1450261793456 77.4779953217424,23.1449749029587 77.4786046139654,23.1448854176579 77.4789025977215,23.1447988654728 77.479383086804,23.1447160782054 77.4794882921002,23.1447111369872 77.4800677072551,23.1447361842204 77.4800608270584,23.1445767542847 77.4806273154563,23.14456246422 77.4815177632952,23.1444537679909 77.4816844331197,23.1444166881269 77.4818869547072,23.1443325269576 77.4820086854114,23.1442651338852 77.4820848086486,23.1442194336511 77.4821114966974,23.1442085979537 77.482143201837,23.1442069781333 77.4821678605916,23.1442110272712 77.4826531170333,23.1444061902861 77.482704197037,23.1444256256223 77.4827808161442,23.1444393920074 77.4829120375493,23.144444250634 77.4880654082296,23.1441225054236 77.4881342110956,23.1441009950857 77.4881686129777,23.1440756891901 77.4884123834064,23.1437691963855 77.4884304260689,23.1437077470743 77.4884309354137,23.1436466611841 77.4883904483438,23.1432440852092 77.488399466531,23.1432083241704 77.4884648764601,23.1431573799758 77.4887231977998,23.1430034214038 77.4888416954673,23.142951260396 77.4890495162167,23.142870794772 77.4891085220561,23.1428594575679 77.4892256524877,23.1428578377312 77.4893101983289,23.1428626964151 77.4895808499443,23.1429211972029 77.4896135414341,23.1429214574009 77.4896490500406,23.1429144601391 77.4902954435831,23.142710199572 77.4903289651163,23.1426805939437 77.4908317279263,23.1419389882096 77.4909165639234,23.1418544768992 77.4912010244413,23.1417427221532 77.4912380125731,23.1417257157905 77.4912846890352,23.1416892736954 77.4916802630689,23.1411305363427 77.4918052250132,23.1408780473129 77.4918359941082,23.14083928795 77.4922548866101,23.1406389008246 77.4924043599852,23.140525025446 77.4925392321436,23.1404137082194 77.4928706332283,23.1401189740213 77.492925676599,23.1400860752137 77.4930605307912,23.1400367257481 77.4933683843374,23.1399157574447 77.4937504252513,23.1396572153434 77.4949415481989,23.1388152252769 77.4952483543095,23.1383105213575 77.4956519952144,23.1378522944519 77.495685461052,23.1377810288703 77.4958594728073,23.1368425123442 77.4958749840174,23.1367965477178 77.4959029800132,23.1367692372398 77.4976843922222,23.1356467355164 77.4972460359231,23.1352513611777 77.4972450675392,23.134607883686 77.4971796926445,23.1338444809266 77.4970796059487,23.1334378557949 77.4970928318447,23.1331187491241 77.4969995184462,23.1328253355009 77.49672310324,23.1324727319126 77.4966402758759,23.1322257927834 77.49662870827,23.1321199250048 77.4966556532369,23.1319299567536 77.4966600936094,23.1318986502971 77.4967616238977,23.1315892490621 77.4967633441715,23.1314820342446 77.4967128462761,23.1311695069204 77.495908398651,23.1297277510641 77.4958048372718,23.1291546201181 77.4956878532656,23.1281673263249 77.4954605588374,23.1278204924948 77.494488630209,23.1270195112344 77.4942384440125,23.1266080714033 77.4942040421304,23.1265144250378 77.4941834015401,23.126439761354 77.4941761341695,23.1263690415611 77.4941595656424,23.1259677875692 77.4920547922704,23.1248480010064 77.4913657386334,23.1240633315151 77.4914123818579,23.1238429993651 77.4911943275008,23.1236399357471 77.4915646229424,23.1230399942537 77.4915983807325,23.1227095214614 77.4914917237588,23.1221865163011 77.495662467774,23.115822376154 77.4956255029983,23.1158037025532 77.4950576868904,23.1154888699784 77.49496571288,23.11543636614 77.4949149688463,23.1154028218037 77.4948927678823,23.1153853196891 77.4948610528612,23.1153576091046 77.4947690788509,23.1152511422427 77.4947262633478,23.1151767614607 77.4947104053881,23.1151330077486 77.4947024768574,23.1150907130859 77.4947040623839,23.1150221651679 77.494776455816,23.1143267374217 77.4949119576934,23.1137107349997 77.4949235729101,23.1136288381958 77.4949274437506,23.1135042132473 77.4949235729101,23.1134329991752 77.4949178183024,23.1134065390654 77.4948907233167,23.1133457921658 77.4947526953767,23.1131261099966 77.494426553928,23.11252380976 77.4943964244333,23.1124800551832 77.4943520234038,23.1124290084343 77.4943329943911,23.1124085893989 77.4937272334456,23.1118135269092 77.4936217352986,23.1117406677674 77.493586029961,23.1117208063242 77.493052541175,23.111525693245 77.4929411976905,23.1114911911699 77.4929092518024,23.1114812922396 77.492897560229,23.1114771099186 77.4928735276002,23.111474720493 77.4928481960074,23.1114741231366 77.4928066264677,23.1114795001704 77.4926110380775,23.111537488344 77.4924220244569,23.1115935282696 77.492356056674,23.1116159303528 77.4923073419345,23.1116373996321 77.4922464487346,23.111672869997 77.4922160021347,23.111696205693 77.4920840665689,23.1118035511645 77.4920373820219,23.1118464888333 77.4919978013522,23.1119043620043 77.4919795332126,23.11193796505 77.4919572055862,23.1119921045118 77.4919132384429,23.1121089966637 77.4918980596095,23.1121807707856 77.4918839452798,23.1123367798715 77.4918699252732,23.1128489917943 77.4918639541715,23.1136537863054 77.4918748758887,23.1137965826651 77.4918810715692,23.1138292565831 77.4919717951247,23.1141528326221 77.4920064835694,23.1142850059746 77.4920411720141,23.1144217365216 77.4920461271212,23.11445591893 77.4920510831266,23.1145106117568 77.4920510831266,23.1145470728028 77.4920315708203,23.1146650029152 77.4920122130243,23.1146970495365 77.4919851126488,23.1147326562421 77.4919192975795,23.114818112462 77.4918263821347,23.1149035686275 77.491582477857,23.1150709207126 77.4914276181835,23.1151634985304 77.4913772891714,23.1151919841271 77.4913076023632,23.1152240297964 77.4912030717018,23.115245394398 77.4911140279959,23.115245394398 77.4910172408122,23.1152240297964 77.4904442602897,23.1149676609225 77.4903745734815,23.11492493328 77.4903048866734,23.1148715228816 77.4902042277508,23.114789626786 77.4900958262489,23.1146863667795 77.4900222677018,23.1146044713971 77.4896815771388,23.1141522625423 77.4896118903306,23.114038320063 77.4895576895796,23.1139279384264 77.4895228457264,23.113828238699 77.4894957453509,23.1137534630286 77.489460902396,23.1136822490887 77.4894144442244,23.1136252780748 77.4893718577918,23.1135861101272 77.489298300143,23.1135469421682 77.4892518419715,23.1135291382463 77.4891666691061,23.1135148952723 77.4891008540368,23.113511334322 77.4890389098081,23.1135077741978 77.4888492071797,23.1135184562225 77.4886478893346,23.1135469421682 77.4885085157183,23.1135789882303 77.4884272145918,23.1136252780748 77.4883923716369,23.1136608850646 77.4883575277836,23.1137071740546 77.4882104115879,23.1139350594785 77.4879587647307,23.1144905293016 77.4875638725183,23.1151029672371 77.4874167563225,23.1152631972661 77.4873664273104,23.115320168411 77.487285126184,23.1153771387056 77.4871147804533,23.1154768381088 77.4869637925186,23.1155409301301 77.4868941057104,23.1155729757161 77.4867392460369,23.1156121430839 77.4864527553265,23.1156548713338 77.4862475666409,23.1156548713338 77.4861004504452,23.115644188653 77.4860539922736,23.1156335067975 77.4859649485677,23.1156085821893 77.485868161384,23.1155658547508 77.4857713733021,23.1154768381088 77.4857365303471,23.1154198670303 77.4857171725511,23.1153771387056 77.4856784578573,23.115281000958 77.4856784578573,23.1152062269232 77.4855932849919,23.1149071295409 77.4855700563553,23.1147718238551 77.4855468277187,23.1146721247544 77.4855197273432,23.1145795465978 77.4854810117511,23.114494090226 77.4854151966818,23.114387269065 77.4853919680452,23.1143374193812 77.4853726102491,23.1142626448207 77.4853609959308,23.1142021122949 77.4852796948043,23.1138887705671 77.4852564661677,23.1138175558728 77.4852138797351,23.1137285380713 77.4851441929269,23.1136252780748 77.4850745061187,23.1135683062105 77.4849428750818,23.1134792882438 77.4848770600125,23.1134472413317 77.484830601841,23.1134258772702 77.4847531724534,23.1133938311715 77.4846563852697,23.1133653451933 77.4845092681756,23.113336859209 77.4844473248452,23.1133261771699 77.4842189066247,23.1132941302212 77.4840059753596,23.1132941302212 77.4837969149351,23.1133012521332 77.4835878545106,23.1133261771699 77.4834329948371,23.1133724662753 77.4833671797678,23.1133973912987 77.4832974929597,23.1134258772702 77.4831000468535,23.113511334322 77.4830303600453,23.1135362593196 77.4829684158166,23.1135469421682 77.4828755003718,23.1135540632406 77.4827980709842,23.1135184562225 77.4827670988698,23.1134864093198 77.4826935403228,23.1134365593014 77.4826354678329,23.1134080741584 77.4824999659555,23.1134116342852 77.4823141341676,23.1134401202536 77.4822754194738,23.1134543632356 77.4822212187228,23.1134828491949 77.4821863757679,23.1135042132473 77.4821515319147,23.1135326991961 77.4821166889597,23.1135896702493 77.4821012029025,23.1136359600901 77.4820934594248,23.1137000529903 77.4820857168453,23.1137641458599 77.4820857168453,23.113824677757 77.4821128172208,23.1139136954947 77.4821476601758,23.1139671062742 77.4822212187228,23.1140311990163 77.4822599334166,23.1140632449628 77.4823180059064,23.1141166556828 77.4824109213512,23.1141949912569 77.4829258293839,23.1146934886176 77.4829800301349,23.1147611419302 77.483018745727,23.1148216733776 77.4830961751146,23.1149427361907 77.4832587773675,23.1153557749513 77.4832820069025,23.1155231264726 77.483285877743,23.115590779367 77.4832897494819,23.1156299467296 77.4832897494819,23.1157047205284 77.4832820069025,23.1157759333954 77.4832665208453,23.1158364643852 77.4831039185923,23.1161925304714 77.4828406565186,23.116630488983 77.4826896685839,23.1169295825251 77.4826393395718,23.1171930685311 77.4826393395718,23.1172607205838 77.4826432113107,23.117310569182 77.4826780542656,23.1174138271697 77.482728384176,23.1175028425271 77.4830768173185,23.1179870851034 77.4831116611718,23.1180440550922 77.4831774762411,23.1181615541719 77.4831929622982,23.118207842436 77.4831968340371,23.1182576906824 77.4831968340371,23.1183146597301 77.4831852197188,23.1183680687584 77.4831465041267,23.1184464018513 77.4831194037512,23.1184998108272 77.4826703116861,23.1190517009562 77.4825580384453,23.1191442760283 77.4824031787718,23.1192368502103 77.4822870337921,23.1192973804654 77.4821399175963,23.1193721522211 77.482074102527,23.1194148784478 77.4820082865594,23.1194611662797 77.4819424714901,23.1195110140605 77.4817837409761,23.1197353288455 77.4817682549189,23.1197709342144 77.4817566397023,23.1198207827064 77.4817527688617,23.1198599488346 77.4817488971228,23.119902674906 77.4817450253839,23.1199525225229 77.4817372828045,23.1200130524553 77.4817179250085,23.1200629000312 77.4816830820535,23.1201127475886 77.481636623882,23.1201625951274 77.4816017809271,23.12018751889 77.4815398366983,23.1202195633666 77.4813849770248,23.1202694108658 77.4813346480127,23.1202729716368 77.4812262465107,23.1202729716368 77.4809436275392,23.120237366401 77.4805019807113,23.1201193668299 77.4804448927749,23.1200916572228 77.4803925632147,23.12006394761 77.4803449902339,23.120039155185 77.4803005892043,23.1200085283671 77.48025460175,23.1199662352409 77.4802133717734,23.1199224830901 77.4801943427607,23.1198962316276 77.4801705562703,23.119832062374 77.4800028560781,23.1194226675806 77.479881871874,23.1191890049676 77.4798153309659,23.1190777377792 77.4796641004862,23.1188440745656 77.4796157073435,23.1187661870127 77.4795854610679,23.1186827359541 77.4795673133025,23.1185992848435 77.4795673133025,23.1184935798087 77.479591510323,23.1184156920524 77.4796217565986,23.1183656207969 77.4797245930374,23.1182766060117 77.4801480364044,23.1179372367565 77.4803779063025,23.1177035723835 77.4805472836493,23.1175311045582 77.4806319723227,23.1174031454551 77.480692464874,23.1172807489227 77.4807166618945,23.1171861698953 77.4807166618945,23.1170804637475 77.4807166618945,23.116985884579 77.4805109890169,23.1163572098803 77.4803718570474,23.1160679070769 77.4803234639047,23.1159844543405 77.4801238402823,23.1157563501499 77.4800451999657,23.1156840235641 77.4799786590577,23.1156283885286 77.4799000196393,23.1155727534699 77.4798032324557,23.1155171175621 77.4797245930374,23.1154670460515 77.4796096580884,23.1154281008877 77.4795007723945,23.115394720136 77.4792588039862,23.1153724657461 77.4790531311086,23.1153390841543 77.4785389489147,23.1154058473296 77.4777223075579,23.1155894442378 77.4774682406394,23.1156784608052 77.4773412071801,23.1157452229854 77.4772686170169,23.1158008579726 77.4772262722311,23.1158620573405 77.4771839283435,23.1159399465788 77.477159731323,23.1160345264843 77.4770024524864,23.1167077102163 77.476978255466,23.11678559979 77.4769480091904,23.1168913053438 77.476929861425,23.1170303928201 77.476929861425,23.1171583522786 77.4769601077006,23.1173586373376 77.4773973438005,23.1186493551856 77.4774283159149,23.1187098857057 77.4774825166659,23.1188095818071 77.4775599469518,23.1189520050347 77.4777031914087,23.1192154870703 77.4777767499557,23.1193294251546 77.4780047028489,23.1196766510579 77.478031958633,23.1197245052146 77.4780468248526,23.1197997038611 77.4780493024062,23.1198452785776 77.4780443472991,23.1199045263468 77.4780349796673,23.1199279085294 77.4780106218483,23.1199643102721 77.4779212358843,23.1200476283472 77.477842565025,23.1200878238122 77.4777109348864,23.120176837396 77.4775444608946,23.1202231241389 77.4774089581188,23.1202444871185 77.4773121709352,23.1202480478901 77.4771998985926,23.1202480478901 77.4770372954414,23.1202302456832 77.476687893915,23.1201069611222 77.4765729589659,23.1200568913239 77.4763672860884,23.119962314253 77.4761011215579,23.1197286534057 77.4760043343743,23.1196062589942 77.4759377925679,23.1194727376155 77.4759075471906,23.1194004138586 77.4758591531496,23.1193280900626 77.475762365966,23.1192223856018 77.4756534802721,23.1191333713849 77.4755808901089,23.1190554839999 77.4755264468128,23.1189664696723 77.4754962014355,23.1188552014732 77.4753207748335,23.1183489312005 77.4752663315374,23.1182042816102 77.4752239876499,23.118115266718 77.475181642864,23.1180373787422 77.4750788064252,23.1179094192955 77.4750122655172,23.1178760391609 77.4749396744557,23.1178537851824 77.4748307887618,23.1178704756666 77.4747400508333,23.117942800248 77.4746856084355,23.1180206882787 77.4746735099253,23.1180985762642 77.474661411415,23.1181987181295 77.4746432636496,23.118315550349 77.4746190675275,23.1184323824667 77.4745948705069,23.1185937213792 77.4745585749762,23.1188385111115 77.4745222803438,23.1189386524246 77.4744678370477,23.1190610474451 77.4742803119355,23.1193058363249 77.4740201966601,23.1195673150315 77.4737661297416,23.1197842867416 77.4735846538845,23.1199122444007 77.4735060144663,23.1199567508452 77.473378981007,23.120001258101 77.4732579968028,23.120006821507 77.4731793573845,23.1199901312885 77.473088619456,23.1199567508452 77.4729797337621,23.1199066809909 77.4729071435989,23.1198621737036 77.4727922086499,23.1197787233265 77.4724232076806,23.1195061181792 77.4722719772009,23.1194059772894 77.472163091507,23.1193392169301 77.4719816156499,23.1192446393534 77.4718485329355,23.1191834415277 77.4717275487314,23.11915006171 77.4713706462723,23.1190721743347 77.4711952196704,23.1190610474451 77.4706144965685,23.119033230217 77.4703604296499,23.1190276667707 77.4702757409765,23.1190387936631 77.4701003143746,23.1190777377792 77.4699914286807,23.1191111176149 77.4698280996907,23.1192056952857 77.4697555095275,23.1192613296646 77.4696768701092,23.1193503437967 77.4695498366499,23.1194949913255 77.4694711972317,23.1196507655401 77.4694288524458,23.1198788639381 77.4694167548338,23.1199400606204 77.4694167548338,23.1200235108973 77.4694288524458,23.1200902717423 77.4694711972317,23.1202126648863 77.4695135420175,23.1202849882055 77.4695498366499,23.1203294953525 77.4696405745784,23.1204018186087 77.4699853794256,23.1205798453008 77.4701426582621,23.1206632951798 77.4704330198131,23.1207244923306 77.4706810374765,23.1207578717567 77.4707899231704,23.1207523083819 77.4709713990275,23.12069111207 77.471062136956,23.1206632951798 77.4711226295072,23.1206632951798 77.4712012689255,23.1207078022013 77.4712375635579,23.1207745618797 77.4712738590887,23.1208580116377 77.4713162038746,23.1209525880773 77.4714371871804,23.1211417407568 77.4715218767521,23.1212585704141 77.4716005161704,23.1213865266674 77.4716368108028,23.1214532860082 77.4716731063336,23.1215645520532 77.4716852048438,23.1216424379819 77.4716852048438,23.1217147605305 77.4716731063336,23.1217870830401 77.4715944669153,23.1219094754626 77.4715400236192,23.1219762345432 77.4714795319663,23.1220374302691 77.4713041053643,23.1221987656736 77.4706810374765,23.1226493892975 77.4706144965685,23.1226827682448 77.4704572168336,23.1227439644746 77.4703120365073,23.1227940332703 77.4702212985787,23.1228218497188 77.4699067400072,23.122910861489 77.4697736572928,23.1229498044814 77.469664771599,23.1229776200714 77.4695377381397,23.1230054364818 77.4693865085582,23.1230332528865 77.4691324416397,23.1230165630444 77.4690114583338,23.1229887466363 77.4689146711502,23.1229498044814 77.4688299815785,23.1228997349177 77.4687513421602,23.1227717801073 77.4687029490175,23.1226772049498 77.468630357956,23.1225603773538 77.4684609806092,23.1224658020473 77.4684004889563,23.122454675439 77.4683278978948,23.122454675439 77.468206914589,23.122471365351 77.4681282742724,23.1224991810402 77.4680254378336,23.1225492507534 77.4679709954358,23.1225881930246 77.467868158997,23.1226549525937 77.4678197658544,23.1226994581284 77.4676685353746,23.1228496661615 77.4675536004256,23.1230054364818 77.4674931087726,23.123100011408 77.4674386654765,23.1232001495411 77.4674111940968,23.1232591000686 77.4673478889204,23.1235071858707 77.4673429338133,23.1235641526899 77.4673627551401,23.1236872019282 77.4673875333706,23.1237396116629 77.4674271769224,23.1237988577126 77.467476732485,23.1238330377328 77.4675907089316,23.1238558252341 77.4680540482771,23.123901398573 77.4686586198532,23.1238740540758 77.4691704313931,23.1238370255251 77.4692749611561,23.1238441468777 77.4693601340215,23.1238655092808 77.4695266080133,23.1239331579697 77.4697124398012,23.1240542125637 77.4697472827561,23.1240898167866 77.4697782548705,23.1241361030058 77.469805355246,23.1241859490501 77.4698324556215,23.1242678385857 77.4698556842581,23.1243568502229 77.4698711703153,23.1245206298617 77.4698479416787,23.1252184716225 77.4698479416787,23.1253324046097 77.4698169695643,23.1255460285966 77.4697898691888,23.1256635219335 77.4696543673113,23.1260017596782 77.4696156517192,23.1260694064639 77.4695808087643,23.1261370540417 77.4695343505927,23.1262581074732 77.4695033793767,23.1263043921182 77.4694336925685,23.1263827205782 77.4693949769764,23.126421884791 77.4693020615316,23.1264930919708 77.4691046154255,23.1265963428927 77.4686206795072,23.126752999426 77.4682645028869,23.1267886029327 77.4676140929768,23.1268562501478 77.4675753773847,23.126859810744 77.4675173057931,23.126859810744 77.467447618985,23.126859810744 77.4673663169602,23.1268491289551 77.4673276022664,23.1268384479915 77.467211458185,23.126802844498 77.4667855938582,23.1266639902047 77.4667275213684,23.1266355070432 77.4666578345602,23.1266034640988 77.4665996075601,23.1265537610464 77.466574830228,23.1265195817194 77.4665599640083,23.1264876808411 77.4665401417833,23.1264215997772 77.4665128859992,23.1263555195068 77.4664608537813,23.1262415873885 77.4661189235432,23.1254189941439 77.4660693688788,23.1253232898751 77.4658990231481,23.1250511321915 77.4658680510338,23.1250084077594 77.4658099785439,23.1249478800804 77.4657673930095,23.1249229572021 77.4656551197687,23.1248802327292 77.4656125333361,23.1248624303107 77.465558332585,23.1248303861167 77.4655157461524,23.1247841009632 77.4654925166175,23.1247271346619 77.4654770305603,23.124691529782 77.4654576736625,23.124652365064 77.4654344441276,23.1246167609903 77.4654034729115,23.1245811569072 77.4653647582177,23.1245526733035 77.4653183000462,23.1245419921571 77.4652563558175,23.1245384314994 77.4651673121116,23.1245384314994 77.4650318093358,23.1245526733035 77.4649272795727,23.1245491126461 77.4648421067074,23.1245384314994 77.4643968854829,23.1244850249269 77.4643271986747,23.1244814650938 77.4642458975482,23.1244779044345 77.4641723390012,23.1244779044345 77.464071680977,23.1244779044345 77.4639516642584,23.1244921462451 77.4638703631319,23.1245099487127 77.4638316484381,23.1245384314994 77.4637774476871,23.1245918380506 77.4637426038339,23.1246452445805 77.4637038891401,23.1247164527033 77.4636496883891,23.1248268262928 77.4633864272136,23.1254890626189 77.4632664113933,23.1258094985106 77.4632509253362,23.1258807060154 77.4632393110179,23.1259483536883 77.4632160814829,23.126005319471 77.4631696242097,23.126072967081 77.4631192942992,23.1261477350611 77.4630728361277,23.1262225029995 77.4630573509688,23.1263115125137 77.46305347923,23.1263969621866 77.46305347923,23.1264361263953 77.4630302505934,23.1265999034958 77.4629876641607,23.1266782317832 77.4626431009604,23.1271624412484 77.4624998565035,23.1273190971206 77.4623837115238,23.1274223474067 77.4623411250911,23.1274650710701 77.4623024103973,23.1275113561248 77.4622482096463,23.1275754423984 77.4622017514748,23.1276288469144 77.4621514224627,23.1276751319127 77.46210883603,23.1277071746011 77.4620739921768,23.1277285372152 77.4620159205852,23.1277498989998 77.4619655906748,23.1277712607811 77.4619152616627,23.1277997437015 77.4618649317523,23.1278389075006 77.4618339605362,23.1278709501499 77.4617797597853,23.1279065541861 77.4617371733526,23.1279207956327 77.461671357385,23.1279207956327 77.4612958229687,23.1279101139283 77.4604286100546,23.1276644510149 77.4593213646017,23.1272977344413 77.4592826490096,23.1272763725846 77.459205219622,23.1272336480351 77.4591665049282,23.1271446391327 77.4591626331893,23.1270663111176 77.4591858618259,23.1269808626972 77.459205219622,23.1269025345865 77.4593523358178,23.1263791599693 77.4593794361932,23.1261512956761 77.4593794361932,23.1260302429743 77.4593678218749,23.1259412324474 77.4592787781691,23.1257026863563 77.4592245774181,23.1255887536836 77.4591548906099,23.1254961830576 77.4588800142178,23.125076055046 77.4588374277851,23.1250155282236 77.4587832270341,23.124930078497 77.4587367697609,23.1248766720805 77.4586361108384,23.1248054632166 77.4585625522913,23.1247627387063 77.4583496210263,23.1246701675104 77.4582838050587,23.124620321646 77.4582528329443,23.1245847175638 77.4581986321933,23.1244850249269 77.4581831461362,23.1244494208088 77.4581444314423,23.1243995748624 77.4580747446342,23.1243354870718 77.4580321582015,23.1243141247435 77.4579934435077,23.1242892017475 77.4579315001773,23.1242357950759 77.457887829478,23.1241793977529 77.457868007253,23.1240950867428 77.4578556185869,23.1240472341448 77.4578333188083,23.1239993815296 77.4578110190297,23.1239652015519 77.4577788081385,23.1239287430646 77.4577292534742,23.1238900052397 77.4576722652509,23.1238649392422 77.4576028874632,23.1238398740662 77.4572783018965,23.1237737925242 77.457191581234,23.1237555628427 77.4571494592303,23.1237259398116 77.4571222034462,23.1236872019282 77.4570999036676,23.1236393491846 77.4570825598944,23.12356871053 77.4569527245898,23.123234015778 77.4569150492468,23.1231168664692 77.4565017110284,23.1218315896889 77.4562778903854,23.1211528674739 77.4562536933649,23.121008221732 77.4562294963444,23.120841321525 77.4562173978342,23.1194504847279 77.4562414124967,23.118052799367 77.456233483966,23.1180309229815 77.4562128685285,23.1180163392734 77.4561970114672,23.1180134220358 77.4561621244948,23.1180105056244 77.455927431542,23.1180280065705 77.4558988875738,23.1180265483649 77.4558719300304,23.1180207147165 77.4558370430581,23.117990087438 77.4558211850984,23.117960919185 77.4558037425105,23.1179171663805 77.4557148407384,23.117557391183 77.4556999736204,23.1174958637676 77.4556974960669,23.1174069905089 77.4556974960669,23.1173819241266 77.4557197958455,23.1173112813519 77.4559155387459,23.1168031091576 77.4559940335354,23.1166512494178 77.4560400209898,23.1165987452079 77.4560907650235,23.1165564510071 77.4561288230489,23.1165272816163 77.4561748105032,23.1165010303159 77.4561938395159,23.1164791536775 77.4562065255243,23.1164601934807 77.456214454055,23.1164339421671 77.456214454055,23.1164120655178 77.4561930463035,23.1163245588847 77.4561880911964,23.1162607522731 77.4561880911964,23.116219733603 77.4561880911964,23.116160484207 77.4562004798624,23.116101234785 77.4562252571946,23.1160533801626 77.4562649016447,23.1160078033323 77.4562971125359,23.1159872939601 77.4563590558663,23.115975899955 77.4564432998736,23.1159645059488 77.4564928545379,23.1159531119417 77.4565498427613,23.1159303239245 77.456591964765,23.1158961410654 77.4566018758775,23.1158665162993 77.4566068309846,23.1158300556117 77.4566068309846,23.1157981521921 77.4565969198721,23.1157616906598 77.4565820536524,23.1157366239702 77.4565498427613,23.1157001624212 77.4565275429827,23.11568421111 77.4564928545379,23.1156637016884 77.4564668887347,23.1156561882861 77.4562351683071,23.1155862212558 77.4561211918605,23.1155588758905 77.4560298125349,23.11555796212 77.4558932389673,23.1155565964213 77.4556702411812,23.1155793853281 77.45563803029,23.1155953366518 77.4555785636148,23.1156295187613 77.4555091867255,23.1156819324691 77.4554645871682,23.11574118125 77.4554224651645,23.1158141034898 77.4553828216127,23.1158915837908 77.4553183998305,23.1160123614291 77.4552861889393,23.1160465434325 77.455209378491,23.1160852835215 77.4551771675998,23.1160966775174 77.4551152242694,23.1160966775174 77.4550508024871,23.1160738895246 77.4550012478228,23.1160328707974 77.4549640809262,23.1159827366887 77.4548996600422,23.115857401748 77.4548773602636,23.115800430831 77.4548575380386,23.1157708060438 77.454827804701,23.1157366239702 77.4548055049223,23.1157161145566 77.4547708164777,23.1156933264993 77.4547386055865,23.1156819324691 77.4546593175846,23.1156705376118 77.4537038344141,23.1158293434339 77.453502516569,23.1158898743997 77.4534367014998,23.1159112388952 77.4533244282589,23.1159539662237 77.4531020601918,23.116156923327 77.4530899616815,23.1162181225326 77.4530899616815,23.1162960115642 77.4531020601918,23.116368336994 77.4531141587021,23.1164239717229 77.4531565025896,23.1165185512873 77.4531988473755,23.1166075672385 77.4532290927528,23.116718837301 77.4532351420079,23.116796726042 77.4532351420079,23.1169079959477 77.4532351420079,23.1170303928201 77.4531988473755,23.1172251145489 77.4530778631713,23.1175477950826 77.453065764661,23.117736952561 77.4530536661508,23.1178092772144 77.4530113222633,23.1178871661487 77.4529750267325,23.117942800248 77.4529145350796,23.117992870835 77.4528540425284,23.1180318152546 77.4527935508755,23.1180651961767 77.4526604681611,23.1181097032336 77.452593927253,23.1181319571697 77.4524910908143,23.1181875911675 77.4524547952835,23.1183099868729 77.4524547952835,23.1184156920524 77.4524910908143,23.1185547771227 77.4525515824672,23.1188106946634 77.4525697302325,23.118927525524 77.4525999765081,23.1190054129832 77.4526362711406,23.1190610474451 77.4527330583242,23.11915006171 77.4528116986408,23.1192112587247 77.4528540425284,23.1192780191476 77.4528721902937,23.1193336534965 77.452797905908,23.119432681589 77.4527320908387,23.1194682870383 77.4525849737446,23.1195074532693 77.4525462590508,23.1195181348165 77.452507544357,23.119535937944 77.4524572153449,23.1195715433659 77.4524184997528,23.1196427550073 77.4524146289122,23.1197353288455 77.4524223714916,23.1197887373084 77.4524262432305,23.11984214575 77.4524262432305,23.1198919933894 77.452399142855,23.11994540179 77.4523426172641,23.1200006359976 77.4522700001515,23.1200200005158 77.4515739396553,23.1199774091469 77.4507402204266,23.1199263949914 77.447379526829,23.1197207585412 77.4465500000377,23.1196700004003 77.4446176151654,23.1195029572539 77.4446072845397,23.1195020641645 77.4414600001108,23.1192299995974 77.4424700002393,23.1176099999429 77.4407860273908,23.1172726671966 77.4381269872004,23.1167400066846 77.4363239336778,23.1163788172009 77.4362299995435,23.1163599999207 77.4344033293122,23.1163564324364 77.4311100003777,23.1163499997282 77.4295599995758,23.1151600004148 77.4292999992848,23.1142400002757 77.427770000371,23.1088699998271 77.4247600000771,23.1119199998024 77.4216799994631,23.1137099996769 77.4188800001298,23.1153300001364 77.417960000413,23.1172100003432 77.4171675821279,23.1182120369399 77.4155696768668,23.1202326126466 77.4148599997075,23.1211300002021 77.4119379983788,23.1224187163631 77.4106200000755,23.123000000427 77.4084487028635,23.1239149109609 77.4072499999315,23.124420000335 77.4069134649749,23.1245606422362 77.4065799995617,23.124700000172 77.4058720283031,23.1253887039642 77.4056849083311,23.1255707299557 77.4056573695778,23.1273785902521 77.4056627612661,23.1276066680781 77.4056810922878,23.1278238366224 77.405711639499,23.1279743197983 77.4057468687295,23.1281252943448 77.4090175044233,23.1411856147926 77.4113303069538,23.150335044777 77.4141696848358,23.1611342677158 77.4141797962727,23.1611736943277 77.4148218177146,23.1609164411951 77.4152638283603,23.1606602736482</coordinates></LinearRing></outerBoundaryIs></Polygon></MultiGeometry>
  </Placemark>
  <Placemark>
	<Style><LineStyle><color>ff0000ff</color></LineStyle><PolyStyle><fill>0</fill></PolyStyle></Style>
	<ExtendedData><SchemaData schemaUrl="#bhopal_wards">
		<SimpleData name="objectid">19</SimpleData>
		<SimpleData name="townname">Bhopal</SimpleData>
		<SimpleData name="towncensuscode2011">802312</SimpleData>
		<SimpleData name="town_lgd_code">250946</SimpleData>
		<SimpleData name="ward_lgd_code">32963</SimpleData>
		<SimpleData name="ward_lgd_name">Chandbad Ward</SimpleData>
		<SimpleData name="sourcewardcode">36</SimpleData>
		<SimpleData name="state">Madhya Pradesh</SimpleData>
	</SchemaData></ExtendedData>
      <MultiGeometry><Polygon><outerBoundaryIs><LinearRing><coordinates>77.4170917526398,23.2670369323525 77.417715579604,23.266782930684 77.4178187026054,23.2667499970179 77.4180760537646,23.2666622503426 77.4183874457747,23.2665560788183 77.418528645666,23.2665216959363 77.4186596371024,23.266495127452 77.418763410484,23.2664873130453 77.4188925783404,23.2664825983227 77.419020290926,23.2664779364168 77.4191053506036,23.2664841877776 77.4191750993956,23.2664935644056 77.4195882112385,23.2665958085605 77.4198488187907,23.2666603085033 77.4202906138407,23.2668069630865 77.420425873173,23.266845657878 77.4205380395143,23.2668726232423 77.4207113766349,23.2669006110977 77.4207972843222,23.2669088884507 77.420835283957,23.2669130791184 77.4210288277816,23.2669239931745 77.4210551394362,23.2669252219858 77.4210783294453,23.2669235838459 77.4211675213732,23.2669088348089 77.4214158498538,23.2668571001059 77.4214507044868,23.2668498394698 77.4214685423334,23.2668441039136 77.4214921788051,23.2668346802704 77.4216003045243,23.266779103952 77.4220296597042,23.2665584143089 77.4221738833248,23.2665006707372 77.4222313018411,23.266480257054 77.4222793078099,23.266469051644 77.4227471540031,23.2663978471749 77.4227761947396,23.2663903513139 77.4229867670288,23.2663245894131 77.4230854810987,23.2660827565646 77.4231512907781,23.2659778439335 77.4231900027769,23.2659262772233 77.4232229071675,23.2658996038116 77.4232906527163,23.2658462586226 77.4234067878146,23.2657769090199 77.4235055027828,23.2657342328312 77.4236119594322,23.265705781756 77.423755192211,23.2656791091255 77.4237764840799,23.2656737745987 77.4236764773342,23.2664410067548 77.4237787002237,23.2664561148327 77.4237913853338,23.2664621747337 77.423809145027,23.2664742945348 77.4238162480059,23.2664808207081 77.4238218292388,23.266488278602 77.4239598428058,23.2666775308749 77.423973035464,23.2666873192945 77.4239811535393,23.2666919803678 77.4240247901025,23.2667101600377 77.4240487230183,23.2667217409211 77.4241401077338,23.2667659600305 77.4243875855098,23.2668857102103 77.4246068489993,23.265956505873 77.4246262041004,23.2657235637819 77.4246083761352,23.2654195524609 77.4243787658503,23.265384458729 77.4243997945128,23.2653475914844 77.4244739037271,23.265217667645 77.4244889666778,23.2651841633303 77.4244905531026,23.2651739662915 77.4244913454167,23.2651652266794 77.4244744130719,23.2649277582399 77.4244877557488,23.2648248839477 77.4245441879149,23.2645793024593 77.4245658696526,23.2644849480323 77.4243700450055,23.2645177238056 77.4237620059324,23.264607355993 77.4235538923323,23.2646426356161 77.4233430819896,23.2634637585154 77.4231843981879,23.2634349636386 77.423182369792,23.2627384923151 77.4229881306714,23.262742590682 77.422994238317,23.2627974209756 77.422994238317,23.262816216014 77.422994238317,23.2628311330368 77.422991315199,23.2628451546241 77.4229815729698,23.2628833413654 77.4229715064487,23.262902137217 77.4229600080131,23.2629182508923 77.4229523471803,23.2629289870142 77.4229377342856,23.2629424119108 77.4229208477549,23.2629519587965 77.4228624060574,23.2629805449808 77.4228140991531,23.2630002048907 77.4225867481311,23.2630797861496 77.4223833470928,23.2631325085321 77.4223246287143,23.2631444734828 77.4222483788147,23.2631600110815 77.4221874901064,23.2631842512832 77.4221585688458,23.2632075580862 77.4221418242489,23.263225271947 77.4221357354679,23.2632322645638 77.4221278797008,23.2632496243752 77.4221151559631,23.2632777433861 77.4221070576508,23.2632956421007 77.4220986143854,23.2633171225357 77.4220882226742,23.263356203747 77.4220772254986,23.2635453705124 77.4220494774377,23.2638652941753 77.4220241072175,23.2639827625933 77.4219930335935,23.2646699959068 77.4218060834031,23.2645687084174 77.4212918940226,23.264287564505 77.4210466171191,23.2641566880883 77.4207455952607,23.2640189840233 77.4205139449018,23.2639040401629 77.4203638624689,23.2638361139802 77.4199515905508,23.2636393063624 77.4197748757647,23.263554947065 77.4188614660889,23.2631369006875 77.4187219496404,23.2630732350513 77.418696570437,23.2630616538509 77.4186681558262,23.2630518643397 77.4186092973105,23.2630364810565 77.4185088315258,23.2630173691402 77.4184032920563,23.2629991889665 77.4183571186507,23.262994527764 77.4183332710748,23.2629954603347 77.4178405936505,23.2629976011206 77.4175363423486,23.2629986219966 77.4169637256438,23.263019519004 77.4169116862394,23.263018593861 77.4168815010492,23.2630103261697 77.4168569491942,23.2629906802911 77.4168235022212,23.2629286560753 77.4167740912873,23.2628746668005 77.416748076975,23.2628593024784 77.4167307341001,23.2628524740736 77.4167096748949,23.262849059871 77.4166799442523,23.2628456456684 77.4162674324839,23.2628775115561 77.4160754229818,23.2628968586984 77.4156888851016,23.2629635069951 77.4156367810185,23.2629724910357 77.4155867897729,23.2629770672347 77.4155567069907,23.2629763929778 77.4155357960075,23.2629689778022 77.4155041780045,23.2629470714645 77.4154182972667,23.2628389195983 77.4152293411382,23.2626009617454 77.4150683010556,23.2624074905912 77.41504352552,23.2623767626627 77.4150261826451,23.2623517250861 77.4150076009935,23.2623209971448 77.4148537806708,23.2619665619241 77.4147775478392,23.2618004565059 77.4146783792217,23.2615843786054 77.4146715601103,23.2615691635125 77.4146693655261,23.2615609675318 77.4146692864743,23.2615524562887 77.4146696116645,23.2615458927359 77.414676106484,23.261531871012 77.4146874719689,23.261513671654 77.4147770789186,23.261422966155 77.4150820228215,23.2611264882231 77.4151167130629,23.2610507252669 77.4151274155911,23.2609982826616 77.4151288241495,23.2605659390426 77.4151293352909,23.2605507750019 77.4151034395562,23.2603576252147 77.4150265446662,23.2600186872498 77.4149597701962,23.2599169777971 77.414579532201,23.2595696098725 77.4141125906113,23.2590621404477 77.4145584487413,23.2587331590318 77.4145018171492,23.2579967476263 77.4143978461382,23.2580186787117 77.4137947495958,23.2581458942865 77.4135264542615,23.2582419335387 77.4130056353142,23.2585290959946 77.4123352369908,23.2589424311059 77.4121012465205,23.2590434967366 77.4119121754077,23.2590920215491 77.4105715701019,23.2590129685826 77.4105884332764,23.2591583589567 77.4108748090025,23.2605097683705 77.410959141943,23.2609920541518 77.4109972062565,23.26135960836 77.4121758156722,23.2613258150478 77.4120924133863,23.2617651191853 77.4120283868628,23.2621585061086 77.4120155256828,23.2622899539364 77.4120117464704,23.2623246713266 77.4120023204481,23.2624616550161 77.4120021129373,23.262588584928 77.4120270025589,23.2628340471172 77.4121374791692,23.2635341772348 77.4122235835874,23.2639171876678 77.4124016970504,23.2647094728525 77.4127324845858,23.265786113217 77.4130821744714,23.2668106495234 77.4131749848133,23.2672077847281 77.4138136815904,23.2670257451449 77.4145099918183,23.267453237584 77.4156061718235,23.2673639671227 77.4163616540791,23.2673024425723 77.4165188287111,23.2672894992399 77.4166988789419,23.2671896307091 77.4168361900263,23.2671293282855 77.4170917526398,23.2670369323525</coordinates></LinearRing></outerBoundaryIs></Polygon></MultiGeometry>
  </Placemark>
  <Placemark>
	<Style><LineStyle><color>ff0000ff</color></LineStyle><PolyStyle><fill>0</fill></PolyStyle></Style>
	<ExtendedData><SchemaData schemaUrl="#bhopal_wards">
		<SimpleData name="objectid">24</SimpleData>
		<SimpleData name="townname">Bhopal</SimpleData>
		<SimpleData name="towncensuscode2011">802312</SimpleData>
		<SimpleData name="town_lgd_code">250946</SimpleData>
		<SimpleData name="ward_lgd_code">34365</SimpleData>
		<SimpleData name="ward_lgd_name">Baag Farhat Afja Ward</SimpleData>
		<SimpleData name="sourcewardcode">41</SimpleData>
		<SimpleData name="state">Madhya Pradesh</SimpleData>
	</SchemaData></ExtendedData>
      <MultiGeometry><Polygon><outerBoundaryIs><LinearRing><coordinates>77.4252060585314,23.259275943765 77.4252001009045,23.2589789270828 77.4251662838256,23.2586403215138 77.4251665694899,23.2586321930284 77.4251682816788,23.2586251126873 77.4251702804303,23.2586224906749 77.4251725630494,23.2586209176324 77.4252767667241,23.2586000512973 77.4254619930475,23.2585553631777 77.425486651802,23.2585480327632 77.4255051732665,23.2585399257302 77.4255273850103,23.2585232040965 77.425663585777,23.2583914612188 77.4259217606913,23.258153621699 77.4261051688246,23.2579846600668 77.4261176554071,23.2579756459787 77.4261283588336,23.2579690905029 77.4261461966802,23.257963764746 77.4264095988912,23.257952393557 77.4265343542229,23.2579467492279 77.4270405180546,23.2579024652937 77.4271779737678,23.2579166260524 77.4273952690485,23.2579390118996 77.4274067773656,23.2579401970519 77.4274136270197,23.2579401970519 77.4274164818656,23.2579399354271 77.4274324646912,23.2579349530001 77.427467096542,23.2579198736676 77.427483123385,23.2579089902361 77.4274900916166,23.2579019478211 77.4275082088393,23.2578840227974 77.4275200540246,23.2578686587253 77.427530187021,23.2578470816757 77.4275698494375,23.2577626287528 77.4278771630962,23.2568906769272 77.4280122885795,23.2567285176535 77.4282812810065,23.2564057096835 77.4285691757837,23.2560602160049 77.4287013754542,23.2558692204195 77.428932432925,23.2555171070291 77.4291880179964,23.2551289067034 77.4292240862534,23.2550691831586 77.4292295740615,23.2550600970694 77.4289625004359,23.2549684240151 77.4289453363258,23.2549618130941 77.428249935193,23.2547906388215 77.4282006140906,23.2547784981499 77.4277291845177,23.2546624552279 77.4276414146229,23.2549051407336 77.4275278855373,23.2548786219299 77.427140920059,23.254404382525 77.4270471763675,23.2542564061348 77.4270447742724,23.2541084279297 77.4272490439815,23.2530605489651 77.4272291930104,23.2530644305637 77.4271811789567,23.253071405556 77.4269634309251,23.2530980939149 77.426801249982,23.2531086442998 77.4267604871294,23.2531090272599 77.4266302116502,23.2531021876262 77.4264111179424,23.2530906847926 77.4262526470414,23.2530751699553 77.4261900542291,23.253065698294 77.4260907221182,23.2530452767758 77.4257545949968,23.2529592377979 77.4257174442699,23.2529495143978 77.4256096320627,23.2529180266215 77.4255458516775,23.2528897345786 77.4255252362401,23.2528789085108 77.4254947249615,23.2528593857663 77.4254608539837,23.2528318852185 77.4254260900805,23.2528036591851 77.4254048080931,23.2527816620394 77.4253014883607,23.2526626296209 77.4249215117753,23.2521919395956 77.4245640092417,23.2517303135918 77.4245539166695,23.2515383783278 77.4207756088727,23.2541224611639 77.4205311108085,23.2542923504183 77.4208398402121,23.2547727496942 77.4211206427901,23.2546073079605 77.4211823094394,23.2545709750287 77.4214135717262,23.2545098291796 77.4220806022657,23.2543932784416 77.4222086175836,23.2543692157393 77.4222674464549,23.2546323758785 77.4219139171698,23.254686103559 77.422049481031,23.255335718346 77.42262097574,23.2553161811054 77.4226050270505,23.2552062840733 77.423670932034,23.2550157956698 77.4236762482638,23.2550573123963 77.4241574784565,23.2550017567523 77.4242104089897,23.2557330544586 77.4242132880901,23.2559320806756 77.4243304346914,23.2573291794412 77.4232274508462,23.2575197561496 77.4233487323927,23.258264648631 77.4223252763996,23.2583880369983 77.4225770050035,23.2593582359026 77.4237677039463,23.2591205474885 77.423861801574,23.2605591377552 77.4239425879658,23.2616075800507 77.4243858885922,23.2613840205503 77.4246634132177,23.2613275803518 77.4246686800403,23.2605803124453 77.4246648029115,23.2602446597438 77.424668676447,23.2601078347096 77.4246903662696,23.2598559227074 77.4246789334109,23.2594237404442 77.4252000290393,23.2593840308472 77.4252060585314,23.259275943765</coordinates></LinearRing></outerBoundaryIs></Polygon></MultiGeometry>
  </Placemark>
  <Placemark>
	<Style><LineStyle><color>ff0000ff</color></LineStyle><PolyStyle><fill>0</fill></PolyStyle></Style>
	<ExtendedData><SchemaData schemaUrl="#bhopal_wards">
		<SimpleData name="objectid">25</SimpleData>
		<SimpleData name="townname">Bhopal</SimpleData>
		<SimpleData name="towncensuscode2011">802312</SimpleData>
		<SimpleData name="town_lgd_code">250946</SimpleData>
		<SimpleData name="ward_lgd_code">34368</SimpleData>
		<SimpleData name="ward_lgd_name">Subhash Chandra Bose Ward</SimpleData>
		<SimpleData name="sourcewardcode">44</SimpleData>
		<SimpleData name="state">Madhya Pradesh</SimpleData>
	</SchemaData></ExtendedData>
      <MultiGeometry><Polygon><outerBoundaryIs><LinearRing><coordinates>77.4304525216246,23.2522110563653 77.4305400067535,23.2521161525787 77.4306224119095,23.2519927996746 77.430633881599,23.251971193612 77.4306634101207,23.2519047634901 77.4307094326093,23.2517719716514 77.4308053071047,23.251402839341 77.4308411004772,23.2512101748157 77.4308771579544,23.250992145111 77.4316204195289,23.2510447608507 77.4322013887692,23.2510330869906 77.4333935501693,23.2510533718075 77.4334593418824,23.2517401410753 77.4338203496422,23.2516885482232 77.4340664233514,23.2516755942957 77.4342248250821,23.2516505291233 77.4345384736602,23.2516424827472 77.4349485797402,23.2516069677589 77.4349603306024,23.2513721253831 77.4355384539799,23.2513959253378 77.4359201723987,23.2514232883475 77.4361984534057,23.2514485755831 77.4365709587029,23.2514723548903 77.43671419238,23.2514674572332 77.4368257667315,23.2526433329901 77.4374153903413,23.2526517490617 77.4380955776064,23.2526348401607 77.4386149520627,23.252615491529 77.4386301326927,23.252959510162 77.4389588217635,23.2529562087785 77.4389346543875,23.2522743103874 77.4400939554144,23.2522680088392 77.4403237534473,23.2520537444668 77.439952612691,23.251603971723 77.4395143426302,23.2510953305087 77.4395809859462,23.2510684486152 77.4397906159026,23.2510013263936 77.4395867064179,23.2505817013511 77.4394295982613,23.2502441177141 77.4393020114398,23.2499472377305 77.4390886426951,23.2493656937053 77.4387614448277,23.2491793749774 77.4386790459599,23.2491324535517 77.438027032557,23.2487766519435 77.4379279627542,23.2489257189519 77.437753544062,23.248782945403 77.4374744734359,23.248296348269 77.4372968827924,23.2478039213673 77.4371827176996,23.2476279300745 77.4370386153516,23.2472325878681 77.437349709121,23.2471393808253 77.4373293874326,23.2470890110605 77.4372219543145,23.2468295486114 77.4371952006887,23.2467522604747 77.437127783025,23.2465575001802 77.4371137055262,23.24645599671 77.437082542969,23.246201524149 77.4370776812867,23.2461618238204 77.4370538849148,23.2459675050724 77.4370356140802,23.2459749013843 77.4369024289579,23.2460288174399 77.4367656263199,23.2460859863296 77.4362642244575,23.2462678960331 77.4355661526334,23.246513707695 77.4351031672242,23.2467061569766 77.4339247239968,23.245764586299 77.4332276537942,23.2462929572649 77.4329313391078,23.2465175597703 77.4325418125326,23.2462215975762 77.4321879868035,23.2465014597951 77.4316996132077,23.2468569422718 77.4308275179501,23.247480492566 77.4289786746026,23.2487654632035 77.4278877623182,23.2495288631037 77.4285125001741,23.2500387656714 77.4297048924412,23.2509740672924 77.430066415834,23.2513237108346 77.4301076422174,23.2514082082785 77.4302986527929,23.2523383369069 77.4303499735451,23.2522978435931 77.4304525216246,23.2522110563653</coordinates></LinearRing></outerBoundaryIs></Polygon></MultiGeometry>
  </Placemark>
  <Placemark>
	<Style><LineStyle><color>ff0000ff</color></LineStyle><PolyStyle><fill>0</fill></PolyStyle></Style>
	<ExtendedData><SchemaData schemaUrl="#bhopal_wards">
		<SimpleData name="objectid">26</SimpleData>
		<SimpleData name="townname">Bhopal</SimpleData>
		<SimpleData name="towncensuscode2011">802312</SimpleData>
		<SimpleData name="town_lgd_code">250946</SimpleData>
		<SimpleData name="ward_lgd_code">34382</SimpleData>
		<SimpleData name="ward_lgd_name">Kasturba Ward</SimpleData>
		<SimpleData name="sourcewardcode">58</SimpleData>
		<SimpleData name="state">Madhya Pradesh</SimpleData>
	</SchemaData></ExtendedData>
      <MultiGeometry><Polygon><outerBoundaryIs><LinearRing><coordinates>77.432541810736,23.2462215984016 77.4329313391078,23.2465175597703 77.4339247239968,23.245764586299 77.4345400843395,23.2453171488424 77.4351103744077,23.2449039101612 77.4369161929447,23.2436711561425 77.4370068617029,23.2436092120828 77.4373357897257,23.2444640197374 77.4375964341087,23.2450465607516 77.4383666262771,23.2468214317868 77.438470802104,23.246798721348 77.4389246076293,23.2467159509896 77.4391484345605,23.2466894503665 77.4393241980306,23.2466818535257 77.4393958934718,23.246690015755 77.4394988143522,23.246712178157 77.439515364913,23.246716140828 77.4396279390895,23.2467389362955 77.4397529926618,23.2467756138956 77.4402344357552,23.2469452789265 77.440397644371,23.2465909547007 77.4405089618044,23.246162069786 77.4411345979756,23.2464460120138 77.441395203731,23.2465658208911 77.4414887435049,23.2466039248045 77.4415855091291,23.2466339192994 77.441716658669,23.2466596003264 77.4423528832824,23.2467398120283 77.4426753353503,23.2449542229734 77.4430427660644,23.2449620559757 77.4437374674096,23.2449768652185 77.4442771878087,23.2449903695098 77.4467320714778,23.2450160434247 77.4501176268493,23.2450937914868 77.450273418974,23.2371007052633 77.4502862136786,23.2357920176416 77.4485890957826,23.2369477000503 77.4475702346722,23.2375780570238 77.4460662967831,23.2384396644651 77.4453498463266,23.2388182475435 77.4439469060248,23.2396250963231 77.4428419243264,23.2402803098603 77.4425224663434,23.2397900457023 77.4426890346584,23.2396798469766 77.4425774064079,23.2394635153174 77.4423201612499,23.2390617344838 77.4425652288459,23.2389599826331 77.4425566463417,23.2386950127599 77.4426017624302,23.2386970268192 77.4435570219202,23.2387204674954 77.4436444944727,23.238988346967 77.4436632450076,23.239045769805 77.4441523803747,23.2388872504541 77.4440516612651,23.2384445601242 77.4440294620978,23.2382347531927 77.4440199480406,23.2380307743508 77.4440184262945,23.2379323985843 77.4440955511532,23.2366884696385 77.4441097580094,23.2361588175068 77.4441564389632,23.2358772059216 77.4441584691557,23.2352244611632 77.4433325005913,23.235214241197 77.4433675726167,23.2349194227756 77.4433896541046,23.2348466141031 77.4434065406354,23.2348012568323 77.4434247261299,23.2347523195326 77.4434403136968,23.2347093502821 77.443450705408,23.2346234109142 77.4434468085163,23.2345756671639 77.4434136040884,23.2344299734617 77.443314315995,23.2338762162506 77.4432974294643,23.233841601241 77.4432467707705,23.2337687919805 77.4432324821676,23.2337532748959 77.443214296673,23.2337305960766 77.4431987091062,23.2336959818548 77.4431909153228,23.2336756902711 77.4431753286542,23.2336064609645 77.4431740296904,23.2335802012499 77.443179225546,23.233556329603 77.4431922142867,23.2335229081345 77.4432065028896,23.2334871002344 77.4432168946008,23.2334500987001 77.4432168946008,23.2334250325796 77.4432168946008,23.2333975792041 77.4432116987452,23.2333796756512 77.443201307034,23.2333569967685 77.443187018431,23.2333307370047 77.4431714317626,23.2332889609226 77.4431443098275,23.2331035211536 77.4431434779876,23.233063034383 77.4431526228371,23.2330278941642 77.4431601049051,23.2329996292706 77.4431659241916,23.232990462433 77.4431875385556,23.2329790040914 77.4431983452885,23.2329767117626 77.4432315982254,23.2329774761474 77.4432781525166,23.232983587098 77.443313900075,23.232988934489 77.4433380081623,23.2329927539361 77.443376249444,23.2329950462646 77.4434181567503,23.2329979155962 77.4435245774671,23.2330174412474 77.443632500167,23.2330458984715 77.4436644074276,23.2330545221467 77.4437038228073,23.2330657328411 77.4437516841473,23.2330812557839 77.4437948535866,23.2331019519376 77.443873684346,23.2331407580426 77.4440688828674,23.2332606250941 77.4441017297657,23.233270973983 77.4441298829668,23.2332770098025 77.4441871290066,23.2332744227869 77.4441965137063,23.233270973983 77.4442256056468,23.2332520022577 77.4442471903664,23.2332356167208 77.4442668976072,23.2332157832019 77.4444771123668,23.2330269267143 77.4445005736671,23.2330019182971 77.4445371737267,23.2329527640646 77.4445474971659,23.2329234442046 77.444550312486,23.2329070594528 77.4445512512255,23.2328863624435 77.4445512512255,23.2328656662563 77.4445571064445,23.2327411184298 77.444558441341,23.232718799344 77.4445657895601,23.2326829573838 77.4445737037177,23.2326585432417 77.4445971165089,23.2326140346378 77.4446877915554,23.2324416611664 77.444697452038,23.2324124922557 77.4447222940489,23.232361764454 77.4447664579232,23.2322907448388 77.4448285629503,23.2322019708857 77.4448603049209,23.2321639247698 77.4449072284198,23.2321055876462 77.4449320704306,23.2320688102581 77.4449569124415,23.2320231548722 77.4449734737821,23.2319711581663 77.4450093569861,23.2318202421322 77.4450530429567,23.231612717964 77.4450907829784,23.2314334397183 77.4450990636487,23.2313953933833 77.4451059645067,23.2313598829106 77.445136326665,23.2312977407988 77.4451929115448,23.2311912117508 77.4452343139979,23.2311087775867 77.4452591560087,23.2310707311592 77.4452950392128,23.2310200028475 77.4453405828993,23.2309553238713 77.4453626643873,23.2309286913426 77.4454951308574,23.2308420024784 77.4455562261782,23.2307778409939 77.445590099851,23.2307422659692 77.4455997100279,23.2307251239813 77.4456047971873,23.2307079819913 77.4456047971873,23.2306996701972 77.4456019710875,23.2306913592282 77.4455895348107,23.2306788919482 77.4453516231942,23.2305165216784 77.445005216651,23.2302983879877 77.4449707132592,23.2302679514872 77.4449431116238,23.2302375141544 77.4449251704709,23.2302159540976 77.4448851469318,23.2301677621823 77.4448603049209,23.2301462021142 77.4448216620923,23.2301195694241 77.4446670898797,23.2300345986999 77.444506434276,23.2299126848418 77.4444764736646,23.2298846339156 77.444468559507,23.2298716473278 77.4444612103896,23.2298581415063 77.4444555581899,23.22984203787 77.4444352320099,23.228938850906 77.4444283311519,23.2288982679403 77.4444172899587,23.2288716350011 77.4443993488059,23.2288411973499 77.4443497465308,23.2287856984785 77.4443181914099,23.228757911474 77.4443063210717,23.2287475226115 77.4442938838966,23.2287386914587 77.4442729684218,23.2287267432331 77.4442509219681,23.2287205099143 77.4442198312762,23.2287163543682 77.4440367348583,23.2287135435548 77.4433371619493,23.2287306073789 77.4433186135354,23.228729795091 77.4433035981954,23.2287249254914 77.4432859328253,23.2287151854661 77.4432735666171,23.228707068365 77.443260317365,23.2286957054133 77.4432364697891,23.2286624271896 77.4432294036411,23.2286470052689 77.4432241035809,23.2286275252062 77.443219687463,23.2286056099259 77.4432188044191,23.2285836946419 77.443219687463,23.2285593449643 77.443219687463,23.2285358059202 77.443219687463,23.228514702914 77.4432037881808,23.2283629203266 77.4431658083089,23.2282176309414 77.4431331267005,23.2281486390243 77.4431067045531,23.2281105347936 77.4429414576599,23.227897831444 77.4429088425269,23.2278655097772 77.4428964107417,23.2278531891725 77.4428796284156,23.2278426376158 77.4428495977356,23.2278328975261 77.4428142669955,23.2278255926648 77.4427718701073,23.2278215345 77.4427400724412,23.2278190992709 77.4426727733551,23.2278185362789 77.4425762260216,23.2278177297641 77.4425761793092,23.227650717516 77.4424826458235,23.2259897888371 77.443312241785,23.2259830906268 77.4433088713061,23.2247734233327 77.4433193510522,23.223956848415 77.4433218636401,23.2238440196993 77.4433220262351,23.2238072590223 77.4394668091753,23.2236585618568 77.4383465498288,23.2280564975788 77.4367959076298,23.2338243754538 77.4367747082874,23.2339076433102 77.4358214556338,23.2378958209073 77.4345485644357,23.2426868581894 77.4344534364404,23.2430449038164 77.4342691650262,23.2437018017146 77.4340617161793,23.2442454358912 77.4339260867411,23.2445219560925 77.4337087429513,23.2448941581104 77.4334980952037,23.2452000667704 77.4333772322722,23.2453605901031 77.4332889305747,23.2454672258705 77.4332332422136,23.2455311004843 77.4330179681423,23.2457780195271 77.432541810736,23.2462215984016</coordinates></LinearRing></outerBoundaryIs></Polygon></MultiGeometry>
  </Placemark>
  <Placemark>
	<Style><LineStyle><color>ff0000ff</color></LineStyle><PolyStyle><fill>0</fill></PolyStyle></Style>
	<ExtendedData><SchemaData schemaUrl="#bhopal_wards">
		<SimpleData name="objectid">27</SimpleData>
		<SimpleData name="townname">Bhopal</SimpleData>
		<SimpleData name="towncensuscode2011">802312</SimpleData>
		<SimpleData name="town_lgd_code">250946</SimpleData>
		<SimpleData name="ward_lgd_code">34383</SimpleData>
		<SimpleData name="ward_lgd_name">Barkheda Bhel Ward</SimpleData>
		<SimpleData name="sourcewardcode">59</SimpleData>
		<SimpleData name="state">Madhya Pradesh</SimpleData>
	</SchemaData></ExtendedData>
      <MultiGeometry><Polygon><outerBoundaryIs><LinearRing><coordinates>77.466140135462,23.2499304143245 77.4661897925342,23.2458734899144 77.4661903979987,23.2457857699419 77.4661950557635,23.2457493916863 77.466197385095,23.2457358395991 77.4662067006245,23.2457115871457 77.4663192658178,23.2454655016261 77.4665568172099,23.2449761826166 77.4667418701584,23.2445789217547 77.4667952417644,23.2444641253884 77.466818288043,23.2443816507249 77.466827992543,23.2443281533063 77.4668343741748,23.2441000647488 77.4668352706934,23.2431607925915 77.4668237165623,23.2413567933886 77.4668254206664,23.2389822338151 77.4668137452626,23.2374234064268 77.4668013547999,23.2354569265939 77.4667928154148,23.2337151937272 77.4667898967884,23.2334624551088 77.4667834379015,23.2334081261943 77.4667655515459,23.233319555224 77.4666969894285,23.2330754015586 77.466370868641,23.2320493967328 77.4663555820098,23.2319979836483 77.4617583448472,23.2319401367849 77.4607053046369,23.2319177977537 77.4555281088386,23.2318490256747 77.4519988868021,23.231800088118 77.4506636821677,23.2317889540866 77.4477808500804,23.231739793629 77.4463450979147,23.2317322471167 77.4462377034241,23.2306087018746 77.4462734402028,23.2306042071133 77.446767530677,23.2305420580459 77.4468440833089,23.2305290995886 77.4469166069967,23.230505033407 77.4469307087501,23.2304735626211 77.4469307087501,23.2304550502934 77.4469025052434,23.2303921086904 77.4467816324304,23.2300070538234 77.4467735745423,23.2299663267219 77.4467735745423,23.2299330042386 77.4467796175092,23.2298941286855 77.4467937192625,23.2298571038669 77.4468279666344,23.2298126744013 77.4468642289275,23.2297849057714 77.4469045201646,23.2297608394557 77.4471684263305,23.22959978225 77.4472067026464,23.2295646089252 77.4472429649394,23.2295275840153 77.4472691535249,23.2294887083441 77.4472933289859,23.2294405756016 77.4475854386584,23.2286482435133 77.4476297588395,23.2285593837626 77.4476559483233,23.2285242101638 77.44768415183,23.2285038459756 77.4477163842807,23.2284890365556 77.4477607044619,23.2284797802545 77.4477889079685,23.2284816310195 77.4478352430709,23.2284945896756 77.4479238834333,23.2285242101638 77.4488249125278,23.2289142627252 77.448861351789,23.2289171742447 77.4488708577614,23.2289166888539 77.4488845885105,23.2289137773344 77.4488962064221,23.2289094096422 77.4493393884708,23.228746952194 77.4494541365703,23.2287256255118 77.4495392312822,23.2287256255118 77.4495946717083,23.2287279955102 77.4498125661653,23.228731550095 77.449882189193,23.2287279955102 77.4499079753333,23.2287185171673 77.4499311833086,23.2286960058938 77.4499414977647,23.2286782337897 77.4499479440752,23.2286509833355 77.4499505222401,23.2286012224117 77.4499389187016,23.2285348731086 77.4497228783673,23.2277078059508 77.4497168345021,23.2276596733917 77.4497107906369,23.2275689613799 77.4497168345021,23.2275134231809 77.4497349651995,23.2274634389472 77.4497571257392,23.2274208602901 77.449783315223,23.2273764300136 77.4500128392697,23.2269703903257 77.4502563078645,23.2266317753231 77.4506170973337,23.2262292318872 77.4506738277405,23.2261925024108 77.4507163746474,23.2261711753205 77.4507795513647,23.2261522182709 77.450820809189,23.2261462943988 77.4513238172391,23.2261209181653 77.4513993628596,23.2260890988052 77.451437136119,23.2260601728581 77.4515189771329,23.2259386821607 77.4515378633134,23.2258952923633 77.4515693411793,23.2258258691534 77.4516260006192,23.2256291697251 77.4516322960127,23.2255568537709 77.4516354437095,23.2255076786355 77.4516385914062,23.225458503482 77.451641739103,23.2254093291359 77.4516574775868,23.2253601539462 77.4516889554526,23.2252965156813 77.4517550579828,23.2252299847731 77.4518431943903,23.2251721316749 77.4519092969205,23.2251345268586 77.4519879902377,23.225102708089 77.4520792743419,23.2250622106365 77.4521264906916,23.2250390697014 77.452189445525,23.2249551829522 77.4522051840088,23.2249089002152 77.4522083317055,23.224868402704 77.4522051840088,23.2248307986278 77.4521674107494,23.2247758379794 77.452107604511,23.2247150920602 77.451896562403,23.2246584803224 77.4508416096794,23.2244254644494 77.4494831997647,23.224179276111 77.4486545362544,23.2241076313484 77.447578009591,23.224012173457 77.4459034133575,23.223936963986 77.4448520512001,23.2238564413881 77.4433220262351,23.2238072590223 77.4433218636401,23.2238440196993 77.4433193510522,23.223956848415 77.4433088713061,23.2247734233327 77.443312241785,23.2259830906268 77.4424826458235,23.2259897888371 77.4425761793092,23.227650717516 77.4425762260216,23.2278177297641 77.4426727733551,23.2278185362789 77.4427400724412,23.2278190992709 77.4427718701073,23.2278215345 77.4428142669955,23.2278255926648 77.4428495977356,23.2278328975261 77.4428796284156,23.2278426376158 77.4428964107417,23.2278531891725 77.4429088425269,23.2278655097772 77.4429414576599,23.227897831444 77.4431067045531,23.2281105347936 77.4431331267005,23.2281486390243 77.4431658083089,23.2282176309414 77.4432037881808,23.2283629203266 77.443219687463,23.228514702914 77.443219687463,23.2285358059202 77.443219687463,23.2285593449643 77.4432188044191,23.2285836946419 77.443219687463,23.2286056099259 77.4432241035809,23.2286275252062 77.4432294036411,23.2286470052689 77.4432364697891,23.2286624271896 77.443260317365,23.2286957054133 77.4432735666171,23.228707068365 77.4432859328253,23.2287151854661 77.4433035981954,23.2287249254914 77.4433186135354,23.228729795091 77.4433371619493,23.2287306073789 77.4440367348583,23.2287135435548 77.4442198312762,23.2287163543682 77.4442509219681,23.2287205099143 77.4442729684218,23.2287267432331 77.4442938838966,23.2287386914587 77.4443063210717,23.2287475226115 77.4443181914099,23.228757911474 77.4443497465308,23.2287856984785 77.4443993488059,23.2288411973499 77.4444172899587,23.2288716350011 77.4444283311519,23.2288982679403 77.4444352320099,23.228938850906 77.4444555581899,23.22984203787 77.4444612103896,23.2298581415063 77.444468559507,23.2298716473278 77.4444764736646,23.2298846339156 77.444506434276,23.2299126848418 77.4446670898797,23.2300345986999 77.4448216620923,23.2301195694241 77.4448603049209,23.2301462021142 77.4448851469318,23.2301677621823 77.4449251704709,23.2302159540976 77.4449431116238,23.2302375141544 77.4449707132592,23.2302679514872 77.445005216651,23.2302983879877 77.4453516231942,23.2305165216784 77.4455895348107,23.2306788919482 77.4456019710875,23.2306913592282 77.4456047971873,23.2306996701972 77.4456047971873,23.2307079819913 77.4455997100279,23.2307251239813 77.445590099851,23.2307422659692 77.4455562261782,23.2307778409939 77.4454951308574,23.2308420024784 77.4453626643873,23.2309286913426 77.4453405828993,23.2309553238713 77.4452950392128,23.2310200028475 77.4452591560087,23.2310707311592 77.4452343139979,23.2311087775867 77.4451929115448,23.2311912117508 77.445136326665,23.2312977407988 77.4451059645067,23.2313598829106 77.4450990636487,23.2313953933833 77.4450907829784,23.2314334397183 77.4450530429567,23.231612717964 77.4450093569861,23.2318202421322 77.4449734737821,23.2319711581663 77.4449569124415,23.2320231548722 77.4449320704306,23.2320688102581 77.4449072284198,23.2321055876462 77.4448603049209,23.2321639247698 77.4448285629503,23.2322019708857 77.4447664579232,23.2322907448388 77.4447222940489,23.232361764454 77.444697452038,23.2324124922557 77.4446877915554,23.2324416611664 77.4445971165089,23.2326140346378 77.4445737037177,23.2326585432417 77.4445657895601,23.2326829573838 77.444558441341,23.232718799344 77.4445571064445,23.2327411184298 77.4445512512255,23.2328656662563 77.4445512512255,23.2328863624435 77.444550312486,23.2329070594528 77.4445474971659,23.2329234442046 77.4445371737267,23.2329527640646 77.4445005736671,23.2330019182971 77.4444771123668,23.2330269267143 77.4442668976072,23.2332157832019 77.4442471903664,23.2332356167208 77.4442256056468,23.2332520022577 77.4441965137063,23.233270973983 77.4441871290066,23.2332744227869 77.4441298829668,23.2332770098025 77.4441017297657,23.233270973983 77.4440688828674,23.2332606250941 77.443873684346,23.2331407580426 77.4437948535866,23.2331019519376 77.4437516841473,23.2330812557839 77.4437038228073,23.2330657328411 77.4436644074276,23.2330545221467 77.443632500167,23.2330458984715 77.4435245774671,23.2330174412474 77.4434181567503,23.2329979155962 77.443376249444,23.2329950462646 77.4433380081623,23.2329927539361 77.443313900075,23.232988934489 77.4432781525166,23.232983587098 77.4432315982254,23.2329774761474 77.4431983452885,23.2329767117626 77.4431875385556,23.2329790040914 77.4431659241916,23.232990462433 77.4431601049051,23.2329996292706 77.4431526228371,23.2330278941642 77.4431434779876,23.233063034383 77.4431443098275,23.2331035211536 77.4431714317626,23.2332889609226 77.443187018431,23.2333307370047 77.443201307034,23.2333569967685 77.4432116987452,23.2333796756512 77.4432168946008,23.2333975792041 77.4432168946008,23.2334250325796 77.4432168946008,23.2334500987001 77.4432065028896,23.2334871002344 77.4431922142867,23.2335229081345 77.443179225546,23.233556329603 77.4431740296904,23.2335802012499 77.4431753286542,23.2336064609645 77.4431909153228,23.2336756902711 77.4431987091062,23.2336959818548 77.443214296673,23.2337305960766 77.4432324821676,23.2337532748959 77.4432467707705,23.2337687919805 77.4432974294643,23.233841601241 77.443314315995,23.2338762162506 77.4434136040884,23.2344299734617 77.4434468085163,23.2345756671639 77.443450705408,23.2346234109142 77.4434403136968,23.2347093502821 77.4434247261299,23.2347523195326 77.4434065406354,23.2348012568323 77.4433896541046,23.2348466141031 77.4433675726167,23.2349194227756 77.4433325005913,23.235214241197 77.4441584691557,23.2352244611632 77.4441564389632,23.2358772059216 77.4441097580094,23.2361588175068 77.4440955511532,23.2366884696385 77.4440184262945,23.2379323985843 77.4440199480406,23.2380307743508 77.4440294620978,23.2382347531927 77.4440516612651,23.2384445601242 77.4441523803747,23.2388872504541 77.4436632450076,23.239045769805 77.4436444944727,23.238988346967 77.4435570219202,23.2387204674954 77.4426017624302,23.2386970268192 77.4425566463417,23.2386950127599 77.4425652288459,23.2389599826331 77.4423201612499,23.2390617344838 77.4425774064079,23.2394635153174 77.4426890346584,23.2396798469766 77.4425224663434,23.2397900457023 77.4428419243264,23.2402803098603 77.4439469060248,23.2396250963231 77.4453498463266,23.2388182475435 77.4460662967831,23.2384396644651 77.4475702346722,23.2375780570238 77.4485890957826,23.2369477000503 77.4502862136786,23.2357920176416 77.450273418974,23.2371007052633 77.4501176268493,23.2450937914868 77.4467320714778,23.2450160434247 77.4442771878087,23.2449903695098 77.4437374674096,23.2449768652185 77.4430427660644,23.2449620559757 77.4426753353503,23.2449542229734 77.4423528832824,23.2467398120283 77.441716658669,23.2466596003264 77.4415855091291,23.2466339192994 77.4414887435049,23.2466039248045 77.441395203731,23.2465658208911 77.4411345979756,23.2464460120138 77.4405089618044,23.246162069786 77.440397644371,23.2465909547007 77.4402344357552,23.2469452789265 77.4397529926618,23.2467756138956 77.4396279390895,23.2467389362955 77.439515364913,23.246716140828 77.4394988143522,23.246712178157 77.4393958934718,23.246690015755 77.4393241980306,23.2466818535257 77.4391484345605,23.2466894503665 77.4389246076293,23.2467159509896 77.438470802104,23.246798721348 77.4383666262771,23.2468214317868 77.4375964341087,23.2450465607516 77.4373357897257,23.2444640197374 77.4370068617029,23.2436092120828 77.4369161929447,23.2436711561425 77.4351103744077,23.2449039101612 77.4345400843395,23.2453171488424 77.4339247239968,23.245764586299 77.4351031672242,23.2467061569766 77.4355661526334,23.246513707695 77.4362642244575,23.2462678960331 77.4367656263199,23.2460859863296 77.4369024289579,23.2460288174399 77.4370356140802,23.2459749013843 77.4370538849148,23.2459675050724 77.4370776812867,23.2461618238204 77.437082542969,23.246201524149 77.4371137055262,23.24645599671 77.437127783025,23.2465575001802 77.4371952006887,23.2467522604747 77.4372219543145,23.2468295486114 77.4373293874326,23.2470890110605 77.437349709121,23.2471393808253 77.4370386153516,23.2472325878681 77.4371827176996,23.2476279300745 77.4372968827924,23.2478039213673 77.4374744734359,23.248296348269 77.437753544062,23.248782945403 77.4379279627542,23.2489257189519 77.438027032557,23.2487766519435 77.4386790459599,23.2491324535517 77.4387614448277,23.2491793749774 77.4390886426951,23.2493656937053 77.4393020114398,23.2499472377305 77.439722526299,23.2497900189038 77.4403884680803,23.2501108892551 77.4406272025536,23.2498082256398 77.441346678536,23.2500862207885 77.4427087230344,23.2470045826884 77.4429221834072,23.2466028938983 77.444888649463,23.2466316313321 77.4447044328461,23.2468726773846 77.4447383460447,23.2468925517934 77.4453192236568,23.2472329683689 77.4460749394745,23.2477025863975 77.4470117942809,23.2483452954577 77.4476404380116,23.248796053956 77.4482922025812,23.2492265555524 77.4485443237488,23.2489013564787 77.4480490951091,23.2485216976652 77.4490485930336,23.2472931766204 77.4492432354978,23.2467068263635 77.4501013134437,23.2467211781496 77.4500844278113,23.2478478289818 77.4500662423167,23.2487572573565 77.4500349593852,23.250373730955 77.4500246727769,23.2516623944115 77.4500081455723,23.2524811924857 77.4531482389873,23.2519331341504 77.4544550388924,23.2517087281205 77.45473643885,23.2516644478919 77.4561961526777,23.2514913347542 77.4572981959868,23.2513443694936 77.4629628544892,23.2504576941667 77.466140135462,23.2499304143245</coordinates></LinearRing></outerBoundaryIs></Polygon></MultiGeometry>
  </Placemark>
  <Placemark>
	<Style><LineStyle><color>ff0000ff</color></LineStyle><PolyStyle><fill>0</fill></PolyStyle></Style>
	<ExtendedData><SchemaData schemaUrl="#bhopal_wards">
		<SimpleData name="objectid">28</SimpleData>
		<SimpleData name="townname">Bhopal</SimpleData>
		<SimpleData name="towncensuscode2011">802312</SimpleData>
		<SimpleData name="town_lgd_code">250946</SimpleData>
		<SimpleData name="ward_lgd_code">34378</SimpleData>
		<SimpleData name="ward_lgd_name">Barkatullah Ward</SimpleData>
		<SimpleData name="sourcewardcode">54</SimpleData>
		<SimpleData name="state">Madhya Pradesh</SimpleData>
	</SchemaData></ExtendedData>
      <MultiGeometry><Polygon><outerBoundaryIs><LinearRing><coordinates>77.4524753020248,23.2110479934205 77.4527290212953,23.2110414554538 77.452923459842,23.2110501721923 77.4531629524933,23.2110763240555 77.4536703910344,23.2111111918225 77.4544434048111,23.2111831085757 77.4549437304918,23.2112375901881 77.4556740626144,23.2113247615473 77.4562336681206,23.211420649564 77.4567648185919,23.2115383309307 77.4570778185864,23.2116167845673 77.4574619543715,23.2117344649356 77.458274648531,23.2119611136365 77.4593295329826,23.2094876650305 77.4596363525679,23.2088752317153 77.4598924433908,23.2083696285967 77.4601082232136,23.2079511979507 77.4602462628317,23.2077038811655 77.4603329879859,23.2075982134143 77.4606137654111,23.2072882431869 77.4609673602732,23.2069130466118 77.4616798572442,23.2061397108495 77.4616871416828,23.2061329943054 77.4623218616182,23.2054564487505 77.4624023300064,23.205367467888 77.4624262189048,23.2053247104538 77.4625294757551,23.2050342944188 77.4628588637152,23.2039409992804 77.4632944253555,23.2025936299546 77.4633802755506,23.2023074609553 77.4634510681848,23.2020789315397 77.4635225992343,23.2018270305457 77.4635374681489,23.2017429095938 77.4635874746658,23.2014599951932 77.4636617213223,23.2010061077636 77.4637774072629,23.2002665523855 77.4638001597924,23.2001149986119 77.4609983737101,23.1994589026814 77.4599416090846,23.1992226433515 77.4587770367435,23.1989517686345 77.4583032014823,23.1988375968861 77.4582846970857,23.1983083420673 77.4582311188672,23.1977768673579 77.4582259266049,23.1975229402744 77.4582523667187,23.1971959110332 77.458314378321,23.1968941843414 77.4584120054295,23.1965750174767 77.4588912826847,23.1966235658261 77.4592336144698,23.1951526364043 77.4588970849031,23.1950991324738 77.4587243262976,23.1950729279421 77.4585221263069,23.195042256347 77.4584532120499,23.1950318029347 77.4584419229217,23.1950300904246 77.4583508840576,23.1950162813499 77.4582369803745,23.1949990034904 77.4582363048414,23.1949823292186 77.4581614176861,23.1949704927468 77.4579404860251,23.1949375273209 77.457790399999,23.1949151325591 77.4576682946974,23.1948969133831 77.4576243221642,23.1948903523323 77.4574301809599,23.1948613841249 77.4574115903251,23.194378660388 77.4568261519663,23.1943033830419 77.45611458026,23.1941812408814 77.4558333581688,23.1941183242982 77.4549782994605,23.1938749890953 77.4555973590655,23.193149846772 77.4556535711444,23.193105303535 77.4556690778629,23.193089268957 77.4556962150693,23.1930785784115 77.455733043301,23.1930785784115 77.4557737495598,23.1930874870618 77.455806701561,23.1930981767809 77.4558396535623,23.1931088673248 77.4559094337952,23.1931213389369 77.4559695230029,23.1931195578679 77.4560044135685,23.1931124311145 77.4560761332642,23.1930821413763 77.4561129614959,23.1930536343525 77.4561517291903,23.1930180005642 77.4561846811916,23.1929912745975 77.456213756064,23.1929698943157 77.4562622147837,23.192941387268 77.4563029210425,23.1929235699472 77.4563649479162,23.1929021896546 77.4564905539525,23.192867125571 77.4565463779592,23.1928568627294 77.456582354588,23.1928557224136 77.4566282549058,23.1928637046239 77.456648103182,23.1928751077806 77.4566803571923,23.1928979132654 77.4567299792302,23.192916158311 77.4567609935654,23.1929184389416 77.4568465913339,23.1928979132654 77.4568701613303,23.1928819496741 77.4568900105049,23.1928659852553 77.456903655914,23.1928477402028 77.4569185427949,23.1928249347094 77.456986773434,23.1927052039476 77.4570103434304,23.192668714622 77.4570388757205,23.1926356462395 77.4570612060418,23.1926139802021 77.4570785731712,23.1926025770231 77.4571033846394,23.1925968754332 77.4571219923422,23.1925980157512 77.4571492849571,23.192604857659 77.4571678926599,23.1926139802021 77.457306678778,23.1926943763021 77.4573621838828,23.1927327333953 77.4574097999828,23.1927656390873 77.4574234462902,23.1927804632017 77.4574346105526,23.1927952873145 77.4574432945665,23.1928089702838 77.4574532191537,23.1928511611503 77.4574532191537,23.1928716868337 77.4574482568601,23.192902474527 77.4574408134196,23.1929264203224 77.4574108285537,23.1930018701926 77.4573877840718,23.1930598544726 77.4573862596307,23.1930771358855 77.4573872756253,23.1930930160561 77.4573954053786,23.193107494985 77.4574055680195,23.1931191722586 77.4574126817782,23.1931261776314 77.4574340230544,23.1931341177141 77.4574472345773,23.1931341177141 77.4574716247356,23.1931322499451 77.4574975393349,23.1931271123417 77.4580117655462,23.1930318313139 77.4580493672274,23.1930276275919 77.4580625787503,23.1930224899844 77.458087477355,23.1930089449317 77.4581022124206,23.1929944659921 77.4581138995025,23.1929748494418 77.458118981272,23.1929575680157 77.458117456831,23.1929454241979 77.4581136937883,23.1929284482833 77.4580834178683,23.1927918663656 77.458067290414,23.1927622181376 77.4580610875469,23.1927451142134 77.4580598478718,23.1927143264839 77.4580660498405,23.1926846782387 77.4580759744278,23.192668714622 77.4580871395885,23.1926561711302 77.4580995453225,23.1926436276372 77.4581107095849,23.1926356462395 77.4583806039204,23.192508981741 77.4584433260902,23.1924907374655 77.4584814353195,23.1924827098184 77.4585084296938,23.1924805200096 77.4585235151023,23.1924834389289 77.4585552732426,23.1924951154313 77.4585822676169,23.1925111715493 77.4585949706933,23.1925221181132 77.4586244587908,23.1925593390661 77.4586302196867,23.1925648606507 77.4586425769118,23.1925711377682 77.4586666418799,23.1925768170648 77.4587037414029,23.1925819604694 77.4589720385338,23.1926206792597 77.4589991748419,23.1926242430623 77.4590553878191,23.1926206792597 77.4591348599757,23.1925939540392 77.4592395316726,23.1925458476382 77.4594101064737,23.1924514166878 77.4594876409642,23.1924211276255 77.459516716735,23.1924033102354 77.4595632368903,23.1923658943691 77.4595884355323,23.1923391690978 77.4596950457936,23.1921859416836 77.4597700991373,23.1920824440494 77.4600097184511,23.1917520176842 77.460096109432,23.1916245621299 77.4601108453959,23.1916007416117 77.4601382844363,23.191573184682 77.4601997723208,23.1915243372378 77.4602505810333,23.1914839741098 77.4603273079384,23.1914391355338 77.4603501736556,23.1914311953505 77.4603781211424,23.1914237225278 77.4604225428332,23.1914179713442 77.4606352261632,23.1913904383229 77.4606476318973,23.1913824560247 77.4606712018937,23.1913664914268 77.4606885699214,23.1913493873241 77.4607046964774,23.1913311420647 77.4607183427849,23.1913140379575 77.460730748519,23.1912980733515 77.4607778894101,23.1912364972189 77.4609279951992,23.19104264435 77.4611401961339,23.1908189410632 77.4611840725473,23.1907786801129 77.4612375645275,23.1907020886543 77.4612601418856,23.1906502930321 77.4613092770367,23.1904939622334 77.4613248214844,23.1904234224051 77.4613503004008,23.190307799993 77.4613610954555,23.1902809165953 77.4613706229874,23.1902714289189 77.4613785622979,23.1902663201063 77.4613952359279,23.1902582923256 77.4618193422516,23.190129047633 77.4618860888739,23.1901003261145 77.461919242996,23.1900860590738 77.4619676747663,23.1900473800107 77.4619867289317,23.1900254856512 77.4620010202296,23.1900043212378 77.4620089595401,23.1899860766207 77.4620145174168,23.1899678311753 77.462018487072,23.189938638953 77.4620101111803,23.1898295377859 77.4620015583205,23.1897081958069 77.4619980135684,23.1896579117246 77.4619680933812,23.1892334590162 77.4619526405617,23.1889520606312 77.4619557819702,23.1889317928035 77.461957217478,23.1889063756467 77.4619787743499,23.1887545604484 77.462000670785,23.188667030861 77.462058851971,23.1885082312461 77.4621536350132,23.1881917214357 77.4622110840723,23.1878822214782 77.4618641295567,23.1878266568737 77.4617601351896,23.1878042832164 77.4616415351142,23.1877667554131 77.4615375910526,23.1877241921812 77.4607968330828,23.1873506772549 77.4596862297274,23.1868116933464 77.4596208449511,23.1867825813592 77.4589960199586,23.1865272568629 77.4578513542843,23.1861115695621 77.4577910045652,23.1860920023735 77.4573286434851,23.1859393450086 77.4571606252892,23.185889440185 77.4568290678977,23.1857909599574 77.4560503893448,23.1856639116035 77.4559862523284,23.1856556077421 77.4559401813308,23.1856556077421 77.4558995316658,23.1856589289564 77.4558372011615,23.1856705548574 77.4556493059435,23.1857104127221 77.4550441648355,23.1858571248717 77.4548020616799,23.1859097481103 77.4547428600077,23.185915530084 77.4547041480088,23.1859173550142 77.4546418480473,23.1859202914177 77.4545490386037,23.185914686157 77.4544650281583,23.1859072130261 77.4544144404314,23.1858972485757 77.4543692740372,23.1858864534095 77.4541934171423,23.185827269492 77.45343411525,23.1854368525024 77.4521683423023,23.1874508326085 77.4516674614629,23.1883034869682 77.4515313559175,23.1885715815069 77.4514233353012,23.1888555619623 77.4510323004547,23.1899914777543 77.449621647218,23.1939663515256 77.4469642473512,23.2015774285502 77.4460323404654,23.2040606844774 77.4437252359487,23.2106656510371 77.4427774001362,23.2129678499144 77.4419707947578,23.2161015709591 77.4465983051455,23.2163017997092 77.4486423865402,23.2164102567892 77.4510557824162,23.2165066786027 77.4510742966942,23.2165074183146 77.4510909900872,23.215305196117 77.4510879546798,23.2127347467714 77.4510956891744,23.2117758737644 77.4510905157767,23.2111308057115 77.4518564157947,23.2110872203885 77.4524753020248,23.2110479934205</coordinates></LinearRing></outerBoundaryIs></Polygon></MultiGeometry>
  </Placemark>
  <Placemark>
	<Style><LineStyle><color>ff0000ff</color></LineStyle><PolyStyle><fill>0</fill></PolyStyle></Style>
	<ExtendedData><SchemaData schemaUrl="#bhopal_wards">
		<SimpleData name="objectid">29</SimpleData>
		<SimpleData name="townname">Bhopal</SimpleData>
		<SimpleData name="towncensuscode2011">802312</SimpleData>
		<SimpleData name="town_lgd_code">250946</SimpleData>
		<SimpleData name="ward_lgd_code">34379</SimpleData>
		<SimpleData name="ward_lgd_name">Bag Mugaliya Ward</SimpleData>
		<SimpleData name="sourcewardcode">55</SimpleData>
		<SimpleData name="state">Madhya Pradesh</SimpleData>
	</SchemaData></ExtendedData>
      <MultiGeometry><Polygon><outerBoundaryIs><LinearRing><coordinates>77.4694023287887,23.2036365061949 77.4696261099057,23.20362964999 77.4697380013626,23.2036502177781 77.4698250274524,23.2036753563649 77.4698971343219,23.203693639571 77.4699941065585,23.2037027803475 77.4700637268914,23.203686783369 77.4708648642247,23.2034232387561 77.470985806208,23.2033515704764 77.4711274345957,23.2032447995138 77.4711894965037,23.2031862953608 77.4712356456548,23.2031058510766 77.471264289336,23.2030414954492 77.4712992993775,23.2029303367071 77.4713183948655,23.2028893833761 77.4714027358909,23.2027884626435 77.4714711632611,23.2027445839685 77.471668488993,23.2026568265753 77.4717719255064,23.2025983213393 77.4718928665914,23.2024696103906 77.4720949659708,23.2022531424853 77.4721681678866,23.20219171176 77.4722843353242,23.2021551457601 77.4723798154591,23.2021580710735 77.4724832519726,23.2021785482654 77.4727028559235,23.202201949941 77.4728015187895,23.2021931740035 77.4728779025381,23.2021683100827 77.4729256426056,23.2021361316343 77.4737069882566,23.2015159760471 77.4738390684511,23.2014428444931 77.4740348032666,23.2013506978361 77.4741080042842,23.201308281768 77.4741446052422,23.2012746408591 77.4742098498812,23.2011781064967 77.4742353108313,23.2011225267752 77.4742639554108,23.2010406189929 77.4743180600421,23.2009762623712 77.474357843731,23.2009513973984 77.4744437756728,23.2009367715244 77.4745949522537,23.2009177572254 77.4746554232453,23.2008914291582 77.4746697450859,23.2008753401942 77.474676110548,23.2008460876023 77.4746697450859,23.2007992829467 77.4746777023627,23.2007700303383 77.4747461297328,23.2007100620168 77.474879801742,23.2006632573135 77.4749148108853,23.2006457052359 77.4749530027596,23.2006193779409 77.4750182473987,23.2005725732059 77.4750723529283,23.2005272307162 77.4751105448026,23.2004892019988 77.4751932940133,23.2004102191801 77.4752219385927,23.2003780411342 77.4753151307186,23.2002587440082 77.4755911282082,23.1997513867607 77.4756284253605,23.1996188336788 77.4756458302191,23.19957083962 77.4756706946878,23.1995228463697 77.4757999910033,23.1994017204317 77.4759777119025,23.1992551048831 77.476047348405,23.1991663700728 77.4760695053515,23.1991227296557 77.4761391409557,23.1989408960825 77.4761692111615,23.1988681627491 77.4761723768246,23.1988492513659 77.4761945337711,23.1988157939649 77.4762483428566,23.1987765179826 77.4763338058778,23.1987183314126 77.4769969314407,23.1984739460561 77.4777790747957,23.1982095836463 77.4778404782386,23.198188829242 77.4778658008482,23.1981611902759 77.4778768788722,23.1981379150484 77.4778832101984,23.1981073663578 77.4779508317797,23.1976142168176 77.4780606553147,23.1972443889734 77.4781090197113,23.197146066557 77.4781700476585,23.1970311897772 77.4782159048571,23.1969829305681 77.4783130181292,23.1969178396039 77.4784193975235,23.1968881121986 77.4785143207029,23.1968800550905 77.4786172361934,23.1969430389066 77.4787468963266,23.1970170737518 77.4788765573581,23.1971181953561 77.4798373944876,23.1978068752991 77.4808011744981,23.1983405123545 77.4809707755254,23.1994692385015 77.4819235853096,23.1998321839752 77.4823103576501,23.1991590190572 77.4827340588337,23.198318613573 77.4837764692792,23.1960474183079 77.484079665959,23.1953916326965 77.4842570454984,23.1950630888558 77.4846731828672,23.1943167999787 77.4847885148716,23.1940576313226 77.4847085666079,23.1938894572053 77.4850093692775,23.192839186595 77.4852069043169,23.1919954137251 77.4855533063685,23.1917607059546 77.4856850443049,23.1914076893996 77.4860680302465,23.1905247727689 77.4861340833694,23.1903344670432 77.4860909220149,23.1901776941077 77.4860345356629,23.190199276315 77.4859418609666,23.1899490729458 77.4828300007026,23.189939999765 77.480840000583,23.1890999995789 77.4792200003592,23.1879200002765 77.4784899997149,23.1865800003984 77.4788300003718,23.183910000117 77.4789488852132,23.1827980818614 77.4791700001304,23.180730000132 77.4780799996361,23.1790599998586 77.4780779730368,23.1787539281608 77.476434429766,23.1794632460942 77.4762690696851,23.1795346117211 77.4760042598141,23.1796684630459 77.4759224852755,23.1796990894443 77.4757771082181,23.1797130099316 77.4756862481187,23.1797157945243 77.4755314216828,23.1797275993141 77.4754480723975,23.1797454183926 77.4753879831898,23.1797685828608 77.4753589083174,23.1797917473249 77.4753414630345,23.1798131297131 77.4753123872637,23.179859458622 77.4752871886217,23.1799111329011 77.4752348536716,23.1800216096767 77.4751941474128,23.1800643743761 77.4750759075618,23.1801303042932 77.4750196954829,23.1801356496706 77.4749964354052,23.1801356496706 77.4749576686092,23.1801071398877 77.4749402233264,23.1800893208574 77.4748975794015,23.180039428716 77.4748491197835,23.1799699354401 77.4748219834754,23.1799271698847 77.4747812781149,23.1798737135406 77.4746998664957,23.1798077843228 77.4746572225708,23.1797846198614 77.4745990719275,23.1797668007882 77.4745661199263,23.1797596733234 77.4745021544882,23.1797703641076 77.4744750172817,23.1797810557167 77.4744575719989,23.1797899652527 77.4744226814333,23.1798256025648 77.47440135992,23.1798950959156 77.4743955451252,23.1799307340256 77.4743916679964,23.1799806262075 77.4743877908677,23.1800412099592 77.4743994213557,23.1800804113413 77.4744129895097,23.1801160494019 77.4744323733569,23.1801588140712 77.4746087638512,23.1803049278268 77.474626209134,23.1803245288936 77.4746417158524,23.1803566019339 77.474651407776,23.1803904578567 77.4746552849048,23.1804332224382 77.4746688530588,23.1804848973217 77.4746901745721,23.1805365713593 77.4747114969837,23.1805739905345 77.4747489459512,23.1806563130134 77.4747576299651,23.1806939460354 77.4747700356992,23.180725876951 77.4747923651222,23.1807623703603 77.4748345437197,23.1808091258748 77.4749889614221,23.1809575296642 77.4749023135231,23.1810523130835 77.4741308143059,23.1818962499489 77.4742336732026,23.1824999619055 77.4743626119886,23.1832567421496 77.4744740228467,23.1834727040531 77.4741537348204,23.1839365619181 77.4726605937827,23.1860997934113 77.4738054364252,23.186386551182 77.4765318601434,23.1870141624796 77.4769617974316,23.1871061654267 77.4774639637603,23.1872130780944 77.477189095453,23.1874698091866 77.4766421004967,23.1877868112 77.4759692345012,23.1891260236181 77.4756933214532,23.1897021398525 77.4755773624248,23.1901036785964 77.4755713643736,23.1906313524117 77.4755578240674,23.191097753468 77.4754309999155,23.1914417654717 77.4747514244031,23.1920345108661 77.4745809987223,23.1921973614126 77.4744677005038,23.1923254414916 77.474384871343,23.1936313421559 77.4739447552443,23.1938114134502 77.4734904529506,23.193986799421 77.4731300398754,23.1941065067412 77.47281202818,23.194164968628 77.4720972593697,23.1942568370198 77.4715975265771,23.1943236500557 77.4716399279569,23.1949500235335 77.4719207655692,23.19492526891 77.4719973128112,23.1962083285342 77.4707343515903,23.196283492513 77.4706447635053,23.1950324090014 77.4693567545594,23.1951219235424 77.4680731859859,23.195184832222 77.4680446006952,23.1951858949018 77.468018250413,23.1951889731228 77.4679964941151,23.1951915146367 77.4679837901404,23.1951952509428 77.4679644817517,23.1952027235547 77.467867164562,23.1952633136235 77.4677841593314,23.1953149926864 77.4676928554643,23.1953507513693 77.4676517683198,23.1953609223665 77.4673418639198,23.1953894288985 77.4667138364333,23.1954197181141 77.4660896851773,23.1954250628805 77.4654093218423,23.1953965563562 77.4640660781845,23.1953367185624 77.4637101854319,23.1953258407622 77.463637681507,23.1953236254032 77.4634379779345,23.1953252247884 77.4632484046635,23.1953330128112 77.4627227779328,23.1953826895202 77.4625837043538,23.1953884438362 77.4625544363436,23.1953890416443 77.462531672136,23.1953881449321 77.4624642517772,23.195377428148 77.4624163967254,23.1953656784098 77.4619207108432,23.1952067777561 77.4615294136886,23.1950734365756 77.461385708396,23.1950245416935 77.4613031370517,23.195001919052 77.461231152353,23.1949894434868 77.4610616573269,23.1949600698799 77.4607863236923,23.1949185988675 77.4597549059309,23.1947592658385 77.4588360075487,23.1946078759175 77.4574115903251,23.194378660388 77.4574301809599,23.1948613841249 77.4576243221642,23.1948903523323 77.4576682946974,23.1948969133831 77.457790399999,23.1949151325591 77.4579404860251,23.1949375273209 77.4581614176861,23.1949704927468 77.4582363048414,23.1949823292186 77.4582369803745,23.1949990034904 77.4583508840576,23.1950162813499 77.4584419229217,23.1950300904246 77.4584532120499,23.1950318029347 77.4585221263069,23.195042256347 77.4587243262976,23.1950729279421 77.4588970849031,23.1950991324738 77.4592336144698,23.1951526364043 77.4588912826847,23.1966235658261 77.4584120054295,23.1965750174767 77.458314378321,23.1968941843414 77.4582523667187,23.1971959110332 77.4582259266049,23.1975229402744 77.4582311188672,23.1977768673579 77.4582846970857,23.1983083420673 77.4583032014823,23.1988375968861 77.4587770367435,23.1989517686345 77.4599416090846,23.1992226433515 77.4609983737101,23.1994589026814 77.4638001597924,23.2001149986119 77.4637774072629,23.2002665523855 77.4636617213223,23.2010061077636 77.4635874746658,23.2014599951932 77.4635374681489,23.2017429095938 77.4635225992343,23.2018270305457 77.4634510681848,23.2020789315397 77.4633802755506,23.2023074609553 77.4632944253555,23.2025936299546 77.4628588637152,23.2039409992804 77.4625294757551,23.2050342944188 77.4624262189048,23.2053247104538 77.4624023300064,23.205367467888 77.4623218616182,23.2054564487505 77.4616871416828,23.2061329943054 77.4625136222869,23.2067024866946 77.4628758831966,23.2068857306199 77.4630776241482,23.2070371446157 77.4632924113326,23.2072291917608 77.4633831789055,23.207307757736 77.4634482546613,23.2073510008305 77.4635441381398,23.2073920725104 77.4641851238243,23.2076215191939 77.4643211898438,23.2076822299546 77.4644186067464,23.207744538273 77.4645077250125,23.2078059218622 77.4646991299484,23.2079506967969 77.4655720408763,23.2087284895057 77.4660279745106,23.2092073008412 77.4665825000439,23.2098079800376 77.4667229462486,23.2099403801836 77.466836505877,23.2100474339352 77.4669345785498,23.2101262913452 77.4670085296606,23.2101665935287 77.4670647129934,23.2101868275897 77.4671728009834,23.2102121903385 77.4673269339198,23.2097821078089 77.4673871938074,23.2086520420809 77.4673909766131,23.2085620643453 77.4673784693693,23.2085058676532 77.4673520660865,23.2084445619939 77.4670357773598,23.2080221933573 77.4670329305987,23.2080075451397 77.4670353542533,23.207970229413 77.4670540769405,23.2077829529699 77.4671047077865,23.2074853840904 77.4671519564755,23.2073525546623 77.4677133756803,23.2064342394402 77.467766182246,23.2063869818171 77.46779675461,23.206370378319 77.467955174307,23.2063065171672 77.4681219330648,23.2062375477826 77.4681469466539,23.2062145579798 77.4681650117742,23.2061749638251 77.4681511157351,23.2061162124384 77.4681233227585,23.2059540055044 77.468103074732,23.2054135798834 77.4680861109462,23.2053013241865 77.4680555772097,23.2051547671243 77.4680555772097,23.2050924022804 77.4680725400972,23.2049739094097 77.4681132526442,23.2048554164339 77.4684203605887,23.2042121842385 77.4685006996195,23.2040744818844 77.4685506405594,23.2040205984236 77.4685897244608,23.2039946548943 77.4686765771757,23.2039387758077 77.4691188725873,23.2037850522614 77.4691735745982,23.203750772097 77.469260600688,23.2036959249716 77.4693525998512,23.2036479323767 77.4694023287887,23.2036365061949</coordinates></LinearRing></outerBoundaryIs></Polygon></MultiGeometry>
  </Placemark>
  <Placemark>
	<Style><LineStyle><color>ff0000ff</color></LineStyle><PolyStyle><fill>0</fill></PolyStyle></Style>
	<ExtendedData><SchemaData schemaUrl="#bhopal_wards">
		<SimpleData name="objectid">30</SimpleData>
		<SimpleData name="townname">Bhopal</SimpleData>
		<SimpleData name="towncensuscode2011">802312</SimpleData>
		<SimpleData name="town_lgd_code">250946</SimpleData>
		<SimpleData name="ward_lgd_code">34381</SimpleData>
		<SimpleData name="ward_lgd_name">Saket Shakti Ward</SimpleData>
		<SimpleData name="sourcewardcode">57</SimpleData>
		<SimpleData name="state">Madhya Pradesh</SimpleData>
	</SchemaData></ExtendedData>
      <MultiGeometry><Polygon><outerBoundaryIs><LinearRing><coordinates>77.464703063671,23.2293560270971 77.463233447714,23.2284670824542 77.464662587381,23.2265616788807 77.4640315164023,23.2261882246103 77.4626868022024,23.2253455092808 77.461992453895,23.2248953815089 77.4625384301618,23.2241510341096 77.462460478853,23.2240985555334 77.4610296476584,23.2231942185508 77.4591791585973,23.2220572649038 77.4582244893005,23.2214342892697 77.45805935829,23.2213235503448 77.457891994966,23.2211799984965 77.4578378382325,23.2211254895684 77.4577559819472,23.2210310936707 77.4577093306378,23.2209708950345 77.4576733486191,23.2209154473775 77.4575283290912,23.2206953365044 77.4574932310148,23.2206383515667 77.4574768511339,23.2206189982951 77.4574575472367,23.2206039461156 77.4574394129461,23.2205958821819 77.457413088715,23.2205894313648 77.4572321114229,23.2205797757773 77.4563959370986,23.2205638906171 77.4564191998712,23.2196193822794 77.4565039972407,23.2176096249712 77.4565257643184,23.2166930297371 77.4618592319418,23.2168921026297 77.4636793813025,23.2169729654332 77.4636312145353,23.2171820413062 77.4631922177374,23.2188514927889 77.4636150403686,23.2190526932234 77.4638674633702,23.2191583263229 77.463940616777,23.2191867840244 77.4643498766441,23.2193116928795 77.4643898130466,23.2193213782787 77.4645223450938,23.2193423853226 77.4646521363809,23.2193516249205 77.4648367698163,23.2193566649261 77.465699135421,23.2193502082703 77.4656440920503,23.2180728938258 77.4656281891748,23.2177038391865 77.4656256882651,23.2176458012035 77.4663583371428,23.2176038006134 77.4685448572056,23.2175355503485 77.4686019846678,23.2175289879324 77.4686533979464,23.2175158630991 77.4687490855922,23.2174804257125 77.468859053756,23.2174436756673 77.4689947299066,23.2174069247864 77.46967882125,23.2172609910962 77.4701853731539,23.2172199744608 77.4711654836379,23.2171575483774 77.4712130126012,23.2171399084795 77.4712239810309,23.2171298283009 77.4712413481603,23.217111348797 77.4712568863197,23.2170886679764 77.4712651121928,23.2170659879775 77.4712696828209,23.2170449880057 77.4712696828209,23.2170155878746 77.4712651121928,23.2169744275149 77.4712605424629,23.216959307228 77.4712523156915,23.2169416673038 77.471237692017,23.2169198268834 77.4712054981939,23.2168835489095 77.4711536743851,23.2168405895937 77.471127683429,23.2168211903655 77.4687780140393,23.2155159406159 77.4693395967375,23.2145866120808 77.4692873300593,23.2145586636097 77.4686804525079,23.214270683306 77.4686448289169,23.21437237637 77.4686248351137,23.2144248777566 77.4686062687334,23.2144471908189 77.4685705642941,23.2144655666678 77.4685562828777,23.2144760664441 77.4685191510154,23.2145141299838 77.4685020129564,23.2145403810646 77.4683877598287,23.2147490735471 77.4683806182222,23.2147674493544 77.4683649084845,23.2147884496842 77.4683420580386,23.2148028874607 77.4682977854682,23.2148147007111 77.4682792190879,23.2148160125606 77.4682463712912,23.214823887785 77.4682320898748,23.2148343883587 77.4681921004716,23.2148658892493 77.4681792473765,23.214888202238 77.4681692500258,23.2149144524197 77.4681130460317,23.2150185532121 77.4680738983499,23.2150854351255 77.4680664225701,23.2150982068494 77.4677543397556,23.2149768762491 77.4675605659623,23.2149071551075 77.4672187201657,23.21478703216 77.4665432697171,23.2145245158257 77.4661533523747,23.2143827011297 77.4658579351054,23.2142956869757 77.4656785379498,23.2142443273229 77.4644126113902,23.2138889924524 77.4643658971988,23.2138765070919 77.4635794527103,23.2136663115001 77.4635516489539,23.2136588803742 77.4636386337212,23.2134970739261 77.4637161277875,23.2133529200663 77.4637417666041,23.2133052281524 77.4637746718929,23.2132665863544 77.4638176311264,23.2132220646817 77.4641310039217,23.2129945223514 77.4642974338961,23.2128295068402 77.4644376007248,23.2125966519601 77.4645424305252,23.2124038472012 77.4646142095097,23.2122359207284 77.4646505032438,23.2121273793507 77.464703810171,23.2118655925741 77.4647193285676,23.2116437891658 77.4647140356939,23.2112597006843 77.4647223702631,23.2111737528281 77.4647298325682,23.21113913441 77.4647346547246,23.211116764654 77.4647387492457,23.2111033238097 77.4647434294683,23.2110877330891 77.4650388422461,23.2106479524894 77.4650464473833,23.2106242963544 77.4650499571012,23.2106092430486 77.4650499571012,23.2105920390325 77.4650631210133,23.2104601588402 77.4650938946,23.2101518613338 77.4651781134545,23.2096831721025 77.4652160906315,23.209556559258 77.4652289598963,23.2095393551064 77.4652546984258,23.2095140863499 77.4652728327164,23.2094931190412 77.4653001334162,23.2094579420719 77.465304358193,23.2094482344916 77.4653069983416,23.2094351295048 77.4653066731515,23.2094265893426 77.4652978885263,23.2091963003272 77.4652987140781,23.2091803741838 77.4653086162075,23.2091598980646 77.465317897601,23.2091446142467 77.4655530181519,23.2087574398469 77.4655720408763,23.2087284895057 77.4646991299484,23.2079506967969 77.4645077250125,23.2078059218622 77.4644186067464,23.207744538273 77.4643211898438,23.2076822299546 77.4641851238243,23.2076215191939 77.4635441381398,23.2073920725104 77.4634482546613,23.2073510008305 77.4633831789055,23.207307757736 77.4632924113326,23.2072291917608 77.4630776241482,23.2070371446157 77.4628758831966,23.2068857306199 77.4625136222869,23.2067024866946 77.4616871416828,23.2061329943054 77.4616798572442,23.2061397108495 77.4609673602732,23.2069130466118 77.4606137654111,23.2072882431869 77.4603329879859,23.2075982134143 77.4602462628317,23.2077038811655 77.4601082232136,23.2079511979507 77.4598924433908,23.2083696285967 77.4596363525679,23.2088752317153 77.4593295329826,23.2094876650305 77.458274648531,23.2119611136365 77.4574619543715,23.2117344649356 77.4570778185864,23.2116167845673 77.4567648185919,23.2115383309307 77.4562336681206,23.211420649564 77.4556740626144,23.2113247615473 77.4549437304918,23.2112375901881 77.4544434048111,23.2111831085757 77.4536703910344,23.2111111918225 77.4531629524933,23.2110763240555 77.452923459842,23.2110501721923 77.4527290212953,23.2110414554538 77.4524753020248,23.2110479934205 77.4518564157947,23.2110872203885 77.4510905157767,23.2111308057115 77.4510956891744,23.2117758737644 77.4510879546798,23.2127347467714 77.4510909900872,23.215305196117 77.4510742966942,23.2165074183146 77.4510557824162,23.2165066786027 77.4486423865402,23.2164102567892 77.4465983051455,23.2163017997092 77.4419707947578,23.2161015709591 77.4413974090951,23.2160095202697 77.4394668100736,23.2236585618568 77.4433220262351,23.2238072590223 77.4448520512001,23.2238564413881 77.4459034133575,23.223936963986 77.447578009591,23.224012173457 77.4486545362544,23.2241076313484 77.4494831997647,23.224179276111 77.4508416096794,23.2244254644494 77.451896562403,23.2246584803224 77.452107604511,23.2247150920602 77.4521674107494,23.2247758379794 77.4522051840088,23.2248307986278 77.4522083317055,23.224868402704 77.4522051840088,23.2249089002152 77.452189445525,23.2249551829522 77.4521264906916,23.2250390697014 77.4520792743419,23.2250622106365 77.4519879902377,23.225102708089 77.4519092969205,23.2251345268586 77.4518431943903,23.2251721316749 77.4517550579828,23.2252299847731 77.4516889554526,23.2252965156813 77.4516574775868,23.2253601539462 77.451641739103,23.2254093291359 77.4516385914062,23.225458503482 77.4516354437095,23.2255076786355 77.4516322960127,23.2255568537709 77.4516260006192,23.2256291697251 77.4515693411793,23.2258258691534 77.4515378633134,23.2258952923633 77.4515189771329,23.2259386821607 77.451437136119,23.2260601728581 77.4513993628596,23.2260890988052 77.4513238172391,23.2261209181653 77.450820809189,23.2261462943988 77.4507795513647,23.2261522182709 77.4507163746474,23.2261711753205 77.4506738277405,23.2261925024108 77.4506170973337,23.2262292318872 77.4502563078645,23.2266317753231 77.4500128392697,23.2269703903257 77.449783315223,23.2273764300136 77.4497571257392,23.2274208602901 77.4497349651995,23.2274634389472 77.4497168345021,23.2275134231809 77.4497107906369,23.2275689613799 77.4497168345021,23.2276596733917 77.4497228783673,23.2277078059508 77.4499389187016,23.2285348731086 77.4499505222401,23.2286012224117 77.4499479440752,23.2286509833355 77.4499414977647,23.2286782337897 77.4499311833086,23.2286960058938 77.4499079753333,23.2287185171673 77.449882189193,23.2287279955102 77.4498125661653,23.228731550095 77.4495946717083,23.2287279955102 77.4495392312822,23.2287256255118 77.4494541365703,23.2287256255118 77.4493393884708,23.228746952194 77.4488962064221,23.2289094096422 77.4488845885105,23.2289137773344 77.4488708577614,23.2289166888539 77.448861351789,23.2289171742447 77.4488249125278,23.2289142627252 77.4479238834333,23.2285242101638 77.4478352430709,23.2284945896756 77.4477889079685,23.2284816310195 77.4477607044619,23.2284797802545 77.4477163842807,23.2284890365556 77.44768415183,23.2285038459756 77.4476559483233,23.2285242101638 77.4476297588395,23.2285593837626 77.4475854386584,23.2286482435133 77.4472933289859,23.2294405756016 77.4472691535249,23.2294887083441 77.4472429649394,23.2295275840153 77.4472067026464,23.2295646089252 77.4471684263305,23.22959978225 77.4469045201646,23.2297608394557 77.4468642289275,23.2297849057714 77.4468279666344,23.2298126744013 77.4467937192625,23.2298571038669 77.4467796175092,23.2298941286855 77.4467735745423,23.2299330042386 77.4467735745423,23.2299663267219 77.4467816324304,23.2300070538234 77.4469025052434,23.2303921086904 77.4469307087501,23.2304550502934 77.4469307087501,23.2304735626211 77.4469166069967,23.230505033407 77.4468440833089,23.2305290995886 77.446767530677,23.2305420580459 77.4462734402028,23.2306042071133 77.4462377034241,23.2306087018746 77.4463450979147,23.2317322471167 77.4477808500804,23.231739793629 77.4506636821677,23.2317889540866 77.4519988868021,23.231800088118 77.4555281088386,23.2318490256747 77.4607053046369,23.2319177977537 77.4617583448472,23.2319401367849 77.4663555820098,23.2319979836483 77.4662126636414,23.2317190370043 77.4661898131955,23.2316429197221 77.4661769601004,23.2316087985946 77.4661612503627,23.2315589289848 77.4661269742447,23.2313108906928 77.4661198335365,23.2308896196146 77.4661284025661,23.2301258158854 77.4661351857448,23.2298931504815 77.4661351857448,23.2296912944325 77.4649007127965,23.2296720208946 77.464698652943,23.229668865872 77.464703063671,23.2293560270971</coordinates></LinearRing></outerBoundaryIs></Polygon></MultiGeometry>
  </Placemark>
  <Placemark>
	<Style><LineStyle><color>ff0000ff</color></LineStyle><PolyStyle><fill>0</fill></PolyStyle></Style>
	<ExtendedData><SchemaData schemaUrl="#bhopal_wards">
		<SimpleData name="objectid">31</SimpleData>
		<SimpleData name="townname">Bhopal</SimpleData>
		<SimpleData name="towncensuscode2011">802312</SimpleData>
		<SimpleData name="town_lgd_code">250946</SimpleData>
		<SimpleData name="ward_lgd_code">34387</SimpleData>
		<SimpleData name="ward_lgd_name">Gautam Buddha Ward</SimpleData>
		<SimpleData name="sourcewardcode">63</SimpleData>
		<SimpleData name="state">Madhya Pradesh</SimpleData>
	</SchemaData></ExtendedData>
      <MultiGeometry><Polygon><outerBoundaryIs><LinearRing><coordinates>77.485132277673,23.2490132387705 77.4851360748517,23.2488495644393 77.4853640124735,23.2485728188037 77.4858589832968,23.2481388509953 77.4860307672302,23.2480129010793 77.4862979863829,23.2478566596954 77.4868482278506,23.2476527244534 77.4867610688101,23.2473462238428 77.4864380274474,23.2463334961475 77.4863403015243,23.2460178628798 77.4862218460777,23.2455743419306 77.4860678541768,23.2449947696915 77.4859992345671,23.2446613962962 77.4859336611447,23.2444091620946 77.4856791450685,23.2436397000171 77.4856450010028,23.2435455808683 77.4856450010028,23.2434863209658 77.4856696606557,23.2434375189161 77.4857758873364,23.2433155124757 77.4858290011258,23.2432144217178 77.4858631451915,23.2430540707888 77.485886960428,23.2427620983658 77.4858803623022,23.2425426673362 77.4858658060014,23.2418895433028 77.4858779359526,23.2408418630099 77.4858706578022,23.2400772751307 77.4858730841518,23.2391365796721 77.48590900778,23.237797449994 77.4859094740056,23.2377244101176 77.4859883182398,23.2352867937778 77.4859907436911,23.2350817067944 77.4859798273637,23.2349407096717 77.4859156364485,23.2337294313457 77.4858610305573,23.232811305731 77.4857927999182,23.2311184596537 77.4857643700361,23.2307910338643 77.4857411297214,23.2301482707846 77.4857373594921,23.2301041749128 77.4847840430581,23.2301738196048 77.4832854240938,23.2302518652355 77.4816181850625,23.2303282730566 77.4814513912704,23.2303379584821 77.4811594720407,23.2303596291343 77.4811085204961,23.2303657212186 77.4809048840993,23.2304109231544 77.4780543545314,23.2312333384931 77.4765653340658,23.2316778481578 77.4758790966472,23.2318452994739 77.4755374188357,23.2319130842853 77.4752078790602,23.2319585275616 77.4749027213582,23.2319925115707 77.4746172466424,23.2320094982064 77.4741746844311,23.2320235056993 77.4734748842484,23.2320182565011 77.4727841067443,23.2320115181449 77.4721295520075,23.232005133092 77.4718071295841,23.2320214585202 77.4714479175565,23.2320290173984 77.4710960178153,23.2320264980476 77.4707700721993,23.2320251459189 77.4693438870913,23.2320112350068 77.4692495208673,23.2320098581137 77.4663555820098,23.2319979836483 77.466370868641,23.2320493967328 77.4666969894285,23.2330754015586 77.4667655515459,23.233319555224 77.4667834379015,23.2334081261943 77.4667898967884,23.2334624551088 77.4667928154148,23.2337151937272 77.4668013547999,23.2354569265939 77.4668137452626,23.2374234064268 77.4668254206664,23.2389822338151 77.4668237165623,23.2413567933886 77.4668352706934,23.2431607925915 77.4668343741748,23.2441000647488 77.466827992543,23.2443281533063 77.466818288043,23.2443816507249 77.4667952417644,23.2444641253884 77.4667418701584,23.2445789217547 77.4665568172099,23.2449761826166 77.4663192658178,23.2454655016261 77.4662067006245,23.2457115871457 77.466197385095,23.2457358395991 77.4661950557635,23.2457493916863 77.4661903979987,23.2457857699419 77.4661897925342,23.2458734899144 77.466140135462,23.2499304143245 77.4670182620084,23.2497829504736 77.4679099234712,23.2496332142258 77.4703087280121,23.2492380496402 77.4715430626198,23.2490376202067 77.4719790815025,23.248968341095 77.472162558806,23.2489391881779 77.472331794219,23.2489220699874 77.4724684252788,23.2489142240118 77.4725538191297,23.2489135108913 77.472728280941,23.2489150081141 77.4728542481,23.2489160901754 77.4729067797812,23.248917722759 77.4730703926389,23.2489257148251 77.4740003780284,23.2489567083217 77.4750411203024,23.249009089634 77.4754673143109,23.2490269209332 77.4756466422961,23.2490511727838 77.4757956943613,23.2490889755525 77.4760464429032,23.2491553105089 77.4761496916687,23.2491881205898 77.4762312047976,23.2492252110263 77.4765192163558,23.2493650119512 77.4779538779668,23.2500880960147 77.4786755548216,23.2504458601351 77.4799729942815,23.2511033075878 77.4804560768002,23.2512215094388 77.4846376203618,23.2518772049707 77.4847665124354,23.251893868838 77.4849329073755,23.2509076680374 77.4851306589088,23.250002107952 77.485190373519,23.2497254191823 77.485132277673,23.2490132387705</coordinates></LinearRing></outerBoundaryIs></Polygon></MultiGeometry>
  </Placemark>
  <Placemark>
	<Style><LineStyle><color>ff0000ff</color></LineStyle><PolyStyle><fill>0</fill></PolyStyle></Style>
	<ExtendedData><SchemaData schemaUrl="#bhopal_wards">
		<SimpleData name="objectid">39</SimpleData>
		<SimpleData name="townname">Bhopal</SimpleData>
		<SimpleData name="towncensuscode2011">802312</SimpleData>
		<SimpleData name="town_lgd_code">250946</SimpleData>
		<SimpleData name="ward_lgd_code">881936</SimpleData>
		<SimpleData name="ward_lgd_name">Bhanpur Ward</SimpleData>
		<SimpleData name="sourcewardcode">74</SimpleData>
		<SimpleData name="state">Madhya Pradesh</SimpleData>
	</SchemaData></ExtendedData>
      <MultiGeometry><Polygon><outerBoundaryIs><LinearRing><coordinates>77.458916616074,23.2862960673786 77.4585336750482,23.2845893323597 77.458356620699,23.2846102383575 77.4582169470453,23.2836204179442 77.4570895101598,23.2836960607955 77.4569891333083,23.2831522013457 77.4567549281406,23.2819307419494 77.4564470153057,23.2801942949322 77.4564011814632,23.2799371257342 77.4563603018296,23.2798620228903 77.4563503916154,23.2798506436679 77.4554089095869,23.2787347654899 77.4553473174978,23.2786563059335 77.4517735587861,23.2794611700076 77.4513112785544,23.2795702202057 77.4492350177096,23.2800424185065 77.4472325561603,23.2805051858554 77.4465093854071,23.2806723093238 77.4458093301028,23.280820875261 77.4452941507789,23.2809438285039 77.4452519802662,23.2809557299671 77.4451186846511,23.2809962376781 77.4450040102135,23.2810310863471 77.4449304579547,23.2810613123946 77.4447252863371,23.2811555453335 77.4444910811695,23.2812853372802 77.4443328258642,23.2813939816514 77.4443072014207,23.2814115742696 77.44429587097,23.2811076738404 77.4442912284766,23.2809831652989 77.4443478483906,23.2801634283503 77.4443439766518,23.2801011992332 77.4443342991012,23.2800443032134 77.4442820387113,23.2799287336656 77.4439839588353,23.2793775534902 77.4439607319954,23.27932776941 77.4439200850254,23.2789472755335 77.4439104065765,23.2788814892994 77.4437752191094,23.2783352724258 77.4437845939277,23.2783000789475 77.443877502186,23.2780867162747 77.4440429889293,23.2777134326862 77.4452162722337,23.2774351873627 77.4452460352157,23.2772129227441 77.4452633780905,23.2770149210212 77.4452656184889,23.2763523275226 77.4452625740984,23.2763234289803 77.4452600363577,23.2763113100751 77.4452569919672,23.2763010561239 77.4452529333788,23.2762949966705 77.4451601194436,23.2762442657568 77.4451292695001,23.2762281578191 77.4451266715723,23.2762227882311 77.4451256969002,23.2762183131616 77.4451256969002,23.2762126456753 77.4451404912546,23.2761717651684 77.4452209668294,23.2760204609723 77.4452209668294,23.2760074103852 77.4452194450833,23.2759994867844 77.4452169073426,23.2759924948376 77.4452052373287,23.2759710544055 77.4451869709858,23.2759500793846 77.4451407975802,23.2759263085706 77.4451205010446,23.2759188503798 77.4451017271535,23.2759104605336 77.4450890429417,23.2758969436957 77.4450773720295,23.2758680450545 77.4450758502834,23.2758554598676 77.4450768644814,23.2757459255334 77.4450768644814,23.2757324086788 77.4450788946739,23.2757165606187 77.4450799097702,23.2757114336203 77.4451964850429,23.2755014493211 77.4452088728107,23.2754764142108 77.445212589141,23.275462758694 77.4452026789268,23.2754047227323 77.4451681970946,23.2752970645494 77.4451544968882,23.2752602421334 77.4451544968882,23.2752150298171 77.4451544968882,23.2752019791512 77.4451519600459,23.2751581647182 77.4451387682859,23.2751255376244 77.4451331861548,23.2751148165138 77.4451255756277,23.2750989692055 77.4451225312372,23.2750742657534 77.4451260831758,23.275057019711 77.4451529751422,23.2749400264747 77.4451550044364,23.2749269749565 77.4451550044364,23.2749125255316 77.4451519600459,23.2749004073233 77.4451397824839,23.2748360838386 77.4451357238954,23.2748165073709 77.4451316644087,23.2748029904219 77.4451255756277,23.2747927355294 77.4450707757004,23.2747251499334 77.4450565688442,23.2746976497711 77.445049972515,23.2746692171142 77.4450489574188,23.2746524372639 77.4450489574188,23.2746398519622 77.4450494649669,23.2746291316377 77.4450509876113,23.2746165463337 77.4450560612961,23.2745881136595 77.4450846977906,23.2745307242832 77.4451045182191,23.274506689973 77.4451172033292,23.2744884824845 77.4451267173864,23.2744702758188 77.4451354382312,23.2744498831618 77.445140988023,23.2744273061632 77.445144159076,23.2744098265017 77.4451465378148,23.2743901624987 77.4451481233413,23.2743697706548 77.4451497088678,23.2743559326524 77.4451544654472,23.2743238879629 77.4452361887819,23.2741038247771 77.4452422775629,23.2740590783149 77.4452402482686,23.2740068735399 77.4448470889064,23.2732293177086 77.4443108728353,23.2731639973756 77.4438987653088,23.2731056575562 77.4433195477832,23.273047626344 77.4431731709009,23.2730356276232 77.4431185470435,23.2730338583481 77.4430053817756,23.273034565563 77.4429292001479,23.273037958874 77.4427317827878,23.2730506367519 77.4420115270677,23.2731150064859 77.4408136272296,23.2732474387211 77.4405176188687,23.2732801628257 77.439980335599,23.2733318521232 77.4394333029135,23.2733818018381 77.4385811547468,23.2734402991534 77.43790386904,23.2734583904293 77.4377767205963,23.2734617862052 77.437764080402,23.2734611854458 77.4377562354146,23.2734595845211 77.4377514968015,23.2734571707557 77.4377373645054,23.2734480066991 77.4377298824374,23.2734357876808 77.4377232322094,23.2734166962362 77.4377149191997,23.2733823299785 77.4377063456787,23.2733146718728 77.437698878882,23.2732557379608 77.4375695987362,23.2710778369955 77.4374510516614,23.2680785590949 77.4374244965633,23.2669208431594 77.434626525626,23.2669686735367 77.4336638550349,23.266985130028 77.4335440889463,23.2669834143145 77.433528659483,23.2669858587317 77.4335031212778,23.2669917238475 77.4334717305484,23.2670029655249 77.4334451278396,23.2670156736864 77.4334249103559,23.2670313148163 77.4334041601711,23.2670503774667 77.433340160597,23.2671234293402 77.4331264549842,23.2673673597529 77.4330809023144,23.2674193542135 77.4330126069967,23.2674901422078 77.4329784880838,23.2675219310614 77.432915834186,23.26758859355 77.432873067192,23.2676446919172 77.4327114746454,23.2679082921151 77.4326706623854,23.2679906639237 77.4325919708648,23.2682008936081 77.4325411423894,23.26831102255 77.4323249143073,23.2687019573181 77.432067933254,23.2691285927257 77.431893951143,23.2693785808864 77.4318528127946,23.2694821531201 77.4317803187511,23.2696461008571 77.431705323798,23.2697929444353 77.4316889852396,23.269822239685 77.4315645973188,23.2700342952117 77.4314719747248,23.2701645205184 77.4313914057253,23.2702596095124 77.4313581384154,23.2702934674035 77.4312797622035,23.2703621982027 77.4312102245156,23.2704181501602 77.4311675311835,23.2704488324968 77.4309978618842,23.2705788057012 77.4308524551824,23.2706995526404 77.4308295768887,23.2707210582894 77.430814679228,23.2707415860306 77.4307987179621,23.2707630916729 77.4307273926269,23.2708776434066 77.4307342503657,23.2708906680887 77.4307997824657,23.2710084521548 77.4308093594049,23.2710265363339 77.4308141474254,23.2710421769929 77.430815211929,23.2710573282865 77.4308162755343,23.2710700360613 77.4307639073465,23.2719304879865 77.4307770991065,23.2719850231941 77.4308216223069,23.272044102083 77.4308991262547,23.2721046960632 77.4311481877604,23.2722430915641 77.4312490299393,23.2723198144966 77.4315801273934,23.2726074615578 77.4316120023147,23.2726782921829 77.4316137917587,23.2727442300212 77.4316180354001,23.2728848892682 77.4316322197985,23.2729190155145 77.431652482198,23.2729587260297 77.4318135950442,23.273232540194 77.4318298204149,23.273269799712 77.4318995323759,23.2734864404431 77.4319128732561,23.2735192164778 77.4319224942129,23.2735355599303 77.4319442720703,23.2735627616035 77.4319564298693,23.2735736198252 77.4322821257537,23.2737868106556 77.4323186961689,23.2738316149744 77.4323396817123,23.2739585786172 77.4323527800474,23.2745322715562 77.432256808534,23.2745243965552 77.4321783245243,23.274522274109 77.4321351047794,23.2745277172095 77.4319773112081,23.2745921745274 77.4319314414331,23.2746166107002 77.4319313228555,23.274697677003 77.4316640075831,23.2748565449289 77.4315703124007,23.2748135935525 77.4313420684533,23.2749633881608 77.4312324569206,23.2749747339672 77.4311129540384,23.2749575580548 77.4310189165978,23.274946751934 77.4309271222505,23.2749660783441 77.43080271816,23.2750371973635 77.430449482624,23.2753139301401 77.4302897468952,23.2753637503794 77.4299716633345,23.2754023890473 77.4297047280495,23.2753838714034 77.4292004955957,23.2753072962974 77.4289109757661,23.2756367806061 77.4288180666096,23.2757425133117 77.4287906805698,23.2758672198505 77.4288746838287,23.2763596718114 77.4289451584593,23.2769016792026 77.4290133873018,23.2774156121022 77.4286743649102,23.2773199126209 77.4281093560375,23.2771284276316 77.4272714713209,23.2768039221329 77.4265471965382,23.2765914243479 77.4257739231484,23.2763971771897 77.4254060163272,23.2763229635668 77.4251802894592,23.2762854697204 77.4249607546785,23.2762575754339 77.424544336137,23.2762108153775 77.4247677193003,23.2766319548415 77.4249947675901,23.2770823816759 77.4253227254323,23.2777384764532 77.425435536764,23.2779481692338 77.4256268913943,23.2783765995208 77.4227646486933,23.2795004783593 77.4220622433962,23.2787673190832 77.4209332003229,23.2794498155064 77.421065951559,23.2796456202792 77.421093606195,23.279679958515 77.4211309087372,23.2797262767073 77.422092760963,23.2811130102247 77.4211122974412,23.2816699057574 77.424704414124,23.2866755599926 77.4279483168532,23.2911958116444 77.4281286257987,23.2914470604019 77.4298101866706,23.2937901898263 77.4365564122835,23.3028369833201 77.4373448043195,23.3038027497733 77.4382245056127,23.3046632343524 77.4390762827752,23.3053350212195 77.4421401235956,23.3071054119894 77.4459662100874,23.3094242673414 77.4468056794322,23.3099024036185 77.4498037141665,23.3115335895712 77.4502865388688,23.3118125704387 77.4518148992555,23.3109886385891 77.452667967297,23.3106828372805 77.454611947623,23.3100595828418 77.4561103797378,23.3098134957433 77.4615771896887,23.3025823090585 77.4620173030925,23.3005901473292 77.4623319092746,23.2993565182847 77.4624576383801,23.2980628270046 77.4624481243229,23.297704567825 77.462280809508,23.2960540003142 77.4622280397733,23.2956066063087 77.4617165794747,23.2952654667809 77.4613532801125,23.295060410201 77.4612578880125,23.2950007573635 77.4611645270033,23.2949411044992 77.4606768064828,23.2945221360006 77.459420877274,23.2932946496426 77.4587206782392,23.2924597901381 77.4585484235885,23.2921710423679 77.4581028439362,23.2920651527366 77.4579267121568,23.2919888842614 77.4578258088925,23.2919318654306 77.4576464584494,23.2911056049208 77.4596145836936,23.290698343415 77.4593828704526,23.2894764614828 77.4591744208825,23.2879658155664 77.458916616074,23.2862960673786</coordinates></LinearRing></outerBoundaryIs></Polygon></MultiGeometry>
  </Placemark>
  <Placemark>
	<Style><LineStyle><color>ff0000ff</color></LineStyle><PolyStyle><fill>0</fill></PolyStyle></Style>
	<ExtendedData><SchemaData schemaUrl="#bhopal_wards">
		<SimpleData name="objectid">41</SimpleData>
		<SimpleData name="townname">Bhopal</SimpleData>
		<SimpleData name="towncensuscode2011">802312</SimpleData>
		<SimpleData name="town_lgd_code">250946</SimpleData>
		<SimpleData name="ward_lgd_code">34390</SimpleData>
		<SimpleData name="ward_lgd_name">Narela Shankri Ward</SimpleData>
		<SimpleData name="sourcewardcode">66</SimpleData>
		<SimpleData name="state">Madhya Pradesh</SimpleData>
	</SchemaData></ExtendedData>
      <MultiGeometry><Polygon><outerBoundaryIs><LinearRing><coordinates>77.4627001385911,23.2727481341528 77.4628032032019,23.2727325027716 77.4631933559029,23.272889970163 77.4633451262701,23.2725548361747 77.46358460904,23.2714938498478 77.463804879541,23.2706420493567 77.4638750280832,23.2703079800476 77.4638904907842,23.2699819147337 77.4639234948877,23.26918778594 77.46391707373,23.2690032625941 77.4639068634785,23.2687098334885 77.4639227762355,23.2681170719617 77.4636616997628,23.2680257676975 77.4635028102469,23.267974319791 77.4632979602261,23.2679183816617 77.4632587469673,23.2679118621609 77.4632210967772,23.2679082673575 77.4632055792789,23.2679080981806 77.4631875986002,23.2679091470775 77.4631583521495,23.2679122252723 77.4630506198924,23.267923564252 77.4629349384434,23.2679454441888 77.4626134125386,23.2680220227012 77.4627052769545,23.2678219804937 77.4628345678801,23.267667259337 77.4630810278648,23.2674118881192 77.4631896054365,23.2672606919856 77.4636271370822,23.2667065965618 77.4638838369628,23.2663621487829 77.4644101886339,23.2663254526383 77.4646861852252,23.2661699746273 77.4645530414253,23.2658929554705 77.4645240626726,23.2658157592606 77.4644504322603,23.2655463607171 77.4643316192842,23.265152633054 77.4643146078877,23.2650791781932 77.4642958941837,23.2650322920731 77.4642635719014,23.2649791545054 77.4642346515392,23.264929143046 77.4641972250295,23.2648681909355 77.4641505440757,23.2646852106458 77.4641483665595,23.2646522021866 77.4641494553176,23.264639199177 77.4641797303394,23.2643740558499 77.4641815143935,23.2643675006888 77.464183744012,23.2643621751876 77.4641953385674,23.2643515225339 77.4647738661868,23.2642893578292 77.4648473591568,23.2642804308214 77.4647962486104,23.2640140703215 77.4647262878161,23.2636494688569 77.464439715359,23.2616704293481 77.4643397095117,23.2609091052613 77.4640800856148,23.2588592011602 77.4637791850289,23.2567434914795 77.4636756658705,23.2557063369152 77.4636295562453,23.2545318681323 77.4634473302949,23.2531527259661 77.4633171033248,23.2523146980637 77.4631041963143,23.2512166934828 77.4629628544892,23.2504576941667 77.4572981959868,23.2513443694936 77.4561961526777,23.2514913347542 77.4563714508206,23.2529503620281 77.4565433443485,23.2545634240304 77.4567527443362,23.2565162230692 77.4569103366848,23.2578467432963 77.4570415841411,23.2590768036957 77.4573421775031,23.261944866696 77.4575693695233,23.2640211132389 77.4576612339392,23.2649010111792 77.4577838081614,23.2665863692198 77.4578767882849,23.2676050309839 77.4582946980298,23.2675791732605 77.4585637748984,23.2675638870548 77.4586384823907,23.2678678563472 77.4590278625405,23.2678542867021 77.4590823992614,23.2683093167565 77.4585295895103,23.2684505979729 77.4586355736459,23.2695695793946 77.4590051971476,23.2712228676096 77.4594304569081,23.2717411606519 77.461233326276,23.2739356211106 77.46134776805,23.2740307618771 77.4617305976847,23.2742432769507 77.462830772498,23.2749637883874 77.4630826699851,23.2747044528125 77.4630027890951,23.2746073567752 77.4628287953061,23.2742824383039 77.4626316725934,23.2738118757913 77.4624730121479,23.2734712201074 77.4627857183932,23.2733675040858 77.4627136663209,23.273109445321 77.4627001385911,23.2727481341528</coordinates></LinearRing></outerBoundaryIs></Polygon></MultiGeometry>
  </Placemark>
  <Placemark>
	<Style><LineStyle><color>ff0000ff</color></LineStyle><PolyStyle><fill>0</fill></PolyStyle></Style>
	<ExtendedData><SchemaData schemaUrl="#bhopal_wards">
		<SimpleData name="objectid">32</SimpleData>
		<SimpleData name="townname">Bhopal</SimpleData>
		<SimpleData name="towncensuscode2011">802312</SimpleData>
		<SimpleData name="town_lgd_code">250946</SimpleData>
		<SimpleData name="ward_lgd_code">34384</SimpleData>
		<SimpleData name="ward_lgd_name">Govindpura Ward</SimpleData>
		<SimpleData name="sourcewardcode">60</SimpleData>
		<SimpleData name="state">Madhya Pradesh</SimpleData>
	</SchemaData></ExtendedData>
      <MultiGeometry><Polygon><outerBoundaryIs><LinearRing><coordinates>77.4836526571786,23.2135242391347 77.483648586912,23.2137050373925 77.4835288091453,23.2143480719849 77.4834819799696,23.2145161419311 77.4834749605339,23.214539797377 77.483469695508,23.2145473233959 77.4834638456789,23.2145521621404 77.483442787372,23.2145564634299 77.4832909145968,23.2145207767576 77.4829075333965,23.214390877718 77.4828923240204,23.2143855015122 77.4828765298411,23.2143871147042 77.482861320465,23.2143924909099 77.4828478654987,23.214401630129 77.482821542166,23.2144306617994 77.48263013723,23.2147357032427 77.4826245218612,23.2147429287386 77.4826046798732,23.2147560034838 77.4825788470206,23.2147604764879 77.4825649949989,23.2147611650234 77.4825432800235,23.2147587568003 77.4825220681047,23.214751895387 77.4825043443442,23.2147381122918 77.4825006001661,23.2147312302378 77.4824410733037,23.2145684839236 77.482433959545,23.2145571296757 77.4824272212821,23.2145512804173 77.4824216050149,23.2145488721904 77.4823980188488,23.214550248438 77.4822631008763,23.2145849815539 77.4821614574002,23.214614922977 77.4818952290893,23.214709624747 77.4817111651859,23.2147926791405 77.4816354479873,23.2148396762092 77.4814867525533,23.2149353998893 77.481158412927,23.2151467707609 77.4811255651303,23.2151677710312 77.4811098553926,23.2151861459553 77.4810885204047,23.2152337009771 77.4809279672089,23.2155915667921 77.4807942305209,23.2158896591953 77.4807870898127,23.2159369101551 77.4807942305209,23.2159657854582 77.4808085119373,23.2160064739001 77.480824221675,23.2160366618512 77.4808623210229,23.216082304541 77.4809400495494,23.2161754242977 77.4809841765928,23.2162282890533 77.4809984580092,23.2162689774152 77.4809984580092,23.2162939154906 77.4809898889797,23.2163175409011 77.4809798916289,23.2163372283272 77.4809441880879,23.216364790884 77.4809184809995,23.2163818538094 77.4808699234651,23.216409416357 77.480753065223,23.2164687427688 77.4807010024624,23.2164864834751 77.4806495245051,23.2165020743913 77.4805927815218,23.2165160521393 77.4804573065939,23.2165236845456 77.4803283714011,23.2165128381903 77.4802409832903,23.2165054873032 77.4802224914701,23.2165085254058 77.4802037723763,23.2165165895862 77.4801862228889,23.2165273418261 77.4800540178285,23.2166278740711 77.4800335443249,23.2166440015915 77.4800195045553,23.2166558295394 77.4800107298116,23.2166644311572 77.4799955204355,23.216676795724 77.4799879161966,23.2166810969451 77.4799692150691,23.2166911895411 77.4797094375602,23.2166921612372 77.4788066432761,23.2166955361681 77.4782820630828,23.2167579244913 77.4776319154808,23.2168344250678 77.477644711982,23.2172852115691 77.4773641348811,23.2172773967562 77.4773641348811,23.2177176591261 77.476909073511,23.2177241125585 77.4766795683289,23.2177388455695 77.4766299687489,23.2177490784314 77.4765228563293,23.2177716369565 77.4764780950753,23.2177855493522 77.4763484070944,23.2178404493091 77.4763220208796,23.2178577704473 77.4762349920948,23.2179357002681 77.4761613518011,23.2180300356111 77.4760324965584,23.2184475546444 77.4753220279834,23.2173919093953 77.475188942574,23.2172827150559 77.4751738463857,23.217005573732 77.4751434761425,23.2164901242452 77.4750857459108,23.216262501622 77.4749708397079,23.2161786696266 77.4744407016379,23.2160495523668 77.4732667975976,23.215845398453 77.4724608740405,23.2171239197142 77.4711909463846,23.2190021023411 77.4716155521716,23.2192515355716 77.4722743236004,23.2196531902846 77.4731607433935,23.2202032007142 77.4735988490627,23.2204726314003 77.4740882952469,23.2207522025392 77.4743563345613,23.2209141669586 77.4745355430706,23.221019763913 77.4746534038325,23.2226003359028 77.4751351927773,23.2231856545024 77.4758341566285,23.224034812651 77.4764159909465,23.2247439340957 77.4768386096601,23.2258085267598 77.4773718037987,23.2271612671391 77.4780405411372,23.228929686266 77.4788263666865,23.2310106030881 77.4800470972076,23.2306584067427 77.4809048840993,23.2304109231544 77.4811085204961,23.2303657212186 77.4811594720407,23.2303596291343 77.4814513912704,23.2303379584821 77.4816181850625,23.2303282730566 77.4832854240938,23.2302518652355 77.4847840430581,23.2301738196048 77.4857373594921,23.2301041749128 77.485667735566,23.2295682476878 77.4856678972628,23.22951589589 77.4856690201569,23.2295035102238 77.4856711177231,23.2294959949536 77.4856783419746,23.2294834507913 77.4856993454843,23.2294584417102 77.4857205663862,23.2294420788214 77.4857319165998,23.2294333269616 77.485748015308,23.2294254146261 77.48575381034,23.2294234524329 77.4857795129368,23.2294201545944 77.4889097850709,23.2293397781135 77.4906002293826,23.2292770225459 77.4912857768951,23.229250766107 77.4916982150015,23.2292273047812 77.492218592876,23.2292144634162 77.4923023859291,23.2292123955568 77.4923323770831,23.2292163331573 77.4923580841716,23.2292255200659 77.4923823629388,23.2292412679894 77.4924009293191,23.2292635794017 77.4924094983486,23.2292845774521 77.4924314747337,23.2293696510147 77.4924933596736,23.2296092093499 77.492509812318,23.229637767185 77.4925290066207,23.2296629644441 77.492568309711,23.2296974014061 77.4925884184987,23.2297142001222 77.492654228178,23.2297469571998 77.4926770795222,23.229758716297 77.4927072422546,23.2297704753931 77.4927255229706,23.2297780343987 77.4927401466451,23.2297822344882 77.4928513643655,23.2298034025077 77.4950695572286,23.2302255916531 77.4953990475967,23.2302719105193 77.4954191563843,23.2302803098415 77.4954721695625,23.2303088667075 77.4956193279791,23.2304172166548 77.4956796534437,23.230474331973 77.495797489951,23.2306237033973 77.4959218706853,23.2308220588147 77.4959474636877,23.230848936533 77.4959703141336,23.23086657462 77.4959858522931,23.2308741335636 77.4963651731083,23.2309724039184 77.4963980774989,23.2309883629591 77.4964264130579,23.2310093607381 77.496442864804,23.2310236390939 77.4966989286774,23.2312735756983 77.4967581051968,23.2313245391753 77.4968240621998,23.2313750089962 77.496885386591,23.2314108199393 77.4970526861346,23.231491063922 77.4970998144494,23.2315136688287 77.4972350558154,23.231588814597 77.4979245199825,23.2319928995442 77.4980168578105,23.2321004878622 77.4982376619107,23.2324318958226 77.4983127466954,23.2325644122197 77.4983782464561,23.2326800137531 77.4986490112591,23.2333075372437 77.4986808780955,23.2333477746491 77.4988357844814,23.2335433706128 77.4988622910705,23.2335752864266 77.4988750875717,23.2335979636212 77.4988787437149,23.2336156021704 77.4988778301283,23.2336374390345 77.4988732595001,23.2336626363641 77.4987937397329,23.233908727144 77.4987946533195,23.2339524024236 77.4987992239477,23.2339742392325 77.498810191479,23.233992717228 77.4988248160518,23.2340036364551 77.4988504090542,23.2340111952211 77.4990589071334,23.2340046055489 77.4994003603661,23.2340080708431 77.4994407234685,23.2340080708431 77.4994635370834,23.2340102211746 77.4994927862291,23.2340188216745 77.4996764836198,23.2340829023567 77.4998476522073,23.2341526027551 77.5000235944423,23.2342405846184 77.5002147047308,23.2343574410515 77.5002677394685,23.2343968064539 77.5003608489494,23.2344791750269 77.5005332212794,23.2346690381705 77.5008323126583,23.2350404958729 77.5008817173039,23.2350893876669 77.5009199343311,23.2351272067738 77.5009399290327,23.2351377057509 77.500971348508,23.2351442673016 77.5010041963047,23.2351455797768 77.5015425252135,23.2350545360659 77.5018326217614,23.2350053239819 77.5020602350915,23.2349458588746 77.5021651160958,23.2348863937409 77.5022476820502,23.2348412824701 77.5023369422501,23.2347674633939 77.502481314991,23.2346630593705 77.5026963007031,23.2345075914917 77.5029719667144,23.234299771034 77.5030639254534,23.2342135069958 77.5032926985085,23.2339552907202 77.5039219378223,23.233204627001 77.5039604980059,23.2331652562943 77.5040047714746,23.2331245730809 77.5040476166221,23.2330983264789 77.5040890334483,23.2330865148459 77.5045930512047,23.2330617235383 77.5049944903389,23.2330720790463 77.5050116274996,23.2330720790463 77.5051067716646,23.2330776179426 77.5051715824174,23.2330878273413 77.5052358496894,23.2331062006251 77.505496318901,23.2331911215168 77.5057149616546,23.233283550808 77.5059414583788,23.2333950111765 77.5062156286951,23.2335299320256 77.5062366510694,23.23355512855 77.506256759857,23.2335811662193 77.5062658993167,23.2335962837986 77.5062715964322,23.2336160413181 77.5062942348757,23.2336945529747 77.5064942420788,23.2346813416369 77.5065076305698,23.2347285034011 77.5065321779332,23.2347674633939 77.5071918081514,23.2353155526346 77.5072813818633,23.2353676256303 77.5073316533833,23.2353894630331 77.5074385951229,23.2354180196314 77.5075190293751,23.2354356571146 77.5076360241611,23.235440696513 77.5080062046183,23.2354238985176 77.5086457727613,23.2353653845207 77.5087359995484,23.2353674481575 77.5087438616038,23.2353674481575 77.5087532211507,23.2353681365868 77.5087708173505,23.2353732965041 77.5088366081653,23.2354008419241 77.5088597703266,23.2354139666502 77.5089087922899,23.2353781798939 77.5092340875257,23.2350296221308 77.5099192020501,23.2343606999714 77.5100860632159,23.2342117875588 77.5102112721968,23.2340559609034 77.5103964625876,23.2337730406467 77.5105973151053,23.2334317865482 77.5106706140392,23.2332788547227 77.5108163629991,23.2328994378887 77.5108721367002,23.2327302940286 77.5112653921821,23.2317666835447 77.5114412275175,23.2313358259591 77.5114597938978,23.2313069539796 77.5114940700158,23.2312728319408 77.5115369142649,23.2312413357459 77.5122716166914,23.2306827568629 77.5129560583778,23.2302603710467 77.5133425899698,23.2299934778491 77.5135063546427,23.2298804008098 77.5136920157507,23.2297150404707 77.513774849403,23.2296166115215 77.5138034131341,23.2295759272265 77.5138265330746,23.2295344611793 77.5138825843551,23.2294339336978 77.5142277323585,23.2287534802136 77.5142753349838,23.2286848220738 77.5143759992962,23.2285946778747 77.5145733950967,23.2284348492534 77.5150765926913,23.2280605871054 77.5152321629322,23.2279580888698 77.5154830480181,23.2278364141617 77.517085306515,23.2272043098129 77.5174243684325,23.2269682828072 77.5178537460703,23.226469839302 77.5186150134764,23.2260040297562 77.5195297562521,23.2255536004147 77.520640532084,23.2252986554214 77.5213866529961,23.2250159238091 77.521776227182,23.2250572773382 77.5224126530181,23.2250403987863 77.5229201355766,23.2249708851503 77.5231220921238,23.2249955962342 77.5231799076955,23.2248948490488 77.5232166407058,23.2248424698273 77.5232721485055,23.2247633189647 77.5234221051742,23.2246163267397 77.5236120512461,23.2244785207626 77.5239890867472,23.2242580310686 77.5245460718678,23.2239797938883 77.524871693192,23.2237986768515 77.5250287914672,23.2236739950855 77.5251216224703,23.2235860607427 77.525173035749,23.2234915650442 77.525207311867,23.2234128178899 77.5252373039194,23.2232973222546 77.525305855257,23.2229377112746 77.5253885712301,23.222580125186 77.5251132483752,23.2224146625195 77.5248203625583,23.2222993096641 77.5243391943494,23.2221294845145 77.5239835477352,23.2219372301151 77.5237766998612,23.221799942288 77.5236697419519,23.2217289533779 77.5236209274994,23.2217097273974 77.5235198122327,23.2216937061577 77.5234326442091,23.2216969109011 77.5232923695825,23.2217405967802 77.5228050317443,23.2218923703852 77.5226934564944,23.2219180041646 77.522574907623,23.2219180041646 77.5224249788021,23.2218891656465 77.5221843937993,23.2218026508802 77.5221042281434,23.2217551526828 77.5213894189089,23.2213316249666 77.5209799479377,23.2211415083997 77.5203887271234,23.2208670052673 77.5198831507899,23.220639501552 77.5194682297399,23.2204216101203 77.5192834337096,23.2203254809003 77.5191335039904,23.2202133310193 77.5190358750853,23.220117202475 77.5189452207001,23.2200306865608 77.518805750964,23.2199601920401 77.5186488485215,23.2199057189385 77.5185128660454,23.2198736751987 77.5182722810426,23.2198288156011 77.5180700505092,23.2197711376563 77.517516365799,23.2195319785736 77.517272426487,23.2194266107723 77.5171318410434,23.2194020018521 77.5170204688127,23.2194058159089 77.5167725679303,23.2194143059 77.5166542984349,23.2194266107723 77.5165494174306,23.2194266107723 77.51645123157,23.2194163565745 77.5162905624916,23.219369189401 77.5157792683813,23.2191719314677 77.5151098159838,23.2189700592101 77.5149927340613,23.2188899323611 77.5147820629575,23.218745756252 77.5144229299816,23.2185855402124 77.514168398634,23.2185214537428 77.5140882033337,23.2184926144912 77.513903406405,23.2184157103402 77.5138197256414,23.2183708494274 77.5137709111888,23.2183452149672 77.5135582206722,23.2182747195569 77.513491972615,23.2182490850782 77.5131398123624,23.2181625679539 77.5125439625293,23.2179950251765 77.5114522345747,23.2176114197484 77.5095659126152,23.2166821528495 77.5078922820706,23.2159771882952 77.5076203171183,23.2157977421032 77.5073657848725,23.2156054777637 77.5072855904704,23.2155221629931 77.5072053960684,23.2154324400343 77.5071426343727,23.2153523300514 77.507086847197,23.2152754240924 77.5069648110656,23.2150671369665 77.506919483873,23.2149710047184 77.5068079086232,23.214669788737 77.5067765277753,23.2145608381962 77.5067486341875,23.2144647047582 77.5066858724918,23.2143076876788 77.5066056780898,23.2141731015817 77.5064836419584,23.2140289013929 77.5063407667091,23.2138854729728 77.5062570050971,23.2138013860302 77.5060861545132,23.2137212750691 77.5058176768209,23.2135995056559 77.5042870014757,23.2130867922492 77.5039453021045,23.2129970676548 77.5037360979495,23.2129714321632 77.5017556343449,23.2129746362903 77.5010827449932,23.2127133209373 77.5006514395708,23.2124941245178 77.5004800374213,23.2124161106139 77.500201567768,23.2122893657868 77.5001073084436,23.2122250500827 77.5000816013551,23.2121909239934 77.4997662450797,23.2114509673454 77.4994560648969,23.2106613760418 77.4992039051017,23.2100625128983 77.4991514012683,23.2099389345371 77.4991124125883,23.2098471677402 77.499072246217,23.2097958955435 77.4990142267278,23.2097302667397 77.49892834599,23.2096620710709 77.498735288154,23.2095087677409 77.4986661115889,23.2094410879684 77.4986013978541,23.209395968101 77.4985277575604,23.2093528990474 77.4984384973605,23.2093016258354 77.4983648579651,23.2092606075819 77.498286754841,23.2092236909778 77.498195263226,23.2091457560748 77.4981595587867,23.2090985852748 77.4981260866609,23.2090021919649 77.4980527257432,23.2086485356732 77.4979859827142,23.208387519816 77.4977110254737,23.2073122235587 77.4975071968374,23.2065383006045 77.4974864439578,23.2062521813329 77.4974937661256,23.2057592377017 77.4974923378043,23.2057369231884 77.4974823413519,23.2056962324447 77.4974666307159,23.2056712923911 77.4973807625545,23.2056140294096 77.4972848081091,23.2055525003267 77.4970112971562,23.2053947041031 77.4968776970122,23.2052897032949 77.49655081625,23.2050243173578 77.4964191663485,23.2048916085044 77.4962130389234,23.2046838220445 77.4955991877504,23.2038315297399 77.4948703162884,23.2025436892377 77.4927743311349,23.2022552891997 77.4927035492804,23.2022595900595 77.492612293024,23.2022698059424 77.4925327364258,23.2022832476752 77.492202699882,23.2023961565259 77.4921707090781,23.2024062378161 77.4920893603409,23.2024196795351 77.4920302062794,23.2024233314221 77.4919898782114,23.202425820782 77.4917074415978,23.2024329619008 77.4916895076315,23.202423145649 77.4916637574239,23.2026536271547 77.4916463552602,23.2029715913896 77.491651075907,23.2031275401834 77.4917335511316,23.2034364772624 77.4918417262581,23.2037088554834 77.4892725220876,23.2052706120048 77.4888580403138,23.2052227198779 77.4885389003344,23.2052708530919 77.4882241037094,23.2054483583077 77.4879925422837,23.2055513287449 77.4869824460355,23.2053002260845 77.4866945288004,23.2053238311467 77.4863976966845,23.2056360376315 77.486077778764,23.2057473675073 77.4855386916772,23.205916310237 77.4854767429569,23.2059534432459 77.4854309549285,23.2060079038728 77.4854040207414,23.20607474241 77.4853932472461,23.2061217772219 77.4853491327792,23.2063338530927 77.4853288937358,23.2065933826944 77.4853276971799,23.2066742302648 77.4853129935553,23.2076684007206 77.4854344601547,23.2078258260308 77.4855190760646,23.2079837184586 77.4856895969668,23.2083681185347 77.4858779620038,23.2085893387135 77.4860257384613,23.2088230996764 77.4862130785205,23.2092017386631 77.48644470193,23.2097114543157 77.4866074119808,23.210051131848 77.4866491773533,23.2101849377675 77.4865929446131,23.2103463081771 77.4866101994531,23.2106541032655 77.4866439473617,23.2107501684434 77.4867930120033,23.2110525392019 77.4869709134639,23.2114587758944 77.4871831018222,23.2118049613206 77.4872399508067,23.2118692186094 77.487247180448,23.2118761297067 77.4872552787603,23.2118803823721 77.4872610630124,23.2118822432743 77.4872674248813,23.2118819774311 77.4872758115528,23.2118793189993 77.4872876693145,23.2118705478254 77.4873602576811,23.2118020552072 77.4875075364719,23.211651992341 77.487547861845,23.2116209340406 77.4875587072054,23.2116151201545 77.4875758785021,23.2116122132114 77.4875889831254,23.2116134590442 77.4876111256989,23.2116180270976 77.4876319118163,23.2116275793072 77.4876423053241,23.2116396231811 77.4876536016388,23.2116649567582 77.4876554099474,23.2116848908991 77.4876563136526,23.2117172850069 77.4876497164252,23.211911203665 77.4875963717686,23.2121009659785 77.487569894824,23.2121912046967 77.4875621720075,23.2122297336989 77.4875566563516,23.2122996940099 77.4875610688763,23.2123250414969 77.4875963717686,23.2124041270785 77.4877564219079,23.2126649831798 77.4877804949609,23.2127117638656 77.4878870126957,23.2129428129724 77.4880407117459,23.2134404095488 77.4881035785444,23.2137391094318 77.4877189262279,23.2138024089338 77.4871729526561,23.2140238364187 77.4865854014597,23.2142317387974 77.4862147395055,23.213493617181 77.4860669594547,23.2130590738046 77.4856729215402,23.2131407851603 77.4844132014408,23.2133499066597 77.4839750257031,23.2134573506604 77.4836526571786,23.2135242391347</coordinates></LinearRing></outerBoundaryIs></Polygon></MultiGeometry>
  </Placemark>
  <Placemark>
	<Style><LineStyle><color>ff0000ff</color></LineStyle><PolyStyle><fill>0</fill></PolyStyle></Style>
	<ExtendedData><SchemaData schemaUrl="#bhopal_wards">
		<SimpleData name="objectid">33</SimpleData>
		<SimpleData name="townname">Bhopal</SimpleData>
		<SimpleData name="towncensuscode2011">802312</SimpleData>
		<SimpleData name="town_lgd_code">250946</SimpleData>
		<SimpleData name="ward_lgd_code">34380</SimpleData>
		<SimpleData name="ward_lgd_name">Barkheda Pathani Ward</SimpleData>
		<SimpleData name="sourcewardcode">56</SimpleData>
		<SimpleData name="state">Madhya Pradesh</SimpleData>
	</SchemaData></ExtendedData>
      <MultiGeometry><Polygon><outerBoundaryIs><LinearRing><coordinates>77.4718071295841,23.2320214585202 77.4721295520075,23.232005133092 77.4727841067443,23.2320115181449 77.4734748842484,23.2320182565011 77.4741746844311,23.2320235056993 77.4746172466424,23.2320094982064 77.4749027213582,23.2319925115707 77.4752078790602,23.2319585275616 77.4755374188357,23.2319130842853 77.4758790966472,23.2318452994739 77.4765653340658,23.2316778481578 77.4780543545314,23.2312333384931 77.4784187318718,23.2311282110603 77.4788263666865,23.2310106030881 77.4780405411372,23.228929686266 77.4773718037987,23.2271612671391 77.4768386096601,23.2258085267598 77.4764159909465,23.2247439340957 77.4758341566285,23.224034812651 77.4751351927773,23.2231856545024 77.4746534038325,23.2226003359028 77.4745355430706,23.221019763913 77.4743563345613,23.2209141669586 77.4740882952469,23.2207522025392 77.4735988490627,23.2204726314003 77.4731607433935,23.2202032007142 77.4722743236004,23.2196531902846 77.4716155521716,23.2192515355716 77.4711909463846,23.2190021023411 77.4724608740405,23.2171239197142 77.4732667975976,23.215845398453 77.4744407016379,23.2160495523668 77.4749708397079,23.2161786696266 77.4750857459108,23.216262501622 77.4751434761425,23.2164901242452 77.4751738463857,23.217005573732 77.475188942574,23.2172827150559 77.4753220279834,23.2173919093953 77.4760324965584,23.2184475546444 77.4761613518011,23.2180300356111 77.4762349920948,23.2179357002681 77.4763220208796,23.2178577704473 77.4763484070944,23.2178404493091 77.4764780950753,23.2177855493522 77.4765228563293,23.2177716369565 77.4766299687489,23.2177490784314 77.4766795683289,23.2177388455695 77.476909073511,23.2177241125585 77.4773641348811,23.2177176591261 77.4773641348811,23.2172773967562 77.477644711982,23.2172852115691 77.4776319154808,23.2168344250678 77.4782820630828,23.2167579244913 77.4788066432761,23.2166955361681 77.4797094375602,23.2166921612372 77.4799692150691,23.2166911895411 77.4799879161966,23.2166810969451 77.4799955204355,23.216676795724 77.4800107298116,23.2166644311572 77.4800195045553,23.2166558295394 77.4800335443249,23.2166440015915 77.4800540178285,23.2166278740711 77.4801862228889,23.2165273418261 77.4802037723763,23.2165165895862 77.4802224914701,23.2165085254058 77.4802409832903,23.2165054873032 77.4803283714011,23.2165128381903 77.4804573065939,23.2165236845456 77.4805927815218,23.2165160521393 77.4806495245051,23.2165020743913 77.4807010024624,23.2164864834751 77.480753065223,23.2164687427688 77.4808699234651,23.216409416357 77.4809184809995,23.2163818538094 77.4809441880879,23.216364790884 77.4809798916289,23.2163372283272 77.4809898889797,23.2163175409011 77.4809984580092,23.2162939154906 77.4809984580092,23.2162689774152 77.4809841765928,23.2162282890533 77.4809400495494,23.2161754242977 77.4808623210229,23.216082304541 77.480824221675,23.2160366618512 77.4808085119373,23.2160064739001 77.4807942305209,23.2159657854582 77.4807870898127,23.2159369101551 77.4807942305209,23.2158896591953 77.4809279672089,23.2155915667921 77.4810885204047,23.2152337009771 77.4811098553926,23.2151861459553 77.4811255651303,23.2151677710312 77.481158412927,23.2151467707609 77.4814867525533,23.2149353998893 77.4816354479873,23.2148396762092 77.4817111651859,23.2147926791405 77.4818952290893,23.214709624747 77.4821614574002,23.214614922977 77.4822631008763,23.2145849815539 77.4823980188488,23.214550248438 77.4824216050149,23.2145488721904 77.4824272212821,23.2145512804173 77.482433959545,23.2145571296757 77.4824410733037,23.2145684839236 77.4825006001661,23.2147312302378 77.4825043443442,23.2147381122918 77.4825220681047,23.214751895387 77.4825432800235,23.2147587568003 77.4825649949989,23.2147611650234 77.4825788470206,23.2147604764879 77.4826046798732,23.2147560034838 77.4826245218612,23.2147429287386 77.48263013723,23.2147357032427 77.482821542166,23.2144306617994 77.4828478654987,23.214401630129 77.482861320465,23.2143924909099 77.4828765298411,23.2143871147042 77.4828923240204,23.2143855015122 77.4829075333965,23.214390877718 77.4832909145968,23.2145207767576 77.483442787372,23.2145564634299 77.4834638456789,23.2145521621404 77.483469695508,23.2145473233959 77.4834749605339,23.214539797377 77.4834819799696,23.2145161419311 77.4835288091453,23.2143480719849 77.483648586912,23.2137050373925 77.4836526571786,23.2135242391347 77.4839750257031,23.2134573506604 77.4844132014408,23.2133499066597 77.4856729215402,23.2131407851603 77.4860669594547,23.2130590738046 77.4862147395055,23.213493617181 77.4865854014597,23.2142317387974 77.4871729526561,23.2140238364187 77.4877189262279,23.2138024089338 77.4881035785444,23.2137391094318 77.4880407117459,23.2134404095488 77.4878870126957,23.2129428129724 77.4877804949609,23.2127117638656 77.4877564219079,23.2126649831798 77.4875963717686,23.2124041270785 77.4875610688763,23.2123250414969 77.4875566563516,23.2122996940099 77.4875621720075,23.2122297336989 77.487569894824,23.2121912046967 77.4875963717686,23.2121009659785 77.4876497164252,23.211911203665 77.4876563136526,23.2117172850069 77.4876554099474,23.2116848908991 77.4876536016388,23.2116649567582 77.4876423053241,23.2116396231811 77.4876319118163,23.2116275793072 77.4876111256989,23.2116180270976 77.4875889831254,23.2116134590442 77.4875758785021,23.2116122132114 77.4875587072054,23.2116151201545 77.487547861845,23.2116209340406 77.4875075364719,23.211651992341 77.4873602576811,23.2118020552072 77.4872876693145,23.2118705478254 77.4872758115528,23.2118793189993 77.4872674248813,23.2118819774311 77.4872610630124,23.2118822432743 77.4872552787603,23.2118803823721 77.487247180448,23.2118761297067 77.4872399508067,23.2118692186094 77.4871831018222,23.2118049613206 77.4869709134639,23.2114587758944 77.4867930120033,23.2110525392019 77.4866439473617,23.2107501684434 77.4866101994531,23.2106541032655 77.4865929446131,23.2103463081771 77.4866491773533,23.2101849377675 77.4866074119808,23.210051131848 77.48644470193,23.2097114543157 77.4862130785205,23.2092017386631 77.4860257384613,23.2088230996764 77.4858779620038,23.2085893387135 77.4856895969668,23.2083681185347 77.4855190760646,23.2079837184586 77.4854344601547,23.2078258260308 77.4853129935553,23.2076684007206 77.4853276971799,23.2066742302648 77.4853288937358,23.2065933826944 77.4853491327792,23.2063338530927 77.4853932472461,23.2061217772219 77.4854040207414,23.20607474241 77.4854309549285,23.2060079038728 77.4854767429569,23.2059534432459 77.4855386916772,23.205916310237 77.486077778764,23.2057473675073 77.4863976966845,23.2056360376315 77.4866945288004,23.2053238311467 77.4869824460355,23.2053002260845 77.4879925422837,23.2055513287449 77.4882241037094,23.2054483583077 77.4885389003344,23.2052708530919 77.4888580403138,23.2052227198779 77.4892725220876,23.2052706120048 77.4918417262581,23.2037088554834 77.4917335511316,23.2034364772624 77.491651075907,23.2031275401834 77.4916463552602,23.2029715913896 77.4916637574239,23.2026536271547 77.4916895076315,23.202423145649 77.4915131413918,23.2023266055108 77.4914284248706,23.2023001604776 77.4913655383091,23.2022835102348 77.4909086497657,23.2022276097914 77.4907908375128,23.2021425305002 77.4906961937095,23.2020511175121 77.490589676873,23.2018419568632 77.4904684689883,23.20163727511 77.490264688861,23.2013811244128 77.4900413218674,23.2010788762631 77.489992183123,23.2010245721559 77.4899729151584,23.2010143660857 77.4899701438558,23.2010128980497 77.4899576698498,23.2010062910617 77.4899436300802,23.2010057535524 77.4899301760122,23.2010084419245 77.489910872115,23.2010143561777 77.4896847095642,23.2010997334269 77.4893686921287,23.2012054005365 77.4893409880853,23.2012122824614 77.4893155298302,23.2012119381587 77.4891376121999,23.2011725357278 77.4890923712456,23.2011559125916 77.488883697995,23.2010573907635 77.4887760169419,23.2009915050143 77.4887504248378,23.200973862982 77.4887257463203,23.2009562209475 77.4887083791909,23.2009360581477 77.4886530142233,23.2008397960113 77.4885753773248,23.2006598184011 77.4885623239055,23.2006341087096 77.4885523777586,23.2006209681803 77.4885411892418,23.2006095409141 77.4885278735143,23.2006052845875 77.4884775004848,23.200589180727 77.488415490679,23.200569974823 77.48839055704,23.2005541855385 77.4883689408793,23.2005303963352 77.488233348272,23.2003189874807 77.4881303294752,23.2001345043003 77.4879643459636,23.1997639700449 77.4879581305201,23.1997514007971 77.4879189693636,23.1996994088668 77.487897213964,23.1996748417253 77.4875494563546,23.1993033508868 77.4874960649857,23.199240123782 77.4874807316421,23.1992136979544 77.4874541729507,23.1991400978069 77.4874370950789,23.1990533090461 77.4873829527184,23.1985554557808 77.4873809638484,23.1985485084902 77.4873765881546,23.1985419269765 77.4873686308778,23.1985349796852 77.4873523201672,23.1985265692843 77.4872569083043,23.1984993812107 77.4870274165969,23.1984021686097 77.4868600990871,23.1983184707297 77.4863717551357,23.1980025984483 77.4861753358039,23.1978546396246 77.4861009804511,23.1977730535094 77.4860661617508,23.1977198214529 77.4859961811935,23.1975292295445 77.4858616396151,23.1971185182013 77.4858009368581,23.1969525269354 77.4857508566793,23.1968855723683 77.4855961766688,23.1967418126111 77.4855708396862,23.1967140115098 77.4854413026223,23.1965458366051 77.4851526173276,23.1960602876322 77.48506946657,23.1959216520983 77.4850602390754,23.1959062676828 77.4850440774851,23.1958948408393 77.4850024306902,23.1958765573923 77.4848785251648,23.1958298401723 77.4847189062169,23.1957696566044 77.4845049284145,23.1956622495768 77.4840947280114,23.1954004858708 77.484079665959,23.1953916326965 77.4837764692792,23.1960474183079 77.4827340588337,23.198318613573 77.4823103576501,23.1991590190572 77.4819235853096,23.1998321839752 77.4809707755254,23.1994692385015 77.4808011744981,23.1983405123545 77.4798373944876,23.1978068752991 77.4788765573581,23.1971181953561 77.4787468963266,23.1970170737518 77.4786172361934,23.1969430389066 77.4785143207029,23.1968800550905 77.4784193975235,23.1968881121986 77.4783130181292,23.1969178396039 77.4782159048571,23.1969829305681 77.4781700476585,23.1970311897772 77.4781090197113,23.197146066557 77.4780606553147,23.1972443889734 77.4779508317797,23.1976142168176 77.4778832101984,23.1981073663578 77.4778768788722,23.1981379150484 77.4778658008482,23.1981611902759 77.4778404782386,23.198188829242 77.4777790747957,23.1982095836463 77.4769969314407,23.1984739460561 77.4763338058778,23.1987183314126 77.4762483428566,23.1987765179826 77.4761945337711,23.1988157939649 77.4761723768246,23.1988492513659 77.4761692111615,23.1988681627491 77.4761391409557,23.1989408960825 77.4760695053515,23.1991227296557 77.476047348405,23.1991663700728 77.4759777119025,23.1992551048831 77.4757999910033,23.1994017204317 77.4756706946878,23.1995228463697 77.4756458302191,23.19957083962 77.4756284253605,23.1996188336788 77.4755911282082,23.1997513867607 77.4753151307186,23.2002587440082 77.4752219385927,23.2003780411342 77.4751932940133,23.2004102191801 77.4751105448026,23.2004892019988 77.4750723529283,23.2005272307162 77.4750182473987,23.2005725732059 77.4749530027596,23.2006193779409 77.4749148108853,23.2006457052359 77.474879801742,23.2006632573135 77.4747461297328,23.2007100620168 77.4746777023627,23.2007700303383 77.4746697450859,23.2007992829467 77.474676110548,23.2008460876023 77.4746697450859,23.2008753401942 77.4746554232453,23.2008914291582 77.4745949522537,23.2009177572254 77.4744437756728,23.2009367715244 77.474357843731,23.2009513973984 77.4743180600421,23.2009762623712 77.4742639554108,23.2010406189929 77.4742353108313,23.2011225267752 77.4742098498812,23.2011781064967 77.4741446052422,23.2012746408591 77.4741080042842,23.201308281768 77.4740348032666,23.2013506978361 77.4738390684511,23.2014428444931 77.4737069882566,23.2015159760471 77.4729256426056,23.2021361316343 77.4728779025381,23.2021683100827 77.4728015187895,23.2021931740035 77.4727028559235,23.202201949941 77.4724832519726,23.2021785482654 77.4723798154591,23.2021580710735 77.4722843353242,23.2021551457601 77.4721681678866,23.20219171176 77.4720949659708,23.2022531424853 77.4718928665914,23.2024696103906 77.4717719255064,23.2025983213393 77.471668488993,23.2026568265753 77.4714711632611,23.2027445839685 77.4714027358909,23.2027884626435 77.4713183948655,23.2028893833761 77.4712992993775,23.2029303367071 77.471264289336,23.2030414954492 77.4712356456548,23.2031058510766 77.4711894965037,23.2031862953608 77.4711274345957,23.2032447995138 77.470985806208,23.2033515704764 77.4708648642247,23.2034232387561 77.4700637268914,23.203686783369 77.4699941065585,23.2037027803475 77.4698971343219,23.203693639571 77.4698250274524,23.2036753563649 77.4697380013626,23.2036502177781 77.4696261099057,23.20362964999 77.4694023287887,23.2036365061949 77.4693525998512,23.2036479323767 77.469260600688,23.2036959249716 77.4691735745982,23.203750772097 77.4691188725873,23.2037850522614 77.4686765771757,23.2039387758077 77.4685897244608,23.2039946548943 77.4685506405594,23.2040205984236 77.4685006996195,23.2040744818844 77.4684203605887,23.2042121842385 77.4681132526442,23.2048554164339 77.4680725400972,23.2049739094097 77.4680555772097,23.2050924022804 77.4680555772097,23.2051547671243 77.4680861109462,23.2053013241865 77.468103074732,23.2054135798834 77.4681233227585,23.2059540055044 77.4681511157351,23.2061162124384 77.4681650117742,23.2061749638251 77.4681469466539,23.2062145579798 77.4681219330648,23.2062375477826 77.467955174307,23.2063065171672 77.46779675461,23.206370378319 77.467766182246,23.2063869818171 77.4677133756803,23.2064342394402 77.4671519564755,23.2073525546623 77.4671047077865,23.2074853840904 77.4670540769405,23.2077829529699 77.4670353542533,23.207970229413 77.4670329305987,23.2080075451397 77.4670357773598,23.2080221933573 77.4673520660865,23.2084445619939 77.4673784693693,23.2085058676532 77.4673909766131,23.2085620643453 77.4673871938074,23.2086520420809 77.4673269339198,23.2097821078089 77.4671728009834,23.2102121903385 77.4670647129934,23.2101868275897 77.4670085296606,23.2101665935287 77.4669345785498,23.2101262913452 77.466836505877,23.2100474339352 77.4667229462486,23.2099403801836 77.4665825000439,23.2098079800376 77.4660279745106,23.2092073008412 77.4655720408763,23.2087284895057 77.4655530181519,23.2087574398469 77.465317897601,23.2091446142467 77.4653086162075,23.2091598980646 77.4652987140781,23.2091803741838 77.4652978885263,23.2091963003272 77.4653066731515,23.2094265893426 77.4653069983416,23.2094351295048 77.465304358193,23.2094482344916 77.4653001334162,23.2094579420719 77.4652728327164,23.2094931190412 77.4652546984258,23.2095140863499 77.4652289598963,23.2095393551064 77.4652160906315,23.209556559258 77.4651781134545,23.2096831721025 77.4650938946,23.2101518613338 77.4650631210133,23.2104601588402 77.4650499571012,23.2105920390325 77.4650499571012,23.2106092430486 77.4650464473833,23.2106242963544 77.4650388422461,23.2106479524894 77.4647434294683,23.2110877330891 77.4647387492457,23.2111033238097 77.4647346547246,23.211116764654 77.4647298325682,23.21113913441 77.4647223702631,23.2111737528281 77.4647140356939,23.2112597006843 77.4647193285676,23.2116437891658 77.464703810171,23.2118655925741 77.4646505032438,23.2121273793507 77.4646142095097,23.2122359207284 77.4645424305252,23.2124038472012 77.4644376007248,23.2125966519601 77.4642974338961,23.2128295068402 77.4641310039217,23.2129945223514 77.4638176311264,23.2132220646817 77.4637746718929,23.2132665863544 77.4637417666041,23.2133052281524 77.4637161277875,23.2133529200663 77.4636386337212,23.2134970739261 77.4635516489539,23.2136588803742 77.4635794527103,23.2136663115001 77.4643658971988,23.2138765070919 77.4644126113902,23.2138889924524 77.4656785379498,23.2142443273229 77.4658579351054,23.2142956869757 77.4661533523747,23.2143827011297 77.4665432697171,23.2145245158257 77.4672187201657,23.21478703216 77.4675605659623,23.2149071551075 77.4677543397556,23.2149768762491 77.4680664225701,23.2150982068494 77.4680738983499,23.2150854351255 77.4681130460317,23.2150185532121 77.4681692500258,23.2149144524197 77.4681792473765,23.214888202238 77.4681921004716,23.2148658892493 77.4682320898748,23.2148343883587 77.4682463712912,23.214823887785 77.4682792190879,23.2148160125606 77.4682977854682,23.2148147007111 77.4683420580386,23.2148028874607 77.4683649084845,23.2147884496842 77.4683806182222,23.2147674493544 77.4683877598287,23.2147490735471 77.4685020129564,23.2145403810646 77.4685191510154,23.2145141299838 77.4685562828777,23.2144760664441 77.4685705642941,23.2144655666678 77.4686062687334,23.2144471908189 77.4686248351137,23.2144248777566 77.4686448289169,23.21437237637 77.4686804525079,23.214270683306 77.4692873300593,23.2145586636097 77.4693395967375,23.2145866120808 77.4687780140393,23.2155159406159 77.471127683429,23.2168211903655 77.4711536743851,23.2168405895937 77.4712054981939,23.2168835489095 77.471237692017,23.2169198268834 77.4712523156915,23.2169416673038 77.4712605424629,23.216959307228 77.4712651121928,23.2169744275149 77.4712696828209,23.2170155878746 77.4712696828209,23.2170449880057 77.4712651121928,23.2170659879775 77.4712568863197,23.2170886679764 77.4712413481603,23.217111348797 77.4712239810309,23.2171298283009 77.4712130126012,23.2171399084795 77.4711654836379,23.2171575483774 77.4701853731539,23.2172199744608 77.46967882125,23.2172609910962 77.4689947299066,23.2174069247864 77.468859053756,23.2174436756673 77.4687490855922,23.2174804257125 77.4686533979464,23.2175158630991 77.4686019846678,23.2175289879324 77.4685448572056,23.2175355503485 77.4663583371428,23.2176038006134 77.4656256882651,23.2176458012035 77.4656281891748,23.2177038391865 77.4656440920503,23.2180728938258 77.465699135421,23.2193502082703 77.4648367698163,23.2193566649261 77.4646521363809,23.2193516249205 77.4645223450938,23.2193423853226 77.4643898130466,23.2193213782787 77.4643498766441,23.2193116928795 77.463940616777,23.2191867840244 77.4638674633702,23.2191583263229 77.4636150403686,23.2190526932234 77.4631922177374,23.2188514927889 77.4636312145353,23.2171820413062 77.4636793813025,23.2169729654332 77.4618592319418,23.2168921026297 77.4565257643184,23.2166930297371 77.4565039972407,23.2176096249712 77.4564191998712,23.2196193822794 77.4563959370986,23.2205638906171 77.4572321114229,23.2205797757773 77.457413088715,23.2205894313648 77.4574394129461,23.2205958821819 77.4574575472367,23.2206039461156 77.4574768511339,23.2206189982951 77.4574932310148,23.2206383515667 77.4575283290912,23.2206953365044 77.4576733486191,23.2209154473775 77.4577093306378,23.2209708950345 77.4577559819472,23.2210310936707 77.4578378382325,23.2211254895684 77.457891994966,23.2211799984965 77.45805935829,23.2213235503448 77.4582244893005,23.2214342892697 77.4591791585973,23.2220572649038 77.4610296476584,23.2231942185508 77.462460478853,23.2240985555334 77.4625384301618,23.2241510341096 77.461992453895,23.2248953815089 77.4626868022024,23.2253455092808 77.4640315164023,23.2261882246103 77.464662587381,23.2265616788807 77.463233447714,23.2284670824542 77.464703063671,23.2293560270971 77.464698652943,23.229668865872 77.4649007127965,23.2296720208946 77.4661351857448,23.2296912944325 77.4661351857448,23.2298931504815 77.4661284025661,23.2301258158854 77.4661198335365,23.2308896196146 77.4661269742447,23.2313108906928 77.4661612503627,23.2315589289848 77.4661769601004,23.2316087985946 77.4661898131955,23.2316429197221 77.4662126636414,23.2317190370043 77.4663555820098,23.2319979836483 77.4692495208673,23.2320098581137 77.4693438870913,23.2320112350068 77.4707700721993,23.2320251459189 77.4710960178153,23.2320264980476 77.4714479175565,23.2320290173984 77.4718071295841,23.2320214585202</coordinates></LinearRing></outerBoundaryIs></Polygon></MultiGeometry>
  </Placemark>
  <Placemark>
	<Style><LineStyle><color>ff0000ff</color></LineStyle><PolyStyle><fill>0</fill></PolyStyle></Style>
	<ExtendedData><SchemaData schemaUrl="#bhopal_wards">
		<SimpleData name="objectid">42</SimpleData>
		<SimpleData name="townname">Bhopal</SimpleData>
		<SimpleData name="towncensuscode2011">802312</SimpleData>
		<SimpleData name="town_lgd_code">250946</SimpleData>
		<SimpleData name="ward_lgd_code">34391</SimpleData>
		<SimpleData name="ward_lgd_name">Indrapuri Ward</SimpleData>
		<SimpleData name="sourcewardcode">67</SimpleData>
		<SimpleData name="state">Madhya Pradesh</SimpleData>
	</SchemaData></ExtendedData>
      <MultiGeometry><Polygon><outerBoundaryIs><LinearRing><coordinates>77.4715067482244,23.2653542266484 77.4717872795112,23.2649866438436 77.4720746604521,23.264604802596 77.472575186457,23.2639639182027 77.474319869249,23.2617005516752 77.4756632916716,23.2599591945044 77.4771630038856,23.2580711711827 77.4772839359875,23.2579190293702 77.4776487445193,23.25742695245 77.4780151179164,23.2569018559069 77.4781375439165,23.2567065137275 77.478233660957,23.2565000343408 77.4782987789336,23.2563069273784 77.4786123242054,23.2551545093386 77.4786858980238,23.2547898283429 77.478872990148,23.2540692969628 77.4785399720958,23.2540035834554 77.4785074988966,23.2539942604212 77.4783207750817,23.2539812068515 77.4782477097097,23.2539849365609 77.47816449607,23.2539868010028 77.4780995478749,23.2539942604212 77.4780163342352,23.2540017190137 77.4779716834741,23.2540073131641 77.4778438181748,23.2540296897636 77.4777748113913,23.2540464722108 77.4776510055789,23.2540874965118 77.4776124427003,23.2541042789517 77.4775799695012,23.2541229258295 77.4775251704722,23.2541602204027 77.477228847701,23.2543578813839 77.4771334564993,23.2544100938564 77.4770319765166,23.2544567113519 77.4769792067819,23.2544790887013 77.4768229268719,23.254527570607 77.4767782752124,23.2545313003011 77.4766727357429,23.2545368944293 77.4765956108841,23.2545480826851 77.4764515094345,23.2545760533204 77.4764027991865,23.254596565391 77.4763317622105,23.2546264012745 77.4760719730236,23.2547923612946 77.4760334110434,23.2548128725066 77.4759968774591,23.254827790425 77.4759096052309,23.254852032142 77.4758588647904,23.2548650848011 77.4757147624424,23.2548744085997 77.4756356082895,23.2548706789153 77.4752033021438,23.2547904960386 77.4749638085941,23.2547476075226 77.4748988612974,23.2547215013549 77.4748481217552,23.2546953960075 77.4748095588767,23.254671154262 77.4747649081155,23.2546301309659 77.4745944213493,23.2543821231863 77.4745558584708,23.2543373692765 77.474521355079,23.2543038044533 77.4743346312641,23.2541136028036 77.4743102761401,23.2540781726581 77.4742778029409,23.2540278253223 77.4742554771112,23.2539849365609 77.4742372107682,23.2539569658015 77.4742067668632,23.2539196711715 77.4741154342499,23.2538544057502 77.4740890489334,23.2538394877229 77.4740504869532,23.2538208408054 77.4737825787928,23.2537499803494 77.4735877369026,23.2537164153783 77.4734732672809,23.253711903238 77.4734016625696,23.2537173851542 77.4733121571296,23.2537447963826 77.4732564651753,23.2537685529961 77.4731788938539,23.2538124116022 77.473095355024,23.253863580233 77.4730356844312,23.253903783377 77.4729601019799,23.2539439873342 77.4728845195285,23.2539659166103 77.4717789682982,23.2541336263449 77.4717026061092,23.2534092610014 77.4716697116001,23.252939156306 77.471280213771,23.2529727264248 77.4692796809046,23.2531592792026 77.4673536022056,23.2533511873733 77.4673083908957,23.2526428592405 77.467161984369,23.2509103207399 77.4670340274416,23.249894830375 77.4670182620084,23.2497829504736 77.466140135462,23.2499304143245 77.4629628544892,23.2504576941667 77.4631041963143,23.2512166934828 77.4633171033248,23.2523146980637 77.4634473302949,23.2531527259661 77.4636295562453,23.2545318681323 77.4636756658705,23.2557063369152 77.4637791850289,23.2567434914795 77.4640800856148,23.2588592011602 77.4643397095117,23.2609091052613 77.464439715359,23.2616704293481 77.4659386092078,23.261583384128 77.4659264855447,23.2614135305744 77.4660958197724,23.261375402833 77.4667246638274,23.2609565507323 77.4669101731201,23.2608987774986 77.4673342489012,23.2620220948586 77.468513331729,23.2623696313527 77.4682332990072,23.2634257757848 77.468444551321,23.2636017990431 77.4696335281934,23.2627889436482 77.470092032806,23.2635622169587 77.4701933663633,23.2638221048764 77.4702117997929,23.2638957320879 77.4703521660476,23.2644155828662 77.4703653775705,23.264557479739 77.4703017391192,23.2652171766094 77.4710546072773,23.2651013400143 77.4715067482244,23.2653542266484</coordinates></LinearRing></outerBoundaryIs></Polygon></MultiGeometry>
  </Placemark>
  <Placemark>
	<Style><LineStyle><color>ff0000ff</color></LineStyle><PolyStyle><fill>0</fill></PolyStyle></Style>
	<ExtendedData><SchemaData schemaUrl="#bhopal_wards">
		<SimpleData name="objectid">34</SimpleData>
		<SimpleData name="townname">Bhopal</SimpleData>
		<SimpleData name="towncensuscode2011">802312</SimpleData>
		<SimpleData name="town_lgd_code">250946</SimpleData>
		<SimpleData name="ward_lgd_code">34385</SimpleData>
		<SimpleData name="ward_lgd_name">Khajuri Kala Ward</SimpleData>
		<SimpleData name="sourcewardcode">61</SimpleData>
		<SimpleData name="state">Madhya Pradesh</SimpleData>
	</SchemaData></ExtendedData>
      <MultiGeometry><Polygon><outerBoundaryIs><LinearRing><coordinates>77.4904854714017,23.2468577032755 77.490604490092,23.2468537480371 77.4911514518106,23.2468541367928 77.4912715898018,23.2468501006667 77.4914546251342,23.2468185091025 77.4917211498891,23.246755246715 77.4918344229548,23.2467246356852 77.4918943908899,23.2467123919315 77.4920565278156,23.2467001473514 77.4925111921303,23.2467392738777 77.4928066848582,23.2467948494717 77.493080845293,23.2468777543186 77.4932092486831,23.2469160174419 77.4932613051555,23.2469223951783 77.4933359183247,23.2469303667293 77.4934400294728,23.2469239889933 77.4935337300452,23.2469128289862 77.4936100778612,23.2468936974255 77.4937055139786,23.2468618112098 77.4940371926428,23.2467099958402 77.4941389313403,23.2466634276359 77.4946185580402,23.2463894070175 77.4946747665258,23.2463572945252 77.4947023232455,23.2463415502724 77.4947243562245,23.2463324082876 77.4947478103382,23.2463265307075 77.4947698433172,23.2463245712389 77.4947947185657,23.2463239183578 77.4948288338852,23.2463265307075 77.4949329773728,23.2463366829662 77.4950862685878,23.246351625769 77.495362153788,23.2463785185179 77.4953929013235,23.246381516322 77.4954183739517,23.2463802625598 77.4954320193609,23.2463769189187 77.4954383875179,23.2463744113941 77.4954624956052,23.246362290591 77.4955379136649,23.2463041503392 77.4957179180815,23.2461267019082 77.4957745541652,23.2460562971052 77.4958156440046,23.2459930335307 77.4958389642694,23.2459624231513 77.4958500701413,23.2459450767713 77.4959022640559,23.2458726306837 77.4959378014086,23.2458501825574 77.495958901038,23.2458358967088 77.4966204671256,23.2455980991741 77.4967335470535,23.2455515363594 77.4970266673307,23.2453998160694 77.497106486237,23.2453599578522 77.4971394553062,23.2453503915481 77.4972019223545,23.2453503915481 77.4972400962624,23.2453583631931 77.4973181796236,23.2453870612761 77.4975585355559,23.2454410625848 77.4975786641065,23.2454455849097 77.4975943001823,23.2454481972765 77.4976049604898,23.2454481972765 77.4976390758094,23.2454397072905 77.4976760342968,23.2454168513473 77.4978524364691,23.2453223975175 77.4978565471599,23.2453213624745 77.4978736879138,23.2453170481445 77.4978847497682,23.2453183852814 77.4978920279187,23.2453242703345 77.4978990150149,23.2453352373325 77.4980307367817,23.2454954798692 77.4980406973015,23.2455075974495 77.4980570726908,23.2455142847753 77.4980679899165,23.2455142847753 77.4980766326078,23.2455126125312 77.4982310377338,23.2454679365332 77.4982417869745,23.2454648264553 77.4982879765498,23.2454514625286 77.4983618926263,23.2454083613593 77.4984116440217,23.2453744038779 77.4984429161734,23.2453567718355 77.4984592628166,23.2453476289578 77.4985125679473,23.2453397926766 77.49855805504,23.245346976072 77.4985779554185,23.2453554652385 77.4988293947648,23.2454693570333 77.4988920351879,23.2455017949437 77.4990854020444,23.245593078318 77.499137214175,23.2456175379662 77.4991838565012,23.2456297826457 77.499212730151,23.2456369247559 77.4992393822672,23.2456420264987 77.4992693662348,23.2456420264987 77.4993359978726,23.2456308028293 77.5000181353803,23.2453551747002 77.5000753966914,23.245320099623 77.5000892783575,23.2453009670084 77.5001135714977,23.2452674865772 77.5002114142019,23.2449891322424 77.5002221499678,23.244962144293 77.5002605376749,23.2448929654135 77.5002646286027,23.2448855946288 77.5002719067531,23.2448799769846 77.5002753994029,23.2448764995918 77.5002806401743,23.244872219914 77.5002873353181,23.2448684750927 77.5002975249084,23.2448647302712 77.500305094113,23.2448631257015 77.500395921873,23.2448583111667 77.5005255918876,23.2448558085659 77.5005761230207,23.2448548337732 77.5006113486579,23.2448478789861 77.5006203731333,23.2448430644508 77.5006369515418,23.2448349929021 77.5007080253488,23.2447762189055 77.5007385869331,23.2447389951683 77.5008020008056,23.2446527073394 77.5008316928207,23.2446123049619 77.5008643870055,23.2445868364934 77.5008857085187,23.2445737753997 77.5008970802919,23.2445678985675 77.5009184027035,23.24456136802 77.5009347493468,23.2445607151302 77.5009695752337,23.2445607151302 77.5009972936501,23.2445639804041 77.501032119537,23.2445744291148 77.5011209620203,23.2446554063884 77.5012349402635,23.244821161738 77.5012384131504,23.2448262123375 77.5012445270843,23.2448326322691 77.5012509311739,23.2448366445198 77.5012727656252,23.2448409241987 77.5012942614117,23.2448357613459 77.5013010787263,23.2448305935405 77.5013464705976,23.2447961794679 77.5013575971307,23.2447880526148 77.5013681523353,23.2447828105219 77.5013744288642,23.2447799265865 77.5013838441067,23.244778878333 77.5013876574551,23.2447789666504 77.5014063819389,23.2447794024598 77.5014212176158,23.2447822855697 77.5014451819727,23.2447893633443 77.5016982266084,23.2449063178405 77.5018274762115,23.2449602764232 77.5018408853637,23.2449649943831 77.5018540088517,23.2449681399647 77.5018688490202,23.2449699954534 77.5018954400509,23.2449712112607 77.5019135608668,23.2449687548843 77.5019358399842,23.2449622045468 77.502100222698,23.2448840973608 77.5022090086789,23.244809130762 77.5022679372633,23.2447750311599 77.5024753070584,23.2446550324835 77.5026721027843,23.2445682782505 77.5028396035505,23.2444944373175 77.5028823921041,23.2444791113217 77.5029739870254,23.2444652396763 77.5030046905435,23.2444671207593 77.5033294674514,23.2445009744715 77.5033929217481,23.2445116320128 77.5034142747024,23.244521826505 77.5034625169281,23.2445448592367 77.5034754814143,23.2445561432515 77.5034843513794,23.2445699356493 77.503491174084,23.2445862356039 77.5035284388969,23.2446664823938 77.5035324471797,23.2446751152228 77.5035335655822,23.2446810209392 77.5035338449583,23.244689495291 77.5035235044511,23.2447154309146 77.5035170761069,23.2447257021531 77.5034924658613,23.2447598290059 77.5034359070328,23.2448382573438 77.5034249907054,23.2448608269737 77.5034208970826,23.2448871571031 77.5034229434449,23.2449065918719 77.5034324961296,23.2449272804136 77.5034570587644,23.2449542378306 77.503491174084,23.2449799414666 77.5035805555564,23.245008152648 77.503635139888,23.2450188101488 77.5036672088454,23.245020691224 77.5036822196938,23.2450188101488 77.5037136050332,23.2450075261731 77.5044945212894,23.2445740576858 77.5046504176188,23.2444880701952 77.50493902476,23.2443288846101 77.5050168494063,23.2442740285625 77.5050616259317,23.2442466005303 77.5051042698565,23.2442172138183 77.5051543769847,23.2441633374751 77.5051693024932,23.2441339507447 77.5051778310985,23.2440634219052 77.5051629145732,23.2440012205025 77.5051223933674,23.2438322434141 77.505069621836,23.2433267850388 77.505069621836,23.2432318889622 77.5050746191639,23.2431859707892 77.5050762846405,23.2431614818059 77.5050907502115,23.2431027970413 77.5051009658529,23.2430613517052 77.5053820927227,23.2422813215333 77.5054410913757,23.2421176191316 77.5054794045225,23.2420456810708 77.5055127203415,23.2419997624895 77.5055726882766,23.2419339472871 77.5058480533522,23.241654532766 77.5060232490871,23.241427378962 77.5060477695011,23.241393093602 77.5060648267117,23.2413607669492 77.5061385155145,23.241074178333 77.5061419273159,23.2410547438314 77.5061432918568,23.2410396972578 77.5061380968995,23.2409722249637 77.5059901847965,23.2403360441503 77.506040258687,23.2397397416729 77.5063011671748,23.2389004656349 77.5063683413951,23.238204793954 77.5065458098676,23.2375539838589 77.5066168297757,23.2373588056691 77.5066952760562,23.237215950403 77.506747131306,23.2371733170759 77.5067976220149,23.2371394615044 77.5068099037814,23.237129429886 77.5068221846496,23.2371212794534 77.5068371954981,23.2371131290204 77.5068522063465,23.2371068597736 77.5068658526539,23.2371043520748 77.5068842744055,23.2371049785868 77.5069108843008,23.237107487111 77.5074177092926,23.2371425965397 77.5075115257475,23.2371592498662 77.5076607799337,23.2372180272183 77.5077631258923,23.2372738651424 77.5079656852091,23.2374315832551 77.5080371138506,23.2374874219152 77.5081192036979,23.2375285652203 77.5082055578479,23.2375540350363 77.5082855150946,23.2375706891368 77.5084539590919,23.2375873424098 77.508795111389,23.2376020369095 77.5090349840278,23.2375971387432 77.5093377567027,23.2375883222083 77.5099752847716,23.2376186901786 77.5100850930353,23.2376265269133 77.5103612135941,23.2376294654823 77.5103592813179,23.2376059569283 77.5103477694076,23.2374659315412 77.5103426526037,23.2374205446194 77.5103322096885,23.2373552125183 77.5103071269292,23.2372922147374 77.5102890546223,23.237262394787 77.5102654522865,23.2372340903435 77.5102015937479,23.2371737661172 77.5101159411822,23.2371042051458 77.5099072912878,23.23688542104 77.5095813564515,23.2365032904819 77.5094611483918,23.2363754005074 77.5094511043286,23.2363609551581 77.5094358212907,23.2363248426034 77.5094318174995,23.2362941350792 77.5094157340626,23.2361707609399 77.5094126770957,23.2361470870389 77.509276989267,23.235827941312 77.5092442295052,23.2357561591723 77.5092084442176,23.2357049439735 77.5091756368451,23.2356661452178 77.5091546566916,23.2356416177088 77.5091063542788,23.2355936497995 77.5089807320728,23.2354862153554 77.5088597703266,23.2354139666502 77.5088366081653,23.2354008419241 77.5087708173505,23.2353732965041 77.5087532211507,23.2353681365868 77.5087438616038,23.2353674481575 77.5087359995484,23.2353674481575 77.5086457727613,23.2353653845207 77.5080062046183,23.2354238985176 77.5076360241611,23.235440696513 77.5075190293751,23.2354356571146 77.5074385951229,23.2354180196314 77.5073316533833,23.2353894630331 77.5072813818633,23.2353676256303 77.5071918081514,23.2353155526346 77.5065321779332,23.2347674633939 77.5065076305698,23.2347285034011 77.5064942420788,23.2346813416369 77.5062942348757,23.2336945529747 77.5062715964322,23.2336160413181 77.5062658993167,23.2335962837986 77.506256759857,23.2335811662193 77.5062366510694,23.23355512855 77.5062156286951,23.2335299320256 77.5059414583788,23.2333950111765 77.5057149616546,23.233283550808 77.505496318901,23.2331911215168 77.5052358496894,23.2331062006251 77.5051715824174,23.2330878273413 77.5051067716646,23.2330776179426 77.5050116274996,23.2330720790463 77.5049944903389,23.2330720790463 77.5045930512047,23.2330617235383 77.5040890334483,23.2330865148459 77.5040476166221,23.2330983264789 77.5040047714746,23.2331245730809 77.5039604980059,23.2331652562943 77.5039219378223,23.233204627001 77.5032926985085,23.2339552907202 77.5030639254534,23.2342135069958 77.5029719667144,23.234299771034 77.5026963007031,23.2345075914917 77.502481314991,23.2346630593705 77.5023369422501,23.2347674633939 77.5022476820502,23.2348412824701 77.5021651160958,23.2348863937409 77.5020602350915,23.2349458588746 77.5018326217614,23.2350053239819 77.5015425252135,23.2350545360659 77.5010041963047,23.2351455797768 77.500971348508,23.2351442673016 77.5009399290327,23.2351377057509 77.5009199343311,23.2351272067738 77.5008817173039,23.2350893876669 77.5008323126583,23.2350404958729 77.5005332212794,23.2346690381705 77.5003608489494,23.2344791750269 77.5002677394685,23.2343968064539 77.5002147047308,23.2343574410515 77.5000235944423,23.2342405846184 77.4998476522073,23.2341526027551 77.4996764836198,23.2340829023567 77.4994927862291,23.2340188216745 77.4994635370834,23.2340102211746 77.4994407234685,23.2340080708431 77.4994003603661,23.2340080708431 77.4990589071334,23.2340046055489 77.4988504090542,23.2340111952211 77.4988248160518,23.2340036364551 77.498810191479,23.233992717228 77.4987992239477,23.2339742392325 77.4987946533195,23.2339524024236 77.4987937397329,23.233908727144 77.4988732595001,23.2336626363641 77.4988778301283,23.2336374390345 77.4988787437149,23.2336156021704 77.4988750875717,23.2335979636212 77.4988622910705,23.2335752864266 77.4988357844814,23.2335433706128 77.4986808780955,23.2333477746491 77.4986490112591,23.2333075372437 77.4983782464561,23.2326800137531 77.4983127466954,23.2325644122197 77.4982376619107,23.2324318958226 77.4980168578105,23.2321004878622 77.4979245199825,23.2319928995442 77.4972350558154,23.231588814597 77.4970998144494,23.2315136688287 77.4970526861346,23.231491063922 77.496885386591,23.2314108199393 77.4968240621998,23.2313750089962 77.4967581051968,23.2313245391753 77.4966989286774,23.2312735756983 77.496442864804,23.2310236390939 77.4964264130579,23.2310093607381 77.4963980774989,23.2309883629591 77.4963651731083,23.2309724039184 77.4959858522931,23.2308741335636 77.4959703141336,23.23086657462 77.4959474636877,23.230848936533 77.4959218706853,23.2308220588147 77.495797489951,23.2306237033973 77.4956796534437,23.230474331973 77.4956193279791,23.2304172166548 77.4954721695625,23.2303088667075 77.4954191563843,23.2302803098415 77.4953990475967,23.2302719105193 77.4950695572286,23.2302255916531 77.4928513643655,23.2298034025077 77.4927401466451,23.2297822344882 77.4927255229706,23.2297780343987 77.4927072422546,23.2297704753931 77.4926770795222,23.229758716297 77.492654228178,23.2297469571998 77.4925884184987,23.2297142001222 77.492568309711,23.2296974014061 77.4925290066207,23.2296629644441 77.492509812318,23.229637767185 77.4924933596736,23.2296092093499 77.4924314747337,23.2293696510147 77.4924094983486,23.2292845774521 77.4924009293191,23.2292635794017 77.4923823629388,23.2292412679894 77.4923580841716,23.2292255200659 77.4923323770831,23.2292163331573 77.4923023859291,23.2292123955568 77.492218592876,23.2292144634162 77.4916982150015,23.2292273047812 77.4912857768951,23.229250766107 77.4906002293826,23.2292770225459 77.4889097850709,23.2293397781135 77.4857795129368,23.2294201545944 77.48575381034,23.2294234524329 77.485748015308,23.2294254146261 77.4857319165998,23.2294333269616 77.4857205663862,23.2294420788214 77.4856993454843,23.2294584417102 77.4856783419746,23.2294834507913 77.4856711177231,23.2294959949536 77.4856690201569,23.2295035102238 77.4856678972628,23.22951589589 77.485667735566,23.2295682476878 77.4857373594921,23.2301041749128 77.4857411297214,23.2301482707846 77.4857643700361,23.2307910338643 77.4857927999182,23.2311184596537 77.4858610305573,23.232811305731 77.4859156364485,23.2337294313457 77.4859798273637,23.2349407096717 77.4859907436911,23.2350817067944 77.4859883182398,23.2352867937778 77.4859094740056,23.2377244101176 77.48590900778,23.237797449994 77.4858730841518,23.2391365796721 77.4858706578022,23.2400772751307 77.4858779359526,23.2408418630099 77.4858658060014,23.2418895433028 77.4858803623022,23.2425426673362 77.485886960428,23.2427620983658 77.4858631451915,23.2430540707888 77.4858290011258,23.2432144217178 77.4857758873364,23.2433155124757 77.4856696606557,23.2434375189161 77.4856450010028,23.2434863209658 77.4856450010028,23.2435455808683 77.4856791450685,23.2436397000171 77.4859336611447,23.2444091620946 77.4859992345671,23.2446613962962 77.4860678541768,23.2449947696915 77.4862218460777,23.2455743419306 77.4863403015243,23.2460178628798 77.4864380274474,23.2463334961475 77.4867610688101,23.2473462238428 77.4868482278506,23.2476527244534 77.4868899186629,23.2476872549928 77.4869669527918,23.2477351228103 77.4869970131162,23.2477480069634 77.4870921393149,23.2477782735758 77.4872069233469,23.2478076033776 77.4873220622135,23.2478278474162 77.4873320128519,23.2478271945425 77.4873575986678,23.2478187055333 77.4873760779115,23.2478089099505 77.4874009540584,23.2477951962986 77.4876482890022,23.2476756922648 77.487671743116,23.2476665495461 77.4877378411546,23.247654142454 77.4881347635595,23.2476262322702 77.4881557526961,23.2476247564927 77.4881870257461,23.2476084304973 77.4881976860536,23.2475960225744 77.4882097692925,23.2475777379508 77.4882318013731,23.2475294136419 77.488239619411,23.2475117818844 77.488248859482,23.2474948038252 77.4882595206878,23.2474791306893 77.4882772884658,23.2474628055015 77.4883114037853,23.2474438671586 77.4883550089076,23.2474252944564 77.488418724614,23.2473981551299 77.4884492861983,23.2473857480129 77.4884727403121,23.2473766052742 77.4885047239295,23.2473700748642 77.4891938458384,23.2473413813347 77.4893731864001,23.2473192173865 77.4895765299461,23.2472839133698 77.4897576895962,23.2472418833121 77.4899116689207,23.2471763595796 77.490174607601,23.2470345374749 77.4904125326922,23.2468817912693 77.4904407344022,23.2468663277088 77.4904566543457,23.2468604765645 77.4904785256279,23.2468583718363 77.4904854714017,23.2468577032755</coordinates></LinearRing></outerBoundaryIs></Polygon></MultiGeometry>
  </Placemark>
  <Placemark>
	<Style><LineStyle><color>ff0000ff</color></LineStyle><PolyStyle><fill>0</fill></PolyStyle></Style>
	<ExtendedData><SchemaData schemaUrl="#bhopal_wards">
		<SimpleData name="objectid">35</SimpleData>
		<SimpleData name="townname">Bhopal</SimpleData>
		<SimpleData name="towncensuscode2011">802312</SimpleData>
		<SimpleData name="town_lgd_code">250946</SimpleData>
		<SimpleData name="ward_lgd_code">34377</SimpleData>
		<SimpleData name="ward_lgd_name">Jaatkhedi Ward</SimpleData>
		<SimpleData name="sourcewardcode">53</SimpleData>
		<SimpleData name="state">Madhya Pradesh</SimpleData>
	</SchemaData></ExtendedData>
      <MultiGeometry><Polygon><outerBoundaryIs><LinearRing><coordinates>77.4719973128112,23.1962083285342 77.4719207655692,23.19492526891 77.4716399279569,23.1949500235335 77.4715975265771,23.1943236500557 77.4720972593697,23.1942568370198 77.47281202818,23.194164968628 77.4731300398754,23.1941065067412 77.4734904529506,23.193986799421 77.4739447552443,23.1938114134502 77.474384871343,23.1936313421559 77.4744677005038,23.1923254414916 77.4745809987223,23.1921973614126 77.4747514244031,23.1920345108661 77.4754309999155,23.1914417654717 77.4755578240674,23.191097753468 77.4755713643736,23.1906313524117 77.4755773624248,23.1901036785964 77.4756933214532,23.1897021398525 77.4759692345012,23.1891260236181 77.4766421004967,23.1877868112 77.477189095453,23.1874698091866 77.4774639637603,23.1872130780944 77.4769617974316,23.1871061654267 77.4765318601434,23.1870141624796 77.4738054364252,23.186386551182 77.4726605937827,23.1860997934113 77.4741537348204,23.1839365619181 77.4744740228467,23.1834727040531 77.4743626119886,23.1832567421496 77.4742336732026,23.1824999619055 77.4741308143059,23.1818962499489 77.4749023135231,23.1810523130835 77.4749889614221,23.1809575296642 77.4748345437197,23.1808091258748 77.4747923651222,23.1807623703603 77.4747700356992,23.180725876951 77.4747576299651,23.1806939460354 77.4747489459512,23.1806563130134 77.4747114969837,23.1805739905345 77.4746901745721,23.1805365713593 77.4746688530588,23.1804848973217 77.4746552849048,23.1804332224382 77.474651407776,23.1803904578567 77.4746417158524,23.1803566019339 77.474626209134,23.1803245288936 77.4746087638512,23.1803049278268 77.4744323733569,23.1801588140712 77.4744129895097,23.1801160494019 77.4743994213557,23.1800804113413 77.4743877908677,23.1800412099592 77.4743916679964,23.1799806262075 77.4743955451252,23.1799307340256 77.47440135992,23.1798950959156 77.4744226814333,23.1798256025648 77.4744575719989,23.1797899652527 77.4744750172817,23.1797810557167 77.4745021544882,23.1797703641076 77.4745661199263,23.1797596733234 77.4745990719275,23.1797668007882 77.4746572225708,23.1797846198614 77.4746998664957,23.1798077843228 77.4747812781149,23.1798737135406 77.4748219834754,23.1799271698847 77.4748491197835,23.1799699354401 77.4748975794015,23.180039428716 77.4749402233264,23.1800893208574 77.4749576686092,23.1801071398877 77.4749964354052,23.1801356496706 77.4750196954829,23.1801356496706 77.4750759075618,23.1801303042932 77.4751941474128,23.1800643743761 77.4752348536716,23.1800216096767 77.4752871886217,23.1799111329011 77.4753123872637,23.179859458622 77.4753414630345,23.1798131297131 77.4753589083174,23.1797917473249 77.4753879831898,23.1797685828608 77.4754480723975,23.1797454183926 77.4755314216828,23.1797275993141 77.4756862481187,23.1797157945243 77.4757771082181,23.1797130099316 77.4759224852755,23.1796990894443 77.4760042598141,23.1796684630459 77.4762690696851,23.1795346117211 77.476434429766,23.1794632460942 77.4780779730368,23.1787539281608 77.4780736772931,23.1781052728507 77.4780700004886,23.1775500005443 77.4784299994404,23.1765499996817 77.4789699992156,23.1753800002697 77.4798600005917,23.1743799997096 77.4800944312365,23.1739863905045 77.4814799999173,23.1716600002933 77.4816499997966,23.1713700000583 77.4825399993761,23.1703700000968 77.4848500000612,23.1631900002375 77.485773946077,23.1620127961229 77.4867474781982,23.1607724024498 77.4868200000894,23.160680000653 77.4868099991453,23.159339999772 77.4862700002685,23.159339999772 77.486009508599,23.159420398518 77.4846500000447,23.1598400001646 77.4821200001499,23.1599999999952 77.4792299995066,23.1588200001587 77.4781774363016,23.157959440452 77.4761600007349,23.1563100004483 77.4748596552252,23.1542271990102 77.4733605053565,23.1561279368981 77.4723833718894,23.1573936092402 77.4717571230672,23.1583033509793 77.4716245389177,23.1585273225338 77.4714998213153,23.1587717131272 77.4713330329131,23.1591785703023 77.4713040065496,23.1592481677009 77.4712148289947,23.1594222791463 77.4711688136926,23.1595044519261 77.4709635154126,23.1597916499049 77.4706713042304,23.1601912920574 77.4699924716247,23.1610850763175 77.4680595360851,23.1635586767613 77.4675867204118,23.1641711400178 77.4641869186583,23.168583842038 77.4633299429452,23.169878142352 77.4624016859143,23.1713027585043 77.459023191301,23.1766854238705 77.4545835033679,23.1836080270975 77.45343411525,23.1854368525024 77.4541934171423,23.185827269492 77.4543692740372,23.1858864534095 77.4544144404314,23.1858972485757 77.4544650281583,23.1859072130261 77.4545490386037,23.185914686157 77.4546418480473,23.1859202914177 77.4547041480088,23.1859173550142 77.4547428600077,23.185915530084 77.4548020616799,23.1859097481103 77.4550441648355,23.1858571248717 77.4556493059435,23.1857104127221 77.4558372011615,23.1856705548574 77.4558995316658,23.1856589289564 77.4559401813308,23.1856556077421 77.4559862523284,23.1856556077421 77.4560503893448,23.1856639116035 77.4568290678977,23.1857909599574 77.4571606252892,23.185889440185 77.4573286434851,23.1859393450086 77.4577910045652,23.1860920023735 77.4578513542843,23.1861115695621 77.4589960199586,23.1865272568629 77.4596208449511,23.1867825813592 77.4596862297274,23.1868116933464 77.4607968330828,23.1873506772549 77.4615375910526,23.1877241921812 77.4616415351142,23.1877667554131 77.4617601351896,23.1878042832164 77.4618641295567,23.1878266568737 77.4622110840723,23.1878822214782 77.4621536350132,23.1881917214357 77.462058851971,23.1885082312461 77.462000670785,23.188667030861 77.4619787743499,23.1887545604484 77.461957217478,23.1889063756467 77.4619557819702,23.1889317928035 77.4619526405617,23.1889520606312 77.4619680933812,23.1892334590162 77.4619980135684,23.1896579117246 77.4620015583205,23.1897081958069 77.4620101111803,23.1898295377859 77.462018487072,23.189938638953 77.4620145174168,23.1899678311753 77.4620089595401,23.1899860766207 77.4620010202296,23.1900043212378 77.4619867289317,23.1900254856512 77.4619676747663,23.1900473800107 77.461919242996,23.1900860590738 77.4618860888739,23.1901003261145 77.4618193422516,23.190129047633 77.4613952359279,23.1902582923256 77.4613785622979,23.1902663201063 77.4613706229874,23.1902714289189 77.4613610954555,23.1902809165953 77.4613503004008,23.190307799993 77.4613248214844,23.1904234224051 77.4613092770367,23.1904939622334 77.4612601418856,23.1906502930321 77.4612375645275,23.1907020886543 77.4611840725473,23.1907786801129 77.4611401961339,23.1908189410632 77.4609279951992,23.19104264435 77.4607778894101,23.1912364972189 77.460730748519,23.1912980733515 77.4607183427849,23.1913140379575 77.4607046964774,23.1913311420647 77.4606885699214,23.1913493873241 77.4606712018937,23.1913664914268 77.4606476318973,23.1913824560247 77.4606352261632,23.1913904383229 77.4604225428332,23.1914179713442 77.4603781211424,23.1914237225278 77.4603501736556,23.1914311953505 77.4603273079384,23.1914391355338 77.4602505810333,23.1914839741098 77.4601997723208,23.1915243372378 77.4601382844363,23.191573184682 77.4601108453959,23.1916007416117 77.460096109432,23.1916245621299 77.4600097184511,23.1917520176842 77.4597700991373,23.1920824440494 77.4596950457936,23.1921859416836 77.4595884355323,23.1923391690978 77.4595632368903,23.1923658943691 77.459516716735,23.1924033102354 77.4594876409642,23.1924211276255 77.4594101064737,23.1924514166878 77.4592395316726,23.1925458476382 77.4591348599757,23.1925939540392 77.4590553878191,23.1926206792597 77.4589991748419,23.1926242430623 77.4589720385338,23.1926206792597 77.4587037414029,23.1925819604694 77.4586666418799,23.1925768170648 77.4586425769118,23.1925711377682 77.4586302196867,23.1925648606507 77.4586244587908,23.1925593390661 77.4585949706933,23.1925221181132 77.4585822676169,23.1925111715493 77.4585552732426,23.1924951154313 77.4585235151023,23.1924834389289 77.4585084296938,23.1924805200096 77.4584814353195,23.1924827098184 77.4584433260902,23.1924907374655 77.4583806039204,23.192508981741 77.4581107095849,23.1926356462395 77.4580995453225,23.1926436276372 77.4580871395885,23.1926561711302 77.4580759744278,23.192668714622 77.4580660498405,23.1926846782387 77.4580598478718,23.1927143264839 77.4580610875469,23.1927451142134 77.458067290414,23.1927622181376 77.4580834178683,23.1927918663656 77.4581136937883,23.1929284482833 77.458117456831,23.1929454241979 77.458118981272,23.1929575680157 77.4581138995025,23.1929748494418 77.4581022124206,23.1929944659921 77.458087477355,23.1930089449317 77.4580625787503,23.1930224899844 77.4580493672274,23.1930276275919 77.4580117655462,23.1930318313139 77.4574975393349,23.1931271123417 77.4574716247356,23.1931322499451 77.4574472345773,23.1931341177141 77.4574340230544,23.1931341177141 77.4574126817782,23.1931261776314 77.4574055680195,23.1931191722586 77.4573954053786,23.193107494985 77.4573872756253,23.1930930160561 77.4573862596307,23.1930771358855 77.4573877840718,23.1930598544726 77.4574108285537,23.1930018701926 77.4574408134196,23.1929264203224 77.4574482568601,23.192902474527 77.4574532191537,23.1928716868337 77.4574532191537,23.1928511611503 77.4574432945665,23.1928089702838 77.4574346105526,23.1927952873145 77.4574234462902,23.1927804632017 77.4574097999828,23.1927656390873 77.4573621838828,23.1927327333953 77.457306678778,23.1926943763021 77.4571678926599,23.1926139802021 77.4571492849571,23.192604857659 77.4571219923422,23.1925980157512 77.4571033846394,23.1925968754332 77.4570785731712,23.1926025770231 77.4570612060418,23.1926139802021 77.4570388757205,23.1926356462395 77.4570103434304,23.192668714622 77.456986773434,23.1927052039476 77.4569185427949,23.1928249347094 77.456903655914,23.1928477402028 77.4568900105049,23.1928659852553 77.4568701613303,23.1928819496741 77.4568465913339,23.1928979132654 77.4567609935654,23.1929184389416 77.4567299792302,23.192916158311 77.4566803571923,23.1928979132654 77.456648103182,23.1928751077806 77.4566282549058,23.1928637046239 77.456582354588,23.1928557224136 77.4565463779592,23.1928568627294 77.4564905539525,23.192867125571 77.4563649479162,23.1929021896546 77.4563029210425,23.1929235699472 77.4562622147837,23.192941387268 77.456213756064,23.1929698943157 77.4561846811916,23.1929912745975 77.4561517291903,23.1930180005642 77.4561129614959,23.1930536343525 77.4560761332642,23.1930821413763 77.4560044135685,23.1931124311145 77.4559695230029,23.1931195578679 77.4559094337952,23.1931213389369 77.4558396535623,23.1931088673248 77.455806701561,23.1930981767809 77.4557737495598,23.1930874870618 77.455733043301,23.1930785784115 77.4556962150693,23.1930785784115 77.4556690778629,23.193089268957 77.4556535711444,23.193105303535 77.4555973590655,23.193149846772 77.4549782994605,23.1938749890953 77.4558333581688,23.1941183242982 77.45611458026,23.1941812408814 77.4568261519663,23.1943033830419 77.4574115903251,23.194378660388 77.4588360075487,23.1946078759175 77.4597549059309,23.1947592658385 77.4607863236923,23.1949185988675 77.4610616573269,23.1949600698799 77.461231152353,23.1949894434868 77.4613031370517,23.195001919052 77.461385708396,23.1950245416935 77.4615294136886,23.1950734365756 77.4619207108432,23.1952067777561 77.4624163967254,23.1953656784098 77.4624642517772,23.195377428148 77.462531672136,23.1953881449321 77.4625544363436,23.1953890416443 77.4625837043538,23.1953884438362 77.4627227779328,23.1953826895202 77.4632484046635,23.1953330128112 77.4634379779345,23.1953252247884 77.463637681507,23.1953236254032 77.4637101854319,23.1953258407622 77.4640660781845,23.1953367185624 77.4654093218423,23.1953965563562 77.4660896851773,23.1954250628805 77.4667138364333,23.1954197181141 77.4673418639198,23.1953894288985 77.4676517683198,23.1953609223665 77.4676928554643,23.1953507513693 77.4677841593314,23.1953149926864 77.467867164562,23.1952633136235 77.4679644817517,23.1952027235547 77.4679837901404,23.1951952509428 77.4679964941151,23.1951915146367 77.468018250413,23.1951889731228 77.4680446006952,23.1951858949018 77.4680731859859,23.195184832222 77.4693567545594,23.1951219235424 77.4706447635053,23.1950324090014 77.4707343515903,23.196283492513 77.4719973128112,23.1962083285342</coordinates></LinearRing></outerBoundaryIs></Polygon></MultiGeometry>
  </Placemark>
  <Placemark>
	<Style><LineStyle><color>ff0000ff</color></LineStyle><PolyStyle><fill>0</fill></PolyStyle></Style>
	<ExtendedData><SchemaData schemaUrl="#bhopal_wards">
		<SimpleData name="objectid">40</SimpleData>
		<SimpleData name="townname">Bhopal</SimpleData>
		<SimpleData name="towncensuscode2011">802312</SimpleData>
		<SimpleData name="town_lgd_code">250946</SimpleData>
		<SimpleData name="ward_lgd_code">34392</SimpleData>
		<SimpleData name="ward_lgd_name">Ayodhya Nagar Ward</SimpleData>
		<SimpleData name="sourcewardcode">68</SimpleData>
		<SimpleData name="state">Madhya Pradesh</SimpleData>
	</SchemaData></ExtendedData>
      <MultiGeometry><Polygon><outerBoundaryIs><LinearRing><coordinates>77.467601058422,23.2866864534513 77.4676204674221,23.2866811362686 77.4676238729353,23.2866811362686 77.4676351090629,23.2866814489955 77.4676558808072,23.2866845762647 77.4676733763957,23.2866887753867 77.4676936774228,23.2866936469952 77.4677100222694,23.2866952106296 77.4677168323975,23.2866952106296 77.467739305551,23.2866930215414 77.4680589872145,23.2865779833771 77.4680767343313,23.2865710687235 77.4683160320482,23.2864681269822 77.4683609235579,23.2864498006589 77.4683958392764,23.2864253650071 77.4684307549948,23.2864016934293 77.4685072366598,23.2863520588501 77.4687200565338,23.2861680296136 77.4687425027378,23.2861512297585 77.4687616224803,23.2861359580613 77.4687832368444,23.2861199222823 77.4688796709901,23.2860741055243 77.4689519961503,23.286041270694 77.4691365505338,23.2859565097118 77.4692022254659,23.2859351286438 77.46922383983,23.2859305474575 77.469253768102,23.2859320739695 77.4692700006591,23.2859342506931 77.4693676592086,23.2859473465152 77.4698902882611,23.2860878655709 77.4702159006022,23.2861557201719 77.4706170953946,23.286211408876 77.4706528842755,23.2862179217051 77.4709787697044,23.2862772253195 77.4710195047092,23.2862894431595 77.4710486011413,23.2863031875062 77.4710610706558,23.2863123515034 77.4710779284404,23.2863346715191 77.4710817633484,23.2863411521618 77.4710923194512,23.2863480329967 77.4711045778616,23.2863527247373 77.4715446849772,23.2864531251416 77.4716459053467,23.286478812523 77.4717060116224,23.2864953672707 77.4717640167386,23.2865169000741 77.4718092684728,23.2865373082111 77.4718250590588,23.2865460150658 77.4718840837629,23.2865773224419 77.4719754523088,23.2866311940173 77.4720220838552,23.2866620830288 77.4721731023325,23.2867609459705 77.4723232934615,23.2868728014278 77.4726906514121,23.2872065049092 77.4728083684436,23.2873183608173 77.4728814347138,23.2874078456412 77.472940699268,23.2875012819616 77.4729874610702,23.2874929299762 77.4730121413843,23.2874905436945 77.4730589031864,23.2874905436945 77.4731030670607,23.287494123117 77.4731563245806,23.2874988956801 77.4732095812023,23.2875048613838 77.4732563430044,23.2875048613838 77.4733264861567,23.2875000888209 77.4734083199841,23.2874893505536 77.4735122352996,23.2874726465806 77.4735745855668,23.287459522854 77.4736265432245,23.2874428188773 77.473668109171,23.2874261148984 77.4739664818977,23.2873108628331 77.473980854044,23.2873053113375 77.4740404437883,23.2873018903355 77.4740861994773,23.2873004240739 77.4741074814647,23.2873023788143 77.474131390126,23.2873067379927 77.474177179951,23.2873150858642 77.4742569341786,23.2873419620958 77.4744487244917,23.2874065955654 77.4745077482974,23.2874386668116 77.4745459895791,23.2874707380501 77.4745824575864,23.2875203788133 77.4746149900744,23.2875646603289 77.4746994730336,23.2876778641998 77.4748618417246,23.2879331924358 77.4748800272192,23.2879618277178 77.4749086035267,23.2879856896229 77.4749358817686,23.2880023935315 77.4749826435707,23.2880238699824 77.4750722711816,23.2880596632344 77.4752086605945,23.2881061946951 77.4754437703656,23.2881801682397 77.4754827383843,23.2881909064512 77.4755217064031,23.2882076103341 77.4755606753201,23.2882267004834 77.4756269215807,23.2882720387519 77.4757763006327,23.288386577901 77.4758880097315,23.2884593581575 77.4759126900456,23.2884712894786 77.4759516580643,23.2884867993693 77.4759984198664,23.2884999238197 77.4760516773864,23.2885142414005 77.4761257174304,23.2885202070587 77.4762322306736,23.2885309452428 77.4763179613928,23.2885392971631 77.4763168843128,23.288276751878 77.4763148828663,23.2877890711596 77.476313388968,23.287424921757 77.4763150517496,23.2873371078388 77.4763075696816,23.2872867103601 77.4762951001671,23.2872500571112 77.4762718230215,23.2872057680648 77.4761323586753,23.2869546928312 77.4759801229807,23.2866581900318 77.4758782576208,23.2863698372946 77.4757979895569,23.286071243111 77.4755864309176,23.2856497440315 77.4754638593903,23.2854507605542 77.4749600635177,23.2847230519697 77.4748646040441,23.2845386475136 77.4748525962636,23.2844603357783 77.4748658050916,23.2843743030566 77.4749154280279,23.2842478642384 77.4753481509918,23.2837122866522 77.4754030146995,23.2836344629232 77.4754561141159,23.2835396731077 77.4755480935162,23.2833462793955 77.4755904131492,23.2832250290225 77.4756013474428,23.2831593447459 77.4756035590951,23.2830866531845 77.4756026437118,23.2830211932831 77.4756025044729,23.2830075723715 77.475601376189,23.2828966122664 77.4756009423027,23.28285393001 77.4755959548562,23.2828386579346 77.4755801597786,23.2828119309732 77.4755477377833,23.2827714584713 77.4754821697508,23.2827191226101 77.4754271955503,23.2826752413366 77.4754080749095,23.2826622598902 77.4753947735551,23.2826462236927 77.475373159191,23.2826187334177 77.4752867008365,23.2824621893339 77.4752576044045,23.2823842988611 77.475252616958,23.2823629172195 77.4752467976716,23.2823361901626 77.4752443039484,23.2823193906492 77.4752434721084,23.2822835001348 77.4752459658316,23.2822674638918 77.4752690983485,23.282253325525 77.4753325283907,23.2822145584688 77.4755862970686,23.2820813941513 77.4760963883347,23.2817785910732 77.476736450551,23.2813690384173 77.4769827766868,23.2812029967974 77.477274686035,23.281015974146 77.4773442875032,23.2809745224439 77.4775890856046,23.2808429717502 77.4787178636749,23.2803360957822 77.4790035602746,23.280220155158 77.4791665002941,23.2801621187938 77.479725261384,23.2799338192427 77.4805889645802,23.2795453335676 77.4807282959757,23.2794872713287 77.4809762291975,23.2793980411138 77.4811560629342,23.2793333195878 77.4812720498104,23.2792971534828 77.4813236580235,23.2792790704266 77.4813827159652,23.279263919243 77.4814417730087,23.2792531671086 77.4815162595154,23.2792375282388 77.4818699765484,23.2791822566363 77.4823541675882,23.2791181200608 77.4830913278053,23.2773233627612 77.4831041952735,23.277287904953 77.4830853710767,23.277215954513 77.4830724856422,23.2770753452253 77.4830672897866,23.2770156843284 77.4830452074003,23.2769548301695 77.4830361155513,23.2769321586977 77.4830218269484,23.2768999421616 77.4830062393816,23.2768653391456 77.4829672713629,23.2767865863678 77.4827607387976,23.2765360097128 77.482124254571,23.2758630294645 77.4819740634421,23.2757370694356 77.4819456488313,23.2757202897198 77.4818847610213,23.2756848653183 77.4818461981428,23.2756680855959 77.4817508069411,23.2756401193873 77.4816716527882,23.275627068763 77.4815823503675,23.275627068763 77.4814991358294,23.2756289329022 77.4813834489905,23.2756419835263 77.4802509294371,23.2758619855814 77.4800865314519,23.2758899517434 77.4800601461354,23.2758918167042 77.4800134651816,23.2758918167042 77.4799688144204,23.2758843585115 77.4799282222477,23.2758713079111 77.4798977783427,23.2758414767837 77.4798835705882,23.275809781513 77.4794918602085,23.2751231849546 77.4785464219996,23.2734659939963 77.4789389606259,23.2732546924068 77.479617358447,23.2734417399858 77.4799206746027,23.2728475892066 77.478553566301,23.2720030412223 77.478603669836,23.2714658060163 77.4786533053487,23.2708768231231 77.4786730700816,23.2706422911509 77.4763953144236,23.2687144185683 77.4755889273357,23.2680722063029 77.4743874009988,23.2670840017999 77.4732183487594,23.2661349454636 77.4726332059463,23.265715619763 77.4717872795112,23.2649866438436 77.4715067482244,23.2653542266484 77.4710546072773,23.2651013400143 77.4703017391192,23.2652171766094 77.4703653775705,23.264557479739 77.4703521660476,23.2644155828662 77.4702117997929,23.2638957320879 77.4701933663633,23.2638221048764 77.470092032806,23.2635622169587 77.4696335281934,23.2627889436482 77.468444551321,23.2636017990431 77.4682332990072,23.2634257757848 77.468513331729,23.2623696313527 77.4673342489012,23.2620220948586 77.4669101731201,23.2608987774986 77.4667246638274,23.2609565507323 77.4660958197724,23.261375402833 77.4659264855447,23.2614135305744 77.4659386092078,23.261583384128 77.464439715359,23.2616704293481 77.4647262878161,23.2636494688569 77.4648473591568,23.2642804308214 77.4648647424559,23.264371024614 77.4648929306912,23.2644721975405 77.46490078556,23.2644867974725 77.4649124762351,23.2645050888553 77.4649494733501,23.2645626896941 77.4649625833634,23.2645831003699 77.4649762826714,23.2646014544602 77.4652730617868,23.264889258481 77.4652972318578,23.2649136510435 77.4657231967959,23.265312045486 77.4657963484061,23.2653854993931 77.4658814080837,23.2654730199603 77.4659936876128,23.2656183661507 77.4661025634252,23.2657762149707 77.4662681921023,23.266105539643 77.467018147024,23.2673489342461 77.4671094904171,23.2674895727812 77.4673188499806,23.2678119156974 77.4675819440694,23.2681387191456 77.4676220727115,23.268169935945 77.46763724346,23.2681817362184 77.467674257643,23.2681997630135 77.4681507087983,23.2684359060472 77.4688700527283,23.2687718302562 77.4645971199597,23.2742739270482 77.4634219358202,23.2757933970793 77.4632588367989,23.2759759684914 77.4631186672752,23.2761328725614 77.4629910777588,23.2762578914861 77.4627521492494,23.2764510586602 77.4626163302666,23.2765608647305 77.4619318176134,23.2769981216617 77.4616486659409,23.2771421679727 77.4610001388996,23.2773683243277 77.4582924917675,23.2779745481156 77.4553473174978,23.2786563059335 77.4554089095869,23.2787347654899 77.4563503916154,23.2798506436679 77.4563603018296,23.2798620228903 77.4564011814632,23.2799371257342 77.4564470153057,23.2801942949322 77.4567549281406,23.2819307419494 77.4569891333083,23.2831522013457 77.4570895101598,23.2836960607955 77.4582169470453,23.2836204179442 77.458356620699,23.2846102383575 77.4585336750482,23.2845893323597 77.458916616074,23.2862960673786 77.4591744208825,23.2879658155664 77.4593828704526,23.2894764614828 77.4596145836936,23.290698343415 77.4576464584494,23.2911056049208 77.4578258088925,23.2919318654306 77.4579267121568,23.2919888842614 77.4581028439362,23.2920651527366 77.4585484235885,23.2921710423679 77.4598919645887,23.2924598924507 77.4611117572686,23.2927395205955 77.4617206380632,23.2928942481035 77.4621103227418,23.2930154195362 77.4623798451748,23.2931064352107 77.4628847953825,23.2932769521573 77.4636960935601,23.2925445263517 77.4637428553622,23.2924979964426 77.4638104005867,23.2924192529112 77.4638389768942,23.2923739160553 77.4639831600905,23.292116210139 77.4641221474313,23.2918370287166 77.464139033962,23.2917916908373 77.4641598173844,23.2917415813568 77.464179301843,23.2917034028888 77.4642000843671,23.2916771546184 77.4642800937161,23.2916147435838 77.4644058416863,23.2915166532468 77.4644907567351,23.2914575838219 77.4646229734736,23.2913656090694 77.4662324499338,23.2902023412063 77.466500357196,23.2900215113179 77.4678865771553,23.2895386771417 77.4683736823299,23.2892571774985 77.4684122452084,23.2892049795068 77.4684284822572,23.2891527806695 77.4684142745026,23.2890670257459 77.4683838305977,23.289001777541 77.4683594754737,23.2889607639901 77.4683188833009,23.2889122937887 77.4679190512528,23.2884853826282 77.4678439556883,23.2883996272747 77.4678135117833,23.2883381074904 77.4677708903164,23.288248623292 77.4672269559203,23.2869417794631 77.4672005706038,23.2868634806934 77.4673642696996,23.2867911203838 77.467601058422,23.2866864534513</coordinates></LinearRing></outerBoundaryIs></Polygon></MultiGeometry>
  </Placemark>
  <Placemark>
	<Style><LineStyle><color>ff0000ff</color></LineStyle><PolyStyle><fill>0</fill></PolyStyle></Style>
	<ExtendedData><SchemaData schemaUrl="#bhopal_wards">
		<SimpleData name="objectid">36</SimpleData>
		<SimpleData name="townname">Bhopal</SimpleData>
		<SimpleData name="towncensuscode2011">802312</SimpleData>
		<SimpleData name="town_lgd_code">250946</SimpleData>
		<SimpleData name="ward_lgd_code">881953</SimpleData>
		<SimpleData name="ward_lgd_name">Katara Ward</SimpleData>
		<SimpleData name="sourcewardcode">85</SimpleData>
		<SimpleData name="state">Madhya Pradesh</SimpleData>
	</SchemaData></ExtendedData>
      <MultiGeometry><Polygon><outerBoundaryIs><LinearRing><coordinates>77.5204280706379,23.161321625165 77.5214567853686,23.158652143513 77.5214179880298,23.1562227544161 77.5214519075166,23.1554771855602 77.5213926079281,23.1538095885129 77.5213466698811,23.1533870828953 77.5213466698811,23.1533441180516 77.5213650269539,23.1532781369496 77.5213906298379,23.1532590217183 77.5214384570419,23.1532719992286 77.5218203847681,23.153499989232 77.5218575705293,23.1535068273568 77.5218838202002,23.1535036094158 77.521907006616,23.153484301768 77.5219170686455,23.1534678089906 77.5219196935227,23.1534519208144 77.5219124944241,23.1534384502231 77.5218440086634,23.1533406993981 77.5218304467976,23.1533081177012 77.5218321967158,23.1532916257281 77.5218475084998,23.1532755351704 77.5218750706093,23.1532682947905 77.5222139259143,23.153267657974 77.5238097542704,23.1529254186594 77.5239571381642,23.1529047530436 77.5239868014332,23.1529054683284 77.5240126136245,23.1529131109723 77.5244475698003,23.1530774182131 77.5244778627883,23.1530766748465 77.5245007626415,23.1530634759593 77.5250389657861,23.1526876912001 77.5250486424383,23.1526778052215 77.5250518664919,23.1526648755597 77.5250931216213,23.1509021720219 77.5251504673741,23.1508064743771 77.5253832478137,23.1504306155577 77.5254037491651,23.1504042197386 77.5254331483294,23.1503941609618 77.5256430037629,23.1504029601201 77.5265511618876,23.1503643967907 77.5265710146554,23.1503624334373 77.5265952961175,23.1503497629096 77.5266068888762,23.1503423208326 77.526821893453,23.1501420486839 77.5268513626859,23.1501145170838 77.5272109852436,23.1497627519104 77.5273437194116,23.1496550147363 77.5273587581078,23.1496349020254 77.5273662779051,23.1496166750334 77.5273744346078,23.1494352301367 77.5276565550144,23.1488806484088 77.5282108281211,23.1488140117514 77.5287334535804,23.1486865640443 77.529193744942,23.1485861343695 77.5293239494543,23.1485362090136 77.5294962741736,23.1484639504883 77.5295543772061,23.1484281239369 77.5296808375402,23.1482854470418 77.5296890400571,23.1482643908419 77.529690407293,23.148240821143 77.5296904459205,23.1481778160591 77.5296586311864,23.1478765843106 77.5296591917351,23.1478606227838 77.5296614312351,23.1478490373772 77.5298469441211,23.1475557171143 77.5298619828173,23.1475337183371 77.529887958502,23.1475123481402 77.5299303392205,23.1474928628657 77.5300402858248,23.1474684216038 77.5300772748549,23.1474668522087 77.5301400006179,23.1474711829132 77.5303343277734,23.1474978915371 77.5303869627609,23.1474972629531 77.5304149884011,23.1474922342818 77.5305560077311,23.1474380075488 77.530629540227,23.1473907959944 77.5307233665635,23.1473206010214 77.5308771626317,23.1471411329367 77.5308828498657,23.1471178017541 77.5308815374271,23.1470956773531 77.5308722245926,23.1470517490282 77.5308611941792,23.1470019164388 77.5307842813229,23.1467853720227 77.5304800075631,23.1460254822218 77.5304583384018,23.1459437835631 77.5304029851123,23.1455661244478 77.5304143550889,23.1446253016705 77.5304137478277,23.1445315448101 77.5304503335143,23.1443626897823 77.5305554723352,23.1438961853717 77.5300881902839,23.1435831351991 77.5300698323128,23.1435570477893 77.5300698323128,23.1435370985417 77.5300748386238,23.143517149291 77.5301749711336,23.1433787509215 77.5302036543407,23.1433451821833 77.530245376594,23.1433044204278 77.5302870979491,23.1432684545513 77.5303835788072,23.1431941239965 77.530495706521,23.1431245884709 77.5306111822558,23.1430994748547 77.5306841910339,23.1430835970136 77.5307752289998,23.1430972313726 77.5308553344686,23.1431050885161 77.5308969893483,23.1431031242303 77.5309311675499,23.1430933028006 77.5309536748393,23.1430761900521 77.5310461186686,23.1429785175752 77.5310561321891,23.1429478257829 77.5310544631193,23.1429263416893 77.5310310988371,23.1428680284117 77.5310077354532,23.1428342679076 77.5309910465518,23.1428189219958 77.5309626759585,23.1427943691941 77.5307423856946,23.142662395743 77.5307190214124,23.1426363081541 77.5303522877909,23.1420288083678 77.5307624351935,23.1416151801625 77.5288916127659,23.1389563559744 77.5286229257661,23.1386448290706 77.5285094424946,23.1384560711437 77.5283959601214,23.1381430082675 77.5281223988628,23.1371808565465 77.5277315661372,23.1368750046988 77.5275742073506,23.1364755210032 77.5273285531547,23.135811651259 77.5272783535,23.1356358413012 77.5272601967515,23.1355395883762 77.5272644682406,23.1355003012628 77.5273029197281,23.1354561031432 77.5275942882905,23.1352669475168 77.5276069455528,23.1352416217801 77.5276157247881,23.1352166603368 77.5276157247881,23.135189304103 77.5276047877995,23.1351724076029 77.526970226866,23.1347681391611 77.5268919988761,23.1346890085215 77.5265008580283,23.1343149334465 77.5263652627261,23.1340823359792 77.5263313639005,23.1339960106004 77.5261097180789,23.1334205080322 77.526073211444,23.133396528464 77.5260028059837,23.1333797432593 77.525927185803,23.1333821413819 77.5258359196651,23.1334037228306 77.525796805221,23.1334205080322 77.5256742480668,23.1334948440055 77.525624703284,23.1335308125038 77.5255803741196,23.133554792048 77.5255151842778,23.13356198558 77.5254656394949,23.1335595882868 77.5254317406693,23.133554792048 77.5253691586367,23.133514027316 77.5253482979593,23.1334804561079 77.5253222216632,23.1334253034497 77.5253091835151,23.1333821413819 77.5252987531764,23.1331255618539 77.5253091835151,23.1330728071778 77.5254578169654,23.1328521965644 77.5254708551135,23.1328282177207 77.5254734629227,23.1328042380466 77.5254708551135,23.1327730647942 77.5254546072849,23.1327147925356 77.5254447788174,23.1326795449938 77.5254187025213,23.1326171984239 77.5253795889755,23.132538065689 77.5253378667222,23.1324805153307 77.5252611775463,23.1323639862296 77.5252027286624,23.1322751740369 77.5250588535882,23.1320177101242 77.5250327772921,23.1319361797134 77.5250145244238,23.1318570474027 77.5250145244238,23.1318138840041 77.525019739144,23.1317899041486 77.5250379929106,23.1317443425766 77.5250510310587,23.1317179653826 77.5250692839269,23.1316891900306 77.5250875367952,23.1316556183657 77.525111005282,23.1316124549023 77.5251292590485,23.1315764850635 77.5251422971966,23.1315453115258 77.5251605500648,23.1314901588979 77.5251657656834,23.1314493935383 77.5251631578741,23.1313534746561 77.5251579422556,23.1311160749005 77.5251005749432,23.13093143109 77.525095360223,23.1309002574024 77.5250901446045,23.1308546955281 77.5250901446045,23.1308235218227 77.5250979680323,23.1307947462788 77.5251136130913,23.1307467870253 77.525137081578,23.1306988269285 77.5251944488904,23.130612500198 77.5253378667222,23.1304278548681 77.5253848036958,23.1303822936596 77.5254134878011,23.1303559153715 77.5254838932615,23.1302887721921 77.5255308293368,23.1302432101102 77.5255725515901,23.1301952506594 77.5255908044584,23.1301712705145 77.5256168807545,23.1301376984698 77.5256429570505,23.1300873407999 77.5256559943003,23.1300633606357 77.5256742480668,23.1300225948425 77.5256820705963,23.1299938191268 77.5256142729452,23.1295765676636 77.5256012347972,23.1295501892172 77.5255621212514,23.1294878411927 77.525533437146,23.1294566671695 77.5254734629227,23.1294111056311 77.5254265259491,23.1293751352019 77.5253795889755,23.1293391647631 77.5253326520019,23.1292960013803 77.5253065757059,23.129257632724 77.5252961453671,23.1292096729209 77.5252961453671,23.1291761006354 77.5253013609856,23.1291209462072 77.5253952340345,23.1286845080305 77.5253978418438,23.1286341498151 77.5253978418438,23.1285933835875 77.5253900193143,23.128557412939 77.5253795889755,23.1285190448976 77.5253665508275,23.1284758804248 77.5253196138539,23.1283847558401 77.5252127017587,23.1282816409515 77.5251866263609,23.1282672524946 77.5251475119168,23.1282552622504 77.5250979680323,23.1282432720051 77.5250614613974,23.1282432720051 77.5249936637463,23.1282528640362 77.5249545493022,23.1282720489225 77.5249128279472,23.1282984267942 77.5245660162637,23.1283607753715 77.5244747501258,23.1283679691821 77.5243965221359,23.1283703673942 77.5241566225477,23.1283679691821 77.523304425872,23.1283036726277 77.5231577480541,23.1282999253677 77.52303551609,23.1282662033277 77.5229173597824,23.1282062529214 77.5228317979465,23.1281275678177 77.5225633777464,23.1278188212571 77.5225425161705,23.127782850401 77.5224929722859,23.127686929723 77.5224225668256,23.1274423296184 77.5224069208682,23.1273536017357 77.5224069208682,23.1272576807508 77.5224147442961,23.1271713509796 77.5224329971643,23.1270826229177 77.5225529465093,23.1267732750116 77.5226494282657,23.1266174016694 77.5227537325517,23.1265022950214 77.5228841122354,23.1263943821911 77.5229388726368,23.1263488196126 77.5229858087121,23.1262984596942 77.5230223153469,23.1262600910067 77.523103151146,23.1261689649168 77.5233195822474,23.1258524201328 77.5233586966916,23.1257540989895 77.5233821651784,23.1256869535067 77.5234108483854,23.1256078166833 77.5234369246814,23.1254087765273 77.5234447472109,23.1253392326054 77.5234656078884,23.125236115376 77.5235047223326,23.1251617748257 77.5235438358783,23.1251114152878 77.5235725199837,23.1250826385187 77.5236768242696,23.1250106961555 77.5237602669797,23.1249747245464 77.5238619634565,23.1249531417416 77.5240314575842,23.1249411512011 77.5241175090019,23.1249339572068 77.5241983448011,23.1249051803995 77.5242531043042,23.1248452276652 77.5242531043042,23.1247900722826 77.5242244201988,23.1247013426458 77.52413054715,23.1246317983572 77.5240575338803,23.1246078172178 77.524026242864,23.1245910309134 77.5239793058904,23.1245430686157 77.5239349767261,23.1244783208086 77.523882824134,23.1243152499463 77.5238202421014,23.1241905490023 77.5237381028467,23.1241353925244 77.5235959884705,23.1240802368499 77.5233586966916,23.1240658479425 77.5233117597179,23.1240514590334 77.5232648227444,23.1240178862832 77.5232257083002,23.1239459425231 77.5232152779615,23.1238955825289 77.5231996329025,23.1237612888433 77.5232048476227,23.1235838289765 77.5232231013893,23.1235334688464 77.5232465689778,23.1234879044702 77.5233013293792,23.123415961252 77.5234186709149,23.1233536103765 77.523499506714,23.1233536103765 77.5235464436876,23.1233632027573 77.523629887296,23.123406368875 77.5236846467991,23.1234423409046 77.523749836641,23.1234759137988 77.5238411027789,23.1235262747766 77.5238854319432,23.1235382646174 77.5239923440385,23.1235406629158 77.5240601416896,23.1235334688464 77.5241566225477,23.1235046917388 77.5242531043042,23.1234495349789 77.5243574085901,23.1233392213911 77.5244173828135,23.1232552882282 77.5245216870994,23.1231449744808 77.5247589788783,23.1229531247721 77.5250458154401,23.1226725446367 77.5251683725943,23.1225742219893 77.5252361702455,23.1225430463597 77.5253639430182,23.1225118707228 77.5254865001724,23.1224974816471 77.5257357871554,23.1225027574489 77.5258325815255,23.1225042924379 77.5259076806833,23.122492014178 77.5259777726316,23.1224674568286 77.5260328456468,23.1224352261785 77.526097931284,23.1223891822612 77.5262638150827,23.1222254561991 77.5262971776141,23.1221641771175 77.5263170016358,23.1221132563224 77.5263166602759,23.1220720791672 77.5263115326923,23.1220353029223 77.526286512815,23.1218550698483 77.526269824812,23.1216448007895 77.5262766043974,23.1215670049133 77.5263021336195,23.1214436174845 77.5263352437242,23.1213640526868 77.5263655672549,23.121326426957 77.5263889207574,23.1212974486195 77.5264206896774,23.1212677895208 77.5264708893321,23.1212451965534 77.5265360423431,23.1212186751956 77.5267443167417,23.1211450040872 77.5268018906665,23.121134987728 77.5268863583544,23.1211202928256 77.5269141351613,23.121118417443 77.5271629298675,23.1211080309622 77.5271992406695,23.1211180894575 77.5272276777382,23.1211369994267 77.52742027923,23.121410416679 77.5274462549148,23.1214399633887 77.5274735475298,23.1214538007045 77.5275057251833,23.1214581942109 77.5281140184796,23.1214524358919 77.5281472669249,23.1214464008099 77.5281700158611,23.1214375493557 77.5281900680549,23.1214255254548 77.528462140805,23.1212510507157 77.5287312095888,23.120986339219 77.5287671969974,23.1209323388754 77.5287849674703,23.120897597153 77.5288816001438,23.120558150257 77.5288999572166,23.1205105706838 77.5289149770481,23.1204798737496 77.5292009727868,23.120131087645 77.5292604430553,23.1200688492542 77.5292782162231,23.1200562766562 77.5293260658851,23.1200342733677 77.5293677629856,23.1200229573657 77.5294115118383,23.1200229573657 77.5294525253209,23.1200317585171 77.5294899733902,23.1200589146051 77.5298245086969,23.1205489410155 77.5299062832355,23.1206487043222 77.5299847205329,23.1207177715011 77.5301733020638,23.1208712533511 77.5302116861776,23.1209096244058 77.5302517384629,23.1209679472313 77.5303992669854,23.1213277083288 77.5304216961214,23.1213669995932 77.5304569424198,23.1214092377516 77.5305028696871,23.1214436174845 77.5315282211254,23.1217481240133 77.5316047584859,23.1217718859064 77.5316462579571,23.1217847706305 77.5316816938001,23.1217855753061 77.5317236927346,23.1217743090211 77.5317751760819,23.1217437387779 77.5321939859387,23.1214710368311 77.5331061936686,23.1208452499226 77.5331762326164,23.1208186813946 77.5332210333962,23.1208081585739 77.5332579460696,23.120812559537 77.533324935237,23.1208414776695 77.5333790713092,23.1208889902063 77.5334302052119,23.1209382921906 77.5334452430097,23.1209697251291 77.5334466102456,23.1209980153457 77.5334377241108,23.1210319622759 77.5331004264845,23.1215821186283 77.5330117762407,23.1217461594147 77.5329998043929,23.1217690017967 77.5329831469326,23.1218344101833 77.5329307311341,23.1220583327921 77.5329358039205,23.1221112033306 77.532945948595,23.1221547440987 77.532964548213,23.1221967292062 77.5329949831348,23.1222511545097 77.5332343140894,23.1225551907785 77.5334842882835,23.1225193589568 77.5336349654011,23.1224773062057 77.5339530534533,23.1223885304274 77.534548600554,23.1221403979446 77.5349448177815,23.1218634131895 77.5350519122347,23.1217885461617 77.5353596418134,23.1213326859334 77.5353654862526,23.121125312572 77.5353796149554,23.1206239780982 77.5353901396173,23.1205834424147 77.5354768746529,23.1202511889698 77.5354774109471,23.1202491723009 77.5352139422608,23.1197159948544 77.5350288920072,23.1193415120323 77.534890310705,23.1191884324306 77.5345996607948,23.1188673743157 77.5337798906059,23.1186951517075 77.5335610870538,23.1186950542189 77.5332476055624,23.1186949137692 77.5323833508005,23.1191684638609 77.531587632105,23.1193034767808 77.5313513491342,23.1192452788099 77.5308896285528,23.1191315538066 77.530377432534,23.1187698866209 77.5297039592773,23.118543743548 77.5295138488138,23.1185007402751 77.5288645177803,23.1183538618235 77.5280253044554,23.1178791332038 77.5274517418245,23.1176262393625 77.527010440848,23.1174316619713 77.5260927309369,23.1172638856927 77.5256195011401,23.1171688026812 77.5252925000037,23.1169969860289 77.5252160794241,23.1169234390093 77.5251494405997,23.1168593055128 77.5247997884434,23.1165228011987 77.5246897924318,23.1163894006807 77.5245948234383,23.116274224947 77.5242874181514,23.1161612029926 77.524186637058,23.1162042309747 77.5241601358588,23.1162155877819 77.5240752136234,23.1162518740387 77.5240238174128,23.1162738779474 77.5238275894221,23.1165454982346 77.5238184876916,23.1165581504755 77.523452554469,23.1177175604493 77.5234466219949,23.1177363444921 77.5232219398676,23.1179437710087 77.5230610731598,23.117961380193 77.5227289516263,23.1179977345506 77.5226845919192,23.1179795148248 77.5222231093914,23.1177903089436 77.5222215292548,23.1177896380853 77.5217285176573,23.117640530645 77.5207035884271,23.1176396953758 77.5197322014828,23.1176663388895 77.5194577724517,23.1176499532407 77.5191171753134,23.1176296176176 77.5189046770363,23.1175620095385 77.5184898664792,23.1174300343919 77.5184633940261,23.1174216122877 77.51772676651,23.1168115519553 77.5174576815565,23.1166212629483 77.5171899647372,23.1164319411383 77.5164141841494,23.1162417383431 77.5159453102835,23.1163000326281 77.5154523849241,23.1165074960644 77.5152859818992,23.1169633181548 77.5153495323157,23.1175558148284 77.5153876846641,23.11791152027 77.5160847207307,23.1191986686967 77.5160878217151,23.1192444468555 77.5161425336075,23.1200522185273 77.5160642283625,23.1203366177173 77.5157957039577,23.1206388209381 77.515507306124,23.1207560508957 77.5152438122849,23.120809957954 77.5148177485321,23.1207434056598 77.5147507180422,23.1207329357077 77.5141361284541,23.1202811333201 77.5136777630804,23.1196260465678 77.5134705316258,23.1192444468555 77.5133073373831,23.1189439366281 77.5131462344183,23.1182506979171 77.5131226662185,23.1181492804717 77.5131026310928,23.1181064125656 77.5129179500468,23.1177112542121 77.5126739864802,23.1174850498703 77.5126546727016,23.1174671423717 77.5123275161566,23.1173721016395 77.5116489368758,23.1174257613762 77.5111167937661,23.1175381717174 77.511074428319,23.1175355452855 77.5108287911911,23.1175201130347 77.5104435325118,23.1173707037382 77.5101782393472,23.1172414771164 77.5099703125966,23.1171401935765 77.5097085282514,23.1167808550013 77.5097069939289,23.1167787482258 77.5096436105991,23.1164222284648 77.5096146785587,23.1161647200845 77.5097760923405,23.1155958224537 77.510308810372,23.114973407953 77.5114343176763,23.1142233531288 77.511642027933,23.1140849311421 77.5117446865053,23.1136829587992 77.511698380149,23.1130365728771 77.5116822670678,23.1128116495463 77.5114192628105,23.1120167249179 77.5113997352328,23.112001370523 77.5109999265409,23.1116869925386 77.5107118512023,23.1115691936575 77.5100807380028,23.1114331385312 77.5100189599625,23.1114198207006 77.5098199310247,23.1112810108045 77.5095847790328,23.1111170084532 77.5095383675737,23.1110728708773 77.5095231348414,23.1110663329858 77.5094338970994,23.1110373648264 77.509307914669,23.1110325372123 77.5091609350171,23.1110615053728 77.5089562125572,23.1111580650363 77.508835478983,23.1112256565116 77.5087672384624,23.1112546246304 77.508641256032,23.1112787651377 77.507885359653,23.1112691091005 77.5073341857341,23.1113560125838 77.5072396991358,23.1113898082759 77.5070822199749,23.1114525728617 77.5068984956347,23.1115684442773 77.5066937740731,23.1117084551968 77.5061950923094,23.1123022953554 77.506042862903,23.1124326503822 77.5059483763048,23.1125098979906 77.505801396653,23.1125726612266 77.5056439183904,23.1126112841698 77.5055546806484,23.1126064566124 77.5053027148893,23.1125243814991 77.5046111810038,23.1122029397783 77.5045442493286,23.1121794504944 77.5043813227838,23.1121770197706 77.504242588768,23.112192773207 77.5041144755337,23.1122175199871 77.5039335934631,23.112290563942 77.5033306658039,23.112534037446 77.5022556141742,23.1130345982364 77.5017348850585,23.1132230804531 77.5015601896852,23.1132694282548 77.5014594032019,23.1132848775185 77.500955472582,23.1133466753817 77.5008983603912,23.113371393858 77.5007337432171,23.1134455509122 77.5006497543313,23.1135104378879 77.5005590469454,23.1136000440926 77.5004884968563,23.1138039747194 77.5004985750555,23.1139090299201 77.5006195188354,23.114140769237 77.5006665519288,23.1142056558766 77.5007572602129,23.1143138007571 77.5007874957087,23.1143570581892 77.5008244506029,23.114415765567 77.5008479675987,23.1144682929382 77.5008647651962,23.1145146403101 77.5008983603912,23.1148576121818 77.500888282192,23.1149224984749 77.5008647651962,23.1149842955842 77.5008177312046,23.115080079932 77.5005657663438,23.1153303562266 77.5001950073715,23.1155683961233 77.4994123690448,23.1160805626676 77.4989264460531,23.1164325533441 77.498724335894,23.1166283227197 77.4986662831671,23.1166975340719 77.4985845795954,23.1168537535429 77.4985415772427,23.1169269197291 77.4984878247511,23.1169981079883 77.4984104205163,23.1170673191498 77.4982491630413,23.1171424631046 77.498049203449,23.1172532006614 77.4979438481341,23.1173125247576 77.4974493237736,23.1174193072385 77.497326768416,23.1174173293575 77.4972063618286,23.1173916226856 77.4970386544499,23.1172927500618 77.4968666459376,23.1171760797102 77.4968150431144,23.1171187334392 77.4967268887406,23.1170119507191 77.4966678505619,23.1169143765795 77.4962925676738,23.1162941303309 77.4962409657489,23.1161952560724 77.4961786118884,23.1161201124135 77.495662467774,23.115822376154 77.4914917237588,23.1221865163011 77.4915983807325,23.1227095214614 77.4915646229424,23.1230399942537 77.4911943275008,23.1236399357471 77.4914123818579,23.1238429993651 77.4913657386334,23.1240633315151 77.4920547922704,23.1248480010064 77.4941595656424,23.1259677875692 77.4941761341695,23.1263690415611 77.4941834015401,23.126439761354 77.4942040421304,23.1265144250378 77.4942384440125,23.1266080714033 77.494488630209,23.1270195112344 77.4954605588374,23.1278204924948 77.4956878532656,23.1281673263249 77.4958048372718,23.1291546201181 77.495908398651,23.1297277510641 77.4967128462761,23.1311695069204 77.4967633441715,23.1314820342446 77.4967616238977,23.1315892490621 77.4966600936094,23.1318986502971 77.4966556532369,23.1319299567536 77.49662870827,23.1321199250048 77.4966402758759,23.1322257927834 77.49672310324,23.1324727319126 77.4969995184462,23.1328253355009 77.4970928318447,23.1331187491241 77.4970796059487,23.1334378557949 77.4971796926445,23.1338444809266 77.4972450675392,23.134607883686 77.4972460359231,23.1352513611777 77.4976843922222,23.1356467355164 77.4959029800132,23.1367692372398 77.4958749840174,23.1367965477178 77.4958594728073,23.1368425123442 77.495685461052,23.1377810288703 77.4956519952144,23.1378522944519 77.4952483543095,23.1383105213575 77.4949415481989,23.1388152252769 77.4937504252513,23.1396572153434 77.4933683843374,23.1399157574447 77.4930605307912,23.1400367257481 77.492925676599,23.1400860752137 77.4928706332283,23.1401189740213 77.4925392321436,23.1404137082194 77.4924043599852,23.140525025446 77.4922548866101,23.1406389008246 77.4918359941082,23.14083928795 77.4918052250132,23.1408780473129 77.4916802630689,23.1411305363427 77.4912846890352,23.1416892736954 77.4912380125731,23.1417257157905 77.4912010244413,23.1417427221532 77.4909165639234,23.1418544768992 77.4908317279263,23.1419389882096 77.4903289651163,23.1426805939437 77.4902954435831,23.142710199572 77.4896490500406,23.1429144601391 77.4896135414341,23.1429214574009 77.4895808499443,23.1429211972029 77.4893101983289,23.1428626964151 77.4892256524877,23.1428578377312 77.4891085220561,23.1428594575679 77.4890495162167,23.142870794772 77.4888416954673,23.142951260396 77.4887231977998,23.1430034214038 77.4884648764601,23.1431573799758 77.488399466531,23.1432083241704 77.4883904483438,23.1432440852092 77.4884309354137,23.1436466611841 77.4884304260689,23.1437077470743 77.4884123834064,23.1437691963855 77.4881686129777,23.1440756891901 77.4881342110956,23.1441009950857 77.4880654082296,23.1441225054236 77.4829120375493,23.144444250634 77.4827808161442,23.1444393920074 77.482704197037,23.1444256256223 77.4826531170333,23.1444061902861 77.4821678605916,23.1442110272712 77.482143201837,23.1442069781333 77.4821114966974,23.1442085979537 77.4820848086486,23.1442194336511 77.4820086854114,23.1442651338852 77.4818869547072,23.1443325269576 77.4816844331197,23.1444166881269 77.4815177632952,23.1444537679909 77.4806273154563,23.14456246422 77.4800608270584,23.1445767542847 77.4800677072551,23.1447361842204 77.4794882921002,23.1447111369872 77.479383086804,23.1447160782054 77.4789025977215,23.1447988654728 77.4786046139654,23.1448854176579 77.4779953217424,23.1449749029587 77.4766057825081,23.1450261793456 77.4761710006055,23.1450597997016 77.4757644159214,23.1451398691779 77.4756358364616,23.1451609242167 77.4752236768328,23.1451698319261 77.4746427785594,23.1450419809635 77.4746202335407,23.1450342065347 77.4745007279635,23.1449321914819 77.4744942636867,23.1449287949162 77.4744841055375,23.1449258229211 77.4736536974989,23.1449636997466 77.4736234413419,23.1449647586951 77.4735944140801,23.144958020908 77.4726718532664,23.1447661982716 77.4725105185364,23.1447546869388 77.4724875207668,23.1447572426266 77.4722600727268,23.1448584797078 77.4722404229782,23.1448653744424 77.4722176964998,23.144865043211 77.4720855282704,23.1448493431719 77.4719312803496,23.1448388362788 77.4718002943031,23.1448801295204 77.4716822053691,23.14499547811 77.4700908434365,23.1465499018751 77.470510000043,23.1472599999871 77.4719129852605,23.1495073163335 77.4748596552252,23.1542271990102 77.4761600007349,23.1563100004483 77.4781774363016,23.157959440452 77.4792299995066,23.1588200001587 77.4821200001499,23.1599999999952 77.4846500000447,23.1598400001646 77.486009508599,23.159420398518 77.4862700002685,23.159339999772 77.4868099991453,23.159339999772 77.4868200000894,23.160680000653 77.4867474781982,23.1607724024498 77.485773946077,23.1620127961229 77.4848500000612,23.1631900002375 77.4825399993761,23.1703700000968 77.4816499997966,23.1713700000583 77.4814799999173,23.1716600002933 77.4800944312365,23.1739863905045 77.4798600005917,23.1743799997096 77.4789699992156,23.1753800002697 77.4784299994404,23.1765499996817 77.4780700004886,23.1775500005443 77.4780736772931,23.1781052728507 77.4780779730368,23.1787539281608 77.4780799996361,23.1790599998586 77.4791700001304,23.180730000132 77.4789488852132,23.1827980818614 77.4788300003718,23.183910000117 77.4784899997149,23.1865800003984 77.4792200003592,23.1879200002765 77.480840000583,23.1890999995789 77.4828300007026,23.189939999765 77.4859418609666,23.1899490729458 77.4862600002228,23.1899500002466 77.4882400002967,23.1901200000622 77.4895099998178,23.1906199994332 77.4902400004621,23.1924600000463 77.4916899999083,23.1948100004892 77.494039999878,23.195480000098 77.4944774991844,23.1955001926202 77.4946899992581,23.1955100002977 77.4964091375567,23.195573829451 77.4987299997719,23.1956600003697 77.5019800002652,23.1964999998098 77.5032699998778,23.1973000000321 77.503389146129,23.1969458454344 77.5043600003723,23.1940600002846 77.5057254647569,23.1918007799957 77.506009999835,23.1913300000845 77.5146991358803,23.1822709271168 77.5149636942231,23.1819950963888 77.5151699995146,23.1817800000011 77.5155100001715,23.1808800002638 77.5159343822781,23.1797632060884 77.5159940133449,23.1796062828556 77.5160750171291,23.1793931133495 77.5160800000839,23.179380000462 77.5163900006036,23.1725400006633 77.5164100006951,23.1720300004498 77.5173099994221,23.1684499994487 77.5177911838007,23.1674559148858 77.5185046150195,23.1659820145175 77.5189178427452,23.1651283069777 77.5191299996624,23.1646899997721 77.5204280706379,23.161321625165</coordinates></LinearRing></outerBoundaryIs></Polygon></MultiGeometry>
  </Placemark>
  <Placemark>
	<Style><LineStyle><color>ff0000ff</color></LineStyle><PolyStyle><fill>0</fill></PolyStyle></Style>
	<ExtendedData><SchemaData schemaUrl="#bhopal_wards">
		<SimpleData name="objectid">37</SimpleData>
		<SimpleData name="townname">Bhopal</SimpleData>
		<SimpleData name="towncensuscode2011">802312</SimpleData>
		<SimpleData name="town_lgd_code">250946</SimpleData>
		<SimpleData name="ward_lgd_code">34386</SimpleData>
		<SimpleData name="ward_lgd_name">Hatai Kheda Ward</SimpleData>
		<SimpleData name="sourcewardcode">62</SimpleData>
		<SimpleData name="state">Madhya Pradesh</SimpleData>
	</SchemaData></ExtendedData>
      <MultiGeometry><Polygon><outerBoundaryIs><LinearRing><coordinates>77.508018030939,23.2780743920576 77.5078048679086,23.2775467181014 77.5075705369769,23.2770003397912 77.5079740467278,23.276889731166 77.5079315950424,23.2766546362668 77.5078647370291,23.2766671281307 77.5077253553279,23.2761310364861 77.5075621763565,23.2755127067847 77.507468121848,23.2752024998575 77.5074303791313,23.2750553560896 77.5090074803087,23.2748220915704 77.510859534235,23.2745664039822 77.5112110342259,23.2743853399529 77.5119680013967,23.2742656286972 77.5137098095798,23.2740129520774 77.5142844528839,23.2739262227255 77.5150083386961,23.273816969029 77.5161596545985,23.2736545770089 77.5175517962522,23.2734557505539 77.5189470388902,23.2733130445393 77.5191145980469,23.2732930048993 77.5191665835524,23.2732861828057 77.519445849113,23.2732359301991 77.5234103668884,23.2723935764758 77.5257732208515,23.2709641469786 77.5245903309635,23.2698743817311 77.5239220077483,23.2692604223687 77.5235842807274,23.2689501662218 77.5233632439635,23.268676685734 77.5232940799748,23.2685615222487 77.5232681429176,23.2684662141769 77.5232292386793,23.2683272230478 77.5231643973838,23.2681405784381 77.5230779417242,23.2680135003173 77.5229785179852,23.2679102504412 77.5228834178377,23.2678427397526 77.5227234754963,23.2677593453626 77.5223548033104,23.2675698701566 77.5216804092805,23.2671060073138 77.5215901088315,23.2670346777457 77.5202781849361,23.2662257863999 77.5200297046403,23.2661003330493 77.5199550070295,23.266024085189 77.5198830762297,23.2659351290217 77.5198415785552,23.2658665065245 77.5197945463602,23.2657724674355 77.5197696477554,23.2656835111002 77.5197530477873,23.2655996383541 77.5197379812434,23.2650453462111 77.5197220100959,23.2644577610113 77.5197220100959,23.2643859233067 77.519678787656,23.2640550189307 77.5195347113592,23.2636579312745 77.5193330045436,23.2633005517025 77.519073666311,23.2630093531603 77.5184685458642,23.2625328442573 77.5182668381503,23.2623078255491 77.5176054418443,23.2614852353583 77.5173121041748,23.2610904442709 77.5173019056014,23.2610696228882 77.5173007728258,23.261056088864 77.5173019056014,23.261018609703 77.5173064385003,23.2609946653887 77.5173821009017,23.2608238884026 77.5174484980793,23.2607527205316 77.5175342620361,23.2606485118106 77.5176587577547,23.2605188846243 77.5177057890514,23.2604019669295 77.5177251549323,23.2603282577338 77.5177389880894,23.2602443816175 77.5177389880894,23.2601350886421 77.5177334544672,23.260056295439 77.5177389880894,23.2597868745245 77.5177472876243,23.2597411238114 77.5177998525431,23.2596394554121 77.5178385843049,23.2595911627095 77.5178607169969,23.259560661916 77.5180239444773,23.2594132425534 77.5180737425851,23.2593776586587 77.5181373729516,23.2593217408549 77.5181954714926,23.2592632810826 77.5182425027893,23.2592073632309 77.5182784686383,23.2591514453557 77.5182978345192,23.2590980694053 77.5183172004001,23.2590269014382 77.518314433589,23.2589048985309 77.5182955186624,23.2584957666152 77.5183246303658,23.2583687230392 77.5183659402925,23.2582385992734 77.518460362212,23.2581301638053 77.5188503693858,23.2579030067005 77.5194127605678,23.2576441958347 77.5195012904373,23.2575577760519 77.5195649217022,23.2574510228535 77.519592587118,23.2573646029455 77.5196091861878,23.2572578487671 77.5196601925297,23.256876132285 77.519670143168,23.2568251983765 77.5197364487175,23.2560756083465 77.5197391041375,23.2557007585173 77.5197213983432,23.2556031542604 77.5197090042872,23.2555462180671 77.519678904437,23.2554160783409 77.5196364096325,23.2552761781175 77.5195620443984,23.2550630732197 77.519438102042,23.2546986808412 77.5194044610329,23.2546254760734 77.5193088479473,23.2544660541619 77.5191814848063,23.2542737819713 77.5191336189747,23.2542143658946 77.5187440259242,23.253730756506 77.5184129230801,23.2532101897513 77.5183456401637,23.2530833012555 77.5183314755283,23.2530393788579 77.5183173108929,23.2529905753516 77.518313769734,23.2529515323686 77.5183119991546,23.2529027288302 77.518358035118,23.2526196694405 77.5183651174357,23.2525513446418 77.5183721997534,23.2524781395203 77.5184890588937,23.252146275414 77.5185634241279,23.2520291465145 77.5189673435106,23.2515946914394 77.5190171416183,23.2515006422817 77.5190641729151,23.2513811745826 77.519075239261,23.2513227113285 77.519083538796,23.2512337461755 77.5191139710228,23.2502983333012 77.5191707409555,23.2492408005947 77.5191778232732,23.249167593656 77.5191955299658,23.2490992670885 77.5192185474983,23.2490276868767 77.5192344827131,23.2489870159283 77.5192504179279,23.2489073016258 77.5192539590868,23.2488715110605 77.5192433356103,23.248778782228 77.5192309415543,23.248733230779 77.51921323576,23.2486779184611 77.5191973005452,23.2486339946125 77.5191795938526,23.248594950354 77.5191530351613,23.2485266234932 77.519135329367,23.2484338935954 77.5191749513592,23.2482019715874 77.5195292918231,23.2470288448114 77.5197001513901,23.2465109632873 77.5198878355041,23.2459887415079 77.5199834476914,23.2457658615272 77.5200631246638,23.2456178161231 77.5201109312066,23.2455511145842 77.5201764435436,23.2454860398598 77.5202331029836,23.2454502492019 77.5202870153753,23.2454334706253 77.5203428798062,23.2454160845577 77.5204225567787,23.2453998160694 77.5204581300639,23.2450716106573 77.5205065546476,23.2446248377974 77.520661619137,23.2445244240328 77.5208791910988,23.2444124744199 77.5209741969233,23.2443684938649 77.5210742800257,23.2443085203575 77.5216065300349,23.2439222650661 77.5216314079784,23.2435641475075 77.5216407315927,23.2431661049076 77.5217150968269,23.2424649103585 77.5216849960784,23.2423510267289 77.5216637491253,23.2422940848777 77.5216247963779,23.2422225010139 77.5215964662088,23.2421476633346 77.5215911544705,23.2420793331712 77.5216053191059,23.2420370332142 77.5216371904339,23.2420044954116 77.521926435379,23.241905562944 77.5219619727316,23.2419008985279 77.5219837299278,23.2419015646372 77.522008387784,23.2419035637907 77.5221277119015,23.2419427296929 77.5224986945543,23.2420644955427 77.5225825504895,23.2420821965295 77.522635809806,23.2420811548581 77.52270280077,23.2420825803467 77.522880578263,23.2420863615644 77.523048289235,23.2420749081309 77.5231094815739,23.2420665780604 77.5231593416654,23.2420582479893 77.5232809331307,23.2420074347096 77.5236953385477,23.2417635817082 77.5237372665152,23.2417292213217 77.5239446390053,23.2415188937648 77.5239990319958,23.241472038154 77.5240828879309,23.2414137298619 77.5241696121867,23.2413739942663 77.5243427813224,23.2412946518048 77.5244672770409,23.2412463524585 77.5247356334607,23.2411726326742 77.5252474485939,23.2410201083976 77.5256403007322,23.2408497895261 77.5261327490861,23.2406082926403 77.5262721810929,23.2405282926869 77.5265354260988,23.2403772517856 77.5270054111807,23.2400233616222 77.5271118929829,23.2399431822005 77.5271650103656,23.2398862393217 77.527211046329,23.2398309241607 77.5272411461792,23.2397642197284 77.5272535411335,23.2397137844464 77.5272499999747,23.2396682299017 77.527223440385,23.2395933907897 77.5272039640113,23.2395527169648 77.5271466649709,23.2394605800905 77.5270481512253,23.2393021677128 77.5270392983281,23.2392517330816 77.5270392983281,23.2392143130012 77.5270463806459,23.2391785198352 77.5270623158607,23.239152489036 77.5271756338422,23.239041856432 77.5273048879368,23.2389409861282 77.5274837191537,23.2388417418516 77.5275456903319,23.2388238456325 77.5276802561649,23.2388140840574 77.5277599331373,23.2388140840574 77.5279529289896,23.2388222187034 77.5280804125048,23.2388173379159 77.5281476945229,23.2387847985026 77.5281671717949,23.2387620214864 77.5281848775892,23.2387327359201 77.5281955010657,23.2386904357275 77.5281972716452,23.2386660309388 77.5282025833834,23.2385651603508 77.5282309135525,23.2384952014195 77.5282557016645,23.2384610349941 77.5283017376279,23.2384219885835 77.5283637088061,23.238382941336 77.5284150556094,23.2383601642512 77.5284805679464,23.2383390132721 77.5285407685452,23.238324370856 77.5286080514617,23.2383146092445 77.5289959107637,23.2383151688904 77.5291012750616,23.2383153207707 77.5298980456844,23.2383153207707 77.5299561442254,23.2382898998008 77.5299755101063,23.2382619364807 77.529989342365,23.2382110936903 77.529989342365,23.2381704202694 77.5299727432952,23.2380890717397 77.5299340115334,23.2380077239858 77.5298897461495,23.2379645081519 77.5298427148528,23.2379390871152 77.529792916745,23.2379238338305 77.5296794873724,23.2379289185341 77.5296241556425,23.2379365447636 77.5295577584649,23.2379492548701 77.529471994508,23.2379721343795 77.5294055973304,23.2379721343795 77.5293419660656,23.2379594234497 77.529228536693,23.2378907865543 77.5291372400124,23.2377992700885 77.5288346065763,23.2374042049935 77.5286547494834,23.2371563046832 77.5283954121491,23.2369180038396 77.5282791485917,23.2368055492749 77.5281183429693,23.2366454192922 77.5280839536636,23.2366111748012 77.528057394074,23.2365737548058 77.5280432294386,23.2365460957162 77.5280237530649,23.2364972861752 77.5280009484331,23.236369747836 77.5279247209913,23.2359434327099 77.5279199599203,23.2358280709079 77.5279056255033,23.2354807483736 77.5279039896712,23.235441112542 77.5278994567723,23.2354119574941 77.5278892581989,23.2353817598907 77.5278790587271,23.2353640588404 77.5278393981073,23.2353203254155 77.5278110679382,23.2352838807463 77.5277405915109,23.235209948002 77.5277036518881,23.2351711978042 77.5276593963856,23.235131933336 77.5269029619158,23.2345530330592 77.5268781729055,23.2345253735508 77.5268533847936,23.2344912069344 77.5268427613171,23.2344684291853 77.5268339084199,23.2344407696593 77.5268268252039,23.2343740625326 77.5268727668442,23.2340655833233 77.5269087614393,23.2338238900808 77.5273436538346,23.2320195161766 77.5255571059571,23.2309074013301 77.5249375774316,23.2303645803974 77.5245917943191,23.2298747156693 77.5241187630501,23.228938472004 77.5240182703159,23.2287281589584 77.5238902460148,23.2284602258726 77.5238845803403,23.2284425239044 77.523877780992,23.2284071183098 77.523877780992,23.22836650629 77.5238864533277,23.2282984695515 77.5239803614109,23.2275617233699 77.5239748277887,23.227508333953 77.5239554619078,23.227404098433 77.5239111965239,23.22730494794 77.5238503320701,23.2271930854182 77.5236831807486,23.2268911053414 77.5235706883188,23.2266878727581 77.5234024805785,23.2264112652452 77.5231929566233,23.2261446417242 77.5231699570571,23.2261198062007 77.5229403530604,23.2258889648037 77.5229332707427,23.2258613043254 77.5229332707427,23.2258287617534 77.5229403530604,23.2257994741748 77.5229580597529,23.2257457794385 77.523063885785,23.2252844086484 77.5231220921238,23.2249955962342 77.5229201355766,23.2249708851503 77.5224126530181,23.2250403987863 77.521776227182,23.2250572773382 77.5213866529961,23.2250159238091 77.520640532084,23.2252986554214 77.5195297562521,23.2255536004147 77.5186150134764,23.2260040297562 77.5178537460703,23.226469839302 77.5174243684325,23.2269682828072 77.517085306515,23.2272043098129 77.5154830480181,23.2278364141617 77.5152321629322,23.2279580888698 77.5150765926913,23.2280605871054 77.5145733950967,23.2284348492534 77.5143759992962,23.2285946778747 77.5142753349838,23.2286848220738 77.5142277323585,23.2287534802136 77.5138825843551,23.2294339336978 77.5138265330746,23.2295344611793 77.5138034131341,23.2295759272265 77.513774849403,23.2296166115215 77.5136920157507,23.2297150404707 77.5135063546427,23.2298804008098 77.5133425899698,23.2299934778491 77.5129560583778,23.2302603710467 77.5122716166914,23.2306827568629 77.5115369142649,23.2312413357459 77.5114940700158,23.2312728319408 77.5114597938978,23.2313069539796 77.5114412275175,23.2313358259591 77.5112653921821,23.2317666835447 77.5108721367002,23.2327302940286 77.5108163629991,23.2328994378887 77.5106706140392,23.2332788547227 77.5105973151053,23.2334317865482 77.5103964625876,23.2337730406467 77.5102112721968,23.2340559609034 77.5100860632159,23.2342117875588 77.5099192020501,23.2343606999714 77.5092340875257,23.2350296221308 77.5089087922899,23.2353781798939 77.5088597703266,23.2354139666502 77.5089807320728,23.2354862153554 77.5091063542788,23.2355936497995 77.5091546566916,23.2356416177088 77.5091756368451,23.2356661452178 77.5092084442176,23.2357049439735 77.5092442295052,23.2357561591723 77.509276989267,23.235827941312 77.5094126770957,23.2361470870389 77.5094157340626,23.2361707609399 77.5094318174995,23.2362941350792 77.5094358212907,23.2363248426034 77.5094511043286,23.2363609551581 77.5094611483918,23.2363754005074 77.5095813564515,23.2365032904819 77.5099072912878,23.23688542104 77.5101159411822,23.2371042051458 77.5102015937479,23.2371737661172 77.5102654522865,23.2372340903435 77.5102890546223,23.237262394787 77.5103071269292,23.2372922147374 77.5103322096885,23.2373552125183 77.5103426526037,23.2374205446194 77.5103477694076,23.2374659315412 77.5103592813179,23.2376059569283 77.5103612135941,23.2376294654823 77.5100850930353,23.2376265269133 77.5099752847716,23.2376186901786 77.5093377567027,23.2375883222083 77.5090349840278,23.2375971387432 77.508795111389,23.2376020369095 77.5084539590919,23.2375873424098 77.5082855150946,23.2375706891368 77.5082055578479,23.2375540350363 77.5081192036979,23.2375285652203 77.5080371138506,23.2374874219152 77.5079656852091,23.2374315832551 77.5077631258923,23.2372738651424 77.5076607799337,23.2372180272183 77.5075115257475,23.2371592498662 77.5074177092926,23.2371425965397 77.5069108843008,23.237107487111 77.5068842744055,23.2371049785868 77.5068658526539,23.2371043520748 77.5068522063465,23.2371068597736 77.5068371954981,23.2371131290204 77.5068221846496,23.2371212794534 77.5068099037814,23.237129429886 77.5067976220149,23.2371394615044 77.506747131306,23.2371733170759 77.5066952760562,23.237215950403 77.5066168297757,23.2373588056691 77.5065458098676,23.2375539838589 77.5063683413951,23.238204793954 77.5063011671748,23.2389004656349 77.506040258687,23.2397397416729 77.5059901847965,23.2403360441503 77.5061380968995,23.2409722249637 77.5061432918568,23.2410396972578 77.5061419273159,23.2410547438314 77.5061385155145,23.241074178333 77.5060648267117,23.2413607669492 77.5060477695011,23.241393093602 77.5060232490871,23.241427378962 77.5058480533522,23.241654532766 77.5055726882766,23.2419339472871 77.5055127203415,23.2419997624895 77.5054794045225,23.2420456810708 77.5054410913757,23.2421176191316 77.5053820927227,23.2422813215333 77.5051009658529,23.2430613517052 77.5050907502115,23.2431027970413 77.5050762846405,23.2431614818059 77.5050746191639,23.2431859707892 77.505069621836,23.2432318889622 77.505069621836,23.2433267850388 77.5051223933674,23.2438322434141 77.5051629145732,23.2440012205025 77.5051778310985,23.2440634219052 77.5051693024932,23.2441339507447 77.5051543769847,23.2441633374751 77.5051042698565,23.2442172138183 77.5050616259317,23.2442466005303 77.5050168494063,23.2442740285625 77.50493902476,23.2443288846101 77.5046504176188,23.2444880701952 77.5044945212894,23.2445740576858 77.5037136050332,23.2450075261731 77.5036822196938,23.2450188101488 77.5036672088454,23.245020691224 77.503635139888,23.2450188101488 77.5035805555564,23.245008152648 77.503491174084,23.2449799414666 77.5034570587644,23.2449542378306 77.5034324961296,23.2449272804136 77.5034229434449,23.2449065918719 77.5034208970826,23.2448871571031 77.5034249907054,23.2448608269737 77.5034359070328,23.2448382573438 77.5034924658613,23.2447598290059 77.5035170761069,23.2447257021531 77.5035235044511,23.2447154309146 77.5035338449583,23.244689495291 77.5035335655822,23.2446810209392 77.5035324471797,23.2446751152228 77.5035284388969,23.2446664823938 77.503491174084,23.2445862356039 77.5034843513794,23.2445699356493 77.5034754814143,23.2445561432515 77.5034625169281,23.2445448592367 77.5034142747024,23.244521826505 77.5033929217481,23.2445116320128 77.5033294674514,23.2445009744715 77.5030046905435,23.2444671207593 77.5029739870254,23.2444652396763 77.5028823921041,23.2444791113217 77.5028396035505,23.2444944373175 77.5026721027843,23.2445682782505 77.5024753070584,23.2446550324835 77.5022679372633,23.2447750311599 77.5022090086789,23.244809130762 77.502100222698,23.2448840973608 77.5019358399842,23.2449622045468 77.5019135608668,23.2449687548843 77.5018954400509,23.2449712112607 77.5018688490202,23.2449699954534 77.5018540088517,23.2449681399647 77.5018408853637,23.2449649943831 77.5018274762115,23.2449602764232 77.5016982266084,23.2449063178405 77.5014451819727,23.2447893633443 77.5014212176158,23.2447822855697 77.5014063819389,23.2447794024598 77.5013876574551,23.2447789666504 77.5013838441067,23.244778878333 77.5013744288642,23.2447799265865 77.5013681523353,23.2447828105219 77.5013575971307,23.2447880526148 77.5013464705976,23.2447961794679 77.5013010787263,23.2448305935405 77.5012942614117,23.2448357613459 77.5012727656252,23.2448409241987 77.5012509311739,23.2448366445198 77.5012445270843,23.2448326322691 77.5012384131504,23.2448262123375 77.5012349402635,23.244821161738 77.5011209620203,23.2446554063884 77.501032119537,23.2445744291148 77.5009972936501,23.2445639804041 77.5009695752337,23.2445607151302 77.5009347493468,23.2445607151302 77.5009184027035,23.24456136802 77.5008970802919,23.2445678985675 77.5008857085187,23.2445737753997 77.5008643870055,23.2445868364934 77.5008316928207,23.2446123049619 77.5008020008056,23.2446527073394 77.5007385869331,23.2447389951683 77.5007080253488,23.2447762189055 77.5006369515418,23.2448349929021 77.5006203731333,23.2448430644508 77.5006113486579,23.2448478789861 77.5005761230207,23.2448548337732 77.5005255918876,23.2448558085659 77.500395921873,23.2448583111667 77.500305094113,23.2448631257015 77.5002975249084,23.2448647302712 77.5002873353181,23.2448684750927 77.5002806401743,23.244872219914 77.5002753994029,23.2448764995918 77.5002719067531,23.2448799769846 77.5002646286027,23.2448855946288 77.5002605376749,23.2448929654135 77.5002221499678,23.244962144293 77.5002114142019,23.2449891322424 77.5001135714977,23.2452674865772 77.5000892783575,23.2453009670084 77.5000753966914,23.245320099623 77.5000181353803,23.2453551747002 77.4993359978726,23.2456308028293 77.4992693662348,23.2456420264987 77.4992393822672,23.2456420264987 77.499212730151,23.2456369247559 77.4991838565012,23.2456297826457 77.499137214175,23.2456175379662 77.4990854020444,23.245593078318 77.4988920351879,23.2455017949437 77.4988293947648,23.2454693570333 77.4985779554185,23.2453554652385 77.49855805504,23.245346976072 77.4985125679473,23.2453397926766 77.4984592628166,23.2453476289578 77.4984429161734,23.2453567718355 77.4984116440217,23.2453744038779 77.4983618926263,23.2454083613593 77.4982879765498,23.2454514625286 77.4982417869745,23.2454648264553 77.4982310377338,23.2454679365332 77.4980766326078,23.2455126125312 77.4980679899165,23.2455142847753 77.4980570726908,23.2455142847753 77.4980406973015,23.2455075974495 77.4980307367817,23.2454954798692 77.4978990150149,23.2453352373325 77.4978920279187,23.2453242703345 77.4978847497682,23.2453183852814 77.4978736879138,23.2453170481445 77.4978565471599,23.2453213624745 77.4978524364691,23.2453223975175 77.4976760342968,23.2454168513473 77.4976390758094,23.2454397072905 77.4976049604898,23.2454481972765 77.4975943001823,23.2454481972765 77.4975786641065,23.2454455849097 77.4975585355559,23.2454410625848 77.4973181796236,23.2453870612761 77.4972400962624,23.2453583631931 77.4972019223545,23.2453503915481 77.4971394553062,23.2453503915481 77.497106486237,23.2453599578522 77.4970266673307,23.2453998160694 77.4967335470535,23.2455515363594 77.4966204671256,23.2455980991741 77.495958901038,23.2458358967088 77.4959378014086,23.2458501825574 77.4959022640559,23.2458726306837 77.4958500701413,23.2459450767713 77.4958389642694,23.2459624231513 77.4958156440046,23.2459930335307 77.4957745541652,23.2460562971052 77.4957179180815,23.2461267019082 77.4955379136649,23.2463041503392 77.4954624956052,23.246362290591 77.4954383875179,23.2463744113941 77.4954320193609,23.2463769189187 77.4954183739517,23.2463802625598 77.4953929013235,23.246381516322 77.495362153788,23.2463785185179 77.4950862685878,23.246351625769 77.4949329773728,23.2463366829662 77.4948288338852,23.2463265307075 77.4947947185657,23.2463239183578 77.4947698433172,23.2463245712389 77.4947478103382,23.2463265307075 77.4947243562245,23.2463324082876 77.4947023232455,23.2463415502724 77.4946747665258,23.2463572945252 77.4946185580402,23.2463894070175 77.4941389313403,23.2466634276359 77.4940371926428,23.2467099958402 77.4937055139786,23.2468618112098 77.4936100778612,23.2468936974255 77.4935337300452,23.2469128289862 77.4934400294728,23.2469239889933 77.4933359183247,23.2469303667293 77.4932613051555,23.2469223951783 77.4932092486831,23.2469160174419 77.493080845293,23.2468777543186 77.4928066848582,23.2467948494717 77.4925111921303,23.2467392738777 77.4920565278156,23.2467001473514 77.4918943908899,23.2467123919315 77.4918344229548,23.2467246356852 77.4917211498891,23.246755246715 77.4914546251342,23.2468185091025 77.4912715898018,23.2468501006667 77.4911514518106,23.2468541367928 77.490604490092,23.2468537480371 77.4904854714017,23.2468577032755 77.4904785256279,23.2468583718363 77.4904566543457,23.2468604765645 77.4904407344022,23.2468663277088 77.4904125326922,23.2468817912693 77.490174607601,23.2470345374749 77.4899116689207,23.2471763595796 77.4897576895962,23.2472418833121 77.4895765299461,23.2472839133698 77.4893731864001,23.2473192173865 77.4891938458384,23.2473413813347 77.4885047239295,23.2473700748642 77.4884727403121,23.2473766052742 77.4884492861983,23.2473857480129 77.488418724614,23.2473981551299 77.4883550089076,23.2474252944564 77.4883114037853,23.2474438671586 77.4882772884658,23.2474628055015 77.4882595206878,23.2474791306893 77.488248859482,23.2474948038252 77.488239619411,23.2475117818844 77.4882318013731,23.2475294136419 77.4882097692925,23.2475777379508 77.4881976860536,23.2475960225744 77.4881870257461,23.2476084304973 77.4881557526961,23.2476247564927 77.4881347635595,23.2476262322702 77.4877378411546,23.247654142454 77.487671743116,23.2476665495461 77.4876482890022,23.2476756922648 77.4874009540584,23.2477951962986 77.4873760779115,23.2478089099505 77.4873575986678,23.2478187055333 77.4873320128519,23.2478271945425 77.4873220622135,23.2478278474162 77.4872069233469,23.2478076033776 77.4870921393149,23.2477782735758 77.4869970131162,23.2477480069634 77.4869669527918,23.2477351228103 77.4868899186629,23.2476872549928 77.4868482278506,23.2476527244534 77.4862979863829,23.2478566596954 77.4860307672302,23.2480129010793 77.4858589832968,23.2481388509953 77.4853640124735,23.2485728188037 77.4851360748517,23.2488495644393 77.485132277673,23.2490132387705 77.485190373519,23.2497254191823 77.4851306589088,23.250002107952 77.4849329073755,23.2509076680374 77.4847665124354,23.251893868838 77.4855088909659,23.2520079696408 77.4860351384324,23.2524933919662 77.4863091991542,23.2527484038538 77.4867778664076,23.2531854805908 77.4872539321857,23.2535488033346 77.4878691362215,23.2539950246855 77.4880116943655,23.2540858606901 77.4882582693346,23.2542105874967 77.4883742616008,23.2542461100449 77.4884179287067,23.2542523784861 77.4884570476424,23.2542515432442 77.4891876717175,23.2542223518658 77.4893831621913,23.2542160198721 77.4894331974543,23.254227303894 77.4895449344009,23.2542756736453 77.489639358117,23.2543244626506 77.4902035297599,23.2546357283913 77.490395667721,23.2547575544572 77.4916047336181,23.2555491331321 77.493098197151,23.2564586228797 77.4932325258287,23.2565422042615 77.4932815666567,23.2565800775351 77.4933924996111,23.2567380063864 77.4937184739733,23.2572786113222 77.4937853454613,23.25739515211 77.4944829699244,23.2586439710377 77.4946291752285,23.2588843854725 77.4947834932179,23.2590764083732 77.4965752315611,23.2610541609731 77.4974114840389,23.2620307414192 77.4993821048029,23.2642660850518 77.5004558170446,23.2655133904335 77.5005308578118,23.2656746262744 77.5005598868702,23.2660252628421 77.5005794270243,23.2669306794261 77.5006351791658,23.2675094738259 77.5007379356545,23.2679732907006 77.5007743964753,23.2680524283048 77.5010305465869,23.2684048931469 77.5013360914628,23.2687718203532 77.5015344484607,23.2690336638476 77.5016218401648,23.2691877842895 77.5017407851933,23.2694927583248 77.5017782090081,23.2696659693953 77.5018181912247,23.2700491487082 77.5018061088841,23.2701385980979 77.5017542257866,23.2703671190975 77.5015786743188,23.270778455909 77.5002884636021,23.2736460112487 77.5002231084702,23.273800903709 77.5002110890117,23.273851279885 77.5001948753192,23.2739398288868 77.5001991396218,23.2740338465322 77.5002255258367,23.2741154999174 77.5003034834336,23.2742499223995 77.5005333218907,23.2745305427364 77.5009983015598,23.2750229088662 77.5003720230932,23.2756752137186 77.5002654658325,23.2758393857163 77.5002504549841,23.2758682175222 77.5002418122928,23.2758874381724 77.5002368086766,23.2759116735831 77.500232259608,23.2759781115445 77.5002290759787,23.276001093455 77.5002140651303,23.2760207324641 77.5001171782336,23.2761147478154 77.5000803338323,23.2761339692553 77.5000334821986,23.2761460865262 77.4995913287208,23.2761189860553 77.4995856846059,23.2764076828197 77.4996551908527,23.2766673542352 77.4998302716032,23.2770249067285 77.5000655790037,23.2775589474701 77.5008919374369,23.2774406831566 77.5008982723563,23.2776556427875 77.5013069923359,23.2776456199938 77.5018656528144,23.2779287566113 77.5022418708487,23.2780807336452 77.5023676538531,23.2781140440977 77.5024876130795,23.2779873493023 77.5024913635458,23.2779833875608 77.5025359891541,23.2779362559491 77.5027170104637,23.2780121792934 77.5030883605274,23.2780698691893 77.5038133377926,23.2785387159475 77.5038267981489,23.2785438321096 77.5038388661164,23.2785476692311 77.5038950287879,23.2785625927444 77.5041688487613,23.2786408411081 77.5043567987766,23.2786854639034 77.5058488672258,23.2791384517645 77.5059965278007,23.2791468108756 77.5064867267731,23.2789940106988 77.5068913666046,23.2788353003675 77.5073166946371,23.2786574463416 77.507859645378,23.2783955458465 77.5080970548363,23.2782736060586 77.508018030939,23.2780743920576</coordinates></LinearRing></outerBoundaryIs></Polygon></MultiGeometry>
  </Placemark>
  <Placemark>
	<Style><LineStyle><color>ff0000ff</color></LineStyle><PolyStyle><fill>0</fill></PolyStyle></Style>
	<ExtendedData><SchemaData schemaUrl="#bhopal_wards">
		<SimpleData name="objectid">38</SimpleData>
		<SimpleData name="townname">Bhopal</SimpleData>
		<SimpleData name="towncensuscode2011">802312</SimpleData>
		<SimpleData name="town_lgd_code">250946</SimpleData>
		<SimpleData name="ward_lgd_code">34388</SimpleData>
		<SimpleData name="ward_lgd_name">Sonagiri Ward</SimpleData>
		<SimpleData name="sourcewardcode">64</SimpleData>
		<SimpleData name="state">Madhya Pradesh</SimpleData>
	</SchemaData></ExtendedData>
      <MultiGeometry><Polygon><outerBoundaryIs><LinearRing><coordinates>77.5034334797848,23.2908121634545 77.5031833376058,23.2900658307819 77.5031419108981,23.2898299365045 77.5031419108981,23.2898123433485 77.5031461680143,23.2897967048939 77.5031568085588,23.2897776463242 77.5031669173007,23.2897678719784 77.5031887310907,23.2897522343437 77.5034603879209,23.2896087941098 77.5036773984356,23.2895096807966 77.5039010331273,23.2894004134815 77.5039308724661,23.2893858336078 77.5039400173157,23.2893766706473 77.5039499931069,23.2893644530906 77.5039533186701,23.2893522355328 77.5039533186701,23.2893354369047 77.5038803179769,23.2891024465874 77.50386473041,23.2890451773332 77.5038491428432,23.2890237010471 77.5038062779328,23.2889974522482 77.50339581073,23.2888924586514 77.503111572096,23.2888216894581 77.5030521108107,23.2887807270094 77.5030025597397,23.2887215590057 77.5029827402096,23.2886760451387 77.5029480544598,23.2885349528774 77.5029480544598,23.2884666819755 77.5029728299954,23.2882482156791 77.5030669761321,23.287588263214 77.5030967067747,23.2874835804055 77.5031710333813,23.2873880012032 77.5032354497737,23.287319729713 77.5033196856962,23.2872742153668 77.5035178890822,23.2872059446434 77.5036814076168,23.2871831874528 77.5038251048245,23.2871604302582 77.5039886233591,23.2871467759397 77.5040877246029,23.2871467759397 77.5041868267451,23.2871513273793 77.5043503443813,23.2871285701794 77.5044395363092,23.2869647190499 77.5044444914163,23.2869009987909 77.5044147607736,23.2868008668937 77.5043453892742,23.2867599046482 77.5041868267451,23.2867007357462 77.5040679041745,23.2866643241012 77.503983668252,23.286641566818 77.5038845661098,23.2866051551567 77.5037012280452,23.2865004724003 77.5035327544035,23.2863502740743 77.5034732940165,23.2862637969985 77.503403922517,23.2861591131486 77.5033593265531,23.2860726351235 77.5033395061247,23.2859725034283 77.5033438530723,23.2857700457578 77.503369831452,23.2857127750699 77.50339581073,23.2856769811869 77.5034165941525,23.2856566975147 77.5034412735683,23.2856423796266 77.5034997260455,23.2856340275244 77.5038265448239,23.2856461521823 77.5040562206859,23.2856690449592 77.5042350186651,23.2856686670435 77.5042531161248,23.285668629087 77.5042894862157,23.2856531180428 77.5043024758547,23.2856352206819 77.5043102696381,23.2856149378285 77.5043128675659,23.28558152941 77.5043026707891,23.2853547491666 77.5042974875099,23.2852394788051 77.5042958247283,23.2852043531632 77.5043024758547,23.285182207889 77.5043149453692,23.2851631181282 77.5043290776652,23.2851493728387 77.5043493759974,23.2851380254236 77.5045814602426,23.2850082842659 77.5047807317255,23.2849283571674 77.5048030575552,23.2849153066282 77.504819294604,23.2848985280689 77.5048680048519,23.2848276849645 77.5048862711949,23.2847792132582 77.5048904492593,23.2847390507853 77.5048706288309,23.2845433360173 77.5048508084025,23.2844932691915 77.5047566622657,23.284352172497 77.5047071111947,23.2842975540622 77.5046426948023,23.2842520386827 77.5045634130886,23.2842110748279 77.5043503443813,23.2841382509912 77.5034705900876,23.2837588930713 77.5008744858659,23.281941634146 77.5004420332949,23.2816903856018 77.5002737563842,23.2816075271636 77.4999936401191,23.2813370490512 77.4991690531636,23.279661944826 77.4989843649311,23.2789358624003 77.4988516514243,23.2780168655514 77.4988198950807,23.2779022960265 77.4987981199182,23.2778090477151 77.4987901877942,23.2777757380115 77.4987856548953,23.277752837276 77.4987856548953,23.2777372229859 77.4987856548953,23.2777184861654 77.4987913205698,23.2777007899102 77.4988037855927,23.2776841350459 77.4988253164134,23.2776664387861 77.4988502464592,23.2776570703712 77.4988899079773,23.2776477019556 77.4989284367198,23.2776424966382 77.498966964564,23.2776404146762 77.4990054933066,23.2776393741078 77.499075750545,23.2776331282217 77.4991369419855,23.2776227192359 77.4991664049301,23.2776133499927 77.4991992679982,23.2775977365114 77.4992128657967,23.277584204166 77.4994463020064,23.2772760840311 77.4994644327038,23.2772552651777 77.4994859635245,23.2772365274642 77.4995131600197,23.2772219545104 77.4995980813568,23.2772014269427 77.4996258437907,23.2771983662916 77.49968385789,23.2771827379082 77.4997087331385,23.2771729453085 77.4997201049117,23.277165110073 77.4997264101867,23.2771572211993 77.4997841907241,23.2770849298826 77.4998302716032,23.2770249067285 77.4996551908527,23.2766673542352 77.4995856846059,23.2764076828197 77.4995913287208,23.2761189860553 77.5000334821986,23.2761460865262 77.5000803338323,23.2761339692553 77.5001171782336,23.2761147478154 77.5002140651303,23.2760207324641 77.5002290759787,23.276001093455 77.500232259608,23.2759781115445 77.5002368086766,23.2759116735831 77.5002418122928,23.2758874381724 77.5002504549841,23.2758682175222 77.5002654658325,23.2758393857163 77.5003720230932,23.2756752137186 77.5009983015598,23.2750229088662 77.5005333218907,23.2745305427364 77.5003034834336,23.2742499223995 77.5002255258367,23.2741154999174 77.5001991396218,23.2740338465322 77.5001948753192,23.2739398288868 77.5002110890117,23.273851279885 77.5002231084702,23.273800903709 77.5002884636021,23.2736460112487 77.5015786743188,23.270778455909 77.5017542257866,23.2703671190975 77.5018061088841,23.2701385980979 77.5018181912247,23.2700491487082 77.5017782090081,23.2696659693953 77.5017407851933,23.2694927583248 77.5016218401648,23.2691877842895 77.5015344484607,23.2690336638476 77.5013360914628,23.2687718203532 77.5010305465869,23.2684048931469 77.5007743964753,23.2680524283048 77.5007379356545,23.2679732907006 77.5006351791658,23.2675094738259 77.5005794270243,23.2669306794261 77.5005598868702,23.2660252628421 77.5005308578118,23.2656746262744 77.5004558170446,23.2655133904335 77.4993821048029,23.2642660850518 77.4974114840389,23.2620307414192 77.4965752315611,23.2610541609731 77.4947834932179,23.2590764083732 77.4946291752285,23.2588843854725 77.4944829699244,23.2586439710377 77.4937853454613,23.25739515211 77.4937184739733,23.2572786113222 77.4933924996111,23.2567380063864 77.4932815666567,23.2565800775351 77.4932325258287,23.2565422042615 77.493098197151,23.2564586228797 77.4916047336181,23.2555491331321 77.490395667721,23.2547575544572 77.4902035297599,23.2546357283913 77.489639358117,23.2543244626506 77.4895449344009,23.2542756736453 77.4894331974543,23.254227303894 77.4893831621913,23.2542160198721 77.4891876717175,23.2542223518658 77.4884570476424,23.2542515432442 77.4884179287067,23.2542523784861 77.4883742616008,23.2542461100449 77.4882582693346,23.2542105874967 77.4880116943655,23.2540858606901 77.4878691362215,23.2539950246855 77.4872539321857,23.2535488033346 77.4867778664076,23.2531854805908 77.4863091991542,23.2527484038538 77.4860351384324,23.2524933919662 77.4855088909659,23.2520079696408 77.4847665124354,23.251893868838 77.4846376203618,23.2518772049707 77.4804560768002,23.2512215094388 77.4799729942815,23.2511033075878 77.4786755548216,23.2504458601351 77.4779538779668,23.2500880960147 77.4765192163558,23.2493650119512 77.4762312047976,23.2492252110263 77.4761496916687,23.2491881205898 77.4760464429032,23.2491553105089 77.4757956943613,23.2490889755525 77.4756466422961,23.2490511727838 77.4754673143109,23.2490269209332 77.4750411203024,23.249009089634 77.4740003780284,23.2489567083217 77.4730703926389,23.2489257148251 77.4729067797812,23.248917722759 77.4728542481,23.2489160901754 77.472728280941,23.2489150081141 77.4725538191297,23.2489135108913 77.4724684252788,23.2489142240118 77.472331794219,23.2489220699874 77.472162558806,23.2489391881779 77.4719790815025,23.248968341095 77.4715430626198,23.2490376202067 77.4703087280121,23.2492380496402 77.4679099234712,23.2496332134004 77.4670182620084,23.2497829504736 77.4670340274416,23.249894830375 77.467161984369,23.2509103207399 77.4673083908957,23.2526428592405 77.4673536022056,23.2533511873733 77.4692796809046,23.2531592792026 77.471280213771,23.2529727264248 77.4716697116001,23.252939156306 77.4717026061092,23.2534092610014 77.4717789682982,23.2541336263449 77.4728845195285,23.2539659166103 77.4729601019799,23.2539439873342 77.4730356844312,23.253903783377 77.473095355024,23.253863580233 77.4731788938539,23.2538124116022 77.4732564651753,23.2537685529961 77.4733121571296,23.2537447963826 77.4734016625696,23.2537173851542 77.4734732672809,23.253711903238 77.4735877369026,23.2537164153783 77.4737825787928,23.2537499803494 77.4740504869532,23.2538208408054 77.4740890489334,23.2538394877229 77.4741154342499,23.2538544057502 77.4742067668632,23.2539196711715 77.4742372107682,23.2539569658015 77.4742554771112,23.2539849365609 77.4742778029409,23.2540278253223 77.4743102761401,23.2540781726581 77.4743346312641,23.2541136028036 77.474521355079,23.2543038044533 77.4745558584708,23.2543373692765 77.4745944213493,23.2543821231863 77.4747649081155,23.2546301309659 77.4748095588767,23.254671154262 77.4748481217552,23.2546953960075 77.4748988612974,23.2547215013549 77.4749638085941,23.2547476075226 77.4752033021438,23.2547904960386 77.4756356082895,23.2548706789153 77.4757147624424,23.2548744085997 77.4758588647904,23.2548650848011 77.4759096052309,23.254852032142 77.4759968774591,23.254827790425 77.4760334110434,23.2548128725066 77.4760719730236,23.2547923612946 77.4763317622105,23.2546264012745 77.4764027991865,23.254596565391 77.4764515094345,23.2545760533204 77.4765956108841,23.2545480826851 77.4766727357429,23.2545368944293 77.4767782752124,23.2545313003011 77.4768229268719,23.254527570607 77.4769792067819,23.2544790887013 77.4770319765166,23.2544567113519 77.4771334564993,23.2544100938564 77.477228847701,23.2543578813839 77.4775251704722,23.2541602204027 77.4775799695012,23.2541229258295 77.4776124427003,23.2541042789517 77.4776510055789,23.2540874965118 77.4777748113913,23.2540464722108 77.4778438181748,23.2540296897636 77.4779716834741,23.2540073131641 77.4780163342352,23.2540017190137 77.4780995478749,23.2539942604212 77.47816449607,23.2539868010028 77.4782477097097,23.2539849365609 77.4783207750817,23.2539812068515 77.4785074988966,23.2539942604212 77.4785399720958,23.2540035834554 77.478872990148,23.2540692969628 77.4786858980238,23.2547898283429 77.4786123242054,23.2551545093386 77.4782987789336,23.2563069273784 77.478233660957,23.2565000343408 77.4781375439165,23.2567065137275 77.4780151179164,23.2569018559069 77.4776487445193,23.25742695245 77.4772839359875,23.2579190293702 77.4771630038856,23.2580711711827 77.4756632916716,23.2599591945044 77.474319869249,23.2617005516752 77.472575186457,23.2639639182027 77.4720746604521,23.264604802596 77.4717872795112,23.2649866438436 77.4726332059463,23.265715619763 77.4732183487594,23.2661349454636 77.4743874009988,23.2670840017999 77.4755889273357,23.2680722063029 77.4763953144236,23.2687144185683 77.4786730700816,23.2706422911509 77.4786533053487,23.2708768231231 77.478603669836,23.2714658060163 77.478553566301,23.2720030412223 77.4799206746027,23.2728475892066 77.479617358447,23.2734417399858 77.4789389606259,23.2732546924068 77.4785464219996,23.2734659939963 77.4794918602085,23.2751231849546 77.4798835705882,23.275809781513 77.4798977783427,23.2758414767837 77.4799282222477,23.2758713079111 77.4799688144204,23.2758843585115 77.4800134651816,23.2758918167042 77.4800601461354,23.2758918167042 77.4800865314519,23.2758899517434 77.4802509294371,23.2758619855814 77.4813834489905,23.2756419835263 77.4814991358294,23.2756289329022 77.4815823503675,23.275627068763 77.4816716527882,23.275627068763 77.4817508069411,23.2756401193873 77.4818461981428,23.2756680855959 77.4818847610213,23.2756848653183 77.4819456488313,23.2757202897198 77.4819740634421,23.2757370694356 77.482124254571,23.2758630294645 77.4827607387976,23.2765360097128 77.4829672713629,23.2767865863678 77.4830062393816,23.2768653391456 77.4830218269484,23.2768999421616 77.4830361155513,23.2769321586977 77.4830452074003,23.2769548301695 77.4830672897866,23.2770156843284 77.4830724856422,23.2770753452253 77.4830853710767,23.277215954513 77.4831041952735,23.277287904953 77.4848980823868,23.2763015207123 77.4856812767707,23.2758718905051 77.4859682885039,23.2757148202615 77.4872284847103,23.2756650471902 77.4874805582673,23.2754832518711 77.4884701926899,23.2756038961653 77.4882326978918,23.2761980404266 77.4882176843484,23.276258979927 77.4882085224308,23.2762961717572 77.4882046255391,23.276320035753 77.4882046255391,23.2763522532545 77.4882098213947,23.2763999820469 77.4882345008105,23.2764608364593 77.4882695728358,23.2765037922557 77.488303344999,23.2765193043656 77.4883371180604,23.2765252705613 77.4884501261231,23.2765491353412 77.488525465131,23.2765789654849 77.4885553413008,23.2766028302552 77.4885800207166,23.2766350468632 77.4886021031029,23.2766827755542 77.4886085979224,23.2767579486824 77.48872924436,23.2775802193071 77.4887267497384,23.2776535302935 77.4887159430056,23.2776726219561 77.4886926658599,23.2777008765554 77.4885644340481,23.2778294571868 77.4884929919318,23.277879572729 77.488438435448,23.2778962770803 77.4883656943679,23.277915368708 77.4881864400445,23.278000086948 77.4880994103615,23.2780609406293 77.4875773661122,23.2789448577417 77.4873642974049,23.2793226483268 77.4872602401556,23.2794865096861 77.4872007797687,23.2797140937477 77.4871760042331,23.2799052639268 77.4870620367697,23.2807473201164 77.4870620367697,23.2808429049112 77.4870620367697,23.2809885569747 77.4870719469839,23.2811706220364 77.4870967225194,23.2814437195748 77.4871561838047,23.2815438555011 77.48721564509,23.2816075783241 77.487275105477,23.2816530937824 77.4874287137973,23.2816940584242 77.4878237937576,23.2817448656528 77.4885283873507,23.28183547645 77.4894107494537,23.2819489484205 77.4898669274297,23.2819805250565 77.4901069393073,23.2820445323527 77.4903546937643,23.2821512105613 77.4905405093825,23.2822223290444 77.4906179333802,23.282250776592 77.4910205340361,23.2823930134139 77.4912450616531,23.2824712438488 77.4915160429501,23.2826134804352 77.4919418713443,23.2828055004935 77.4929638585919,23.2833531100505 77.4931496742101,23.28349534652 77.4934748517665,23.283715811716 77.493683895123,23.2838438237841 77.4942645697159,23.2840073940767 77.4954259180035,23.2840927355572 77.4957510964582,23.2842065232877 77.4960143351758,23.2842420823977 77.4965485560887,23.2843274237278 77.4967730837058,23.2843772059388 77.496982126164,23.2844625463572 77.4972066537811,23.2845976696746 77.4974389239775,23.2847612398662 77.4975937701763,23.2848821389774 77.4978570088939,23.2851381607477 77.4984374023142,23.2858980649273 77.4986321714408,23.2862135484638 77.4987114522562,23.2863184138016 77.49905077738,23.2865514485983 77.4992410522353,23.2866330101445 77.4995803773592,23.2867087461748 77.4996723432847,23.2867349624195 77.4997547960514,23.2867699176794 77.4998943313644,23.2868136111225 77.4999387288007,23.2868427400766 77.499960927968,23.2869068242484 77.4999767841311,23.2869621702071 77.5001684549683,23.2875024214688 77.5001787703227,23.2875314958135 77.5005205918648,23.2882113390854 77.5005510357698,23.2882579447545 77.5005814796747,23.2883176006143 77.5006998246286,23.2885844818519 77.5008980980831,23.2890316057202 77.5009386902559,23.2891266812431 77.5009752229419,23.2891919293868 77.5010097263336,23.2892348068152 77.5010665555551,23.2892814129512 77.5011193243915,23.2893280190708 77.5011497691948,23.2893559824047 77.5013304033305,23.2896225669929 77.5013979683179,23.2897833561393 77.5014643574107,23.2899413495958 77.5014805944595,23.2900271039561 77.5014846539462,23.2901575993286 77.5014745056785,23.2902265756618 77.5014339135057,23.2903440216569 77.5013701277307,23.2905808672034 77.501338522304,23.2906982229487 77.501326344742,23.2907429638195 77.5013283740362,23.2908007546388 77.5013527291602,23.2908734584902 77.5013791144768,23.2909032862499 77.501429854019,23.2909051501753 77.5014988608025,23.2908734584902 77.5015841046347,23.2908100750975 77.5016693475687,23.2907448277471 77.5017769163323,23.290673987754 77.5018154792109,23.290646024697 77.5020570020548,23.2905062084988 77.5020645407166,23.2905045508462 77.5022011044028,23.2904745167187 77.5022315483077,23.2904726527874 77.5023918868062,23.2905043445679 77.5024893082004,23.2905397642017 77.5025441072294,23.2905733198962 77.5026090545261,23.2906273821056 77.5026679130418,23.2906833090467 77.5028112841612,23.2908598870636 77.5028918190247,23.2909493695067 77.5029515704658,23.2910006723948 77.5029918383468,23.2910245337552 77.5031088627771,23.2910481120986 77.5031931750565,23.2910650994607 77.5032451327142,23.2910591339165 77.5033048841553,23.2910400441735 77.5033633366325,23.2909970930666 77.5033906148744,23.2909624928891 77.5034152951886,23.2909183486472 77.5034295828932,23.2908837492744 77.5034347787487,23.2908539215103 77.5034334797848,23.2908121634545</coordinates></LinearRing></outerBoundaryIs></Polygon></MultiGeometry>
  </Placemark>
  <Placemark>
	<Style><LineStyle><color>ff0000ff</color></LineStyle><PolyStyle><fill>0</fill></PolyStyle></Style>
	<ExtendedData><SchemaData schemaUrl="#bhopal_wards">
		<SimpleData name="objectid">43</SimpleData>
		<SimpleData name="townname">Bhopal</SimpleData>
		<SimpleData name="towncensuscode2011">802312</SimpleData>
		<SimpleData name="town_lgd_code">250946</SimpleData>
		<SimpleData name="ward_lgd_code">34389</SimpleData>
		<SimpleData name="ward_lgd_name">Govindpura Audhogik Kshetra Ward</SimpleData>
		<SimpleData name="sourcewardcode">65</SimpleData>
		<SimpleData name="state">Madhya Pradesh</SimpleData>
	</SchemaData></ExtendedData>
      <MultiGeometry><Polygon><outerBoundaryIs><LinearRing><coordinates>77.4634219358202,23.2757933970793 77.4645971199597,23.2742739270482 77.4688700527283,23.2687718302562 77.4681507087983,23.2684359060472 77.467674257643,23.2681997630135 77.46763724346,23.2681817362184 77.4676220727115,23.268169935945 77.4675819440694,23.2681387191456 77.4673188499806,23.2678119156974 77.4671094904171,23.2674895727812 77.467018147024,23.2673489342461 77.4662681921023,23.266105539643 77.4661025634252,23.2657762149707 77.4659936876128,23.2656183661507 77.4658814080837,23.2654730199603 77.4657963484061,23.2653854993931 77.4657231967959,23.265312045486 77.4652972318578,23.2649136510435 77.4652730617868,23.264889258481 77.4649762826714,23.2646014544602 77.4649625833634,23.2645831003699 77.4649494733501,23.2645626896941 77.4649124762351,23.2645050888553 77.46490078556,23.2644867974725 77.4648929306912,23.2644721975405 77.4648647424559,23.264371024614 77.4648473591568,23.2642804308214 77.4647738661868,23.2642893578292 77.4641953385674,23.2643515225339 77.464183744012,23.2643621751876 77.4641815143935,23.2643675006888 77.4641797303394,23.2643740558499 77.4641494553176,23.264639199177 77.4641483665595,23.2646522021866 77.4641505440757,23.2646852106458 77.4641972250295,23.2648681909355 77.4642346515392,23.264929143046 77.4642635719014,23.2649791545054 77.4642958941837,23.2650322920731 77.4643146078877,23.2650791781932 77.4643316192842,23.265152633054 77.4644504322603,23.2655463607171 77.4645240626726,23.2658157592606 77.4645530414253,23.2658929554705 77.4646861852252,23.2661699746273 77.4644101886339,23.2663254526383 77.4638838369628,23.2663621487829 77.4636271370822,23.2667065965618 77.4631896054365,23.2672606919856 77.4630810278648,23.2674118881192 77.4628345678801,23.267667259337 77.4627052769545,23.2678219804937 77.4626134125386,23.2680220227012 77.4629349384434,23.2679454441888 77.4630506198924,23.267923564252 77.4631583521495,23.2679122252723 77.4631875986002,23.2679091470775 77.4632055792789,23.2679080981806 77.4632210967772,23.2679082673575 77.4632587469673,23.2679118621609 77.4632979602261,23.2679183816617 77.4635028102469,23.267974319791 77.4636616997628,23.2680257676975 77.4639227762355,23.2681170719617 77.4639068634785,23.2687098334885 77.46391707373,23.2690032625941 77.4639234948877,23.26918778594 77.4638904907842,23.2699819147337 77.4638750280832,23.2703079800476 77.463804879541,23.2706420493567 77.46358460904,23.2714938498478 77.4633451262701,23.2725548361747 77.4631933559029,23.272889970163 77.4628032032019,23.2727325027716 77.4627001385911,23.2727481341528 77.4627136663209,23.273109445321 77.4627857183932,23.2733675040858 77.4624730121479,23.2734712201074 77.4626316725934,23.2738118757913 77.4628287953061,23.2742824383039 77.4630027890951,23.2746073567752 77.4630826699851,23.2747044528125 77.462830772498,23.2749637883874 77.4617305976847,23.2742432769507 77.46134776805,23.2740307618771 77.461233326276,23.2739356211106 77.4594304569081,23.2717411606519 77.4590051971476,23.2712228676096 77.4586355736459,23.2695695793946 77.4585295895103,23.2684505979729 77.4590823992614,23.2683093167565 77.4590278625405,23.2678542867021 77.4586384823907,23.2678678563472 77.4585637748984,23.2675638870548 77.4582946980298,23.2675791732605 77.4578767882849,23.2676050309839 77.4577838081614,23.2665863692198 77.4576612339392,23.2649010111792 77.4575693695233,23.2640211132389 77.4573421775031,23.261944866696 77.4570415841411,23.2590768036957 77.4569103366848,23.2578467432963 77.4567527443362,23.2565162230692 77.4565433443485,23.2545634240304 77.4563714508206,23.2529503620281 77.4561961526777,23.2514913347542 77.45473643885,23.2516644478919 77.4544550388924,23.2517087281205 77.4531482389873,23.2519331341504 77.4500081455723,23.2524811924857 77.4499760802082,23.2524843783322 77.4485083794594,23.2527225853409 77.4480485255772,23.2528007358066 77.4478013199908,23.2528276000186 77.4476630980147,23.2528373688216 77.4469826205937,23.2528691174264 77.4455393728852,23.2529149678887 77.4445720059018,23.2529623914444 77.4445739408729,23.2540011222933 77.4445603313964,23.2544028110835 77.4455912550844,23.2547341652939 77.4459297932841,23.2548513892067 77.4458056056876,23.2551780527652 77.4454568608297,23.2550764592925 77.4454449527623,23.2550920886182 77.4446436896649,23.2548873382818 77.4444105283396,23.2551053814255 77.4446364824814,23.2554480986908 77.444652508426,23.2554794678474 77.4446558483622,23.2554980014627 77.4446737365145,23.2555972713116 77.4446979982137,23.2566102670384 77.4447348030892,23.2569860510496 77.4447694421265,23.257183219252 77.4447952228769,23.2572899462547 77.4448286671549,23.2574150785963 77.4449618136497,23.2579132439107 77.4450043434885,23.2580648501009 77.4450417690999,23.2581461228984 77.4452676352067,23.2585446002935 77.4454535056221,23.2588725158752 77.4457176947573,23.2593303917172 77.4457666718049,23.2594193588954 77.4459653162637,23.2598187081313 77.4460257288649,23.259964008494 77.4460970559967,23.260234473056 77.4461084628042,23.2602912661207 77.4461216878018,23.2603571127033 77.4461314866249,23.2604361343366 77.4461271315924,23.2605361614339 77.4461118889787,23.2606311863229 77.4460345871519,23.2609002580809 77.4459871462234,23.2610207513461 77.4457907349764,23.2613608174155 77.445175742943,23.262011749851 77.445107062248,23.2620840691537 77.4448977853295,23.2622871397039 77.4448336788559,23.2623588382408 77.4448259219034,23.2623694968308 77.4444467762597,23.2623176629816 77.4429502566582,23.2621222998535 77.4428523295124,23.2627959998349 77.4416764366021,23.2631007004752 77.4415472498811,23.2631341747782 77.4414226149237,23.2631721996814 77.4410975487583,23.2633115650883 77.4411374204822,23.2634043613898 77.4415569471946,23.2633787735436 77.4415571061964,23.2633810471937 77.4414271568057,23.2646642932678 77.441369458015,23.2652340641078 77.4410191249357,23.2652435794692 77.4409945955385,23.2652442462872 77.4406470301686,23.2652680957573 77.4406373220753,23.2653289288461 77.4406071341902,23.2653300776209 77.4405706302503,23.26574205636 77.4405614045523,23.2659990870851 77.4405608215457,23.266015331603 77.441705726172,23.265966883585 77.4424554843626,23.2659233458799 77.4424773538482,23.2665477511024 77.4411659437891,23.2666261080309 77.4404414614956,23.2666971423743 77.4398153069965,23.2667580639388 77.4397473997509,23.2667646709737 77.4387934068855,23.2668505087555 77.4374244965633,23.2669208431594 77.4374510516614,23.2680785590949 77.4375695987362,23.2710778369955 77.437698878882,23.2732557379608 77.4377063456787,23.2733146718728 77.4377149191997,23.2733823299785 77.4377232322094,23.2734166962362 77.4377298824374,23.2734357876808 77.4377373645054,23.2734480066991 77.4377514968015,23.2734571707557 77.4377562354146,23.2734595845211 77.437764080402,23.2734611854458 77.4377767205963,23.2734617862052 77.43790386904,23.2734583904293 77.4385811547468,23.2734402991534 77.4394333029135,23.2733818018381 77.439980335599,23.2733318521232 77.4405176188687,23.2732801628257 77.4408136272296,23.2732474387211 77.4420115270677,23.2731150064859 77.4427317827878,23.2730506367519 77.4429292001479,23.273037958874 77.4430053817756,23.273034565563 77.4431185470435,23.2730338583481 77.4431731709009,23.2730356276232 77.4433195477832,23.273047626344 77.4438987653088,23.2731056575562 77.4443108728353,23.2731639973756 77.4448470889064,23.2732293177086 77.4452402482686,23.2740068735399 77.4452422775629,23.2740590783149 77.4452361887819,23.2741038247771 77.4451544654472,23.2743238879629 77.4451497088678,23.2743559326524 77.4451481233413,23.2743697706548 77.4451465378148,23.2743901624987 77.445144159076,23.2744098265017 77.445140988023,23.2744273061632 77.4451354382312,23.2744498831618 77.4451267173864,23.2744702758188 77.4451172033292,23.2744884824845 77.4451045182191,23.274506689973 77.4450846977906,23.2745307242832 77.4450560612961,23.2745881136595 77.4450509876113,23.2746165463337 77.4450494649669,23.2746291316377 77.4450489574188,23.2746398519622 77.4450489574188,23.2746524372639 77.445049972515,23.2746692171142 77.4450565688442,23.2746976497711 77.4450707757004,23.2747251499334 77.4451255756277,23.2747927355294 77.4451316644087,23.2748029904219 77.4451357238954,23.2748165073709 77.4451397824839,23.2748360838386 77.4451519600459,23.2749004073233 77.4451550044364,23.2749125255316 77.4451550044364,23.2749269749565 77.4451529751422,23.2749400264747 77.4451260831758,23.275057019711 77.4451225312372,23.2750742657534 77.4451255756277,23.2750989692055 77.4451331861548,23.2751148165138 77.4451387682859,23.2751255376244 77.4451519600459,23.2751581647182 77.4451544968882,23.2752019791512 77.4451544968882,23.2752150298171 77.4451544968882,23.2752602421334 77.4451681970946,23.2752970645494 77.4452026789268,23.2754047227323 77.445212589141,23.275462758694 77.4452088728107,23.2754764142108 77.4451964850429,23.2755014493211 77.4450799097702,23.2757114336203 77.4450788946739,23.2757165606187 77.4450768644814,23.2757324086788 77.4450768644814,23.2757459255334 77.4450758502834,23.2758554598676 77.4450773720295,23.2758680450545 77.4450890429417,23.2758969436957 77.4451017271535,23.2759104605336 77.4451205010446,23.2759188503798 77.4451407975802,23.2759263085706 77.4451869709858,23.2759500793846 77.4452052373287,23.2759710544055 77.4452169073426,23.2759924948376 77.4452194450833,23.2759994867844 77.4452209668294,23.2760074103852 77.4452209668294,23.2760204609723 77.4451404912546,23.2761717651684 77.4451256969002,23.2762126456753 77.4451256969002,23.2762183131616 77.4451266715723,23.2762227882311 77.4451292695001,23.2762281578191 77.4451601194436,23.2762442657568 77.4452529333788,23.2762949966705 77.4452569919672,23.2763010561239 77.4452600363577,23.2763113100751 77.4452625740984,23.2763234289803 77.4452656184889,23.2763523275226 77.4452633780905,23.2770149210212 77.4452460352157,23.2772129227441 77.4452162722337,23.2774351873627 77.4440429889293,23.2777134326862 77.443877502186,23.2780867162747 77.4437845939277,23.2783000789475 77.4437752191094,23.2783352724258 77.4439104065765,23.2788814892994 77.4439200850254,23.2789472755335 77.4439607319954,23.27932776941 77.4439839588353,23.2793775534902 77.4442820387113,23.2799287336656 77.4443342991012,23.2800443032134 77.4443439766518,23.2801011992332 77.4443478483906,23.2801634283503 77.4442912284766,23.2809831652989 77.44429587097,23.2811076738404 77.4443072014207,23.2814115742696 77.4443328258642,23.2813939816514 77.4444910811695,23.2812853372802 77.4447252863371,23.2811555453335 77.4449304579547,23.2810613123946 77.4450040102135,23.2810310863471 77.4451186846511,23.2809962376781 77.4452519802662,23.2809557299671 77.4452941507789,23.2809438285039 77.4458093301028,23.280820875261 77.4465093854071,23.2806723093238 77.4472325561603,23.2805051858554 77.4492350177096,23.2800424185065 77.4513112785544,23.2795702202057 77.4517735587861,23.2794611700076 77.4553473174978,23.2786563059335 77.4582924917675,23.2779745481156 77.4610001388996,23.2773683243277 77.4616486659409,23.2771421679727 77.4619318176134,23.2769981216617 77.4626163302666,23.2765608647305 77.4627521492494,23.2764510586602 77.4629910777588,23.2762578914861 77.4631186672752,23.2761328725614 77.4632588367989,23.2759759684914 77.4634219358202,23.2757933970793</coordinates></LinearRing></outerBoundaryIs></Polygon></MultiGeometry>
  </Placemark>
  <Placemark>
	<Style><LineStyle><color>ff0000ff</color></LineStyle><PolyStyle><fill>0</fill></PolyStyle></Style>
	<ExtendedData><SchemaData schemaUrl="#bhopal_wards">
		<SimpleData name="objectid">44</SimpleData>
		<SimpleData name="townname">Bhopal</SimpleData>
		<SimpleData name="towncensuscode2011">802312</SimpleData>
		<SimpleData name="town_lgd_code">250946</SimpleData>
		<SimpleData name="ward_lgd_code">34394</SimpleData>
		<SimpleData name="ward_lgd_name">Punjabi Baag Ward</SimpleData>
		<SimpleData name="sourcewardcode">70</SimpleData>
		<SimpleData name="state">Madhya Pradesh</SimpleData>
	</SchemaData></ExtendedData>
      <MultiGeometry><Polygon><outerBoundaryIs><LinearRing><coordinates>77.4424773538482,23.2665477511024 77.4424554843626,23.2659233458799 77.441705726172,23.265966883585 77.4405608215457,23.266015331603 77.4405614045523,23.2659990870851 77.4405706302503,23.26574205636 77.4406071341902,23.2653300776209 77.4406373220753,23.2653289288461 77.4406470301686,23.2652680957573 77.4409945955385,23.2652442462872 77.4410191249357,23.2652435794692 77.441369458015,23.2652340641078 77.4414271568057,23.2646642932678 77.4415571061964,23.2633810471937 77.4415569471946,23.2633787735436 77.4411374204822,23.2634043613898 77.4410975487583,23.2633115650883 77.4414226149237,23.2631721996814 77.4415472498811,23.2631341747782 77.4416764366021,23.2631007004752 77.4428523295124,23.2627959998349 77.4429502566582,23.2621222998535 77.4444467762597,23.2623176629816 77.4448259219034,23.2623694968308 77.4448336788559,23.2623588382408 77.4448977853295,23.2622871397039 77.445107062248,23.2620840691537 77.445175742943,23.262011749851 77.4457907349764,23.2613608174155 77.4459871462234,23.2610207513461 77.4460345871519,23.2609002580809 77.4461118889787,23.2606311863229 77.4461271315924,23.2605361614339 77.4461314866249,23.2604361343366 77.4461216878018,23.2603571127033 77.4461084628042,23.2602912661207 77.4460970559967,23.260234473056 77.4460257288649,23.259964008494 77.4459653162637,23.2598187081313 77.4457666718049,23.2594193588954 77.4457176947573,23.2593303917172 77.4454535056221,23.2588725158752 77.4452676352067,23.2585446002935 77.4450417690999,23.2581461228984 77.4450043434885,23.2580648501009 77.4449618136497,23.2579132439107 77.4448286671549,23.2574150785963 77.4447952228769,23.2572899462547 77.4447694421265,23.257183219252 77.4447348030892,23.2569860510496 77.4446979982137,23.2566102670384 77.4446737365145,23.2555972713116 77.4446558483622,23.2554980014627 77.444652508426,23.2554794678474 77.4446364824814,23.2554480986908 77.4444105283396,23.2551053814255 77.4446436896649,23.2548873382818 77.4454449527623,23.2550920886182 77.4454568608297,23.2550764592925 77.4458056056876,23.2551780527652 77.4459297932841,23.2548513892067 77.4455912550844,23.2547341652939 77.4445603313964,23.2544028110835 77.4445739408729,23.2540011222933 77.4445720059018,23.2529623914444 77.4455393728852,23.2529149678887 77.4469826205937,23.2528691174264 77.4476630980147,23.2528373688216 77.4478013199908,23.2528276000186 77.4480485255772,23.2528007358066 77.4485083794594,23.2527225853409 77.4499760802082,23.2524843783322 77.4500081455723,23.2524811924857 77.4500246727769,23.2516623944115 77.4500349593852,23.250373730955 77.4500662423167,23.2487572573565 77.4500844278113,23.2478478289818 77.4501013134437,23.2467211781496 77.4492432354978,23.2467068263635 77.4490485930336,23.2472931766204 77.4480490951091,23.2485216976652 77.4485443237488,23.2489013564787 77.4482922025812,23.2492265555524 77.4476404380116,23.248796053956 77.4470117942809,23.2483452954577 77.4460749394745,23.2477025863975 77.4453192236568,23.2472329683689 77.4447383460447,23.2468925517934 77.4447044328461,23.2468726773846 77.444888649463,23.2466316313321 77.4429221834072,23.2466028938983 77.4427087230344,23.2470045826884 77.441346678536,23.2500862207885 77.4406272025536,23.2498082256398 77.4403884680803,23.2501108892551 77.439722526299,23.2497900189038 77.4393020114398,23.2499472377305 77.4394295982613,23.2502441177141 77.4395867064179,23.2505817013511 77.4397906159026,23.2510013263936 77.4395809859462,23.2510684486152 77.4395143426302,23.2510953305087 77.439952612691,23.251603971723 77.4403237534473,23.2520537444668 77.4400939554144,23.2522680088392 77.4389346543875,23.2522743103874 77.4389588217635,23.2529562087785 77.4386301326927,23.252959510162 77.4386149520627,23.252615491529 77.4380955776064,23.2526348401607 77.4374153903413,23.2526517490617 77.4368257667315,23.2526433329901 77.43671419238,23.2514674572332 77.4365709587029,23.2514723548903 77.4361984534057,23.2514485755831 77.4359201723987,23.2514232883475 77.4355384539799,23.2513959253378 77.4349603306024,23.2513721253831 77.4349485797402,23.2516069677589 77.4345384736602,23.2516424827472 77.4342248250821,23.2516505291233 77.4340664233514,23.2516755942957 77.4338203496422,23.2516885482232 77.4334593418824,23.2517401410753 77.4333935501693,23.2510533718075 77.4322013887692,23.2510330869906 77.4316204195289,23.2510447608507 77.4308771579544,23.250992145111 77.4308411004772,23.2512101748157 77.4308053071047,23.251402839341 77.4307094326093,23.2517719716514 77.4306634101207,23.2519047634901 77.430633881599,23.251971193612 77.4306224119095,23.2519927996746 77.4305400067535,23.2521161525787 77.4304525216246,23.2522110563653 77.4303499735451,23.2522978435931 77.4302986527929,23.2523383369069 77.430104096567,23.2523943277944 77.42949061011,23.252561992461 77.4292285068629,23.2526326265777 77.4288812478185,23.252726209441 77.4282660662406,23.2528659852367 77.427657535789,23.2529904845636 77.4272675205303,23.2530569347782 77.4272490439815,23.2530605481398 77.4270447742724,23.2541084279297 77.4270471763675,23.2542564061348 77.427140920059,23.254404382525 77.4275278855373,23.2548786219299 77.4276414146229,23.2549051407336 77.4277291845177,23.2546624552279 77.4282006140906,23.2547784981499 77.428249935193,23.2547906388215 77.4289453363258,23.2549618130941 77.4289625004359,23.2549684240151 77.4292295740615,23.2550600970694 77.4294455137844,23.2547025343308 77.429818695513,23.2541558056673 77.4299335612917,23.2540109058664 77.4299484355962,23.2539967653264 77.4299609778742,23.2539910036316 77.4299867595228,23.2539884426031 77.4300027863658,23.2539890830666 77.4300250843478,23.253991644095 77.4300466852372,23.2539922845584 77.4301303022204,23.253987802965 77.4301498136284,23.2539801207047 77.4301623559064,23.2539705170533 77.4301728078047,23.2539589936612 77.4301853500827,23.2539404276437 77.4301937124997,23.2539237821896 77.4302006807313,23.2539052161673 77.4302097384444,23.2538815289067 77.4305050577974,23.2528038613951 77.4305254720122,23.2527554085751 77.4307873830198,23.2523256702642 77.431001568333,23.2521108125571 77.4310107212675,23.2521016305255 77.4313329954689,23.2521676528261 77.4317761227204,23.2522706862751 77.4323975655559,23.2524305787844 77.4328997282913,23.2525597813528 77.4334147135791,23.2526788204659 77.4347686067646,23.2529736871273 77.4341460149839,23.255333951312 77.4348936783033,23.2552007609517 77.4345814077408,23.2567057304963 77.4345712603714,23.2567540424012 77.4345642032065,23.2568110201702 77.4345747790724,23.256914720192 77.4346168462788,23.2575131280235 77.4346117429497,23.2575615799398 77.4345981334731,23.2576006537601 77.4344637392184,23.2577897709218 77.4344449994633,23.2578127270835 77.4352800374188,23.2585505020944 77.4358658108492,23.2590680447016 77.4362346150875,23.2589657303976 77.4366581446928,23.2588246908454 77.4368469067851,23.2587697615309 77.4368704534253,23.2589287202496 77.4368808424416,23.2599717291988 77.4358567495429,23.2600122936337 77.4358668097758,23.2603476646678 77.4359574246352,23.2606885131863 77.4360836011017,23.2610997296706 77.4361348230392,23.2612844694588 77.436832215737,23.2611604474702 77.4368203705516,23.2611149951601 77.4370767694966,23.2610594337876 77.4374374278119,23.2609812799102 77.4374901652072,23.2610797434886 77.4386666707685,23.2612231698829 77.4386630227102,23.2612363283812 77.4385851279953,23.2615579089973 77.4384905093447,23.2619881696679 77.4383774240268,23.2621837343631 77.438211796248,23.2625926106743 77.4380335992417,23.2630370108885 77.4379450657789,23.2631881086539 77.4384909872484,23.2632737168352 77.4395272819635,23.263451531154 77.4392224961641,23.2656581960298 77.4397902502882,23.265667795538 77.4398153069965,23.2667580639388 77.4404414614956,23.2666971423743 77.4411659437891,23.2666261080309 77.4424773538482,23.2665477511024</coordinates></LinearRing></outerBoundaryIs></Polygon></MultiGeometry>
  </Placemark>
  <Placemark>
	<Style><LineStyle><color>ff0000ff</color></LineStyle><PolyStyle><fill>0</fill></PolyStyle></Style>
	<ExtendedData><SchemaData schemaUrl="#bhopal_wards">
		<SimpleData name="objectid">45</SimpleData>
		<SimpleData name="townname">Bhopal</SimpleData>
		<SimpleData name="towncensuscode2011">802312</SimpleData>
		<SimpleData name="town_lgd_code">250946</SimpleData>
		<SimpleData name="ward_lgd_code">34395</SimpleData>
		<SimpleData name="ward_lgd_name">Dusshera Maidan Ashoka Garden Ward</SimpleData>
		<SimpleData name="sourcewardcode">71</SimpleData>
		<SimpleData name="state">Madhya Pradesh</SimpleData>
	</SchemaData></ExtendedData>
      <MultiGeometry><Polygon><outerBoundaryIs><LinearRing><coordinates>77.438211796248,23.2625926106743 77.4383774240268,23.2621837343631 77.4384905093447,23.2619881696679 77.4385851279953,23.2615579089973 77.4386630227102,23.2612363283812 77.4386666707685,23.2612231698829 77.4374901652072,23.2610797434886 77.4374374278119,23.2609812799102 77.4370767694966,23.2610594337876 77.4368203705516,23.2611149951601 77.436832215737,23.2611604474702 77.4361348230392,23.2612844694588 77.4360836011017,23.2610997296706 77.4359574246352,23.2606885131863 77.4358668097758,23.2603476646678 77.4358567495429,23.2600122936337 77.4368808424416,23.2599717291988 77.4368704534253,23.2589287202496 77.4368469067851,23.2587697615309 77.4366581446928,23.2588246908454 77.4362346150875,23.2589657303976 77.4358658108492,23.2590680447016 77.4352800374188,23.2585505020944 77.4344449994633,23.2578127270835 77.4344637392184,23.2577897709218 77.4345981334731,23.2576006537601 77.4346117429497,23.2575615799398 77.4346168462788,23.2575131280235 77.4345747790724,23.256914720192 77.4345642032065,23.2568110201702 77.4345277612504,23.2568046181471 77.4338632172476,23.2566863222067 77.4337543405369,23.2571661516391 77.4340486474886,23.2574552988263 77.4338445035436,23.2577553857782 77.4337492372077,23.2578647921222 77.4330515804052,23.2583087987442 77.432472446423,23.2586870489469 77.4322401555653,23.2588420685623 77.432126824109,23.2589233120002 77.43164126763,23.2593392621104 77.4299558404091,23.2605628433468 77.4305931933065,23.2613255138154 77.4304051992738,23.2614715338418 77.4302693416635,23.2615606167824 77.4299699134163,23.261757363097 77.4301768852578,23.2621605379699 77.4303717999115,23.2626615410384 77.4309158986993,23.2626202792176 77.4319594419205,23.2625411425138 77.4318972722146,23.2628788534686 77.4329680694232,23.2629690240181 77.433326273541,23.2630235059489 77.4336288324169,23.2625579230642 77.4338046893119,23.2623038559138 77.4340193085114,23.2622953224354 77.4342923370689,23.2622505926396 77.4345151803448,23.2636649989691 77.4347725045546,23.2653860151862 77.4348569129537,23.2659496668985 77.4348964927251,23.2662185628663 77.4348992451631,23.26623725674 77.4346167285995,23.266253015974 77.4346213073125,23.2664292376872 77.434626525626,23.2669686735367 77.4346825050412,23.2669677162361 77.4374244965633,23.2669208431594 77.4387934068855,23.2668505087555 77.4397473997509,23.2667646709737 77.4398153069965,23.2667580639388 77.4397902502882,23.265667795538 77.4392224961641,23.2656581960298 77.4395272819635,23.263451531154 77.4384909872484,23.2632737168352 77.4379450657789,23.2631881086539 77.4380335992417,23.2630370108885 77.438211796248,23.2625926106743</coordinates></LinearRing></outerBoundaryIs></Polygon></MultiGeometry>
  </Placemark>
  <Placemark>
	<Style><LineStyle><color>ff0000ff</color></LineStyle><PolyStyle><fill>0</fill></PolyStyle></Style>
	<ExtendedData><SchemaData schemaUrl="#bhopal_wards">
		<SimpleData name="objectid">46</SimpleData>
		<SimpleData name="townname">Bhopal</SimpleData>
		<SimpleData name="towncensuscode2011">802312</SimpleData>
		<SimpleData name="town_lgd_code">250946</SimpleData>
		<SimpleData name="ward_lgd_code">34362</SimpleData>
		<SimpleData name="ward_lgd_name">Semra Ward</SimpleData>
		<SimpleData name="sourcewardcode">38</SimpleData>
		<SimpleData name="state">Madhya Pradesh</SimpleData>
	</SchemaData></ExtendedData>
      <MultiGeometry><Polygon><outerBoundaryIs><LinearRing><coordinates>77.4323249143073,23.2687019573181 77.4325411423894,23.26831102255 77.4325919708648,23.2682008936081 77.4326706623854,23.2679906639237 77.4327114746454,23.2679082921151 77.432873067192,23.2676446919172 77.432915834186,23.26758859355 77.4329784880838,23.2675219310614 77.4330126069967,23.2674901422078 77.4330809023144,23.2674193542135 77.4331264549842,23.2673673597529 77.433340160597,23.2671234293402 77.4334041601711,23.2670503774667 77.4334249103559,23.2670313148163 77.4334451278396,23.2670156736864 77.4334717305484,23.2670029655249 77.4335031212778,23.2669917238475 77.433528659483,23.2669858587317 77.4335440889463,23.2669834143145 77.4336638550349,23.266985130028 77.434626525626,23.2669686735367 77.4346213073125,23.2664292376872 77.4346167285995,23.266253015974 77.4348992451631,23.26623725674 77.4348964927251,23.2662185628663 77.4348569129537,23.2659496668985 77.4347725045546,23.2653860151862 77.4345151803448,23.2636649989691 77.4342923370689,23.2622505926396 77.4340193085114,23.2622953224354 77.4338046893119,23.2623038559138 77.4336288324169,23.2625579230642 77.433326273541,23.2630235059489 77.4329680694232,23.2629690240181 77.4318972722146,23.2628788534686 77.4319594419205,23.2625411425138 77.4309158986993,23.2626202792176 77.4303717999115,23.2626615410384 77.4301768852578,23.2621605379699 77.4299699134163,23.261757363097 77.4302693416635,23.2615606167824 77.4304051992738,23.2614715338418 77.4305931933065,23.2613255138154 77.4299558404091,23.2605628433468 77.4298701087916,23.2606213099768 77.4292066382756,23.261101311762 77.4284978522451,23.2615714347177 77.4276925179828,23.2621063560916 77.4273501161291,23.2623398623999 77.4269206405749,23.2626707792873 77.4267692340253,23.2627973739344 77.4265582853421,23.262514489882 77.4250714414945,23.2620581237037 77.4245406683156,23.2618815157514 77.4243042020885,23.2618018075075 77.424060931123,23.261745543273 77.4239521154977,23.2617312211639 77.4239160149014,23.2620083991743 77.4238880135156,23.2621279811438 77.4238792926709,23.2621651274014 77.4238705718261,23.2621884352079 77.4238618509813,23.2622022736486 77.4238288073519,23.2622495082108 77.4237455514914,23.2623408329384 77.4237407428097,23.2623461081778 77.4237270264336,23.2623558457477 77.4237199593872,23.2623589009627 77.4237000078048,23.2623634837851 77.4235161837516,23.2623858218441 77.4234211195366,23.2623868369477 77.4231752739995,23.2623894630125 77.4231253267714,23.2623945616385 77.4230928212329,23.2624011168966 77.4230745863309,23.2624054876187 77.4230358042635,23.2624173395704 77.4230146965492,23.2624277811051 77.4230000836545,23.2624388193217 77.4229883929794,23.2624579131646 77.4229818981599,23.2624692501325 77.4229773517863,23.2624787970521 77.4229754033404,23.2624856584875 77.422968259039,23.2625480113736 77.4229714920757,23.2625796693603 77.4229881306714,23.262742590682 77.423182369792,23.2627384923151 77.4231843981879,23.2634349636386 77.4233430819896,23.2634637585154 77.4235538923323,23.2646426356161 77.4237620059324,23.264607355993 77.4243700450055,23.2645177238056 77.4245658696526,23.2644849480323 77.4245441879149,23.2645793024593 77.4244877557488,23.2648248839477 77.4244744130719,23.2649277582399 77.4244913454167,23.2651652266794 77.4244905531026,23.2651739662915 77.4244889666778,23.2651841633303 77.4244739037271,23.265217667645 77.4243997945128,23.2653475914844 77.4243787658503,23.265384458729 77.4246083761352,23.2654195524609 77.4246262041004,23.2657235637819 77.4246068489993,23.265956505873 77.4243875855098,23.2668857102103 77.4241401077338,23.2667659600305 77.4240487230183,23.2667217409211 77.4240247901025,23.2667101600377 77.4239811535393,23.2666919803678 77.423973035464,23.2666873192945 77.4239598428058,23.2666775308749 77.4238218292388,23.266488278602 77.4238162480059,23.2664808207081 77.423809145027,23.2664742945348 77.4237913853338,23.2664621747337 77.4237787002237,23.2664561148327 77.4236764773342,23.2664410067548 77.4237764840799,23.2656737745987 77.423755192211,23.2656791091255 77.4236119594322,23.265705781756 77.4235055027828,23.2657342328312 77.4234067878146,23.2657769090199 77.4232906527163,23.2658462586226 77.4232229071675,23.2658996038116 77.4231900027769,23.2659262772233 77.4231512907781,23.2659778439335 77.4230854810987,23.2660827565646 77.4229867670288,23.2663245894131 77.4227761947396,23.2663903513139 77.4227471540031,23.2663978471749 77.4228451889467,23.2666255452027 77.4229061980293,23.266763242448 77.4229666851906,23.2669243892991 77.4230211230968,23.2671188763908 77.4230392690656,23.2672161198301 77.4230392690656,23.2672744663549 77.4229908795161,23.2679662818275 77.4230271714536,23.2682274485482 77.4230332207087,23.2682635673185 77.4231005018286,23.2685005635472 77.4231302315729,23.2685733959346 77.4231735887601,23.2686439530714 77.4231896928582,23.2686632993766 77.4232095132866,23.2686883357673 77.4232392439292,23.2687179242231 77.423273929679,23.2687475126723 77.4233048990984,23.2687691349963 77.4233507338392,23.2687930325252 77.4237314218903,23.2689539508038 77.4242376944181,23.2686837836966 77.4243355577835,23.2687190622405 77.4245102244107,23.2687907564917 77.4246353408651,23.2688749697068 77.4252051754875,23.2692562028912 77.425903843793,23.2696966122935 77.4260723165363,23.2697831001274 77.4264278436746,23.2698969009092 77.4268564595411,23.2699037289531 77.4276183045639,23.2699344551459 77.4278412834854,23.2699526624316 77.428439610872,23.2700835331557 77.4288694646169,23.2702098509075 77.4295384013814,23.2703816895002 77.4301082369021,23.2705501130408 77.4302333524583,23.2705990471072 77.4304848241439,23.2707094323657 77.4307133825017,23.2708696617342 77.4307273926269,23.2708776434066 77.4307987179621,23.2707630916729 77.430814679228,23.2707415860306 77.4308295768887,23.2707210582894 77.4308524551824,23.2706995526404 77.4309978618842,23.2705788057012 77.4311675311835,23.2704488324968 77.4312102245156,23.2704181501602 77.4312797622035,23.2703621982027 77.4313581384154,23.2702934674035 77.4313914057253,23.2702596095124 77.4314719747248,23.2701645205184 77.4315645973188,23.2700342952117 77.4316889852396,23.269822239685 77.431705323798,23.2697929444353 77.4317803187511,23.2696461008571 77.4318528127946,23.2694821531201 77.431893951143,23.2693785808864 77.432067933254,23.2691285927257 77.4323249143073,23.2687019573181</coordinates></LinearRing></outerBoundaryIs></Polygon></MultiGeometry>
  </Placemark>
  <Placemark>
	<Style><LineStyle><color>ff0000ff</color></LineStyle><PolyStyle><fill>0</fill></PolyStyle></Style>
	<ExtendedData><SchemaData schemaUrl="#bhopal_wards">
		<SimpleData name="objectid">47</SimpleData>
		<SimpleData name="townname">Bhopal</SimpleData>
		<SimpleData name="towncensuscode2011">802312</SimpleData>
		<SimpleData name="town_lgd_code">250946</SimpleData>
		<SimpleData name="ward_lgd_code">32930</SimpleData>
		<SimpleData name="ward_lgd_name">Bhauri Ward</SimpleData>
		<SimpleData name="sourcewardcode">3</SimpleData>
		<SimpleData name="state">Madhya Pradesh</SimpleData>
	</SchemaData></ExtendedData>
      <MultiGeometry><Polygon><outerBoundaryIs><LinearRing><coordinates>77.3196762486456,23.3059763359811 77.3196379983808,23.3059716523575 77.3195844480101,23.3059693101331 77.3190629714961,23.3059739937568 77.3190234465219,23.3059634549845 77.3189953957289,23.3059458903621 77.3189762705965,23.3059224714121 77.3189686205435,23.3058990516329 77.3189545960453,23.3057421413985 77.318957145464,23.3056906189639 77.3189622460982,23.3056730543056 77.3189749958871,23.3056590025772 77.3190055960989,23.3056531474149 77.3192145568104,23.3056467931157 77.3193786772162,23.3056418017482 77.3193906472674,23.3056414379146 77.3193275990091,23.3048161279902 77.3192860636053,23.3041447130653 77.3193322289261,23.3041062419707 77.3193919758756,23.304056451464 77.319317837017,23.303068759889 77.3192481106829,23.3021398418751 77.3192668091155,23.3012952041403 77.3198420560875,23.3008517318913 77.3172599844489,23.297674577401 77.3170575464047,23.2974807892155 77.3149261568492,23.2984949300963 77.3129554193042,23.299447159171 77.3112251320146,23.3002845391003 77.3111377789381,23.3003189223403 77.3110753846534,23.3003151023475 77.3110129903687,23.3002998207248 77.3109672337814,23.3002654366548 77.3103971808684,23.2996824778377 77.3099772391343,23.2992530270425 77.3099300847684,23.299275709564 77.3063796741693,23.3009835548774 77.3041540181028,23.3020870953338 77.3034861332655,23.3008597158916 77.3086417955481,23.2983299023917 77.308102704868,23.2972790495359 77.3177154976716,23.2929052491411 77.3146857506112,23.2865456784095 77.32355255725,23.2828226027797 77.3257283810727,23.2828397677759 77.3277702148826,23.2818187659914 77.333593655103,23.2807634770179 77.3334970098532,23.2794634788661 77.3339681564567,23.2765330109365 77.3320997684636,23.2747320156894 77.3321745541093,23.2736261292754 77.3335133430217,23.2703938039934 77.3269814904699,23.2693608678436 77.3277992816703,23.2640639929944 77.3303528821042,23.2580019438075 77.3365163211849,23.2503725878288 77.323899755209,23.2511484356444 77.3202199503781,23.2507074416757 77.316370832879,23.2516275933598 77.2870683749109,23.2450815863771 77.2805687197755,23.2453112802969 77.270697086406,23.2426863134192 77.2639850659442,23.2559001669092 77.2629015153535,23.2599963884087 77.2640201801903,23.2604292942535 77.2646156518326,23.2609068035089 77.2636552270298,23.2657246192981 77.2646832922785,23.2685764782403 77.2643071506011,23.2691172356932 77.2652547330886,23.2703842031751 77.2653761359077,23.2715991872556 77.2672847064418,23.2721762770868 77.2677743942729,23.2732845117352 77.2700996681145,23.2785468217636 77.2710822462706,23.2810555890027 77.2710539897633,23.2836788430997 77.270321715483,23.2870226847879 77.2671355169344,23.2912015123224 77.2668706944869,23.2915488315917 77.2660817895128,23.2928563224463 77.2644054101235,23.2954889248587 77.2606737338731,23.3018190135111 77.2605906891166,23.3033480703767 77.2604602213981,23.3065185428815 77.2627497377997,23.3063993786323 77.2640385911621,23.306378510708 77.2663254539404,23.3060688566951 77.2670767464536,23.3059476872503 77.2677767316893,23.3059241272226 77.2690557628722,23.30589383422 77.2766405900573,23.3052034599526 77.2778346828353,23.3051913370766 77.279050899322,23.304971952761 77.2814424939844,23.3043746821959 77.2822641596186,23.3041105156206 77.2835978658631,23.3036757444657 77.2844080896555,23.3033663531213 77.284708744103,23.3034267777393 77.2852564927458,23.3036016508299 77.2874202980083,23.3021981194691 77.2912436751812,23.3000518402203 77.2917868693655,23.2971030072574 77.2926870109246,23.2937108373154 77.292964016324,23.2908482901267 77.292952169342,23.2905577871455 77.2925917832163,23.288650032257 77.2925583685827,23.2883954669876 77.2925706790953,23.2883592835411 77.2925916062482,23.2883366684694 77.2926223825298,23.2883287530284 77.2926648539782,23.2883422347743 77.2948927046289,23.2901285973426 77.2954237311326,23.2907080822128 77.2956919878394,23.2912317921682 77.2957543066656,23.2913835040097 77.2958104495742,23.2915493604852 77.2959244960895,23.2920177447493 77.2959714061136,23.2923839831209 77.2960546718556,23.2931165913313 77.2965015549634,23.2972278332253 77.2966758604678,23.2978211186225 77.2970134734027,23.2982985276497 77.2971675578302,23.2984073346987 77.2975199606279,23.2986561854094 77.2976904976998,23.2987766106896 77.299666982666,23.3003356676037 77.3014938631031,23.301635541941 77.3020167859047,23.3019278482075 77.3025947763316,23.3021916899261 77.3029697807419,23.3023465194731 77.3036630250196,23.3025803429919 77.3046108590355,23.3028663026506 77.3057293900233,23.3032455475298 77.3107033608532,23.3051346473124 77.3128262936686,23.3059637066148 77.3147500080018,23.306601221633 77.3158488281556,23.3069471361345 77.3161538825514,23.3070814990622 77.3165367580002,23.3073016265314 77.3167608795787,23.3074388477548 77.3169912273805,23.3076361037888 77.317408343913,23.3080592030358 77.3191208948656,23.3100782128104 77.3194659081219,23.309680116494 77.3196589012792,23.30941425354 77.3198020909389,23.3091741192544 77.3199297154896,23.3088968199748 77.3200199871925,23.3086223795702 77.3200610141498,23.3083487149267 77.3200791304741,23.3082278701354 77.3200884684615,23.3078276422397 77.3200740505012,23.3075348894093 77.3200676751576,23.3073416815438 77.3200536506594,23.3072199019266 77.3199363495479,23.306635590865 77.3198279740971,23.3061613492942 77.319810445271,23.3061046541684 77.319798649493,23.3060665004472 77.3197756993341,23.3060302005282 77.3197501988581,23.3060044393693 77.3197234236728,23.3059903876759 77.3196888017034,23.3059800749597 77.3196762486456,23.3059763359811</coordinates></LinearRing></outerBoundaryIs></Polygon></MultiGeometry>
  </Placemark>
  <Placemark>
	<Style><LineStyle><color>ff0000ff</color></LineStyle><PolyStyle><fill>0</fill></PolyStyle></Style>
	<ExtendedData><SchemaData schemaUrl="#bhopal_wards">
		<SimpleData name="objectid">59</SimpleData>
		<SimpleData name="townname">Bhopal</SimpleData>
		<SimpleData name="towncensuscode2011">802312</SimpleData>
		<SimpleData name="town_lgd_code">250946</SimpleData>
		<SimpleData name="ward_lgd_code">881943</SimpleData>
		<SimpleData name="ward_lgd_name">Karond Ward</SimpleData>
		<SimpleData name="sourcewardcode">78</SimpleData>
		<SimpleData name="state">Madhya Pradesh</SimpleData>
	</SchemaData></ExtendedData>
      <MultiGeometry><Polygon><outerBoundaryIs><LinearRing><coordinates>77.4190623743021,23.3034360964887 77.4195055419779,23.2961028004214 77.4195457748245,23.2956286665154 77.4195504855899,23.2955433794606 77.4195477942373,23.2955164958092 77.419537507629,23.2954690585233 77.4195178506939,23.2954158613173 77.4194820168972,23.2953550708493 77.4194493029495,23.295318574938 77.4194245561601,23.2952955947117 77.4193906267918,23.295271161509 77.4193246033134,23.2952322860325 77.4192925101015,23.2952178437616 77.419228118862,23.2951980400922 77.4190193387118,23.295160207501 77.4174699146283,23.2949005251235 77.4169649096234,23.2948039248396 77.416828373785,23.294773802573 77.4166662018251,23.2947251067645 77.4165286158562,23.2946683382826 77.4163312479034,23.2945785217041 77.4134891148884,23.293369730057 77.4118392968853,23.2928376446853 77.4118180984413,23.2928215371049 77.4117961696668,23.2927693190585 77.4117123963767,23.2925098283895 77.4116648090228,23.2924697614855 77.410018350719,23.292037906162 77.4098366574696,23.292005352513 77.4095036295359,23.2919761603305 77.4093863850183,23.2919802346949 77.406666636681,23.2920859535973 77.406647404649,23.2920783147889 77.4066370093445,23.2920654241957 77.4066306771201,23.2920373079617 77.4064934873083,23.290725502802 77.4064884288948,23.2907018979979 77.4064834486349,23.2906899677019 77.4064755039345,23.290683686123 77.4064534988034,23.2906816282931 77.4034664091425,23.2908933288121 77.4036673191524,23.295035259131 77.4007594222721,23.2955327829313 77.4008769910815,23.2972151758011 77.3959003253058,23.297533596163 77.3958417578442,23.2971436948709 77.3940294795221,23.297229074133 77.394046503495,23.2976701426559 77.3929155506035,23.2977674685693 77.3929720986523,23.2983153300968 77.3915680345581,23.2983847196843 77.3913777489231,23.2993911270054 77.3914786863233,23.2994052173486 77.3924119478687,23.2991555594804 77.3933141223152,23.2989018005895 77.3933816837094,23.2990258014596 77.3932973867015,23.2990649687241 77.3937863100662,23.3000031496436 77.3935374255285,23.3000666119881 77.3937372683399,23.3010407628907 77.3939488054197,23.3020036827892 77.3939534901339,23.3020476707209 77.3939494522066,23.3020773020911 77.3939392491417,23.3021101238895 77.3939222853558,23.3021447409694 77.3937250997611,23.3025072552934 77.3937201958579,23.3025233493257 77.393716095947,23.3028316436817 77.3937224425445,23.3028520460166 77.3937414841336,23.3028707000959 77.3937853246144,23.3028928548023 77.3957530240571,23.3030833118624 77.3971583044701,23.3031657559643 77.4011112977588,23.3029067418156 77.4026239780522,23.3028582890694 77.4022645683952,23.3013355431273 77.4042089502681,23.3010531559356 77.4037927652886,23.296281281302 77.4050592506003,23.2961600105333 77.4050296780612,23.2958382048805 77.4061155013895,23.2957874154071 77.4063265345143,23.2957816348927 77.4063342645174,23.2957817858825 77.406338047323,23.2957825408312 77.4063434740457,23.2957848073275 77.4063461061095,23.2957872239885 77.4063482440998,23.2957923592897 77.4063580770589,23.2960435069604 77.4063648548478,23.2960613872453 77.406371761994,23.2960680340803 77.4063866812142,23.2960769573073 77.4067197307075,23.2961507671816 77.4068063768099,23.2961582968458 77.4077624753264,23.296166452744 77.4078036424209,23.2966984761264 77.4075702870595,23.2967129000849 77.4075770396955,23.2971358195571 77.4076376651974,23.2972704836454 77.408291649504,23.2972326565939 77.4082472574576,23.2961341921827 77.4088667922714,23.2961154711526 77.4096489607792,23.2961174199881 77.4100099218267,23.2961058573375 77.4102118038137,23.2960907616991 77.4108287649542,23.2960584103608 77.4109417676271,23.2963721338529 77.4109056086403,23.2964515466575 77.410928398899,23.2965194933341 77.4111328994751,23.2970561431376 77.411325714766,23.2975230261945 77.4130262803961,23.2970909182962 77.413603040131,23.2987559560857 77.4139202747837,23.2999021769724 77.4144174374962,23.3017591500174 77.4144280744475,23.3018658842037 77.4142884699642,23.3028338193038 77.4142896781982,23.3029098142511 77.4173457764392,23.3032262829777 77.4190623743021,23.3034360964887</coordinates></LinearRing></outerBoundaryIs></Polygon></MultiGeometry>
  </Placemark>
  <Placemark>
	<Style><LineStyle><color>ff0000ff</color></LineStyle><PolyStyle><fill>0</fill></PolyStyle></Style>
	<ExtendedData><SchemaData schemaUrl="#bhopal_wards">
		<SimpleData name="objectid">48</SimpleData>
		<SimpleData name="townname">Bhopal</SimpleData>
		<SimpleData name="towncensuscode2011">802312</SimpleData>
		<SimpleData name="town_lgd_code">250946</SimpleData>
		<SimpleData name="ward_lgd_code">32929</SimpleData>
		<SimpleData name="ward_lgd_name">Airport Ward</SimpleData>
		<SimpleData name="sourcewardcode">2</SimpleData>
		<SimpleData name="state">Madhya Pradesh</SimpleData>
	</SchemaData></ExtendedData>
      <MultiGeometry><Polygon><outerBoundaryIs><LinearRing><coordinates>77.3099300847684,23.299275709564 77.3099772391343,23.2992530270425 77.3103971808684,23.2996824778377 77.3109672337814,23.3002654366548 77.3110129903687,23.3002998207248 77.3110753846534,23.3003151023475 77.3111377789381,23.3003189223403 77.3112251320146,23.3002845391003 77.3129554193042,23.299447159171 77.3149261568492,23.2984949300963 77.3170575464047,23.2974807892155 77.3240573206082,23.2940889028343 77.3308743936526,23.2908447033684 77.3342902527918,23.296161736597 77.3352655492042,23.295628046054 77.3355208674759,23.2955146088461 77.3355887118394,23.295504558519 77.3356587453973,23.295542750748 77.335693761727,23.2955990337089 77.3357367703679,23.2957084040206 77.3358812284488,23.2963556430395 77.3354462767646,23.2973919819465 77.3356150100194,23.2982667288167 77.3358425757387,23.2985974467036 77.3361424827879,23.298486206697 77.3363843919074,23.2988999706037 77.3364539251036,23.2992754793726 77.3367134600673,23.2999058344413 77.3371229490047,23.2999482117348 77.3375122249499,23.3002817817744 77.3370245412603,23.3010228543983 77.3376373324213,23.3010642379784 77.3379542176293,23.3014191788532 77.3387282833332,23.3007729305996 77.3409218920019,23.2989334837622 77.3411130912236,23.2991425771661 77.341484112504,23.3002708242493 77.3424310562894,23.2998815629709 77.3428706908911,23.2994541597867 77.3430297933077,23.299180672644 77.3443208700003,23.2980506514987 77.3449661154959,23.2977280393761 77.3442281908125,23.2960909819951 77.3455445946063,23.2952263198501 77.3468165812008,23.2950569209163 77.3509568067508,23.2961067319208 77.3532716089311,23.2972919313733 77.3541802332815,23.2959191353255 77.3542893336727,23.2957220145566 77.3544352191766,23.2953885428214 77.3544791854215,23.2952535418445 77.3545475202652,23.2949210615136 77.3545714594691,23.2946295558648 77.3545409508855,23.2942170682948 77.3544775091652,23.2939275297737 77.3543486709905,23.2935925188664 77.3541769661088,23.2932455456952 77.3537302644607,23.2925533961834 77.3526022643315,23.2907996588908 77.3521642224427,23.2901428470887 77.3517865904602,23.2895417952674 77.351710535495,23.2894457670275 77.3516221843902,23.2893538857737 77.3515956256988,23.2893330861362 77.3514726238785,23.2892617255655 77.3513233723873,23.2892087371093 77.3506995750675,23.2890520580282 77.3493450737225,23.2887513781712 77.3484069064775,23.2885342870012 77.3480405510468,23.2884216061634 77.3439465617844,23.286986750159 77.343824277718,23.2869356346798 77.3437946306187,23.2869169857929 77.3437732875459,23.286892989199 77.3437585363106,23.2868608080783 77.3437542342787,23.286824675373 77.3437546241475,23.286772062209 77.3437720308028,23.286710936913 77.344283658188,23.2855076889199 77.3442936824883,23.2854730180035 77.3442945188198,23.2854462461879 77.3442914465815,23.2854329902384 77.34428007391,23.2854233797774 77.3442171541109,23.2853916554317 77.3413878813775,23.2841778814219 77.3476949844283,23.2809808308865 77.3508467757049,23.2794995170228 77.3518068519615,23.2795370033629 77.3518147221017,23.2795373103304 77.351668444034,23.2801462134985 77.3511891380328,23.2806762899643 77.3511046532769,23.2818015629059 77.3514848319832,23.2820990469158 77.3513890832521,23.2826060622267 77.351722513631,23.2827798957446 77.3524794906833,23.2828543954006 77.3521060978506,23.2840779191084 77.3525681651816,23.2846652271562 77.3524124440237,23.28552345165 77.3521404278675,23.2859942252736 77.352168126521,23.2865849896206 77.352992920089,23.2869024741334 77.3535552241343,23.2875219449134 77.3579090313297,23.2835858744355 77.3565672887567,23.2827931940415 77.3564255274184,23.2826749772848 77.3562715723483,23.2824994503957 77.3560897775893,23.2823197743504 77.3557235290581,23.2817363276435 77.3553563741268,23.2811296357791 77.3549782750203,23.2802346774479 77.3542502578562,23.2803814779966 77.3534276624657,23.2800363881045 77.3533571572923,23.2790554118483 77.3533122029005,23.2755718526012 77.3358062559535,23.2739604304015 77.3321745541093,23.2736261292754 77.3320997684636,23.2747320156894 77.3339681564567,23.2765330109365 77.3334970098532,23.2794634788661 77.333593655103,23.2807634770179 77.3277702148826,23.2818187659914 77.3257283810727,23.2828397677759 77.32355255725,23.2828226027797 77.3146857506112,23.2865456784095 77.3177154976716,23.2929052491411 77.308102704868,23.2972790495359 77.3086417955481,23.2983299023917 77.3034861332655,23.3008597158916 77.3041540181028,23.3020870953338 77.3063796741693,23.3009835548774 77.3099300847684,23.299275709564</coordinates></LinearRing></outerBoundaryIs></Polygon></MultiGeometry>
  </Placemark>
  <Placemark>
	<Style><LineStyle><color>ff0000ff</color></LineStyle><PolyStyle><fill>0</fill></PolyStyle></Style>
	<ExtendedData><SchemaData schemaUrl="#bhopal_wards">
		<SimpleData name="objectid">49</SimpleData>
		<SimpleData name="townname">Bhopal</SimpleData>
		<SimpleData name="towncensuscode2011">802312</SimpleData>
		<SimpleData name="town_lgd_code">250946</SimpleData>
		<SimpleData name="ward_lgd_code">32928</SimpleData>
		<SimpleData name="ward_lgd_name">Mahatma Gandhi Ward</SimpleData>
		<SimpleData name="sourcewardcode">1</SimpleData>
		<SimpleData name="state">Madhya Pradesh</SimpleData>
	</SchemaData></ExtendedData>
      <MultiGeometry><Polygon><outerBoundaryIs><LinearRing><coordinates>77.3609944020725,23.3010817842693 77.3582706310793,23.2997474724641 77.3532716089311,23.2972919313733 77.3509568067508,23.2961067319208 77.3468165812008,23.2950569209163 77.3455445946063,23.2952263198501 77.3442281908125,23.2960909819951 77.3449661154959,23.2977280393761 77.3443208700003,23.2980506514987 77.3430297933077,23.299180672644 77.3428706908911,23.2994541597867 77.3424310562894,23.2998815629709 77.341484112504,23.3002708242493 77.3411130912236,23.2991425771661 77.3409218920019,23.2989334837622 77.3387282833332,23.3007729305996 77.3379542176293,23.3014191788532 77.3276393671766,23.3100304886699 77.3282494508153,23.3106307466931 77.3288323622133,23.3108010836055 77.329068487979,23.3109931017646 77.3297586546286,23.3122038427468 77.3304073433667,23.3133649053032 77.3311309345314,23.3150675663117 77.3315056883117,23.3152745661773 77.3323244353196,23.3169666747273 77.3316151372493,23.3172721208794 77.3316617957452,23.317962514157 77.3328026292065,23.3195973901354 77.3335991887252,23.3201216858912 77.3339570946024,23.3204788947701 77.3346557970438,23.3221319465429 77.3352948818931,23.3225779413532 77.3358657603579,23.325974248467 77.3362514646015,23.3265431043621 77.3365595876423,23.3267830752897 77.3370422973602,23.3281726244249 77.3382131453319,23.3283029495648 77.3388278786505,23.3292524922021 77.3388134463171,23.3299110608466 77.3420624191378,23.3308868251028 77.3471182992536,23.3317475649493 77.3567949200531,23.3335590384531 77.3583730983105,23.3329420124987 77.3587277963038,23.3328390761288 77.3594890987442,23.3327225692253 77.3609463457981,23.3325715759745 77.3609751080568,23.3325530060735 77.3614427736887,23.3322835091963 77.3615783204819,23.3317927597039 77.3612011071144,23.3305682264309 77.3615593974704,23.3289246790574 77.3617407736145,23.326553656351 77.3618696117892,23.3263635026508 77.3617927016278,23.3258748240457 77.3634141409528,23.32552636367 77.3636335841053,23.3238605185775 77.3638986347248,23.3237033185509 77.3637959959154,23.322535206659 77.363835086105,23.320072589373 77.3646677013042,23.3200556510864 77.3650325358872,23.3198947112717 77.3648885799646,23.319026963527 77.3649624035146,23.3187250719416 77.3662939349377,23.3180572777988 77.3673494356337,23.3153329799085 77.3673820435802,23.3149759362174 77.3671397131508,23.3124816490907 77.3668647954362,23.3106205399352 77.3665041479008,23.3086201974427 77.3643387984343,23.3029347435479 77.3643737950011,23.3015120921584 77.3621075180158,23.3014525766958 77.3609944020725,23.3010817842693</coordinates></LinearRing></outerBoundaryIs></Polygon></MultiGeometry>
  </Placemark>
  <Placemark>
	<Style><LineStyle><color>ff0000ff</color></LineStyle><PolyStyle><fill>0</fill></PolyStyle></Style>
	<ExtendedData><SchemaData schemaUrl="#bhopal_wards">
		<SimpleData name="objectid">50</SimpleData>
		<SimpleData name="townname">Bhopal</SimpleData>
		<SimpleData name="towncensuscode2011">802312</SimpleData>
		<SimpleData name="town_lgd_code">250946</SimpleData>
		<SimpleData name="ward_lgd_code">32931</SimpleData>
		<SimpleData name="ward_lgd_name">Hemu Colony Ward</SimpleData>
		<SimpleData name="sourcewardcode">4</SimpleData>
		<SimpleData name="state">Madhya Pradesh</SimpleData>
	</SchemaData></ExtendedData>
      <MultiGeometry><Polygon><outerBoundaryIs><LinearRing><coordinates>77.3423195600912,23.2643919965063 77.3428366393519,23.264700205035 77.3431986056142,23.2636327280574 77.3428840497377,23.2622126962186 77.3459633424793,23.2535500240157 77.3407433203982,23.2512147604975 77.3365163211849,23.2503725878288 77.3303528821042,23.2580019438075 77.3277992816703,23.2640639929944 77.3269814904699,23.2693608678436 77.3335133430217,23.2703938039934 77.3321745541093,23.2736261292754 77.3358062559535,23.2739604304015 77.3371265826901,23.2679422372552 77.3356953481519,23.2676704324417 77.3346797667905,23.267477564482 77.3348037594526,23.2668664569015 77.33583214001,23.2670284618968 77.3359904815536,23.2670534061658 77.3363172392466,23.2654335366387 77.336378954405,23.2651275844451 77.336394146713,23.2644490560137 77.3367831136378,23.2637540391797 77.3370306111767,23.2637648998514 77.3375203690763,23.2635672115546 77.3375407105276,23.2639458165596 77.3373743676898,23.2642227514594 77.3378051889203,23.2644916698931 77.3380391784922,23.2642984804268 77.3386837924722,23.2640703666095 77.3388930379496,23.2639963202534 77.3388753025109,23.2638817114365 77.338812488713,23.2634758034887 77.3387809183207,23.263271796404 77.3390062867608,23.2632421027534 77.3391657503002,23.2632391358638 77.3393378333726,23.263250504126 77.3397790687722,23.2633691161007 77.3400056517346,23.2634300251569 77.3404960411499,23.2636139768739 77.3405804791934,23.2633554007481 77.3412915855723,23.2637792630059 77.3422857627753,23.2643718507145 77.3423195600912,23.2643919965063</coordinates></LinearRing></outerBoundaryIs></Polygon></MultiGeometry>
  </Placemark>
  <Placemark>
	<Style><LineStyle><color>ff0000ff</color></LineStyle><PolyStyle><fill>0</fill></PolyStyle></Style>
	<ExtendedData><SchemaData schemaUrl="#bhopal_wards">
		<SimpleData name="objectid">51</SimpleData>
		<SimpleData name="townname">Bhopal</SimpleData>
		<SimpleData name="towncensuscode2011">802312</SimpleData>
		<SimpleData name="town_lgd_code">250946</SimpleData>
		<SimpleData name="ward_lgd_code">32932</SimpleData>
		<SimpleData name="ward_lgd_name">Sadhu Waswani Ward</SimpleData>
		<SimpleData name="sourcewardcode">5</SimpleData>
		<SimpleData name="state">Madhya Pradesh</SimpleData>
	</SchemaData></ExtendedData>
      <MultiGeometry><Polygon><outerBoundaryIs><LinearRing><coordinates>77.3535411035164,23.2677013580359 77.3555626632486,23.2642315670588 77.3537055985196,23.2600181177913 77.3556652463625,23.2474566679765 77.3539484113443,23.2471546668971 77.3478984824846,23.253962796001 77.3459633424793,23.2535500240157 77.3428840497377,23.2622126962186 77.3431986056142,23.2636327280574 77.3428366393519,23.264700205035 77.3423195600912,23.2643919965063 77.3422857627753,23.2643718507145 77.3412915855723,23.2637792630059 77.3405804791934,23.2633554007481 77.3404960411499,23.2636139768739 77.3400056517346,23.2634300251569 77.3397790687722,23.2633691161007 77.3393378333726,23.263250504126 77.3391657503002,23.2632391358638 77.3390062867608,23.2632421027534 77.3387809183207,23.263271796404 77.338812488713,23.2634758034887 77.3388753025109,23.2638817114365 77.3388930379496,23.2639963202534 77.3386837924722,23.2640703666095 77.3380391784922,23.2642984804268 77.3378051889203,23.2644916698931 77.3373743676898,23.2642227514594 77.3375407105276,23.2639458165596 77.3375203690763,23.2635672115546 77.3370306111767,23.2637648998514 77.3367831136378,23.2637540391797 77.336394146713,23.2644490560137 77.336378954405,23.2651275844451 77.3363172392466,23.2654335366387 77.3359904815536,23.2670534061658 77.33583214001,23.2670284618968 77.3348037594526,23.2668664569015 77.3346797667905,23.267477564482 77.3356953481519,23.2676704324417 77.3371265826901,23.2679422372552 77.3358062559535,23.2739604304015 77.3533122029005,23.2755718526012 77.3535411035164,23.2677013580359</coordinates></LinearRing></outerBoundaryIs></Polygon></MultiGeometry>
  </Placemark>
  <Placemark>
	<Style><LineStyle><color>ff0000ff</color></LineStyle><PolyStyle><fill>0</fill></PolyStyle></Style>
	<ExtendedData><SchemaData schemaUrl="#bhopal_wards">
		<SimpleData name="objectid">52</SimpleData>
		<SimpleData name="townname">Bhopal</SimpleData>
		<SimpleData name="towncensuscode2011">802312</SimpleData>
		<SimpleData name="town_lgd_code">250946</SimpleData>
		<SimpleData name="ward_lgd_code">32933</SimpleData>
		<SimpleData name="ward_lgd_name">Mahavir Giri Ward</SimpleData>
		<SimpleData name="sourcewardcode">6</SimpleData>
		<SimpleData name="state">Madhya Pradesh</SimpleData>
	</SchemaData></ExtendedData>
      <MultiGeometry><Polygon><outerBoundaryIs><LinearRing><coordinates>77.3760223903258,23.2983352735633 77.3777293941815,23.295132892253 77.3782301294939,23.2939736755153 77.3776479071037,23.29371913858 77.3766023309951,23.2929761242509 77.3770490335415,23.2923386767818 77.376726744967,23.2921178520946 77.3783430809628,23.2900648307413 77.3763233367257,23.2878440974264 77.3753150532778,23.2857339284342 77.3759760219857,23.2849282465976 77.3772564347777,23.2834260176576 77.3773841087357,23.2832226055322 77.3776028727619,23.2827886333761 77.3776520995412,23.2826184495619 77.3776537982554,23.2825425502981 77.377629031703,23.2823751304678 77.3771324313358,23.2812787078607 77.3761566830708,23.2801717717187 77.372717894434,23.277379647649 77.372605962553,23.2772299869643 77.3721693516805,23.2759181580339 77.3721095768832,23.2757964387829 77.3705741611282,23.2739758305783 77.369809531328,23.2731077981797 77.3697386264043,23.2730162992826 77.3688084254192,23.2714701021703 77.3687307678595,23.271322771078 77.3686952817109,23.2712447304999 77.3680852636492,23.2689024793235 77.3680083220468,23.2687349424924 77.3671626139023,23.2675028932362 77.3670797038932,23.2673509602515 77.3670054231007,23.26700820922 77.3669899091957,23.2668336387924 77.3669926526506,23.2667649408339 77.367022445277,23.2666136771201 77.3681504022871,23.2639059061167 77.3650512468962,23.2619816341965 77.3537055985196,23.2600181177913 77.3555626632486,23.2642315670588 77.3535411035164,23.2677013580359 77.3533122029005,23.2755718526012 77.3533571572923,23.2790554118483 77.3534276624657,23.2800363881045 77.3542502578562,23.2803814779966 77.3549782750203,23.2802346774479 77.3553563741268,23.2811296357791 77.3557235290581,23.2817363276435 77.3560897775893,23.2823197743504 77.3562715723483,23.2824994503957 77.3564255274184,23.2826749772848 77.3565672887567,23.2827931940415 77.3579090313297,23.2835858744355 77.3535552241343,23.2875219449134 77.352992920089,23.2869024741334 77.352168126521,23.2865849896206 77.3521404278675,23.2859942252736 77.3524124440237,23.28552345165 77.3525681651816,23.2846652271562 77.3521060978506,23.2840779191084 77.3524794906833,23.2828543954006 77.351722513631,23.2827798957446 77.3513890832521,23.2826060622267 77.3514848319832,23.2820990469158 77.3511046532769,23.2818015629059 77.3511891380328,23.2806762899643 77.351668444034,23.2801462134985 77.3518147221017,23.2795373103304 77.3518068519615,23.2795370033629 77.3508467757049,23.2794995170228 77.3476949844283,23.2809808308865 77.3413878813775,23.2841778814219 77.3442171541109,23.2853916554317 77.34428007391,23.2854233797774 77.3442914465815,23.2854329902384 77.3442945188198,23.2854462461879 77.3442936824883,23.2854730180035 77.344283658188,23.2855076889199 77.3437720308028,23.286710936913 77.3437546241475,23.286772062209 77.3437542342787,23.286824675373 77.3437585363106,23.2868608080783 77.3437732875459,23.286892989199 77.3437946306187,23.2869169857929 77.343824277718,23.2869356346798 77.3439465617844,23.286986750159 77.3480405510468,23.2884216061634 77.3484069064775,23.2885342870012 77.3493450737225,23.2887513781712 77.3506995750675,23.2890520580282 77.3513233723873,23.2892087371093 77.3514726238785,23.2892617255655 77.3515956256988,23.2893330861362 77.3516221843902,23.2893538857737 77.351710535495,23.2894457670275 77.3517865904602,23.2895417952674 77.3521642224427,23.2901428470887 77.3526022643315,23.2907996588908 77.3537302644607,23.2925533961834 77.3541769661088,23.2932455456952 77.3543486709905,23.2935925188664 77.3544775091652,23.2939275297737 77.3545409508855,23.2942170682948 77.3545714594691,23.2946295558648 77.3545475202652,23.2949210615136 77.3544791854215,23.2952535418445 77.3544352191766,23.2953885428214 77.3542893336727,23.2957220145566 77.3541802332815,23.2959191353255 77.3532716089311,23.2972919313733 77.3582706310793,23.2997474724641 77.3587753611998,23.2986808209559 77.3587927103629,23.2986665993511 77.3588020025362,23.2986634764887 77.3588400803244,23.298656929616 77.3608328948659,23.2986260326625 77.3608813167547,23.298629972338 77.3609187540441,23.2986406494768 77.3609385430315,23.2986549824679 77.3609679197379,23.2986918495673 77.3609876826742,23.2987288527917 77.3612843027877,23.299424695319 77.3613287891572,23.2995141728279 77.3613433634244,23.2995334783455 77.3613654529973,23.2995555296505 77.3613891370797,23.2995622142636 77.3614143806375,23.2995590097416 77.3614897951039,23.2995312927686 77.3628215277497,23.2988806691196 77.3630204848222,23.2988238471314 77.36364877821,23.2987937447512 77.3639399698043,23.2988258916343 77.3648625674489,23.2990136912215 77.3651477214661,23.2991178847759 77.3660735278929,23.2995731693718 77.366189804925,23.2996020661674 77.3668822694651,23.2995684351942 77.3669826678762,23.2995224333027 77.3685098883008,23.2977678753279 77.368701128845,23.2975795929667 77.3688187910793,23.2975176566402 77.3689237053213,23.2975017913718 77.3690755529437,23.2975278891557 77.3739253945676,23.2996580759677 77.3741569146708,23.2997469518538 77.3761433484788,23.3002815623103 77.3761324321514,23.2993241801163 77.3760094932132,23.2983958456778 77.3760223903258,23.2983352735633</coordinates></LinearRing></outerBoundaryIs></Polygon></MultiGeometry>
  </Placemark>
  <Placemark>
	<Style><LineStyle><color>ff0000ff</color></LineStyle><PolyStyle><fill>0</fill></PolyStyle></Style>
	<ExtendedData><SchemaData schemaUrl="#bhopal_wards">
		<SimpleData name="objectid">53</SimpleData>
		<SimpleData name="townname">Bhopal</SimpleData>
		<SimpleData name="towncensuscode2011">802312</SimpleData>
		<SimpleData name="town_lgd_code">250946</SimpleData>
		<SimpleData name="ward_lgd_code">32934</SimpleData>
		<SimpleData name="ward_lgd_name">Koh-E-Fiza Ward</SimpleData>
		<SimpleData name="sourcewardcode">7</SimpleData>
		<SimpleData name="state">Madhya Pradesh</SimpleData>
	</SchemaData></ExtendedData>
      <MultiGeometry><Polygon><outerBoundaryIs><LinearRing><coordinates>77.382253770788,23.2615273871962 77.3828222300897,23.2602522838721 77.3828328167353,23.2601979279049 77.3824439360489,23.2597061267955 77.3822731429571,23.2595934124904 77.3817943498939,23.2593857359296 77.3817188716471,23.2593110622139 77.3816702512306,23.2592895547235 77.3816064672522,23.2593089238446 77.3815246172551,23.2593693230664 77.3813525862849,23.2595445907507 77.3812275183395,23.259704679212 77.3810912861317,23.2599240514671 77.3809836158584,23.2601593500266 77.3808318212366,23.2606307150775 77.3807592283785,23.2607656504689 77.3806528714421,23.260883525189 77.3805622098704,23.2609509989635 77.3804077589303,23.2610042611064 77.3794395062081,23.2611853086574 77.3793714139096,23.2611836993323 77.3792967261802,23.2611662641499 77.3792323942294,23.2611177029542 77.3789052556507,23.2606875030216 77.3788237380303,23.2605967276353 77.3787031041691,23.2605363718852 77.3785723822272,23.2604979410081 77.3783051217521,23.2604597998001 77.3780978507717,23.2604480549633 77.3779095387353,23.2604632082867 77.3777898409187,23.2604878632792 77.3772529942301,23.2605944985038 77.3771181813605,23.2606053033127 77.3770303620583,23.2606046686581 77.3769466399721,23.2605977179936 77.376891116901,23.2605881172948 77.3767698605074,23.2605533037176 77.3762097034356,23.2603098205249 77.3761304864006,23.2602915244398 77.3760835754781,23.2602894908994 77.3760034736025,23.2602915244398 77.3751270394821,23.2603597264286 77.3750692993689,23.2603613547456 77.3738758767342,23.2603081096772 77.373761348722,23.2603051319934 77.373657625646,23.2603180363897 77.3735160861915,23.2603498005445 77.3726641868581,23.2606200736798 77.372555046941,23.2606637492916 77.3724527063722,23.2607107607432 77.3723794083366,23.2607469715083 77.3720750689998,23.2609520487406 77.3717960082552,23.2610932799863 77.3716879633844,23.261129014452 77.371551826398,23.2611558150887 77.3713843561745,23.2611726898971 77.3707964977543,23.2612153378359 77.3706777961692,23.261239571789 77.3705881101679,23.2612807696642 77.3704794813922,23.2613618539846 77.3693588860758,23.2623373683802 77.3686903059425,23.2629268668592 77.3685174215728,23.2631298115075 77.3683644277001,23.2633988047713 77.3681504022871,23.2639059061167 77.367022445277,23.2666136771201 77.3669926526506,23.2667649408339 77.3669899091957,23.2668336387924 77.3670054231007,23.26700820922 77.3670797038932,23.2673509602515 77.3671626139023,23.2675028932362 77.3680083220468,23.2687349424924 77.3680852636492,23.2689024793235 77.3686952817109,23.2712447304999 77.3687307678595,23.271322771078 77.3688084254192,23.2714701021703 77.3697386264043,23.2730162992826 77.369809531328,23.2731077981797 77.3705741611282,23.2739758305783 77.3721095768832,23.2757964387829 77.3721693516805,23.2759181580339 77.372605962553,23.2772299869643 77.372717894434,23.277379647649 77.3761566830708,23.2801717717187 77.3771324313358,23.2812787078607 77.3777984045582,23.2810908584937 77.3767220575579,23.2790341047639 77.376631552293,23.2788193544796 77.376588551737,23.2786748206469 77.3765555709896,23.278505193528 77.3765212751087,23.2781249927194 77.3765309849986,23.2768965299694 77.3765223773415,23.2761761370892 77.3764611867993,23.2757498881666 77.3764332384142,23.2755924208552 77.376329879156,23.2752262336664 77.376179984471,23.2747876241744 77.3761293401502,23.274558162589 77.3760667617109,23.274047742333 77.3759702062926,23.2740259030088 77.3759421546012,23.2740079289906 77.3759175371692,23.273978736988 77.3759061815657,23.2739469372969 77.3759018723473,23.2739113069449 77.3758982916625,23.2738562122039 77.3759027679676,23.2738261974271 77.3759263972528,23.2737650331799 77.3761718187851,23.2733659048104 77.3762151777689,23.2732631146039 77.3762450997527,23.2731454835466 77.3762880329351,23.2728950939691 77.3763000982077,23.2727513904841 77.3762990983828,23.2725731347021 77.3762896579874,23.272429709796 77.3762682547274,23.2723210630636 77.3762501833189,23.2722744732723 77.376209468077,23.2722142664007 77.3761326432555,23.272145318697 77.3758918740981,23.2719811702042 77.3755693465718,23.2717838704015 77.3754741799489,23.2717172149633 77.3754578054579,23.2716944485238 77.3754533803568,23.2716684290238 77.3754716475981,23.271620626741 77.3772512748547,23.2691245019824 77.3778803129458,23.2683178581023 77.3806923694669,23.2651822874912 77.3808476235008,23.2650255231991 77.3812406696752,23.2646976904276 77.381411992773,23.2645734586945 77.3816502071217,23.2644268932588 77.3819802086312,23.264248202973 77.3820848399039,23.2641990998685 77.381573296062,23.2637267818608 77.3815281117016,23.263627872111 77.3815191078874,23.2635258542817 77.3815701295007,23.2633962629051 77.382253770788,23.2615273871962</coordinates></LinearRing></outerBoundaryIs></Polygon></MultiGeometry>
  </Placemark>
  <Placemark>
	<Style><LineStyle><color>ff0000ff</color></LineStyle><PolyStyle><fill>0</fill></PolyStyle></Style>
	<ExtendedData><SchemaData schemaUrl="#bhopal_wards">
		<SimpleData name="objectid">54</SimpleData>
		<SimpleData name="townname">Bhopal</SimpleData>
		<SimpleData name="towncensuscode2011">802312</SimpleData>
		<SimpleData name="town_lgd_code">250946</SimpleData>
		<SimpleData name="ward_lgd_code">32935</SimpleData>
		<SimpleData name="ward_lgd_name">Royal Market Ward</SimpleData>
		<SimpleData name="sourcewardcode">8</SimpleData>
		<SimpleData name="state">Madhya Pradesh</SimpleData>
	</SchemaData></ExtendedData>
      <MultiGeometry><Polygon><outerBoundaryIs><LinearRing><coordinates>77.3921723186733,23.2701252011592 77.3923617293493,23.2678811594339 77.3933723187726,23.2678927311377 77.3947815041622,23.2678724884953 77.3948547995028,23.2678543972861 77.3948879491334,23.2678260333153 77.3950360301198,23.2669241466728 77.3950170298532,23.2668618354467 77.3949513728874,23.2668270556934 77.3948290358205,23.2668225745315 77.3933891567943,23.2669542801914 77.3933203036227,23.266932171495 77.3933102406949,23.2668384352032 77.3934007612311,23.2655777043898 77.3937791199507,23.263125673539 77.3937951809296,23.2628917732962 77.3937923449483,23.2627295775827 77.3935534379985,23.2606022232985 77.3935565210165,23.2605273497166 77.3936205655064,23.2604789252879 77.3952154982422,23.2593837659239 77.3949865733718,23.2587193780025 77.3949723701089,23.2586776222511 77.3949700030481,23.2586310829855 77.3949827851763,23.2585971561064 77.3950185453111,23.2585544396544 77.3960919045149,23.2576587436943 77.3964298668945,23.2572999780075 77.3964468342735,23.2572955245861 77.3964659234733,23.2572938541404 77.3964834406213,23.2572999408681 77.396498756897,23.2573114994602 77.396830122049,23.2580410059443 77.396844060309,23.2580540888278 77.396859209498,23.2580607697471 77.3968819153151,23.258060674836 77.396905609279,23.2580537719071 77.3973047325564,23.25796370945 77.3981517396647,23.2576252267504 77.3988903883902,23.2575389472593 77.3989192835997,23.257215707959 77.3990095831504,23.2572183002876 77.3990829512546,23.2572571885117 77.3991817165285,23.2573582983366 77.3992889466273,23.2574127421202 77.3996614312632,23.2572986698769 77.3998890984922,23.2571390720674 77.3999595318004,23.2571009092653 77.4001184590455,23.2570776806253 77.4000809786369,23.2559162698764 77.3997660014505,23.2559276255579 77.3991143599501,23.2559273928155 77.3987513094213,23.2558885429939 77.3986288106576,23.2558754343128 77.3986589096095,23.255333318283 77.3986572288617,23.2552719342627 77.3986553918069,23.2539778724797 77.398615520083,23.2535846809561 77.3983930487096,23.252433409732 77.3983826174725,23.2523667182045 77.3979551505513,23.2522771677495 77.3968933724282,23.2516804003309 77.3960866583536,23.2509773555193 77.3959650579052,23.2508220304555 77.3958059635734,23.2505106699747 77.3953739026678,23.2505298026672 77.395119550085,23.2505088748144 77.3950563877408,23.2504651562585 77.3948732500004,23.250234794417 77.3945627616955,23.2499835826519 77.3946091030861,23.2499026837212 77.3944330054427,23.2497110817507 77.394238370165,23.2495663149562 77.3940669069301,23.2494641270701 77.3938908083883,23.2493960020443 77.3934678025008,23.2489908250129 77.3933966217943,23.2489063491477 77.3933639976781,23.2488218732291 77.3932868853958,23.2484621684254 77.3931949437248,23.2483422663335 77.3931118998667,23.2482468901552 77.3929814016054,23.248186939026 77.392812347652,23.2481188133478 77.3923289120953,23.24804523685 77.3919937695275,23.2480397868902 77.3918929309419,23.2480098116951 77.3917028626991,23.2479259839549 77.3862975541075,23.2469720180344 77.3650157742223,23.244423607398 77.3619774392677,23.2475028801653 77.3556652463625,23.2474566679765 77.3537055985196,23.2600181177913 77.3650512468962,23.2619816341965 77.3681504022871,23.2639059061167 77.3683644277001,23.2633988047713 77.3685174215728,23.2631298115075 77.3686903059425,23.2629268668592 77.3693588860758,23.2623373683802 77.3704794813922,23.2613618539846 77.3705881101679,23.2612807696642 77.3706777961692,23.261239571789 77.3707964977543,23.2612153378359 77.3713843561745,23.2611726898971 77.371551826398,23.2611558150887 77.3716879633844,23.261129014452 77.3717960082552,23.2610932799863 77.3720750689998,23.2609520487406 77.3723794083366,23.2607469715083 77.3724527063722,23.2607107607432 77.372555046941,23.2606637492916 77.3726641868581,23.2606200736798 77.3735160861915,23.2603498005445 77.373657625646,23.2603180363897 77.373761348722,23.2603051319934 77.3738758767342,23.2603081096772 77.3750692993689,23.2603613547456 77.3751270394821,23.2603597264286 77.3760034736025,23.2602915244398 77.3760835754781,23.2602894908994 77.3761304864006,23.2602915244398 77.3762097034356,23.2603098205249 77.3767698605074,23.2605533037176 77.376891116901,23.2605881172948 77.3769466399721,23.2605977179936 77.3770303620583,23.2606046686581 77.3771181813605,23.2606053033127 77.3772529942301,23.2605944985038 77.3777898409187,23.2604878632792 77.3779095387353,23.2604632082867 77.3780978507717,23.2604480549633 77.3783051217521,23.2604597998001 77.3785723822272,23.2604979410081 77.3787031041691,23.2605363718852 77.3788237380303,23.2605967276353 77.3789052556507,23.2606875030216 77.3792323942294,23.2611177029542 77.3792967261802,23.2611662641499 77.3793714139096,23.2611836993323 77.3794395062081,23.2611853086574 77.3804077589303,23.2610042611064 77.3805622098704,23.2609509989635 77.3806528714421,23.260883525189 77.3807592283785,23.2607656504689 77.3808318212366,23.2606307150775 77.3809836158584,23.2601593500266 77.3810912861317,23.2599240514671 77.3812275183395,23.259704679212 77.3813525862849,23.2595445907507 77.3815246172551,23.2593693230664 77.3816064672522,23.2593089238446 77.3816702512306,23.2592895547235 77.3817188716471,23.2593110622139 77.3817943498939,23.2593857359296 77.3822731429571,23.2595934124904 77.3824439360489,23.2597061267955 77.3828328167353,23.2601979279049 77.3828222300897,23.2602522838721 77.382253770788,23.2615273871962 77.3815701295007,23.2633962629051 77.3815191078874,23.2635258542817 77.3815281117016,23.263627872111 77.381573296062,23.2637267818608 77.3820848399039,23.2641990998685 77.3828849684292,23.2636885483202 77.3831505643261,23.2635181560654 77.3837616639594,23.2631836191168 77.3841241341765,23.2629899821011 77.3847500721816,23.2626975424761 77.3854638276923,23.2624278537304 77.3866211111032,23.2621195664958 77.3880545276492,23.2618650470757 77.3881779804237,23.2618567611565 77.3882507071308,23.2618716923166 77.3882958483722,23.2618883706152 77.3883210326412,23.2619160153713 77.388772027338,23.2628274679472 77.3889319966289,23.2631277862633 77.3891877730414,23.2639172990804 77.389348283118,23.2648657225465 77.3893428375308,23.2648903792004 77.3893354470909,23.2649003839725 77.3893112527654,23.2649137863881 77.3892575272232,23.2649284085541 77.3887671234349,23.265036793927 77.3887044488758,23.2650612211239 77.3886560180039,23.26509524539 77.3883511917802,23.2654084360907 77.3883037104275,23.2654581626526 77.3882647765448,23.265490441375 77.3877397534821,23.2657682816835 77.3877148351144,23.2657861487035 77.3877026898918,23.2658153557053 77.3877087696896,23.2658560025389 77.3878214840033,23.2662864094346 77.3878423500707,23.2665015248834 77.3878395140893,23.2667300702767 77.3878353944154,23.2669807421257 77.3877871198504,23.2683187221399 77.3877880693696,23.2683623407622 77.3878051625129,23.2683867673495 77.3878253988613,23.2683905833071 77.3888811187461,23.2684040472654 77.3889076657594,23.2684173007837 77.3889200113063,23.2684321305282 77.3889599315392,23.2702691789806 77.3889969295525,23.2703112191085 77.3890387128913,23.2703216872576 77.3905574595079,23.2701342944738 77.3921723186733,23.2701252011592</coordinates></LinearRing></outerBoundaryIs></Polygon></MultiGeometry>
  </Placemark>
  <Placemark>
	<Style><LineStyle><color>ff0000ff</color></LineStyle><PolyStyle><fill>0</fill></PolyStyle></Style>
	<ExtendedData><SchemaData schemaUrl="#bhopal_wards">
		<SimpleData name="objectid">69</SimpleData>
		<SimpleData name="townname">Bhopal</SimpleData>
		<SimpleData name="towncensuscode2011">802312</SimpleData>
		<SimpleData name="town_lgd_code">250946</SimpleData>
		<SimpleData name="ward_lgd_code">32936</SimpleData>
		<SimpleData name="ward_lgd_name">Baag Munshi Hussain Ward</SimpleData>
		<SimpleData name="sourcewardcode">9</SimpleData>
		<SimpleData name="state">Madhya Pradesh</SimpleData>
	</SchemaData></ExtendedData>
      <MultiGeometry><Polygon><outerBoundaryIs><LinearRing><coordinates>77.3977977396624,23.274386694953 77.3988814133223,23.2740117324089 77.3989370738356,23.2739631379346 77.3990102056828,23.2738493571306 77.3990401860571,23.273761273491 77.3990176904458,23.2731687564236 77.3990193271762,23.2729924371705 77.3990855653521,23.2725968970371 77.3991437555212,23.2722582542743 77.3992134522108,23.2716763033684 77.3993627054986,23.27046991649 77.400887551676,23.2701988942081 77.4010183984836,23.2701497206754 77.4010679621311,23.2701060102114 77.401085886216,23.2700381994227 77.4010857487738,23.2699676034127 77.4007737539941,23.2683482215507 77.4005413715082,23.2664583438662 77.3993863554451,23.264095635766 77.3992730482434,23.2638663059665 77.398744806517,23.2616493571673 77.398184110456,23.261644027431 77.3969863651281,23.2616326433512 77.3957437175108,23.2615817896629 77.3957127822273,23.2613704065045 77.3958074493869,23.2609625919015 77.395673644427,23.2603394653107 77.3954626598112,23.259617612901 77.3952154982422,23.2593837659239 77.3936205655064,23.2604789252879 77.3935565210165,23.2605273497166 77.3935534379985,23.2606022232985 77.3937923449483,23.2627295775827 77.3937951809296,23.2628917732962 77.3937791199507,23.263125673539 77.3934007612311,23.2655777043898 77.3933102406949,23.2668384352032 77.3933203036227,23.266932171495 77.3933891567943,23.2669542801914 77.3948290358205,23.2668225745315 77.3949513728874,23.2668270556934 77.3950170298532,23.2668618354467 77.3950360301198,23.2669241466728 77.3948879491334,23.2678260333153 77.3948547995028,23.2678543972861 77.3947815041622,23.2678724884953 77.3933723187726,23.2678927311377 77.3932968045932,23.2687853890796 77.394293215008,23.26881416547 77.3942312168804,23.2700462083778 77.3952792813223,23.2701453510325 77.3962020837828,23.2701891794928 77.3961597821161,23.2704366247568 77.3957295654518,23.2716074585401 77.3954376614935,23.2722126010933 77.395202687368,23.2726931882963 77.3953442852129,23.2729109646458 77.3957160377219,23.2728673400857 77.395738743539,23.273130987716 77.3957637193989,23.2732017454433 77.3958161657401,23.2732879033894 77.3958969584201,23.2733554484537 77.3962803647733,23.2735811647952 77.3963654963161,23.2735919066597 77.3973821475709,23.2735569438144 77.397385660882,23.2740542070694 77.3977194074679,23.2740482226084 77.3977977396624,23.274386694953</coordinates></LinearRing></outerBoundaryIs></Polygon></MultiGeometry>
  </Placemark>
  <Placemark>
	<Style><LineStyle><color>ff0000ff</color></LineStyle><PolyStyle><fill>0</fill></PolyStyle></Style>
	<ExtendedData><SchemaData schemaUrl="#bhopal_wards">
		<SimpleData name="objectid">70</SimpleData>
		<SimpleData name="townname">Bhopal</SimpleData>
		<SimpleData name="towncensuscode2011">802312</SimpleData>
		<SimpleData name="town_lgd_code">250946</SimpleData>
		<SimpleData name="ward_lgd_code">32941</SimpleData>
		<SimpleData name="ward_lgd_name">Shahjahanabad Ward</SimpleData>
		<SimpleData name="sourcewardcode">14</SimpleData>
		<SimpleData name="state">Madhya Pradesh</SimpleData>
	</SchemaData></ExtendedData>
      <MultiGeometry><Polygon><outerBoundaryIs><LinearRing><coordinates>77.3984072834136,23.2757256238444 77.3989636990023,23.2751229142862 77.3990031116871,23.2750771259275 77.3990548043418,23.275004463788 77.3991725626957,23.2747485537429 77.3992146128342,23.2746740355237 77.3992353567307,23.2746458190672 77.3992453433017,23.274640092924 77.3992638575797,23.2746331743496 77.4011888547071,23.2743639661044 77.4012158391999,23.2743628859001 77.4012403820718,23.2743687985535 77.4012586008041,23.2743872321668 77.4013943883458,23.2747301416351 77.4013973222435,23.2747364503735 77.4014255715643,23.274777860281 77.401478754524,23.2748279538656 77.4015530083671,23.2748583339848 77.4016728337446,23.2748839014718 77.4017808354962,23.2748913605457 77.4018725966059,23.2748786795422 77.4019716655103,23.2748413816893 77.4020220124888,23.2747996078836 77.4020536816958,23.2747414222698 77.402310500154,23.2739956184248 77.4018953751865,23.2723518736971 77.401876104527,23.2722911948311 77.4018683655409,23.2722761773645 77.4018579792196,23.2722663027068 77.4018433627316,23.2722625726838 77.4014269217322,23.2724151371415 77.399667086158,23.2726455951628 77.3990855653521,23.2725968970371 77.3990193271762,23.2729924371705 77.3990176904458,23.2731687564236 77.3990401860571,23.273761273491 77.3990102056828,23.2738493571306 77.3989370738356,23.2739631379346 77.3988814133223,23.2740117324089 77.3977977396624,23.274386694953 77.3977194074679,23.2740482226084 77.397385660882,23.2740542070694 77.3973821475709,23.2735569438144 77.3963654963161,23.2735919066597 77.3962803647733,23.2735811647952 77.3958969584201,23.2733554484537 77.3958161657401,23.2732879033894 77.3957637193989,23.2732017454433 77.395738743539,23.273130987716 77.3957160377219,23.2728673400857 77.3953442852129,23.2729109646458 77.395202687368,23.2726931882963 77.3954376614935,23.2722126010933 77.3957295654518,23.2716074585401 77.3961597821161,23.2704366247568 77.3962020837828,23.2701891794928 77.3952792813223,23.2701453510325 77.3942312168804,23.2700462083778 77.3940213147344,23.2710663976057 77.3938009840464,23.2721114579757 77.3942466220892,23.2720185860403 77.3945938317263,23.272121816228 77.3945129887406,23.2724262083649 77.394421176427,23.2727120883928 77.3950886678022,23.2728301118135 77.3945659785626,23.273706983275 77.3942252358972,23.2746121438289 77.3944862908103,23.2749140224623 77.3937791415103,23.2753314162846 77.3940845830799,23.2755294229858 77.3942110209562,23.2754786348413 77.3951707693276,23.2758650248078 77.3954450411535,23.2759502163684 77.3960492507086,23.2760586167059 77.3965174131088,23.2761885390509 77.3968439596977,23.2761835110949 77.3979783800863,23.2758832230309 77.3982890453593,23.2757873854646 77.3984072834136,23.2757256238444</coordinates></LinearRing></outerBoundaryIs></Polygon></MultiGeometry>
  </Placemark>
  <Placemark>
	<Style><LineStyle><color>ff0000ff</color></LineStyle><PolyStyle><fill>0</fill></PolyStyle></Style>
	<ExtendedData><SchemaData schemaUrl="#bhopal_wards">
		<SimpleData name="objectid">55</SimpleData>
		<SimpleData name="townname">Bhopal</SimpleData>
		<SimpleData name="towncensuscode2011">802312</SimpleData>
		<SimpleData name="town_lgd_code">250946</SimpleData>
		<SimpleData name="ward_lgd_code">32953</SimpleData>
		<SimpleData name="ward_lgd_name">Dr.Ambedkar Ward</SimpleData>
		<SimpleData name="sourcewardcode">26</SimpleData>
		<SimpleData name="state">Madhya Pradesh</SimpleData>
	</SchemaData></ExtendedData>
      <MultiGeometry><Polygon><outerBoundaryIs><LinearRing><coordinates>77.3478984824846,23.253962796001 77.3539484113443,23.2471546668971 77.3556652463625,23.2474566679765 77.3573028499726,23.2456417797067 77.3576728301055,23.2366023392159 77.3665655145127,23.2412680419749 77.3733417878736,23.2423613319914 77.3786347387827,23.2398620097421 77.379351581803,23.2378733202615 77.3765413569469,23.2327213318893 77.37567271122,23.2307105409902 77.3769812439752,23.2276105980912 77.378901692034,23.2260200182837 77.3807776914525,23.2244402941327 77.3812070493274,23.2240787421206 77.3814273476761,23.223893234247 77.3815379689151,23.2238386017721 77.3815710655452,23.2238355605343 77.3817067623571,23.2237939928154 77.3817895043812,23.2237514121626 77.3824845354081,23.2233316857354 77.3832944573666,23.2228609037939 77.3834586810787,23.2227588671669 77.3837973710936,23.2231552782952 77.3839771967455,23.2233519623808 77.3842232156574,23.2235912268941 77.3845624868823,23.2239243970122 77.3849341783058,23.2234491634347 77.3851334911112,23.2232560994396 77.3852250671679,23.2232115455989 77.3854917158903,23.2231521412802 77.3858391662759,23.2228897718213 77.3864371046919,23.222481364065 77.3886214661031,23.2235184681787 77.38890158147,23.2237239080916 77.3893793306909,23.2246442367832 77.391843870351,23.2239497431187 77.3914045169219,23.2225833076187 77.3908976973201,23.2210075310097 77.3905355037841,23.2198716220545 77.3904650893405,23.2196233432783 77.3904221947857,23.2193901832285 77.3903648616093,23.2189356252603 77.390325145294,23.2186476865898 77.390314113084,23.2185118277259 77.3903081509654,23.2183991223714 77.3903021583042,23.2182858373785 77.3898469711699,23.2182883124084 77.3896018703362,23.2181719743967 77.3890564097024,23.218182958486 77.389047025901,23.217468994109 77.3889769303594,23.2174801161255 77.3888281118561,23.2175037289427 77.3873379334622,23.2177490132119 77.3860363267178,23.2180263577326 77.3859529540763,23.2180530985069 77.3850468108728,23.2196771709137 77.3849637104208,23.2197766391291 77.3848177153225,23.2199513908514 77.3845181711927,23.2197071202764 77.3842769959968,23.2195104473336 77.3839454790294,23.2192401024687 77.384041126251,23.2191854094757 77.3841006198756,23.2191513891845 77.3841454386218,23.2190975274894 77.3841954280707,23.2190230714597 77.3842574845888,23.2189058433126 77.3843229879427,23.2185858407157 77.3843365920294,23.2183594162491 77.384354016651,23.2180693992232 77.3850439703999,23.2166433584721 77.3851496518032,23.2164244169982 77.3853572605502,23.2162713435069 77.3854520687453,23.2162127278259 77.3855292187568,23.2161907824385 77.3856469654327,23.2161572881004 77.385958862296,23.216068566164 77.3860760798641,23.2160511391204 77.386196744268,23.2160432185617 77.3862656962543,23.2160479713923 77.3863415428103,23.2160923286596 77.3863915322593,23.2161287653586 77.3865570163076,23.2162190649252 77.3866001102884,23.216226986299 77.3866945106484,23.2162302596962 77.3867828321088,23.2162333225721 77.3870775998963,23.2162032230018 77.3877650069213,23.2159965232512 77.3881997852307,23.2158657876877 77.3887031310473,23.2157754878823 77.3888203486154,23.2157612301865 77.3889481366596,23.2157625205617 77.3891001316056,23.2157640561329 77.3892254995884,23.2157427191214 77.3892672757407,23.2157245886444 77.3892939655861,23.2156936609063 77.3892947857479,23.2156114210917 77.38926979821,23.2155487077813 77.3889603088316,23.2151843329827 77.3888848341781,23.2151196554171 77.3888419971155,23.2151121566746 77.3887991600528,23.2151205932759 77.3887644823879,23.2151430895008 77.3886816370575,23.2152443063671 77.3886227120664,23.2152855663294 77.3885249070915,23.215328087763 77.3883234562958,23.2153462810378 77.3875524233043,23.2154506613646 77.3863529298549,23.2151694007253 77.385591372293,23.2146570334838 77.3854674748524,23.2147510962234 77.3851119441208,23.2147882267771 77.3847750363634,23.2145026106146 77.3842087680527,23.2140225509802 77.3842638707122,23.213971206083 77.3847627617833,23.2135063362193 77.3849801720484,23.2133102048156 77.3851202211978,23.2131986542032 77.3853856491098,23.2130368455465 77.3862246118047,23.2125869660733 77.3866927777982,23.2123454766767 77.3869223269977,23.2122127841756 77.3864376993767,23.2121173491554 77.3829259648438,23.211425799674 77.3822441776791,23.2112609052401 77.3818973040119,23.211079519972 77.3815982746168,23.2106782737486 77.3812872841537,23.2101396125743 77.3807521119248,23.2088283316228 77.3805071476351,23.2081281414852 77.3795527640025,23.2083355419781 77.3792401601651,23.2084216262362 77.3791341679447,23.2084508144228 77.3786654036733,23.2085646460604 77.377988125153,23.2087116179722 77.3779410291776,23.2086541548421 77.3779239710687,23.2086394001887 77.377873802855,23.2085951353932 77.3778537353899,23.2085813029512 77.3778005560234,23.2085610149818 77.3777363399552,23.2085462603181 77.3776781443962,23.2085416492274 77.3776179420008,23.2085315056528 77.3775697177414,23.208520359774 77.377540540461,23.2085069516933 77.3774842708899,23.2084667282689 77.3767050488563,23.2074340498909 77.3765814613344,23.207336153563 77.3764556244311,23.207261690978 77.3762229131618,23.2071840604134 77.3759367647095,23.2071048445952 77.373573345706,23.206626778703 77.3726548901932,23.2064213124946 77.3719976962061,23.2062727825684 77.3717068073441,23.2061836643683 77.3708960885799,23.2059262120985 77.3699722467687,23.2056464803069 77.3693581584405,23.205459810755 77.3696725921461,23.2046943011227 77.3701927562215,23.2034279193782 77.3702195781192,23.2033626185337 77.3715785476844,23.2037865021027 77.3731966749209,23.2030468877989 77.3772234441488,23.2005874187478 77.3796702465736,23.1982513806088 77.3785503914691,23.1958839862041 77.3775158143328,23.191330766359 77.3774796014471,23.1913366727831 77.3769408359571,23.1914387201935 77.3763217952167,23.1915356257329 77.3757265867808,23.1916226035101 77.3756809999751,23.191630039164 77.3751737366055,23.1916959303522 77.3746180648219,23.191771864791 77.3740405990112,23.1918518295438 77.3734079694555,23.1919643277369 77.3730821738581,23.1920134475089 77.3726650169014,23.1920593973146 77.3719031036067,23.1921560513849 77.3716428113632,23.1922035857012 77.3712980541269,23.192268549322 77.3709791539976,23.1923446048166 77.3708539072874,23.1924557327258 77.3707309288234,23.1925648482649 77.3706740439063,23.1926345653736 77.370655081369,23.1926615011441 77.3706275012931,23.192688437735 77.3705913018821,23.1927169580481 77.370403409359,23.1928088579861 77.3702689531205,23.1928294563391 77.3701896597287,23.1928484701371 77.3701051938375,23.1928849131734 77.3700431373193,23.192927693578 77.369736303361,23.1931320914077 77.3696863139121,23.1931732871851 77.3695846102489,23.193222406513 77.3691433209504,23.1934062048056 77.3688860488429,23.1934772417916 77.3687072023547,23.1935266244104 77.3681883426331,23.193664473872 77.367135109285,23.1939322488484 77.3667019721977,23.1940614015145 77.3651415275823,23.1951132164992 77.3644763278093,23.1953401922912 77.3642073632301,23.1954317642743 77.3641831581248,23.1954400047754 77.3641648010519,23.1954406537768 77.3641450309292,23.1954322167588 77.3641323215645,23.19541923673 77.3641203182757,23.1954010655134 77.3639424796972,23.1951666642763 77.3639332117784,23.195154448823 77.3639085000233,23.1951375747503 77.3638894359763,23.1951297875418 77.3638731962326,23.1951278405332 77.3633760685544,23.1951424777768 77.3633114266848,23.1951622830952 77.3632602514597,23.1951870401519 77.3632306241233,23.1951994190915 77.3629633205291,23.1952923709197 77.3623928013905,23.195250998269 77.3622232857031,23.1946844717448 77.3607930815325,23.1945582096549 77.3605318200069,23.1945780158855 77.3596473082354,23.1946969844953 77.3594948542502,23.1944740354124 77.3594733072598,23.1939665125392 77.3590073457321,23.1940209788754 77.3575959954026,23.1939046197366 77.3569441886122,23.1938055905323 77.3560876818198,23.1938798624424 77.3558035060678,23.1938868677754 77.3553846998043,23.1938971924663 77.3536797665653,23.1940828716241 77.3536878469113,23.1939962216027 77.35348045376,23.1937857841872 77.3532164990851,23.19351840526 77.3529713982514,23.1932114137664 77.3528313410171,23.1929861213001 77.3526885897353,23.1928425282739 77.3524434889016,23.1924241258153 77.3523384453022,23.1922755803367 77.3521606794873,23.1918150889653 77.3519775273739,23.1913446922418 77.3517755214193,23.1907876417632 77.351721653045,23.1906712798111 77.3515250333889,23.1903444757527 77.3513499616214,23.1901365089678 77.3509269260895,23.1894859914802 77.3508217145051,23.1889869605931 77.3507501708793,23.1887432469463 77.3504943360762,23.1880764422565 77.350417702596,23.1878767054805 77.3505328333778,23.1878162838207 77.3499009027114,23.1861826021651 77.3498066335055,23.1858755938331 77.3496342548872,23.1854918326338 77.3494726497643,23.1852590994139 77.3489824480969,23.1848456253565 77.3489366591702,23.1848134386106 77.3488693241515,23.18477382408 77.3488073754312,23.1847490650956 77.3487588942536,23.1847416373168 77.3487131062252,23.1847416373168 77.3486700113461,23.1847540172231 77.348643077159,23.1847688727789 77.3485945959814,23.1847985830598 77.3485568874007,23.184823342035 77.3485137934199,23.1848406732323 77.3483252541098,23.1848580044274 77.3482202105103,23.1848505766547 77.3481178609584,23.1848307698092 77.3480720729301,23.1848159142603 77.3479616430322,23.184756492874 77.3479400951435,23.1847342095376 77.3479158541055,23.1846450778066 77.3479158541055,23.1845955597856 77.3479158541055,23.1844767159649 77.3479104678071,23.1844445291303 77.3478970002644,23.1844073909735 77.3478485190868,23.1843628250065 77.347697687459,23.1843306381445 77.3475959846941,23.1843189518459 77.34753737591,23.1843189518459 77.3474701477908,23.1843332128955 77.3474218822089,23.1843474739437 77.3467668423818,23.1845772376342 77.3457446368436,23.184951197135 77.3451430350978,23.1851207466556 77.3435579056767,23.1855933436292 77.343183521104,23.1856923789143 77.34256134165,23.185949870147 77.3418395057933,23.1862717328716 77.340363512696,23.1868535615834 77.3397009324105,23.1871407603416 77.3390679794613,23.1873635870521 77.3384242530169,23.1875492752812 77.3375812128688,23.1878216181563 77.3372283752865,23.1878760869951 77.3367826689718,23.187895298851 77.3367154417508,23.1879111449556 77.3364844534502,23.1880188934619 77.3357764552422,23.188054656573 77.3354329439692,23.1880886129403 77.3348761609695,23.1880949505474 77.3340590857265,23.1881424871328 77.3339453158924,23.1881599169897 77.333748804034,23.1879998789774 77.3324350709317,23.1882296950226 77.3325376495539,23.1885051553486 77.3326657268556,23.1888490881437 77.3327411431186,23.1890372507078 77.3328892806989,23.1893095897276 77.3330368801882,23.18963827817 77.3331297668869,23.189831596346 77.3332196011103,23.1900185618637 77.3333350948114,23.1902704991431 77.3333816374246,23.1904622243935 77.3334885126889,23.1908900405276 77.3335433018364,23.1911321186238 77.333693642984,23.1917963722811 77.333760870205,23.1920562281922 77.3338677454692,23.1923034079581 77.3339522113605,23.1926504100908 77.3339832391704,23.1927676612707 77.3340768714708,23.1929347707982 77.3341900933325,23.1931368442274 77.334465899481,23.1936850720932 77.3345658792771,23.1938862988604 77.3346365542321,23.1940780189272 77.3347244678574,23.1943632221238 77.3347710095723,23.1945612796332 77.3348312344255,23.1947067525977 77.3352163933918,23.1954321350143 77.3358088080672,23.1983401019898 77.3361510086982,23.199672940195 77.3362567583735,23.2005027702382 77.3363664821956,23.2013637788457 77.336318001018,23.201722738656 77.3365502388751,23.2019096132373 77.3365740909425,23.2019288065638 77.336362907799,23.2021443312648 77.336058678955,23.2024548162485 77.3362948155005,23.202673947396 77.3365947764486,23.2029523057395 77.3368223161168,23.2031836218943 77.336870582597,23.2032691769247 77.3368937411651,23.2033261667942 77.33692401978,23.203400678634 77.336992970868,23.2034846490997 77.3371584549163,23.203663680839 77.3372621645176,23.2037273723439 77.3374231893289,23.2038262629207 77.3375376876967,23.2038965801836 77.3376256004237,23.2039979781301 77.3378514171232,23.2042974190852 77.3380634123437,23.2045473115825 77.3382358215046,23.2047505406999 77.3387839860674,23.2046047814323 77.3388080258827,23.2047383954764 77.3389305075784,23.205419129009 77.3384080923249,23.2054236840639 77.3383461436046,23.2054236840639 77.3382815017351,23.2054311106939 77.3381926188276,23.2054806209995 77.3381683777897,23.2055152780373 77.3381414445008,23.2055944939722 77.3381306701073,23.2056662840692 77.3381198966121,23.2057455007401 77.3380902692757,23.2060103799558 77.3380660282378,23.206158909348 77.3380390940506,23.2062158459703 77.3380040795175,23.2062678320634 77.3379529051907,23.20631239073 77.3379259710035,23.2063321943936 77.3378640222832,23.2063792291148 77.3377401248426,23.2065079544625 77.337707804357,23.2065673670088 77.3376862564683,23.2066317291947 77.337691643665,23.2067307488979 77.3377508983378,23.2069560182017 77.3377562855346,23.2070302828058 77.3377562855346,23.2071144499677 77.3377482051886,23.2071763366544 77.3377239641506,23.2072481259017 77.337691643665,23.2073298160423 77.33755427958,23.2075377569085 77.3374788633169,23.2076961871591 77.3374680898218,23.2077357940732 77.3374769561936,23.2078917934504 77.3374869436629,23.2080675068844 77.3374869436629,23.2082011818651 77.3374842505137,23.2082680193053 77.337462702625,23.2083348575376 77.3373819000635,23.2086096332836 77.3370874646527,23.2104054614268 77.3369732681188,23.2106409637214 77.336172556587,23.2114118189165 77.3361375420538,23.2116469817663 77.3362345044089,23.2120380949819 77.3362991471768,23.2123326658866 77.3363238283892,23.2125009588024 77.3365198264112,23.2127478448298 77.3365286514605,23.2127782622069 77.3365396836706,23.2128076657475 77.3365385805394,23.2128421392544 77.3365330648836,23.212861403663 77.3362649815516,23.2131868697056 77.3360011077251,23.2135878334738 77.3359449082226,23.2136732291092 77.3359328420517,23.2137350145131 77.3359328420517,23.2137809568522 77.3359397375199,23.2138316520849 77.3359483559567,23.2138744266111 77.3360173016547,23.2141030341 77.3360362695819,23.2141659247645 77.336039717316,23.2142102826568 77.3360414402847,23.2142546413599 77.3360242025127,23.2143116727771 77.3360000701709,23.2143576157435 77.3359724891968,23.2143908843227 77.3358759571347,23.2144796007687 77.3358052821797,23.2145192064975 77.3356811691434,23.2145540593311 77.3356251115747,23.2145769354197 77.3355986346301,23.2146032971163 77.3355743630494,23.2146367555184 77.3355633308394,23.2146651448343 77.3355556089212,23.2147158397315 77.3356053225873,23.2152732932731 77.3355984271192,23.2153208201942 77.3355536092714,23.2153841882953 77.3355329237653,23.2154047831693 77.3355001711901,23.2154269623244 77.3354382036052,23.2154643164218 77.3353398596411,23.2155235986722 77.3353191741351,23.2155616198089 77.3353105547999,23.2156107300839 77.3353088309329,23.2156535040405 77.3353088309329,23.2157041985625 77.3353053831988,23.2157438039283 77.335281250857,23.2157976669758 77.335243327579,23.2158261823581 77.3351588616878,23.2158182617861 77.3350847389987,23.2157834092824 77.3349795876015,23.2157485567696 77.3348968464756,23.2157342982453 77.3348175521854,23.2157247933873 77.3345214917223,23.2157040994934 77.3344460754593,23.2157189516101 77.3343841276373,23.2157709331802 77.3343706600945,23.2157956864197 77.3343598865993,23.2158427178096 77.3343491131041,23.2159169774742 77.3343437259074,23.2159788600838 77.3343383396089,23.2160357925216 77.3343194848694,23.2160927249351 77.3342925506823,23.2161496573243 77.3342629233459,23.2161991636582 77.3341740404384,23.2163229294128 77.3341201720641,23.2163823367691 77.3340447566993,23.2165036264654 77.3340259028582,23.2165853117726 77.3339881951758,23.2167561082377 77.3339316336523,23.2169194776679 77.3338966191191,23.2170481936863 77.3338939250716,23.2170952246352 77.3338723780812,23.2172734455945 77.3338746409374,23.2174420625122 77.3338729170704,23.2174769145831 77.3338505076972,23.2175434501796 77.3338349937923,23.2175640447207 77.3338091366852,23.2175878077758 77.3337574233692,23.2176194912924 77.333522233648,23.2177338500834 77.3334495114325,23.2177833558301 77.3334225772454,23.2178105837354 77.3333983362074,23.217837811635 77.333376789217,23.2178625644914 77.3333202276935,23.2179368230331 77.3333040670015,23.2179615758712 77.3332906003571,23.217991279601 77.3332798259635,23.2180308834631 77.3332717456176,23.2180630622116 77.3332717456176,23.2180927659189 77.3332717456176,23.2181348456092 77.3332717456176,23.2181868262391 77.3333013738523,23.2182536586836 77.3333336943379,23.2183056392673 77.3335126450307,23.218497126997 77.3335436737389,23.2185398992037 77.3335574637768,23.218569999073 77.3335609115109,23.2185921768769 77.3335626353779,23.2186270286478 77.3335342198689,23.2187817158806 77.3334904386769,23.2188851779805 77.3334247323037,23.2192068350972 77.3334316268735,23.2192496070766 77.3334402462087,23.219268617116 77.3334557601136,23.2192923798679 77.3335005788598,23.2193303999319 77.3335385021379,23.2193446572467 77.333581597017,23.2193557460848 77.3336229680291,23.2193636672726 77.333674681345,23.2193747561091 77.333693642984,23.219384261533 77.3337315662621,23.2194080234387 77.3337401846989,23.2194222815708 77.3337436324329,23.2194428758222 77.3337453563,23.2194713904263 77.3337332901291,23.2194999050243 77.333712604623,23.2195379250292 77.3333090481598,23.2198876005842 77.3332299443125,23.2199561435429 77.3332264965784,23.2199878264976 77.3332264965784,23.2200321824566 77.3332402866163,23.2200797076843 77.3332995035599,23.2201595333198 77.3334629789753,23.2203799042979 77.3334979935084,23.2204813896263 77.3335195404988,23.2205581216997 77.3335276208448,23.2206150521856 77.3335249267972,23.2206744576329 77.3334899131624,23.2207561403893 77.3333229208427,23.2210927708272 77.3332178781416,23.2212982144719 77.3331963302528,23.2213600945882 77.3331263011866,23.2215828642555 77.3330832072057,23.2216843478441 77.3330589661678,23.2217437536413 77.3330320319806,23.2217883071462 77.3329997105967,23.2218056335511 77.3329431490732,23.2218105843059 77.3328339705285,23.2217882873333 77.3327249824266,23.2217660299828 77.3326845806967,23.2217635550174 77.3326307132207,23.2217858321812 77.33259300464,23.2218675134323 77.3325849242941,23.2219120677215 77.3325876183416,23.2219566211703 77.332601084986,23.2220036503908 77.3329762897206,23.2228687446972 77.3330915723177,23.2231992840028 77.3331977828287,23.2235589396825 77.3332115135778,23.2236172516474 77.3332449246182,23.223999219319 77.333187996582,23.2273453993094 77.3322705112497,23.2311043059557 77.3320004076067,23.2315069213668 77.3313433348921,23.2315840012341 77.3306612656565,23.2314863553915 77.3150982587863,23.2278913198926 77.3110748348844,23.2287519712076 77.3110187629427,23.2302462502772 77.3107789145585,23.2305485513073 77.3107188621817,23.2329523034525 77.3127131481636,23.2361224812006 77.3136005677816,23.2411091059512 77.3169238213949,23.2449527793569 77.316370832879,23.2516275933598 77.3202199503781,23.2507074416757 77.323899755209,23.2511484356444 77.3365163211849,23.2503725878288 77.3407433203982,23.2512147604975 77.3459633424793,23.2535500240157 77.3478984824846,23.253962796001</coordinates></LinearRing></outerBoundaryIs></Polygon></MultiGeometry>
  </Placemark>
  <Placemark>
	<Style><LineStyle><color>ff0000ff</color></LineStyle><PolyStyle><fill>0</fill></PolyStyle></Style>
	<ExtendedData><SchemaData schemaUrl="#bhopal_wards">
		<SimpleData name="objectid">56</SimpleData>
		<SimpleData name="townname">Bhopal</SimpleData>
		<SimpleData name="towncensuscode2011">802312</SimpleData>
		<SimpleData name="town_lgd_code">250946</SimpleData>
		<SimpleData name="ward_lgd_code">32952</SimpleData>
		<SimpleData name="ward_lgd_name">Swami Vivekananda Ward</SimpleData>
		<SimpleData name="sourcewardcode">25</SimpleData>
		<SimpleData name="state">Madhya Pradesh</SimpleData>
	</SchemaData></ExtendedData>
      <MultiGeometry><Polygon><outerBoundaryIs><LinearRing><coordinates>77.3893793306909,23.2246442367832 77.38890158147,23.2237239080916 77.3886214661031,23.2235184681787 77.3864371046919,23.222481364065 77.3858391662759,23.2228897718213 77.3854917158903,23.2231521412802 77.3852250671679,23.2232115455989 77.3851334911112,23.2232560994396 77.3849341783058,23.2234491634347 77.3845624868823,23.2239243970122 77.3842232156574,23.2235912268941 77.3839771967455,23.2233519623808 77.3837973710936,23.2231552782952 77.3834586810787,23.2227588671669 77.3832944573666,23.2228609037939 77.3824845354081,23.2233316857354 77.3817895043812,23.2237514121626 77.3817067623571,23.2237939928154 77.3815710655452,23.2238355605343 77.3815379689151,23.2238386017721 77.3814273476761,23.223893234247 77.3812070493274,23.2240787421206 77.3807776914525,23.2244402941327 77.3828646916566,23.2278904820092 77.3830502898825,23.2284251991862 77.3873300282877,23.2302824090528 77.3875185684962,23.2314246978948 77.3887039152766,23.2314844295496 77.3889458971595,23.2328707866479 77.3891781709493,23.233797303525 77.3892347396594,23.2339778679693 77.3892838559459,23.2340580385934 77.3893975054057,23.2341911683451 77.3894918527651,23.2342638890509 77.3898924447879,23.2345195342471 77.3901694115597,23.2349309296525 77.3906104726861,23.2353620802254 77.3909382760181,23.2362521486097 77.3911867239745,23.2366294303864 77.3917921309839,23.2372304187722 77.3926173431668,23.2378843968299 77.3931629924468,23.2386323845809 77.3938541490399,23.238910418704 77.3940831233176,23.2389180902763 77.3945218461293,23.239144177768 77.3950637674009,23.239507042678 77.3952652325696,23.2396506779971 77.395341430367,23.2397933242997 77.3956116382145,23.2400840460966 77.3959874043962,23.2403441687984 77.3961594434512,23.240469934457 77.3965749924235,23.24058469464 77.3972385851104,23.2406242645609 77.3980459819046,23.2412133596575 77.3987447220753,23.2403603900286 77.3963409489527,23.2381990588164 77.3958857142077,23.2378444629032 77.3957535441816,23.2377756096834 77.3952984531671,23.2376658905259 77.3951902268366,23.2376331931726 77.3950692749719,23.2375757069931 77.3949107537653,23.2374768248954 77.3947937320298,23.2373614479102 77.3944929248687,23.2370317179377 77.3944404434932,23.2369612678882 77.3943408302096,23.2367929183023 77.394106741823,23.2363297399911 77.3938574988576,23.2357889824543 77.3934471610122,23.2348753053672 77.3932733136485,23.2345342934704 77.393245979711,23.2344950486259 77.3931580849504,23.2343640513428 77.3923332680262,23.2336589382796 77.3941522378989,23.2317648311744 77.3887914776605,23.2274871886837 77.3880932486312,23.2269965118301 77.3889575195627,23.2260978418035 77.3893793306909,23.2246442367832</coordinates></LinearRing></outerBoundaryIs></Polygon></MultiGeometry>
  </Placemark>
  <Placemark>
	<Style><LineStyle><color>ff0000ff</color></LineStyle><PolyStyle><fill>0</fill></PolyStyle></Style>
	<ExtendedData><SchemaData schemaUrl="#bhopal_wards">
		<SimpleData name="objectid">57</SimpleData>
		<SimpleData name="townname">Bhopal</SimpleData>
		<SimpleData name="towncensuscode2011">802312</SimpleData>
		<SimpleData name="town_lgd_code">250946</SimpleData>
		<SimpleData name="ward_lgd_code">32951</SimpleData>
		<SimpleData name="ward_lgd_name">Rani Kamlapati Ward</SimpleData>
		<SimpleData name="sourcewardcode">24</SimpleData>
		<SimpleData name="state">Madhya Pradesh</SimpleData>
	</SchemaData></ExtendedData>
      <MultiGeometry><Polygon><outerBoundaryIs><LinearRing><coordinates>77.3977105258247,23.250521082729 77.397596637413,23.2504513223768 77.3974428871589,23.2502821545476 77.3973650625125,23.2501653062849 77.3973555718116,23.2501129865037 77.3973479792508,23.2500693866703 77.3973650625125,23.2499978820874 77.3973935346155,23.2499333542732 77.397463766701,23.2498409216597 77.3975131183461,23.2497903457485 77.3975434885892,23.2497641857869 77.3976232113758,23.2497432569886 77.3976573778993,23.2497153530195 77.3977238128061,23.2496229210803 77.3978206188544,23.2495706002609 77.3979269156036,23.2495426962557 77.3980184799822,23.2495533690762 77.3980661014721,23.2495373619086 77.3982766962191,23.2493961638164 77.4045628819985,23.2466277388162 77.4047140693592,23.2463744262511 77.4046784951756,23.2460393997489 77.4044028013166,23.245802429618 77.4039581334543,23.2455082585885 77.4036201854478,23.2452631161187 77.4033000240839,23.2450261437833 77.4029265027921,23.2448463718129 77.4026952755397,23.2446665996002 77.4025263015364,23.2445276851805 77.4022772867431,23.2441926540399 77.4020104862053,23.2440148420996 77.4017998914583,23.2438893274033 77.4016063718883,23.2436016893529 77.4015209951053,23.2433977277957 77.401447002672,23.2432408338875 77.4013502424378,23.2430421015589 77.4012591748276,23.2429375050866 77.4011801653034,23.242792320712 77.4011768065025,23.242730601581 77.4012171094177,23.242665796215 77.4013951114896,23.2425331000047 77.40174439893,23.2422646209723 77.4009617264673,23.2417871588645 77.4028538533402,23.2388146321452 77.4018627393923,23.2380739868615 77.4011465799899,23.2375388089471 77.4009416661887,23.2380715386124 77.4008541675851,23.2382402159345 77.4004840113824,23.2386801244036 77.3988803775647,23.2402293390727 77.3987447220753,23.2403603900286 77.3980459819046,23.2412133596575 77.3972385851104,23.2406242645609 77.3965749924235,23.24058469464 77.3961594434512,23.240469934457 77.3959874043962,23.2403441687984 77.3956116382145,23.2400840460966 77.395341430367,23.2397933242997 77.3952652325696,23.2396506779971 77.3950637674009,23.239507042678 77.3945218461293,23.239144177768 77.3940831233176,23.2389180902763 77.3938541490399,23.238910418704 77.3931629924468,23.2386323845809 77.3926173431668,23.2378843968299 77.3917921309839,23.2372304187722 77.3911867239745,23.2366294303864 77.3909382760181,23.2362521486097 77.3906104726861,23.2353620802254 77.3901694115597,23.2349309296525 77.3898924447879,23.2345195342471 77.3894918527651,23.2342638890509 77.3893975054057,23.2341911683451 77.3892838559459,23.2340580385934 77.3892347396594,23.2339778679693 77.3891781709493,23.233797303525 77.3889458971595,23.2328707866479 77.3887039152766,23.2314844295496 77.3875185684962,23.2314246978948 77.3873300282877,23.2302824090528 77.3830502898825,23.2284251991862 77.3828646916566,23.2278904820092 77.3807776914525,23.2244402941327 77.378901692034,23.2260200182837 77.3769812439752,23.2276105980912 77.37567271122,23.2307105409902 77.3765413569469,23.2327213318893 77.379351581803,23.2378733202615 77.3786347387827,23.2398620097421 77.3733417878736,23.2423613319914 77.3665655145127,23.2412680419749 77.3576728301055,23.2366023392159 77.3573028499726,23.2456417797067 77.3556652463625,23.2474566679765 77.3619774392677,23.2475028801653 77.3650157742223,23.244423607398 77.3862975541075,23.2469720180344 77.3917028626991,23.2479259839549 77.3918929309419,23.2480098116951 77.3919937695275,23.2480397868902 77.3923289120953,23.24804523685 77.392812347652,23.2481188133478 77.3929814016054,23.248186939026 77.3931118998667,23.2482468901552 77.3931949437248,23.2483422663335 77.3932868853958,23.2484621684254 77.3933639976781,23.2488218732291 77.3933966217943,23.2489063491477 77.3934678025008,23.2489908250129 77.3938908083883,23.2493960020443 77.3940669069301,23.2494641270701 77.394238370165,23.2495663149562 77.3944330054427,23.2497110817507 77.3946091030861,23.2499026837212 77.3945627616955,23.2499835826519 77.3948732500004,23.250234794417 77.3950563877408,23.2504651562585 77.395119550085,23.2505088748144 77.3953739026678,23.2505298026672 77.3958059635734,23.2505106699747 77.3959650579052,23.2508220304555 77.3960866583536,23.2509773555193 77.3968933724282,23.2516804003309 77.3979551505513,23.2522771677495 77.3983826174725,23.2523667182045 77.3982445338369,23.2521217641406 77.3982214399476,23.2519926238746 77.3982117902448,23.2516465839312 77.3982197502166,23.251546107774 77.398242160488,23.2514579549195 77.3983927271127,23.251128809477 77.3984018072836,23.2511048584342 77.398227330201,23.250977799562 77.3981194640949,23.2509188532963 77.397994337759,23.250816166279 77.3978645006577,23.2506831381286 77.3978578127004,23.250666167076 77.3978606792245,23.2506565120137 77.3978609972281,23.2506494898495 77.3978568577913,23.2506407121439 77.397823737805,23.2505997486844 77.3977105258247,23.250521082729</coordinates></LinearRing></outerBoundaryIs></Polygon></MultiGeometry>
  </Placemark>
  <Placemark>
	<Style><LineStyle><color>ff0000ff</color></LineStyle><PolyStyle><fill>0</fill></PolyStyle></Style>
	<ExtendedData><SchemaData schemaUrl="#bhopal_wards">
		<SimpleData name="objectid">58</SimpleData>
		<SimpleData name="townname">Bhopal</SimpleData>
		<SimpleData name="towncensuscode2011">802312</SimpleData>
		<SimpleData name="town_lgd_code">250946</SimpleData>
		<SimpleData name="ward_lgd_code">881938</SimpleData>
		<SimpleData name="ward_lgd_name">Badbai Ward</SimpleData>
		<SimpleData name="sourcewardcode">75</SimpleData>
		<SimpleData name="state">Madhya Pradesh</SimpleData>
	</SchemaData></ExtendedData>
      <MultiGeometry><Polygon><outerBoundaryIs><LinearRing><coordinates>77.3910575579148,23.3197637682607 77.3921577632708,23.3171054674023 77.3922641642246,23.3169393573579 77.3925237836299,23.3164566629515 77.3925961366379,23.3163921731123 77.3927046657006,23.3163140030435 77.3929759461367,23.316146486288 77.393093072975,23.3160689413903 77.393236075785,23.3160076571387 77.3933736312112,23.3159526251964 77.3949901648364,23.3153915998538 77.3962648517666,23.3150535147511 77.3964627578102,23.3149929320736 77.3968074979786,23.3148463627483 77.3972666188355,23.3146143097188 77.3979728895832,23.3142116187222 77.3980205568872,23.3141816006714 77.3980409863734,23.3141690933545 77.3980787219035,23.3141584875844 77.3981036348813,23.3141653414067 77.3981308735973,23.314212869371 77.3987285407221,23.3156421421226 77.398803471895,23.3159005012005 77.3988558598457,23.3161629457743 77.3988732925521,23.316234186321 77.398886367531,23.3162766103838 77.398911685649,23.3163206480415 77.3989593062405,23.3163703275373 77.3990814744242,23.3164753472955 77.3992667285954,23.3166417672765 77.3993021392856,23.316695548308 77.3993348253855,23.3167843484625 77.3993906646635,23.3169869627006 77.3994260753537,23.3170582531276 77.3995468394707,23.3172044413632 77.4002868186011,23.3178695669734 77.4003506591734,23.3179516438829 77.4005973949409,23.3183113532148 77.4006496930601,23.3183689852179 77.4007342415963,23.3184442263664 77.4009446575786,23.3186174545783 77.4010297271377,23.3187099730959 77.4011003302275,23.3188268379354 77.4011952300507,23.3192069463745 77.4012428973546,23.3192482187041 77.4013125679931,23.319249731635 77.4021604958746,23.3190422083504 77.4027491286427,23.3188347400126 77.4028912115779,23.318747193484 77.403719119605,23.3180744291751 77.4039042668766,23.3178709066818 77.4045265253823,23.3169231768006 77.4045551259443,23.3168218696715 77.4048135128611,23.3143939245916 77.4050804607225,23.3124947587995 77.4052001621324,23.311948165921 77.4052300877095,23.3116916636216 77.4052034876956,23.3115176080019 77.4050472104806,23.3104120758917 77.405021674072,23.3101912374788 77.4048344076746,23.3080844564192 77.4046343735221,23.3058545146877 77.4042089502681,23.3010531559356 77.4022645683952,23.3013355431273 77.4026239780522,23.3028582890694 77.4011112977588,23.3029067418156 77.3971583044701,23.3031657559643 77.3957530240571,23.3030833118624 77.3937853246144,23.3028928548023 77.3937414841336,23.3028707000959 77.3937224425445,23.3028520460166 77.393716095947,23.3028316436817 77.3937201958579,23.3025233493257 77.3937250997611,23.3025072552934 77.3939222853558,23.3021447409694 77.3939392491417,23.3021101238895 77.3939494522066,23.3020773020911 77.3939534901339,23.3020476707209 77.3939488054197,23.3020036827892 77.3937372683399,23.3010407628907 77.3935374255285,23.3000666119881 77.3937863100662,23.3000031496436 77.3932973867015,23.2990649687241 77.3933816837094,23.2990258014596 77.3933141223152,23.2989018005895 77.3924119478687,23.2991555594804 77.3914786863233,23.2994052173486 77.3913777489231,23.2993911270054 77.3915680345581,23.2983847196843 77.3929720986523,23.2983153300968 77.3929155506035,23.2977674685693 77.3929390523279,23.2956108323769 77.3929405480229,23.2955848092995 77.3929423230938,23.2955788324068 77.3929491260355,23.2955736706947 77.3929594791192,23.295571496604 77.3929745645277,23.2955709537001 77.3932622643705,23.2955572111354 77.3932824881425,23.2955557391892 77.3932904741654,23.2955522078383 77.3932972780053,23.2955484042102 77.3933005317033,23.2955424273159 77.39330260232,23.295535091511 77.3933028978658,23.2955266698977 77.3931963406051,23.2937754058104 77.3931910513247,23.2937397799392 77.3931874095545,23.29371525074 77.393172552318,23.2936729844992 77.3928127644703,23.2928572209788 77.392801480732,23.292810583091 77.3927947110281,23.2927483986652 77.3928929346179,23.2909294125565 77.3914643554996,23.2910310793532 77.3891408243897,23.2909952761739 77.3881839326608,23.2908326715965 77.3861062875122,23.2904583230405 77.3848972611409,23.2901040980071 77.3835496965866,23.2895567068219 77.382335232713,23.288939285215 77.3792917800562,23.2871964225996 77.3776369350809,23.286150726423 77.3759760219857,23.2849282465976 77.3753150532778,23.2857339284342 77.3763233367257,23.2878440974264 77.3783430809628,23.2900648307413 77.376726744967,23.2921178520946 77.3770490335415,23.2923386767818 77.3766023309951,23.2929761242509 77.3776479071037,23.29371913858 77.3782301294939,23.2939736755153 77.3777293941815,23.295132892253 77.3760223903258,23.2983352735633 77.3760094932132,23.2983958456778 77.3761324321514,23.2993241801163 77.3761433484788,23.3002815623103 77.3741569146708,23.2997469518538 77.3739253945676,23.2996580759677 77.3690755529437,23.2975278891557 77.3689237053213,23.2975017913718 77.3688187910793,23.2975176566402 77.368701128845,23.2975795929667 77.3685098883008,23.2977678753279 77.3669826678762,23.2995224333027 77.3668822694651,23.2995684351942 77.366189804925,23.2996020661674 77.3660735278929,23.2995731693718 77.3651477214661,23.2991178847759 77.3648625674489,23.2990136912215 77.3639399698043,23.2988258916343 77.36364877821,23.2987937447512 77.3630204848222,23.2988238471314 77.3628215277497,23.2988806691196 77.3614897951039,23.2995312927686 77.3614143806375,23.2995590097416 77.3613891370797,23.2995622142636 77.3613654529973,23.2995555296505 77.3613433634244,23.2995334783455 77.3613287891572,23.2995141728279 77.3612843027877,23.299424695319 77.3609876826742,23.2987288527917 77.3609679197379,23.2986918495673 77.3609385430315,23.2986549824679 77.3609187540441,23.2986406494768 77.3608813167547,23.298629972338 77.3608328948659,23.2986260326625 77.3588400803244,23.298656929616 77.3588020025362,23.2986634764887 77.3587927103629,23.2986665993511 77.3587753611998,23.2986808209559 77.3582706310793,23.2997474724641 77.3609944020725,23.3010817842693 77.3621075180158,23.3014525766958 77.3643737950011,23.3015120921584 77.3643387984343,23.3029347435479 77.3665041479008,23.3086201974427 77.3668647954362,23.3106205399352 77.3674875695749,23.3105068605902 77.368719115812,23.3105176464992 77.3695052746363,23.3103235750775 77.3736757841911,23.3093217425782 77.3738934882053,23.309341836194 77.3741952844115,23.3095312544251 77.3742520938701,23.3095799786387 77.3745588999806,23.3098013831874 77.3747004538082,23.3098936413676 77.3748557060455,23.3099062225111 77.3749470305739,23.3098978348072 77.3750703189567,23.309834931549 77.3751844750664,23.3098013831874 77.3752940650395,23.309847512698 77.3753442943386,23.3098978348072 77.3753945227394,23.3099649314732 77.3754538843117,23.31002783467 77.3755086788491,23.3100655764087 77.3755680404214,23.3100697698429 77.3756639310864,23.3100362215406 77.3757141603855,23.3099817060469 77.3757598226497,23.3099188028283 77.3758420149049,23.3098600930208 77.3758922433057,23.309847512698 77.3759607371512,23.3098517061391 77.3760657609877,23.3099020282467 77.3760977248422,23.3099397700212 77.3761479532429,23.3099984797935 77.3762073148152,23.3101536409742 77.376234712533,23.3102207375111 77.3762803747973,23.3102836397618 77.3763351693347,23.3103129945753 77.3764447593077,23.3102878340142 77.3765223854264,23.3101997695376 77.3765771808621,23.3101158992604 77.3766867708352,23.3100697698429 77.3773945390745,23.3098307381074 77.3774904297395,23.3098097708973 77.3776091519858,23.309834931549 77.3776456819768,23.3099188028283 77.3777370074035,23.3099817060469 77.3780201141603,23.3100655764087 77.3784988209853,23.3101743466077 77.3787552262185,23.3103074415645 77.3788109666819,23.31039958472 77.378978188072,23.3105941081246 77.3790785200078,23.3107374415854 77.3791788528419,23.3107988701642 77.3793349261393,23.3109422025793 77.3793349261393,23.3110752975925 77.3794018137971,23.3111879155208 77.3800022854622,23.3119378099428 77.3800657774882,23.3119540067814 77.3801239784371,23.311983160756 77.380185484288,23.3120174757984 77.3805292309197,23.312209257082 77.3806407298127,23.3122714637603 77.3807050851197,23.3123608402294 77.3807176696185,23.3124307991488 77.3807155199501,23.31252322215 77.3806628562165,23.312669430222 77.3805232265803,23.3128181031583 77.3804267753666,23.3129733229218 77.3804322874292,23.313104076278 77.3804570890158,23.3131875899321 77.3805507833,23.313304002592 77.3806444775841,23.3133419636683 77.3807914051336,23.3133458195858 77.3809448508589,23.3132926155045 77.3810794993369,23.3131813366396 77.3811342947726,23.3131394024479 77.3811936554466,23.3131519824593 77.3812250991764,23.313184068124 77.3812311008208,23.3132426403434 77.3812300677583,23.3133381679736 77.3812527574057,23.3133746061429 77.3813389175196,23.313420415975 77.3814381238663,23.3134457236132 77.3816806267722,23.3134659692253 77.381801877776,23.31351152246 77.3818211681984,23.3135494834771 77.3818377025895,23.3136507122528 77.3817302299455,23.3140277880631 77.3817247178829,23.3141391396416 77.381771565025,23.3142024071486 77.3819065952869,23.3143112275863 77.3820939838552,23.3143567797064 77.3822538157038,23.3143567797064 77.3823650810349,23.3143593313243 77.3825910495497,23.3143289626965 77.3827057527334,23.3142960432677 77.3827829135247,23.314275797782 77.3828545613551,23.314275797782 77.3829546184064,23.3143135490396 77.3832241740771,23.3144720702156 77.3832542397913,23.314527329636 77.3832566338016,23.3145691025218 77.3832518457811,23.3146009816036 77.3831897111095,23.3149333186985 77.3831920278646,23.3149524644102 77.3832270962967,23.3150088233043 77.383344456697,23.315053814212 77.383536870441,23.3150920206269 77.3836070082034,23.3151403278477 77.3836303868587,23.3151832678597 77.3836537664122,23.3152396274809 77.3836976024015,23.3153402651239 77.3837165981765,23.315355695161 77.3837762067855,23.3153732618402 77.3838716626659,23.3153782850158 77.3843922516444,23.3152880757161 77.384447365982,23.3153133829988 77.3844813205031,23.3153913383418 77.3844919655392,23.3154181107316 77.3845455042319,23.3155527662095 77.3846189567777,23.3156293577574 77.3846716133247,23.3156536469778 77.3856439192455,23.3158381040054 77.3857082125687,23.3158555485274 77.3857618060586,23.315911638928 77.3858495912248,23.3160432465227 77.3858755678078,23.3160821901627 77.3858928424108,23.316101915652 77.3859693653983,23.3161532748364 77.3860113382816,23.316165182225 77.386223586827,23.316187184575 77.3863518896058,23.316185372151 77.3864669880482,23.3161783740659 77.3871284526262,23.3161381575496 77.3871555422219,23.3161557785724 77.3871939191492,23.3162158995708 77.3872029490144,23.3162635810684 77.3871916616828,23.3163402868753 77.3871329675588,23.3163879683282 77.3870336381429,23.3164273581666 77.3869704290862,23.3164854051125 77.3869659132553,23.3165600376878 77.387020093345,23.3166927170766 77.3870629852049,23.3167341791007 77.3871149078283,23.3167673495356 77.3871972168645,23.3167677364373 77.3873382074484,23.3167115903012 77.3876495078303,23.3164116964423 77.3877266533503,23.3163879485293 77.3877782049695,23.3163831176059 77.3878118702331,23.3164043725128 77.3878392239335,23.3164497820239 77.3878413286862,23.3164806979355 77.387832911472,23.3165377004691 77.3876212890523,23.3170818144824 77.3876389256763,23.3172049058087 77.3876830176854,23.3172583525087 77.3877941276079,23.3172939844551 77.3878717285737,23.3173020821359 77.3879951849415,23.3172567331371 77.3881433324032,23.317213003495 77.3881680234972,23.3172146228672 77.3881962413768,23.3172405369445 77.3885842462059,23.3177944442916 77.388612464984,23.3178721853442 77.3886424471549,23.3180098518519 77.3886301016079,23.318226879248 77.3886336292921,23.3182479342242 77.3886653748559,23.3183030006888 77.3886971204197,23.318332153271 77.3887323936677,23.318349969514 77.3887817767538,23.3183483501556 77.3888311589416,23.3183467299723 77.3888712821937,23.3183005712379 77.3888732252497,23.3182267315835 77.3888757944314,23.3181677631131 77.3888860684633,23.3181300236743 77.3889143222756,23.3180946427345 77.3889400069062,23.3180804908509 77.3890427472253,23.318071055986 77.3891155484926,23.3180920474664 77.3891527513217,23.3181084968125 77.389201379823,23.318153360455 77.3892128054951,23.3181817755723 77.3892583680463,23.3183437766849 77.3894831094624,23.3193845094464 77.3895146708716,23.3194669318925 77.3895315250629,23.3195042180632 77.3895595498049,23.3195338933897 77.3896001141298,23.3195533279903 77.3897129874453,23.3195695239012 77.3898258616591,23.3195727625881 77.3899810635907,23.3195824802984 77.3901256842666,23.3196019157168 77.3902456129503,23.3196181116217 77.3903514317958,23.3196666984996 77.3904995792575,23.3198383750723 77.3905560168135,23.3198837231904 77.3906441990351,23.3199420284801 77.3907535464631,23.3199614630211 77.3908452563687,23.3199387889772 77.3909440216427,23.3198902013739 77.3910575579148,23.3197637682607</coordinates></LinearRing></outerBoundaryIs></Polygon></MultiGeometry>
  </Placemark>
  <Placemark>
	<Style><LineStyle><color>ff0000ff</color></LineStyle><PolyStyle><fill>0</fill></PolyStyle></Style>
	<ExtendedData><SchemaData schemaUrl="#bhopal_wards">
		<SimpleData name="objectid">60</SimpleData>
		<SimpleData name="townname">Bhopal</SimpleData>
		<SimpleData name="towncensuscode2011">802312</SimpleData>
		<SimpleData name="town_lgd_code">250946</SimpleData>
		<SimpleData name="ward_lgd_code">881944</SimpleData>
		<SimpleData name="ward_lgd_name">Navibag Ward</SimpleData>
		<SimpleData name="sourcewardcode">79</SimpleData>
		<SimpleData name="state">Madhya Pradesh</SimpleData>
	</SchemaData></ExtendedData>
      <MultiGeometry><Polygon><outerBoundaryIs><LinearRing><coordinates>77.4144106363512,23.3324651171955 77.4143630328277,23.3324524326061 77.4143276859179,23.33244842547 77.414273166265,23.3324503531516 77.4141666718864,23.3324541186057 77.414104574944,23.3324386880793 77.4140688031311,23.3324222644279 77.4140412104788,23.3323722329464 77.4140367710047,23.332332831337 77.414092998355,23.3321860955432 77.4141166734543,23.3321507694869 77.4141255515042,23.3321100092754 77.4141137135054,23.3320529449584 77.4140462742821,23.331980376625 77.4139856667465,23.3319224997688 77.4139602111863,23.3318646220625 77.4139577866333,23.3317978408238 77.4139577866333,23.3317366240401 77.4139711203271,23.3316731817618 77.4139686966725,23.3316108521869 77.4138619274094,23.3314938385676 77.4138183896608,23.3314461237661 77.4137747521993,23.3314438974709 77.4137415558562,23.3314563544954 77.4136597920974,23.3314967882633 77.4136388460799,23.3315053362765 77.4136008338687,23.3315053362765 77.4135729052465,23.3315024872138 77.4135449775226,23.3314953637318 77.413441520348,23.331432849305 77.41341421336,23.3314004801699 77.4134132198233,23.3313708470867 77.4134243625261,23.3313533402623 77.413435562721,23.3313357427009 77.4135723797321,23.3312206755104 77.4136160935504,23.331183909815 77.413659978947,23.3311470014085 77.4136654398056,23.3311219264523 77.4136644471672,23.3310913818351 77.4136589854103,23.331067674489 77.4136530277833,23.3310485269746 77.4136455798513,23.3310275556878 77.4136262166653,23.3310125110311 77.413564056841,23.3309659780844 77.4135042685689,23.3309350424464 77.413325340334,23.330842460677 77.4133020047978,23.330831063544 77.4132786692617,23.3308306073947 77.4132602996125,23.330832431167 77.4132518590421,23.3308392692819 77.4132057431286,23.3308760672423 77.412921254763,23.3310814942201 77.412904962917,23.331086480508 77.4128832416534,23.331086480508 77.4128638470264,23.331082918756 77.4126771896868,23.3310094417196 77.4126464996434,23.3309941834216 77.4126268480983,23.3309760677992 77.4126199400538,23.3309585955669 77.4126210791175,23.3309435921455 77.412631773561,23.330913445071 77.4126462023011,23.3308997333795 77.4127463563704,23.3308361034575 77.4127620158025,23.3308291944043 77.4127707609017,23.3308273269141 77.4127793020835,23.3308293816482 77.4128030068272,23.3308429894142 77.4128198475438,23.3308520348619 77.4128346005757,23.3308549029104 77.4128409435799,23.3308561360805 77.4129257247798,23.330857017859 77.4129424002065,23.33085683144 77.4129643873713,23.3308520348619 77.4130449869136,23.3307965322955 77.4130593428901,23.3307787490661 77.4130624456711,23.3307702010062 77.4130577906013,23.3307495431236 77.413037352132,23.3307231293386 77.4127662145281,23.3304166673481 77.412743275149,23.3303907393428 77.4127042361634,23.3303378538841 77.4126881374552,23.3303108972552 77.4126342178769,23.3301753930944 77.4126230599027,23.3301494040019 77.4126002337114,23.3300805597315 77.4125943847806,23.3300248110321 77.4125937694346,23.3299937464956 77.4125981379418,23.3299542270494 77.4126389690664,23.3297565331326 77.412716449658,23.3293782753617 77.4127548661111,23.3291734033647 77.4127603278681,23.3291341954767 77.412763630075,23.3291244248481 77.4127692643085,23.3291077533248 77.4127782016472,23.3290949875772 77.4127990542399,23.329085869421 77.4128297128423,23.3290762381926 77.4130628400315,23.3289990217153 77.4133131510939,23.328916111906 77.4139173319029,23.3287126324122 77.4146919698336,23.3283978468874 77.4155166097897,23.328034642617 77.4158790422776,23.3278799271222 77.4161081387262,23.3277412842795 77.4161590920674,23.3277013253258 77.4161911727028,23.3276761664062 77.4162223074123,23.3276517498763 77.4162677630639,23.3275769659769 77.4163132187156,23.3274326154444 77.4163510988745,23.3271908713608 77.4163943994679,23.3267909933916 77.4164136683307,23.3265819583121 77.4164277575076,23.3264291119773 77.4166945607403,23.3248106077006 77.4167016062271,23.3247678638255 77.4167078126874,23.324710161181 77.4167070365429,23.3246481846969 77.4166922969858,23.3245954685319 77.4165613307022,23.3242777374203 77.4164874649313,23.3240985995433 77.4164533738663,23.3239698986434 77.416415580844,23.3236737604673 77.4163881444985,23.3234587786655 77.416380871738,23.3232784567636 77.416380871738,23.3231359807084 77.4163954181574,23.3228977767559 77.4164063272982,23.3227731093432 77.4164293583055,23.3225805423081 77.4164547545769,23.3223332855586 77.4164612089722,23.3222639843594 77.4164592236954,23.3222010663294 77.4164457974752,23.3219941440687 77.416440115631,23.3218741365991 77.4164420101779,23.321590641434 77.4164476920221,23.3213036661422 77.4164613859403,23.3210238794435 77.4164752729963,23.3207401506606 77.4164584493476,23.319874558206 77.4164475402068,23.3198099966062 77.4164269337525,23.3197231725354 77.4163894515473,23.319577022542 77.416218520115,23.3184144270555 77.4160679579818,23.3176330100717 77.4160211404842,23.3174156517275 77.4159639186989,23.3172556186332 77.4157876952913,23.3168597109505 77.4157550864465,23.3167864512608 77.4156941896534,23.3166056113111 77.415653746601,23.3165263235579 77.4156335066593,23.3164866433657 77.4153086983104,23.316134863507 77.4151762399252,23.3159979127685 77.4151290011176,23.3159036871797 77.41511859683,23.3158272525315 77.4151342032615,23.3156982689114 77.4152534321575,23.315157110018 77.4153100296137,23.3149553212524 77.4153416574982,23.3147871634388 77.4153716217028,23.3143530104396 77.4153866029068,23.3142505868228 77.4154182307913,23.3141298183424 77.4155069861381,23.3139109808772 77.4155709920003,23.3137218864983 77.4156040383247,23.313474840137 77.4156382039499,23.3129825378804 77.4157048634356,23.3126078193627 77.4157466773171,23.3124725867181 77.4157575765764,23.3124416467751 77.4158549907842,23.3122693897648 77.4160077142639,23.311973491164 77.4163791433794,23.3110812993635 77.4166593108485,23.3104973121643 77.4167072197993,23.3103745462737 77.4167152237885,23.3102625167 77.4167036669623,23.3100738172534 77.41664779265,23.3097140361336 77.416629759869,23.309452373301 77.4166360417877,23.3089729995575 77.4167372720388,23.3081244352954 77.4167916892837,23.3077717918056 77.4173457764392,23.3032262829777 77.4142896781982,23.3029098142511 77.4142884699642,23.3028338193038 77.4144280744475,23.3018658842037 77.4144174374962,23.3017591500174 77.4139202747837,23.2999021769724 77.413603040131,23.2987559560857 77.4130262803961,23.2970909182962 77.411325714766,23.2975230261945 77.4111328994751,23.2970561431376 77.410928398899,23.2965194933341 77.4109056086403,23.2964515466575 77.4109417676271,23.2963721338529 77.4108287649542,23.2960584103608 77.4102118038137,23.2960907616991 77.4100099218267,23.2961058573375 77.4096489607792,23.2961174199881 77.4088667922714,23.2961154711526 77.4082472574576,23.2961341921827 77.408291649504,23.2972326565939 77.4076376651974,23.2972704836454 77.4075770396955,23.2971358195571 77.4075702870595,23.2967129000849 77.4078036424209,23.2966984761264 77.4077624753264,23.296166452744 77.4068063768099,23.2961582968458 77.4067197307075,23.2961507671816 77.4063866812142,23.2960769573073 77.406371761994,23.2960680340803 77.4063648548478,23.2960613872453 77.4063580770589,23.2960435069604 77.4063482440998,23.2957923592897 77.4063461061095,23.2957872239885 77.4063434740457,23.2957848073275 77.406338047323,23.2957825408312 77.4063342645174,23.2957817858825 77.4063265345143,23.2957816348927 77.4061155013895,23.2957874154071 77.4050296780612,23.2958382048805 77.4050592506003,23.2961600105333 77.4037927652886,23.296281281302 77.4042089502681,23.3010531559356 77.4046343735221,23.3058545146877 77.4048344076746,23.3080844564192 77.405021674072,23.3101912374788 77.4050472104806,23.3104120758917 77.4052034876956,23.3115176080019 77.4052300877095,23.3116916636216 77.4052001621324,23.311948165921 77.4050804607225,23.3124947587995 77.4048135128611,23.3143939245916 77.4045551259443,23.3168218696715 77.4045265253823,23.3169231768006 77.4039042668766,23.3178709066818 77.403719119605,23.3180744291751 77.4028912115779,23.318747193484 77.4027491286427,23.3188347400126 77.4021604958746,23.3190422083504 77.4013125679931,23.319249731635 77.4012428973546,23.3192482187041 77.4011952300507,23.3192069463745 77.4011003302275,23.3188268379354 77.4010297271377,23.3187099730959 77.4009446575786,23.3186174545783 77.4007342415963,23.3184442263664 77.4006496930601,23.3183689852179 77.4005973949409,23.3183113532148 77.4003506591734,23.3179516438829 77.4002868186011,23.3178695669734 77.3995468394707,23.3172044413632 77.3994260753537,23.3170582531276 77.3993906646635,23.3169869627006 77.3993348253855,23.3167843484625 77.3993021392856,23.316695548308 77.3992667285954,23.3166417672765 77.3990814744242,23.3164753472955 77.3989593062405,23.3163703275373 77.398911685649,23.3163206480415 77.398886367531,23.3162766103838 77.3988732925521,23.316234186321 77.3988558598457,23.3161629457743 77.398803471895,23.3159005012005 77.3987285407221,23.3156421421226 77.3981308735973,23.314212869371 77.3981036348813,23.3141653414067 77.3980787219035,23.3141584875844 77.3980409863734,23.3141690933545 77.3980205568872,23.3141816006714 77.3979728895832,23.3142116187222 77.3972666188355,23.3146143097188 77.3968074979786,23.3148463627483 77.3964627578102,23.3149929320736 77.3962648517666,23.3150535147511 77.3949901648364,23.3153915998538 77.3933736312112,23.3159526251964 77.393236075785,23.3160076571387 77.393093072975,23.3160689413903 77.3929759461367,23.316146486288 77.3927046657006,23.3163140030435 77.3925961366379,23.3163921731123 77.3925237836299,23.3164566629515 77.3922641642246,23.3169393573579 77.3921577632708,23.3171054674023 77.3910575579148,23.3197637682607 77.3900396804596,23.3252316824326 77.3892141224253,23.3277943604947 77.3891686667736,23.3278882749219 77.3889110856456,23.328229149288 77.3888580536029,23.3283317592786 77.388822461453,23.3284490338699 77.38879365877,23.3285439352126 77.3887614604553,23.3286221970733 77.3883299663867,23.3291592576101 77.3882608014997,23.3292565184067 77.3882162432649,23.329351415873 77.3881972061675,23.329424845159 77.3881910967252,23.3295228827898 77.3882004059665,23.3295841443118 77.3882221272301,23.3296689137867 77.3883208736394,23.3298902254836 77.3884295401443,23.3301008572509 77.3885038442931,23.3301847281159 77.3885610049929,23.3302318560652 77.3886315766416,23.3302708871078 77.3895046726225,23.330600667532 77.389552196196,23.3306385362324 77.3895936830907,23.3306758836079 77.3896093847436,23.3306869722551 77.3896408024223,23.3307091602699 77.3897986750453,23.3307505783274 77.389882372877,23.3307696598957 77.3899166265371,23.3307774688781 77.3900079474722,23.3308116305928 77.3906693042523,23.331180185568 77.3911948788807,23.331447935982 77.3919500745737,23.3317102500445 77.3931123274647,23.33198773434 77.3946935222649,23.3324795752173 77.395055117523,23.3326487087149 77.3972758148891,23.3343470454722 77.3974006627473,23.334454516472 77.3980561113078,23.3352808482881 77.3983006048804,23.3355865418589 77.3984334549311,23.3357996935293 77.3988484765924,23.3372266720436 77.3988684524293,23.33727099722 77.3989283790419,23.3373107363666 77.399112142908,23.3373632553022 77.4002973513478,23.3377571256248 77.401028021237,23.3382372253117 77.4017807276984,23.3387318020491 77.4019393872455,23.3389276325522 77.4020086329809,23.3389795223413 77.4020560523498,23.3390150569085 77.402125257661,23.3390377392441 77.4030816382484,23.3393511971786 77.4031815156367,23.3393741236006 77.4032360829003,23.3393741673155 77.4032681680273,23.3392907831178 77.4032925518974,23.3392534678579 77.4033494484925,23.3391974953608 77.4034307298561,23.3391601800746 77.4038737106822,23.3390221140022 77.4042282577586,23.3389109152449 77.4044042889267,23.3388688621514 77.4047312235878,23.3387907605681 77.405174204414,23.3386079157481 77.4056740818353,23.3383541719537 77.4058569644541,23.3382384947052 77.4076347860969,23.336703460796 77.4077273215543,23.3366291570928 77.4077426818474,23.3365998658298 77.4077642494991,23.3365587382858 77.4077242987234,23.3363585104266 77.4077376153492,23.3363172425869 77.4078077055009,23.3362756934676 77.4083418770065,23.3358908019935 77.4084001390409,23.3358342490469 77.4084217794561,23.3357715815937 77.4084201148779,23.3357058572805 77.408345998477,23.3354986929304 77.4083069199656,23.3353894650526 77.4082936033398,23.3353298550535 77.408295267918,23.3352687157826 77.408310249122,23.3352243899379 77.4083551945306,23.3351938206941 77.4089219641012,23.3349347947151 77.4096175062695,23.3346169175888 77.4098047771585,23.3345309404061 77.4099062158187,23.3345022813329 77.4107698022339,23.3342935677026 77.4132406831016,23.3337356510963 77.4144020727116,23.3335133477418 77.4146471061717,23.333484978795 77.4146822635369,23.3334615011836 77.4146833289389,23.3334419366417 77.4146737403215,23.3334204155597 77.4146268644334,23.3334047640866 77.4144553410113,23.3333988944743 77.4143605238331,23.3333861769803 77.4142763597758,23.333371503772 77.41422522228,23.3333460696023 77.414104195855,23.333233896071 77.4140543160005,23.3331601636966 77.4140406139975,23.3330771632764 77.4140482281178,23.3329837787715 77.4140780476937,23.3329178303692 77.4141182580824,23.3328927697698 77.4141920142588,23.332871358304 77.4143121109275,23.3328697201511 77.4144327528735,23.3328616423904 77.4145066761366,23.3328322306932 77.4145349380337,23.3327785832193 77.4144690537941,23.3325529334865 77.4144381337821,23.3324929766011 77.4144106363512,23.3324651171955</coordinates></LinearRing></outerBoundaryIs></Polygon></MultiGeometry>
  </Placemark>
  <Placemark>
	<Style><LineStyle><color>ff0000ff</color></LineStyle><PolyStyle><fill>0</fill></PolyStyle></Style>
	<ExtendedData><SchemaData schemaUrl="#bhopal_wards">
		<SimpleData name="objectid">61</SimpleData>
		<SimpleData name="townname">Bhopal</SimpleData>
		<SimpleData name="towncensuscode2011">802312</SimpleData>
		<SimpleData name="town_lgd_code">250946</SimpleData>
		<SimpleData name="ward_lgd_code">881939</SimpleData>
		<SimpleData name="ward_lgd_name">Chhola Ward</SimpleData>
		<SimpleData name="sourcewardcode">76</SimpleData>
		<SimpleData name="state">Madhya Pradesh</SimpleData>
	</SchemaData></ExtendedData>
      <MultiGeometry><Polygon><outerBoundaryIs><LinearRing><coordinates>77.4227745795688,23.3162511910908 77.4228033912349,23.3162442284821 77.4228249993107,23.3162456210039 77.4228359937915,23.3162529317428 77.4228526737097,23.3162703390875 77.4230167662677,23.3165003532447 77.423045299456,23.3165253162917 77.4230835317545,23.3165417509825 77.4231502451391,23.3165464350588 77.4233662836767,23.3165365117135 77.423739150995,23.3165134468831 77.4237797584391,23.316505319456 77.4238188046112,23.3164804586993 77.4240526252999,23.3162672570613 77.424070521537,23.3162269176536 77.4240786557819,23.3161589381469 77.4240952710214,23.3154750749478 77.4241026012741,23.3154432521729 77.4241202603559,23.3154169376402 77.4241543074035,23.3153902444462 77.4242169442333,23.3153603627798 77.4242940699904,23.3153400531094 77.4257413664059,23.3150660318843 77.4261741270991,23.3149681700295 77.4264734798877,23.3148740443562 77.4266378491268,23.3148136274143 77.4267967278629,23.3147389237367 77.4276991592276,23.3142568516147 77.4283143372123,23.3139521995783 77.4288913853064,23.3137245857978 77.4293565742831,23.313598460309 77.4296626653347,23.3135539696658 77.4297208887415,23.3135374479838 77.429779325049,23.3135095540802 77.4303081255275,23.3132044102977 77.4303707623574,23.3131401647229 77.4304211964724,23.3130774123187 77.4307869859645,23.3124643988206 77.4309669769064,23.312161625279 77.4310114632759,23.3120729136095 77.4311248387496,23.3114884382505 77.431218288692,23.3111337964922 77.4312221020403,23.3110987775091 77.4312106628935,23.3110602581019 77.4288512683425,23.3071978799424 77.4276563266566,23.3063773408369 77.4277690077326,23.3050223872682 77.4280436083419,23.3050294387419 77.4280119544062,23.3039773047331 77.4284808390519,23.303943810996 77.4285547856712,23.303955391116 77.429070312643,23.3042374891622 77.4291568617274,23.3042978135561 77.4292272402383,23.3043788659092 77.4300999697066,23.3054615637563 77.4304049198977,23.305678699087 77.4306478225539,23.3057804569164 77.430882202893,23.3058078533052 77.4311123216244,23.3058195941415 77.4312955644676,23.3058665591265 77.431687618902,23.3060739882994 77.4317941555015,23.3061092115598 77.4318836456701,23.3060857291122 77.4319816599524,23.3059487482229 77.4320434900951,23.3058993552394 77.4320948773226,23.3058788362194 77.4321507327703,23.3058870434978 77.4321887144389,23.3059157706182 77.4321987683835,23.3059393677733 77.4322682000702,23.3060977834303 77.4323254739577,23.3061178222571 77.4323991124548,23.3060902691789 77.4325354794099,23.3060151249914 77.4326091170087,23.3059850679645 77.4326745727518,23.3060051059831 77.4326936646466,23.3060401733336 77.4327018465022,23.3060852596778 77.432699119217,23.3062004798072 77.4326282080051,23.3063081864228 77.4325163875152,23.3064108826372 77.4324096946089,23.3064496566705 77.4322316539095,23.306462481519 77.4321968262259,23.3064841950696 77.4321897618745,23.3065233980888 77.432201980759,23.3065554589525 77.4322683096646,23.3065827108043 77.4327645749602,23.3065511507305 77.4328818500205,23.3065586649559 77.4329691249436,23.3066187795687 77.4330209442608,23.306734000061 77.4330154896904,23.3068266770002 77.4329691249436,23.3069368870183 77.4328709408797,23.3070996979676 77.4328654863093,23.3071748415424 77.4329063964857,23.3072750323594 77.433023671546,23.3075405382369 77.4330754908632,23.3077860050119 77.4331409475047,23.3078361001996 77.4332200396739,23.3078686623503 77.4336947660638,23.3079995362268 77.4337885187385,23.3080778093595 77.4338098258787,23.3081678247253 77.4336947660638,23.3083713356721 77.4336905053544,23.3084456956014 77.433745904458,23.3085239692966 77.4341081285368,23.3086609475335 77.434227449061,23.3087274796984 77.4342615410244,23.3087509616795 77.4343084169125,23.3088135800006 77.434325462445,23.3089857812628 77.4343339856605,23.3092206004314 77.4343979070811,23.3093067012394 77.4346408106356,23.3095023828864 77.4347473472351,23.3095102104433 77.4348410990114,23.309557174125 77.4349092829381,23.3096784970301 77.4349646811433,23.3097841655693 77.4349050213304,23.3099054874423 77.434512966896,23.3101324782921 77.4344746133249,23.3102381456456 77.4345300124285,23.3103672954358 77.4346876865238,23.310437740498 77.4348325766943,23.3104533946763 77.4349305900783,23.3104494817506 77.434968942751,23.3105003580248 77.4349859891819,23.310762569887 77.4349485348244,23.3113891886146 77.4348757066077,23.3116567190338 77.4348155302634,23.3118192395861 77.4348155302634,23.3119327330135 77.4347984847309,23.3119796958396 77.434772915983,23.3120305723533 77.4347303008043,23.312069707739 77.4346919481315,23.3121362390234 77.4346876865238,23.3122066831484 77.4347047320563,23.3122849538048 77.4347643927676,23.3123514841565 77.4348751909747,23.3123984476596 77.4349902498913,23.3124649779545 77.4351095713138,23.3125471621478 77.4352459274891,23.3126483281635 77.4354206578967,23.312731099626 77.4355953775245,23.3127702348056 77.4357487900121,23.312789802391 77.4358766337518,23.312789802391 77.4360769221275,23.3127584937579 77.4361451060542,23.3127271859424 77.4362772114016,23.3125823845186 77.4363283488975,23.3125432484588 77.4364007935336,23.3125432484588 77.4364732381696,23.3125432484588 77.436954783671,23.3127076183478 77.4370954113354,23.312731099626 77.4372062095426,23.3126958772946 77.4372658702539,23.3126332608017 77.4374405898816,23.3124454103212 77.4375130345177,23.3123945339662 77.4376195711172,23.3124023605279 77.4378752585965,23.3125862982065 77.4380073639439,23.312605865819 77.4382246978521,23.3125589032141 77.4383951567705,23.312406274221 77.4385272621179,23.3123045214617 77.4386465826421,23.3122575587503 77.4387659040647,23.3122379910865 77.4389107933369,23.3121871146522 77.4390088067209,23.3121362390234 77.4391025593955,23.3120227449447 77.4391835263487,23.3118035855687 77.4393241549115,23.3111069671406 77.4394136459784,23.3109112870298 77.4395713191754,23.3106295075604 77.439827007553,23.3102851090702 77.439886667366,23.3101442187466 77.4398951905814,23.3100072420375 77.4398824057583,23.3098859194324 77.4398653602258,23.3097685104873 77.4399079745062,23.309611965341 77.4400059887886,23.3094945561541 77.4402446298371,23.3092479961116 77.4402787218004,23.3091149322693 77.4402915066235,23.3089309897888 77.4402574146602,23.3086805157237 77.4401508780608,23.3083087171428 77.4401358788905,23.3082385366037 77.4401258249458,23.308160564692 77.4401229224891,23.3075380335136 77.440205843278,23.3066198100104 77.4384582185035,23.3056107166625 77.4378375985248,23.3051718294247 77.437390752248,23.3047528906683 77.4368024446701,23.3040739503335 77.4353687074255,23.3020777104866 77.430550416431,23.3045268955186 77.4303102203988,23.3040531760978 77.430019186908,23.3037390491271 77.4300005001535,23.3037009104029 77.4300023551745,23.3036736563106 77.4300172213942,23.3036335968934 77.4300932224605,23.3035465568259 77.4301193194178,23.3034916203804 77.4301242844063,23.3034697322593 77.4301242844063,23.3034487566211 77.4301093750676,23.303396039475 77.4300805921475,23.303334758458 77.4300249846348,23.303294631286 77.4299832794495,23.303280038909 77.429945545716,23.303270918982 77.4298740505991,23.3032654473555 77.4298541906448,23.3032636232049 77.4297926246068,23.303267271506 77.4297270871169,23.3032909829856 77.4296913395585,23.303314694461 77.4296615496271,23.3033584699256 77.4296615496271,23.3033903896464 77.4296734657793,23.3035259103878 77.4296520310783,23.3035902257851 77.4296218306168,23.3036238582166 77.4295834411131,23.3036355315931 77.4294947270889,23.3036247698769 77.4293239322006,23.3035828186462 77.429264353236,23.3035828186462 77.4288969458781,23.3036721935295 77.4288532545176,23.3036740168494 77.4288115484339,23.3036648969494 77.4287758008755,23.3036484812928 77.4287261509897,23.3035955868439 77.4286586560709,23.3034902054492 77.428609444563,23.303431075337 77.4285732307789,23.3034113652938 77.428506932416,23.3034010028756 77.4284501849412,23.3034048285551 77.4283090946443,23.3034843237904 77.4282679670757,23.3034870224727 77.428240578341,23.3034779405114 77.4282276695503,23.3034679081116 77.428213767223,23.3034332525995 77.4282107884095,23.3034095411452 77.4282181572898,23.30335305523 77.4283028980655,23.3030846550199 77.42830798253,23.3030519687677 77.4282914589187,23.3030064424764 77.4281361482909,23.3027300098271 77.4281182286976,23.3026806824765 77.4281184398017,23.3026507666026 77.4281422721062,23.3026033425859 77.4281875606712,23.3025717881683 77.4284494357462,23.3024560352203 77.4284704266795,23.302450832523 77.4285190731471,23.3024453245611 77.4286000158457,23.3024496890187 77.4286425106502,23.3024480661665 77.4286928360691,23.3024230402489 77.4287206874362,23.3023920979679 77.4287424113947,23.3023503790096 77.4287920612804,23.3022392295952 77.4288013705217,23.3021537297921 77.4287827520391,23.302068229934 77.4287268956931,23.301999830668 77.4286834522676,23.3019656310218 77.4285903598547,23.3019485303704 77.4284972665435,23.3019570802839 77.4280100796222,23.3022164295981 77.4279515346185,23.302220162082 77.42791330232,23.3022029789592 77.4278864579644,23.3021648769214 77.4278823903928,23.30213723392 77.427890525536,23.3021088434254 77.4280239325422,23.3019534451475 77.4280345075097,23.3019385028054 77.4280361343587,23.3019198254943 77.4280304408365,23.3018944240829 77.4279930727172,23.30186061713 77.4277920971303,23.3017659211494 77.4277782684648,23.3017524729401 77.4277644389011,23.3017330481133 77.4277628120521,23.3017158649276 77.4277652527747,23.3016889684976 77.4278278887062,23.301556730388 77.4278352099758,23.3015387996888 77.4278368368247,23.3015178806743 77.4278352099758,23.3015021916175 77.4278223425076,23.3014777471789 77.427792016282,23.3014406102366 77.4274817462677,23.301276388131 77.4273902636357,23.3012150756109 77.4273394791778,23.3011493498845 77.4273133705424,23.3011053880572 77.4272969520339,23.301024016066 77.427308779253,23.3006945294105 77.4221332659992,23.302973528495 77.4218252345866,23.3030904277917 77.4214178315373,23.3032227749313 77.4210151437449,23.3033078079031 77.4207246860741,23.3033600581152 77.4202924841331,23.3034111516102 77.4198715084381,23.3034454498887 77.4190623743021,23.3034360964887 77.4173457764392,23.3032262829777 77.4167916892837,23.3077717918056 77.4167372720388,23.3081244352954 77.4166360417877,23.3089729995575 77.416629759869,23.309452373301 77.41664779265,23.3097140361336 77.4167036669623,23.3100738172534 77.4167152237885,23.3102625167 77.4167072197993,23.3103745462737 77.4166593108485,23.3104973121643 77.4163791433794,23.3110812993635 77.4160077142639,23.311973491164 77.4158549907842,23.3122693897648 77.4157575765764,23.3124416467751 77.4157466773171,23.3124725867181 77.4157048634356,23.3126078193627 77.4156382039499,23.3129825378804 77.4156040383247,23.313474840137 77.4155709920003,23.3137218864983 77.4155069861381,23.3139109808772 77.4165818581047,23.3143839359134 77.4166470991506,23.3144392209443 77.4169012909349,23.3149748357188 77.4169602895878,23.3150454746806 77.4171769219119,23.3152170343027 77.4172433559204,23.3152466668634 77.4182071080831,23.31525484469 77.4183176871013,23.3152653497276 77.4190048830223,23.3153285581266 77.4190510716992,23.3153412204267 77.4190790344574,23.3153668997559 77.4192163015244,23.315672846208 77.4192726007399,23.3157267884981 77.4196446020822,23.3159618836712 77.4197078839024,23.3160364761176 77.4200692464968,23.3166308663711 77.4201427277887,23.3166855796016 77.4203095503268,23.3167439415658 77.4207927675929,23.3168728845737 77.4209145090768,23.3168743463847 77.4211572311717,23.3168295441818 77.4215185353756,23.3167239926102 77.4227559368317,23.3162582081459 77.4227745795688,23.3162511910908</coordinates></LinearRing></outerBoundaryIs></Polygon><Polygon><outerBoundaryIs><LinearRing><coordinates>77.418335932783,23.2882757823537 77.4210605032768,23.2866961364332 77.4213676282893,23.2870436077314 77.421607335638,23.287191541108 77.4219406779821,23.2873257127525 77.4223601139646,23.2874228300464 77.4227851940622,23.287446915659 77.423086778266,23.2874426827305 77.4234425928652,23.2873360335158 77.424704414124,23.2866755599926 77.4211122974412,23.2816699057574 77.4197201216515,23.2796339505746 77.4191615734623,23.2792063610685 77.4187889792319,23.2790258025835 77.4184270210545,23.2789245144558 77.4179181676669,23.2788339990497 77.4175489951194,23.2788042362512 77.4171038385736,23.2788364366481 77.4167059244286,23.2788782735521 77.4160587152159,23.2789663505069 77.4156056687669,23.2790456202116 77.4153084315108,23.2791182842724 77.4146995758691,23.2792988418067 77.4142392602529,23.2795050506899 77.4137594907209,23.2797494131049 77.4134244460694,23.2799536837708 77.4125909029105,23.2806141147232 77.4107998320156,23.2823203717692 77.4080442049657,23.2849021232389 77.408480116949,23.2853912667884 77.4089980280496,23.2852464158068 77.4094013689172,23.2849955200607 77.4105917795008,23.285957490805 77.4106244871603,23.2859899436156 77.4106547406224,23.2860264816917 77.410682616244,23.2860663368238 77.4109723220248,23.2866655700582 77.412125309692,23.2863809774948 77.4122244756146,23.286349411804 77.4123108773752,23.2862962027015 77.4124709167346,23.2861284558848 77.4125110498683,23.2861047256693 77.4126052525989,23.2860715723422 77.4126745827759,23.2860632582234 77.4137502551415,23.2859562002837 77.4138081839009,23.2859417710337 77.4141449155885,23.2858118664559 77.4142014699255,23.2857887789699 77.4142416857042,23.2857760800258 77.4142668205658,23.2857668450294 77.414305151679,23.28574722066 77.4146344219599,23.2855226925174 77.4146767838137,23.2855074859344 77.4147066851363,23.2855111487498 77.4147283408228,23.2855213326797 77.4162926688552,23.2877167946914 77.4163908529191,23.2878492536623 77.4164690934854,23.2879267564276 77.4165749482636,23.2879845311419 77.4178373417492,23.288330826572 77.4179955485455,23.2883616516544 77.4181297846967,23.2883572479538 77.4182160795578,23.2883374317117 77.418335932783,23.2882757823537</coordinates></LinearRing></outerBoundaryIs></Polygon></MultiGeometry>
  </Placemark>
  <Placemark>
	<Style><LineStyle><color>ff0000ff</color></LineStyle><PolyStyle><fill>0</fill></PolyStyle></Style>
	<ExtendedData><SchemaData schemaUrl="#bhopal_wards">
		<SimpleData name="objectid">62</SimpleData>
		<SimpleData name="townname">Bhopal</SimpleData>
		<SimpleData name="towncensuscode2011">802312</SimpleData>
		<SimpleData name="town_lgd_code">250946</SimpleData>
		<SimpleData name="ward_lgd_code">881935</SimpleData>
		<SimpleData name="ward_lgd_name">Bhopal Memorial Aspataal Ward</SimpleData>
		<SimpleData name="sourcewardcode">73</SimpleData>
		<SimpleData name="state">Madhya Pradesh</SimpleData>
	</SchemaData></ExtendedData>
      <MultiGeometry><Polygon><outerBoundaryIs><LinearRing><coordinates>77.4259373006475,23.2979582926963 77.4256388389876,23.2967934834667 77.4256458898642,23.2965785860895 77.4258842075192,23.2963669944486 77.4257796957224,23.295570328288 77.4250435155673,23.2954988481243 77.4246090822111,23.2955016979586 77.4230358096534,23.295595752359 77.4222470645794,23.2956195328625 77.4217319014252,23.2956195328625 77.4212912858632,23.2955237870606 77.4212628227434,23.2954914380597 77.4207459141626,23.2942176681354 77.4237920815281,23.2931543403436 77.4236229664894,23.2927205556834 77.4249683202898,23.2922526161477 77.4258751471112,23.2919218899175 77.4260085801686,23.2918534846104 77.4265565030846,23.2915227598638 77.4267606308599,23.2918110725598 77.4279483168532,23.2911958116444 77.424704414124,23.2866755599926 77.4234425928652,23.2873360335158 77.423086778266,23.2874426827305 77.4227851940622,23.287446915659 77.4223601139646,23.2874228300464 77.4219406779821,23.2873257127525 77.421607335638,23.287191541108 77.4213676282893,23.2870436077314 77.4210605032768,23.2866961364332 77.418335932783,23.2882757823537 77.4182160795578,23.2883374317117 77.4181297846967,23.2883572479538 77.4179955485455,23.2883616516544 77.4178373417492,23.288330826572 77.4165749482636,23.2879845311419 77.4164690934854,23.2879267564276 77.4163908529191,23.2878492536623 77.4162926688552,23.2877167946914 77.4147283408228,23.2855213326797 77.4147066851363,23.2855111487498 77.4146767838137,23.2855074859344 77.4146344219599,23.2855226925174 77.414305151679,23.28574722066 77.4142668205658,23.2857668450294 77.4142416857042,23.2857760800258 77.4142014699255,23.2857887789699 77.4141449155885,23.2858118664559 77.4138081839009,23.2859417710337 77.4137502551415,23.2859562002837 77.4126745827759,23.2860632582234 77.4126052525989,23.2860715723422 77.4125110498683,23.2861047256693 77.4124709167346,23.2861284558848 77.4123108773752,23.2862962027015 77.4122244756146,23.286349411804 77.412125309692,23.2863809774948 77.4109723220248,23.2866655700582 77.4110677491591,23.2868692797482 77.4110856579727,23.286900159628 77.411129887424,23.2869669931226 77.4112278334344,23.2870856615425 77.4122886018511,23.2882128111128 77.4125401984026,23.2884875931403 77.4127242928487,23.2887102358237 77.4141204086492,23.2905745600408 77.4150489154117,23.2919201134675 77.415050924943,23.2919387575279 77.4150384689033,23.2919542109075 77.4150158475278,23.2919640230476 77.4143078259636,23.2920508503896 77.414243206552,23.2920632896526 77.4142119775194,23.2920776316032 77.4141459747022,23.2921169774851 77.4137037475626,23.2924655501693 77.4136426046311,23.2925359354035 77.4135911536232,23.2926247846929 77.4135723536809,23.2926818832615 77.4135433569619,23.2928710405564 77.4134891148884,23.293369730057 77.4163312479034,23.2945785217041 77.4165286158562,23.2946683382826 77.4166662018251,23.2947251067645 77.416828373785,23.294773802573 77.4169649096234,23.2948039248396 77.4174699146283,23.2949005251235 77.4190193387118,23.295160207501 77.419228118862,23.2951980400922 77.4192925101015,23.2952178437616 77.4193246033134,23.2952322860325 77.4193906267918,23.295271161509 77.4194245561601,23.2952955947117 77.4194493029495,23.295318574938 77.4194820168972,23.2953550708493 77.4195178506939,23.2954158613173 77.419537507629,23.2954690585233 77.4195477942373,23.2955164958092 77.4195504855899,23.2955433794606 77.4195457748245,23.2956286665154 77.4195055419779,23.2961028004214 77.4212499139528,23.2964108860599 77.4217202565642,23.2957890903206 77.4229461712628,23.2960281250125 77.4229280684132,23.2962754925583 77.4235911248058,23.2979099520072 77.4245409135557,23.2978107301917 77.4247768533701,23.2985105370014 77.4251965525591,23.2983391373415 77.4258416013236,23.2981948573703 77.4259373006475,23.2979582926963</coordinates></LinearRing></outerBoundaryIs></Polygon></MultiGeometry>
  </Placemark>
  <Placemark>
	<Style><LineStyle><color>ff0000ff</color></LineStyle><PolyStyle><fill>0</fill></PolyStyle></Style>
	<ExtendedData><SchemaData schemaUrl="#bhopal_wards">
		<SimpleData name="objectid">71</SimpleData>
		<SimpleData name="townname">Bhopal</SimpleData>
		<SimpleData name="towncensuscode2011">802312</SimpleData>
		<SimpleData name="town_lgd_code">250946</SimpleData>
		<SimpleData name="ward_lgd_code">32949</SimpleData>
		<SimpleData name="ward_lgd_name">Moti Masjid Ward</SimpleData>
		<SimpleData name="sourcewardcode">22</SimpleData>
		<SimpleData name="state">Madhya Pradesh</SimpleData>
	</SchemaData></ExtendedData>
      <MultiGeometry><Polygon><outerBoundaryIs><LinearRing><coordinates>77.40194082455,23.2549767210918 77.4022837213754,23.2548961297386 77.4023182768695,23.2549864897374 77.4029243279708,23.2548326334866 77.4029402766604,23.2548692659434 77.4030492593723,23.2548497286344 77.403059891832,23.2548888032495 77.4032403148636,23.2548936487849 77.403479955737,23.2549132686209 77.4042226073554,23.2550506032651 77.4042629435083,23.2550593229072 77.404852771934,23.2549247184759 77.4046298936238,23.2543638791092 77.4045917376821,23.2542678659503 77.4043656451998,23.2536989346509 77.4043366511757,23.2533220461437 77.4044398478389,23.2527520114463 77.4046128022772,23.2526655076083 77.4049786456682,23.2513565963148 77.4055106755902,23.2514135565818 77.4055815877004,23.2509854068877 77.4056781368305,23.2504024700524 77.4052076504886,23.2502168592835 77.4041876781622,23.2498785772896 77.403821691939,23.2497384096153 77.403003539616,23.2497684611809 77.4029933320594,23.249826293712 77.4022489260312,23.2498502375561 77.4018756472845,23.2498622441419 77.4018568886648,23.2499398036721 77.4018484283315,23.2499747834429 77.4016897301567,23.2499753711023 77.4014265318633,23.2499763458576 77.401113512106,23.2499529005563 77.4010012325769,23.2499529005563 77.400887252537,23.2499529005563 77.4007001217852,23.2499810355777 77.4004024120152,23.2500544987581 77.4003326632233,23.2500716919113 77.40023229266,23.2500763808026 77.4001778547538,23.2500732551502 77.4001183126201,23.2500716919113 77.4000774841905,23.2500763808026 77.4000485638282,23.2500857594102 77.4000094359094,23.2501092046882 77.3999822169562,23.2501326507874 77.3999686074797,23.2501498439305 77.3999141695735,23.2502061130589 77.3998801458821,23.2502342480268 77.3998308104067,23.2502576941041 77.3994769622196,23.2503530391312 77.3992626116164,23.2503968039442 77.3988470536609,23.2506335851582 77.3985668233098,23.2507609918347 77.398227330201,23.250977799562 77.3984018072836,23.2511048584342 77.3983927271127,23.251128809477 77.398242160488,23.2514579549195 77.3982197502166,23.251546107774 77.3982117902448,23.2516465839312 77.3982214399476,23.2519926238746 77.3982445338369,23.2521217641406 77.3983826174725,23.2523667182045 77.3983930487096,23.252433409732 77.398615520083,23.2535846809561 77.3986553918069,23.2539778724797 77.3986572288617,23.2552719342627 77.3986589096095,23.255333318283 77.3986288106576,23.2558754343128 77.3987513094213,23.2558885429939 77.3991143599501,23.2559273928155 77.3997660014505,23.2559276255579 77.4000809786369,23.2559162698764 77.4011334969261,23.2557611511206 77.4019258128033,23.2556201634751 77.4018770297918,23.2554846905373 77.4016271660904,23.255091502632 77.40194082455,23.2549767210918</coordinates></LinearRing></outerBoundaryIs></Polygon></MultiGeometry>
  </Placemark>
  <Placemark>
	<Style><LineStyle><color>ff0000ff</color></LineStyle><PolyStyle><fill>0</fill></PolyStyle></Style>
	<ExtendedData><SchemaData schemaUrl="#bhopal_wards">
		<SimpleData name="objectid">72</SimpleData>
		<SimpleData name="townname">Bhopal</SimpleData>
		<SimpleData name="towncensuscode2011">802312</SimpleData>
		<SimpleData name="town_lgd_code">250946</SimpleData>
		<SimpleData name="ward_lgd_code">32948</SimpleData>
		<SimpleData name="ward_lgd_name">Jain Mandir Ward</SimpleData>
		<SimpleData name="sourcewardcode">21</SimpleData>
		<SimpleData name="state">Madhya Pradesh</SimpleData>
	</SchemaData></ExtendedData>
      <MultiGeometry><Polygon><outerBoundaryIs><LinearRing><coordinates>77.4015097931138,23.2620529804991 77.401639698487,23.2615025838432 77.4019686022552,23.2616073225595 77.4019599353093,23.2614055334798 77.4019675197853,23.259505009112 77.4019540261914,23.2590478329059 77.401702125111,23.2588619510909 77.4016921169805,23.2587985277044 77.4016733808186,23.2584285466193 77.4019913287336,23.2584290162218 77.4019889140621,23.2583641821704 77.4019702919863,23.2578641566293 77.4019313122895,23.2571921846999 77.401948802488,23.2565409431669 77.4019511461926,23.2563555745098 77.4019378098039,23.2559684379963 77.4019258128033,23.2556201634751 77.4011334969261,23.2557611511206 77.4000809786369,23.2559162698764 77.4001184590455,23.2570776806253 77.3999595318004,23.2571009092653 77.3998890984922,23.2571390720674 77.3996614312632,23.2572986698769 77.3992889466273,23.2574127421202 77.3991817165285,23.2573582983366 77.3990829512546,23.2572571885117 77.3990095831504,23.2572183002876 77.3989192835997,23.257215707959 77.3988903883902,23.2575389472593 77.3981517396647,23.2576252267504 77.3973047325564,23.25796370945 77.396905609279,23.2580537719071 77.3968819153151,23.258060674836 77.396859209498,23.2580607697471 77.396844060309,23.2580540888278 77.396830122049,23.2580410059443 77.396498756897,23.2573114994602 77.3964834406213,23.2572999408681 77.3964659234733,23.2572938541404 77.3964468342735,23.2572955245861 77.3964298668945,23.2572999780075 77.3960919045149,23.2576587436943 77.3950185453111,23.2585544396544 77.3949827851763,23.2585971561064 77.3949700030481,23.2586310829855 77.3949723701089,23.2586776222511 77.3949865733718,23.2587193780025 77.3952154982422,23.2593837659239 77.3954626598112,23.259617612901 77.395673644427,23.2603394653107 77.3958074493869,23.2609625919015 77.3957127822273,23.2613704065045 77.3957437175108,23.2615817896629 77.3969863651281,23.2616326433512 77.398184110456,23.261644027431 77.398744806517,23.2616493571673 77.399280833942,23.2616672098842 77.3999750187559,23.2619406486375 77.4015097931138,23.2620529804991</coordinates></LinearRing></outerBoundaryIs></Polygon></MultiGeometry>
  </Placemark>
  <Placemark>
	<Style><LineStyle><color>ff0000ff</color></LineStyle><PolyStyle><fill>0</fill></PolyStyle></Style>
	<ExtendedData><SchemaData schemaUrl="#bhopal_wards">
		<SimpleData name="objectid">73</SimpleData>
		<SimpleData name="townname">Bhopal</SimpleData>
		<SimpleData name="towncensuscode2011">802312</SimpleData>
		<SimpleData name="town_lgd_code">250946</SimpleData>
		<SimpleData name="ward_lgd_code">32950</SimpleData>
		<SimpleData name="ward_lgd_name">Islampura Ward</SimpleData>
		<SimpleData name="sourcewardcode">23</SimpleData>
		<SimpleData name="state">Madhya Pradesh</SimpleData>
	</SchemaData></ExtendedData>
      <MultiGeometry><Polygon><outerBoundaryIs><LinearRing><coordinates>77.4063026743621,23.2571459354283 77.4063140649999,23.2571098854478 77.4068174781902,23.2571305919041 77.4069775310244,23.2572630548809 77.4070830049168,23.2572661811901 77.4070830049168,23.2573255736232 77.4072820446343,23.2573365140493 77.4073060116861,23.257355258688 77.4074287467067,23.2574512514666 77.4075040803248,23.2575824183767 77.4074963952375,23.2577241269242 77.4076733202293,23.2577350673176 77.4083759132743,23.2577522603058 77.4083934034729,23.2577250422001 77.4085886091808,23.2576143845607 77.4092157590132,23.2576067528536 77.4098346021242,23.2576410951191 77.4101336396042,23.2576868845176 77.4104725281469,23.2577553692719 77.4104600514459,23.2574071761734 77.4104551691023,23.2572709094438 77.4104453289567,23.2571318331855 77.4104394629579,23.2570489297615 77.4104377615487,23.2570114189371 77.4104241520722,23.256952026364 77.4103952317099,23.2568801301429 77.4103351586719,23.2567790257326 77.4090252470027,23.2550873272739 77.4088314741077,23.2548601616832 77.4087520459686,23.2544228222014 77.4088726061679,23.2542940943567 77.408736567098,23.2536682030643 77.4086617140786,23.2535775491757 77.4086191842398,23.2535119031041 77.4083207126984,23.2533925750392 77.4082132023252,23.2533153608602 77.4080312512594,23.2530159307937 77.4080279050349,23.2527441822029 77.4080271684164,23.2527085181202 77.408001623923,23.2527118706814 77.4079038656605,23.2527298376678 77.4076284080584,23.2525377742627 77.4074748922646,23.2524097321141 77.4073007978642,23.2522252144271 77.4072921407998,23.2522160390062 77.4071986863658,23.2520942527111 77.4071510531979,23.2520332955571 77.4070966143933,23.2519864048483 77.4070489812254,23.25195827025 77.4069775310244,23.2519176315587 77.4066988538603,23.2517090665155 77.406637717217,23.2516480109683 77.4062522905528,23.2514990344904 77.4055512417118,23.2511686263531 77.4055106755902,23.2514135565818 77.4049786456682,23.2513565963148 77.4046128022772,23.2526655076083 77.4044398478389,23.2527520114463 77.4043366511757,23.2533220461437 77.4043656451998,23.2536989346509 77.4045917376821,23.2542678659503 77.4046298936238,23.2543638791092 77.404852771934,23.2549247184759 77.4050012607555,23.2556629378151 77.405052431489,23.2559173361996 77.4050877505511,23.2561375705504 77.405107145178,23.2569689025299 77.4051211903375,23.2582764357512 77.4051252309596,23.2584044384279 77.405126688027,23.2584505849242 77.405132959166,23.2584774727571 77.4051413206847,23.2584921971425 77.4051531667684,23.2585050002011 77.4051691936113,23.2585139630841 77.4051907945006,23.2585216450832 77.405228422233,23.2585267669658 77.4052646566783,23.2585267669658 77.4052934324118,23.2585267735684 77.4055631291179,23.2585268387679 77.4055783250193,23.2585262222603 77.4056314558767,23.2585240673722 77.405818881276,23.2582975414777 77.4058330351316,23.2582725344968 77.4058395676803,23.2582565300265 77.4058356195846,23.2582241439121 77.4058090824528,23.2580064582785 77.4058090824528,23.2579374380237 77.4058167037597,23.2579084298471 77.4058232363085,23.2578824225109 77.4058439227128,23.2578494131923 77.4058616024559,23.2578305580308 77.4062005763385,23.2574690601786 77.4063026743621,23.2571459354283</coordinates></LinearRing></outerBoundaryIs></Polygon></MultiGeometry>
  </Placemark>
  <Placemark>
	<Style><LineStyle><color>ff0000ff</color></LineStyle><PolyStyle><fill>0</fill></PolyStyle></Style>
	<ExtendedData><SchemaData schemaUrl="#bhopal_wards">
		<SimpleData name="objectid">63</SimpleData>
		<SimpleData name="townname">Bhopal</SimpleData>
		<SimpleData name="towncensuscode2011">802312</SimpleData>
		<SimpleData name="town_lgd_code">250946</SimpleData>
		<SimpleData name="ward_lgd_code">881932</SimpleData>
		<SimpleData name="ward_lgd_name">Rajiv Gandhi Ward</SimpleData>
		<SimpleData name="sourcewardcode">72</SimpleData>
		<SimpleData name="state">Madhya Pradesh</SimpleData>
	</SchemaData></ExtendedData>
      <MultiGeometry><Polygon><outerBoundaryIs><LinearRing><coordinates>77.4489295689534,23.3235246212255 77.4486649558134,23.3226873298991 77.4484350589659,23.3219598794469 77.4484350589659,23.3219106392469 77.4484549180219,23.3218668698901 77.4484879805159,23.3218442869124 77.4485128791206,23.3218272795585 77.4493128279828,23.3213616573387 77.4494161351388,23.3212468034146 77.4494657841263,23.3211209663617 77.4501668365605,23.3193282274764 77.4502264164234,23.3192279203518 77.4504641142408,23.3189276840465 77.4506720212285,23.3187054136616 77.4509419910226,23.3185258863265 77.4514198687025,23.3181924791894 77.4515330564284,23.3181141270421 77.451645488671,23.3179433251569 77.452360108361,23.3157189670819 77.4524677471933,23.3154998962945 77.4526799903488,23.3152036171522 77.4535520101479,23.3140004915388 77.4523210576973,23.3130773265215 77.451891086273,23.3127838361711 77.4502865388688,23.3118125704387 77.4498037141665,23.3115335895712 77.4468056794322,23.3099024036185 77.4459662100874,23.3094242673414 77.4421401235956,23.3071054119894 77.4390762827752,23.3053350212195 77.4382245056127,23.3046632343524 77.4373448043195,23.3038027497733 77.4365564122835,23.3028369833201 77.4298101866706,23.2937901898263 77.4281286257987,23.2914470604019 77.4279483168532,23.2911958116444 77.4267606308599,23.2918110725598 77.4265565030846,23.2915227598638 77.4260085801686,23.2918534846104 77.4258751471112,23.2919218899175 77.4249683202898,23.2922526161477 77.4236229664894,23.2927205556834 77.4237920815281,23.2931543403436 77.4207459141626,23.2942176681354 77.4212628227434,23.2954914380597 77.4212912858632,23.2955237870606 77.4217319014252,23.2956195328625 77.4222470645794,23.2956195328625 77.4230358096534,23.295595752359 77.4246090822111,23.2955016979586 77.4250435155673,23.2954988481243 77.4257796957224,23.295570328288 77.4258842075192,23.2963669944486 77.4256458898642,23.2965785860895 77.4256388389876,23.2967934834667 77.4259373006475,23.2979582926963 77.4258416013236,23.2981948573703 77.4251965525591,23.2983391373415 77.4247768533701,23.2985105370014 77.4245409135557,23.2978107301917 77.4235911248058,23.2979099520072 77.4229280684132,23.2962754925583 77.4229461712628,23.2960281250125 77.4217202565642,23.2957890903206 77.4212499139528,23.2964108860599 77.4195055419779,23.2961028004214 77.4190623743021,23.3034360964887 77.4198715084381,23.3034454498887 77.4202924841331,23.3034111516102 77.4207246860741,23.3033600581152 77.4210151437449,23.3033078079031 77.4214178315373,23.3032227749313 77.4218252345866,23.3030904277917 77.4221332659992,23.302973528495 77.427308779253,23.3006945294105 77.4272969520339,23.301024016066 77.4273133705424,23.3011053880572 77.4273394791778,23.3011493498845 77.4273902636357,23.3012150756109 77.4274817462677,23.301276388131 77.427792016282,23.3014406102366 77.4278223425076,23.3014777471789 77.4278352099758,23.3015021916175 77.4278368368247,23.3015178806743 77.4278352099758,23.3015387996888 77.4278278887062,23.301556730388 77.4277652527747,23.3016889684976 77.4277628120521,23.3017158649276 77.4277644389011,23.3017330481133 77.4277782684648,23.3017524729401 77.4277920971303,23.3017659211494 77.4279930727172,23.30186061713 77.4280304408365,23.3018944240829 77.4280361343587,23.3019198254943 77.4280345075097,23.3019385028054 77.4280239325422,23.3019534451475 77.427890525536,23.3021088434254 77.4278823903928,23.30213723392 77.4278864579644,23.3021648769214 77.42791330232,23.3022029789592 77.4279515346185,23.302220162082 77.4280100796222,23.3022164295981 77.4284972665435,23.3019570802839 77.4285903598547,23.3019485303704 77.4286834522676,23.3019656310218 77.4287268956931,23.301999830668 77.4287827520391,23.302068229934 77.4288013705217,23.3021537297921 77.4287920612804,23.3022392295952 77.4287424113947,23.3023503790096 77.4287206874362,23.3023920979679 77.4286928360691,23.3024230402489 77.4286425106502,23.3024480661665 77.4286000158457,23.3024496890187 77.4285190731471,23.3024453245611 77.4284704266795,23.302450832523 77.4284494357462,23.3024560352203 77.4281875606712,23.3025717881683 77.4281422721062,23.3026033425859 77.4281184398017,23.3026507666026 77.4281182286976,23.3026806824765 77.4281361482909,23.3027300098271 77.4282914589187,23.3030064424764 77.42830798253,23.3030519687677 77.4283028980655,23.3030846550199 77.4282181572898,23.30335305523 77.4282107884095,23.3034095411452 77.428213767223,23.3034332525995 77.4282276695503,23.3034679081116 77.428240578341,23.3034779405114 77.4282679670757,23.3034870224727 77.4283090946443,23.3034843237904 77.4284501849412,23.3034048285551 77.428506932416,23.3034010028756 77.4285732307789,23.3034113652938 77.428609444563,23.303431075337 77.4286586560709,23.3034902054492 77.4287261509897,23.3035955868439 77.4287758008755,23.3036484812928 77.4288115484339,23.3036648969494 77.4288532545176,23.3036740168494 77.4288969458781,23.3036721935295 77.429264353236,23.3035828186462 77.4293239322006,23.3035828186462 77.4294947270889,23.3036247698769 77.4295834411131,23.3036355315931 77.4296218306168,23.3036238582166 77.4296520310783,23.3035902257851 77.4296734657793,23.3035259103878 77.4296615496271,23.3033903896464 77.4296615496271,23.3033584699256 77.4296913395585,23.303314694461 77.4297270871169,23.3032909829856 77.4297926246068,23.303267271506 77.4298541906448,23.3032636232049 77.4298740505991,23.3032654473555 77.429945545716,23.303270918982 77.4299832794495,23.303280038909 77.4300249846348,23.303294631286 77.4300805921475,23.303334758458 77.4301093750676,23.303396039475 77.4301242844063,23.3034487566211 77.4301242844063,23.3034697322593 77.4301193194178,23.3034916203804 77.4300932224605,23.3035465568259 77.4300172213942,23.3036335968934 77.4300023551745,23.3036736563106 77.4300005001535,23.3037009104029 77.430019186908,23.3037390491271 77.4303102203988,23.3040531760978 77.430550416431,23.3045268955186 77.4353687074255,23.3020777104866 77.4368024446701,23.3040739503335 77.437390752248,23.3047528906683 77.4378375985248,23.3051718294247 77.4384582185035,23.3056107166625 77.440205843278,23.3066198100104 77.4401229224891,23.3075380335136 77.4401258249458,23.308160564692 77.4401358788905,23.3082385366037 77.4401508780608,23.3083087171428 77.4402574146602,23.3086805157237 77.4402915066235,23.3089309897888 77.4402787218004,23.3091149322693 77.4402446298371,23.3092479961116 77.4400059887886,23.3094945561541 77.4399079745062,23.309611965341 77.4398653602258,23.3097685104873 77.4398824057583,23.3098859194324 77.4398951905814,23.3100072420375 77.439886667366,23.3101442187466 77.439827007553,23.3102851090702 77.4395713191754,23.3106295075604 77.4394136459784,23.3109112870298 77.4393241549115,23.3111069671406 77.4391835263487,23.3118035855687 77.4391025593955,23.3120227449447 77.4390088067209,23.3121362390234 77.4389107933369,23.3121871146522 77.4387659040647,23.3122379910865 77.4386465826421,23.3122575587503 77.4385272621179,23.3123045214617 77.4383951567705,23.312406274221 77.4382246978521,23.3125589032141 77.4380073639439,23.312605865819 77.4378752585965,23.3125862982065 77.4376195711172,23.3124023605279 77.4375130345177,23.3123945339662 77.4374405898816,23.3124454103212 77.4372658702539,23.3126332608017 77.4372062095426,23.3126958772946 77.4370954113354,23.312731099626 77.436954783671,23.3127076183478 77.4364732381696,23.3125432484588 77.4364007935336,23.3125432484588 77.4363283488975,23.3125432484588 77.4362772114016,23.3125823845186 77.4361451060542,23.3127271859424 77.4360769221275,23.3127584937579 77.4358766337518,23.312789802391 77.4357487900121,23.312789802391 77.4355953775245,23.3127702348056 77.4354206578967,23.312731099626 77.4352459274891,23.3126483281635 77.4351095713138,23.3125471621478 77.4349902498913,23.3124649779545 77.4348751909747,23.3123984476596 77.4347643927676,23.3123514841565 77.4347047320563,23.3122849538048 77.4346876865238,23.3122066831484 77.4346919481315,23.3121362390234 77.4347303008043,23.312069707739 77.434772915983,23.3120305723533 77.4347984847309,23.3119796958396 77.4348155302634,23.3119327330135 77.4348155302634,23.3118192395861 77.4348757066077,23.3116567190338 77.4349485348244,23.3113891886146 77.4349859891819,23.310762569887 77.434968942751,23.3105003580248 77.4349305900783,23.3104494817506 77.4348325766943,23.3104533946763 77.4346876865238,23.310437740498 77.4345300124285,23.3103672954358 77.4344746133249,23.3102381456456 77.434512966896,23.3101324782921 77.4349050213304,23.3099054874423 77.4349646811433,23.3097841655693 77.4349092829381,23.3096784970301 77.4348410990114,23.309557174125 77.4347473472351,23.3095102104433 77.4346408106356,23.3095023828864 77.4343979070811,23.3093067012394 77.4343339856605,23.3092206004314 77.434325462445,23.3089857812628 77.4343084169125,23.3088135800006 77.4342615410244,23.3087509616795 77.434227449061,23.3087274796984 77.4341081285368,23.3086609475335 77.433745904458,23.3085239692966 77.4336905053544,23.3084456956014 77.4336947660638,23.3083713356721 77.4338098258787,23.3081678247253 77.4337885187385,23.3080778093595 77.4336947660638,23.3079995362268 77.4332200396739,23.3078686623503 77.4331409475047,23.3078361001996 77.4330754908632,23.3077860050119 77.433023671546,23.3075405382369 77.4329063964857,23.3072750323594 77.4328654863093,23.3071748415424 77.4328709408797,23.3070996979676 77.4329691249436,23.3069368870183 77.4330154896904,23.3068266770002 77.4330209442608,23.306734000061 77.4329691249436,23.3066187795687 77.4328818500205,23.3065586649559 77.4327645749602,23.3065511507305 77.4322683096646,23.3065827108043 77.432201980759,23.3065554589525 77.4321897618745,23.3065233980888 77.4321968262259,23.3064841950696 77.4322316539095,23.306462481519 77.4324096946089,23.3064496566705 77.4325163875152,23.3064108826372 77.4326282080051,23.3063081864228 77.432699119217,23.3062004798072 77.4327018465022,23.3060852596778 77.4326936646466,23.3060401733336 77.4326745727518,23.3060051059831 77.4326091170087,23.3059850679645 77.4325354794099,23.3060151249914 77.4323991124548,23.3060902691789 77.4323254739577,23.3061178222571 77.4322682000702,23.3060977834303 77.4321987683835,23.3059393677733 77.4321887144389,23.3059157706182 77.4321507327703,23.3058870434978 77.4320948773226,23.3058788362194 77.4320434900951,23.3058993552394 77.4319816599524,23.3059487482229 77.4318836456701,23.3060857291122 77.4317941555015,23.3061092115598 77.431687618902,23.3060739882994 77.4312955644676,23.3058665591265 77.4311123216244,23.3058195941415 77.430882202893,23.3058078533052 77.4306478225539,23.3057804569164 77.4304049198977,23.305678699087 77.4300999697066,23.3054615637563 77.4292272402383,23.3043788659092 77.4291568617274,23.3042978135561 77.429070312643,23.3042374891622 77.4285547856712,23.303955391116 77.4284808390519,23.303943810996 77.4280119544062,23.3039773047331 77.4280436083419,23.3050294387419 77.4277690077326,23.3050223872682 77.4276563266566,23.3063773408369 77.4288512683425,23.3071978799424 77.4312106628935,23.3110602581019 77.4312221020403,23.3110987775091 77.431218288692,23.3111337964922 77.4311248387496,23.3114884382505 77.4310114632759,23.3120729136095 77.4309669769064,23.312161625279 77.4307869859645,23.3124643988206 77.4319825753357,23.3139859820084 77.4321207568876,23.3141827416 77.4321800744425,23.3143462020001 77.4322521552609,23.3146618622715 77.4325303275718,23.3170716742157 77.4325012356312,23.3174189770864 77.4324139607081,23.3176059856947 77.432103651168,23.3178330673405 77.4319484959487,23.3180245284065 77.4314539392488,23.3189506593648 77.4314079751507,23.3190473683268 77.4313614280459,23.3191670524992 77.4312342014489,23.3199250497554 77.4311162831948,23.3202014606827 77.4309797464581,23.3204294288162 77.4309673344359,23.3205348636054 77.4309921593787,23.3205747578951 77.4310821490106,23.320594704623 77.4311938608044,23.3205776071921 77.4313955622301,23.3205177661669 77.4316717384844,23.3203553387414 77.4317726507319,23.3202346302524 77.4319811793537,23.3197841646981 77.4320228854374,23.3197239809688 77.4320808411463,23.3197037371347 77.4321698480213,23.3197258048936 77.4326740400509,23.3198965533426 77.4327121007712,23.3199295538775 77.4327337690342,23.3199736736429 77.432720998584,23.3200322676187 77.4325557642673,23.3202271893936 77.43251000768,23.320284381704 77.43251000768,23.3203112273519 77.4325189045946,23.320332236627 77.4325405117721,23.3203520794503 77.4333554804659,23.3206814464567 77.4334130741537,23.3207160974735 77.4334309479329,23.3207616911199 77.4334130741537,23.3208838806953 77.4333395928617,23.3210407219154 77.4331874658634,23.3211247593593 77.4331493350745,23.32116794574 77.4331175598662,23.3212298058833 77.4330883259919,23.3213675340821 77.4331124754017,23.3214912558039 77.4331404381599,23.3215262712246 77.4331760267165,23.3215589521105 77.4332458006613,23.3215943708994 77.4333044013605,23.3216021383501 77.4334035412319,23.3215542838844 77.4335344769727,23.3214441841487 77.4336196166004,23.321423704649 77.4336505617653,23.3214314424125 77.4336811817401,23.3214583554723 77.4337089854965,23.3215185384161 77.4337149440217,23.321575074359 77.4337030278695,23.3216480228894 77.4336672803111,23.3217045587772 77.4336513918087,23.3217720363715 77.4336553641589,23.3218194527268 77.4336950840674,23.3219142862115 77.4337606215573,23.3219817636994 77.4338202005219,23.3220127674153 77.433914495779,23.3220258250393 77.4340721033989,23.3219896424913 77.4341369258298,23.3219861407144 77.4342297110189,23.3220188223122 77.4343954708501,23.3221376739423 77.4344629208532,23.3221438987664 77.4345192398316,23.3221267553395 77.4346707577723,23.3220351622831 77.4347355811015,23.3219803052442 77.4347686274259,23.3219126083273 77.4347749830065,23.3218437449406 77.4347762532243,23.3217970578226 77.4347355811015,23.3217188562857 77.4347330388692,23.3216780054323 77.4347508326984,23.3216464910127 77.4347775243404,23.321617311935 77.4348067582147,23.321598636563 77.4348385343212,23.3215939683382 77.434875393994,23.3215939683382 77.4349058989844,23.3216044728748 77.4349338617426,23.3216231474211 77.4353278807925,23.3220281595566 77.4353418621716,23.3220550048522 77.4353380488232,23.3220748465934 77.4353177127618,23.3220970228477 77.4352770397407,23.3221156981497 77.4349694502992,23.3222382519182 77.4349529266878,23.3222802698557 77.4349516555717,23.3223234558609 77.4349783472138,23.3223841490358 77.4350507963414,23.322424999672 77.4351590783675,23.3224374855893 77.4356818457605,23.3223016599307 77.4358260451266,23.3222826769611 77.4360683351317,23.3222607927582 77.4363894756593,23.3222761568236 77.4365340882503,23.3222534246056 77.4366332281217,23.3222137411735 77.4367056772494,23.3221367071395 77.4367476213867,23.3220900201243 77.4367921068578,23.3220561721106 77.4368327798789,23.3220374968002 77.4369014156582,23.3220211560047 77.4369865741506,23.3220083169835 77.4372666284319,23.3219454037819 77.4373566180638,23.3219254564319 77.4374993603625,23.3219169078023 77.4376483091214,23.3219368551537 77.4380548156521,23.321988146915 77.4382410013762,23.3219738989305 77.4383682288716,23.3219568016771 77.4385140748495,23.3219454037819 77.4386350949863,23.3219482530496 77.4392060659775,23.3221705188364 77.4392836435871,23.3221787251091 77.4393213773207,23.3221714303695 77.439363082506,23.3221276610985 77.4393948586126,23.3220455941921 77.4395505097018,23.3216632971093 77.4396436030131,23.3215835091715 77.4397584175878,23.3215436151847 77.4398390979784,23.3215350665306 77.4399539134515,23.32157496052 77.4403930324203,23.3219991917416 77.4404692760317,23.3220382994452 77.44057056108,23.3220729501081 77.4406460285471,23.3220620075774 77.4407830611537,23.3219927062367 77.4411301324503,23.3218344076833 77.4412076651441,23.3218227359045 77.4412648608783,23.3218390758996 77.4413004503332,23.3218834293081 77.4413813391329,23.3220850318489 77.4414868444664,23.3221847667997 77.4416140719618,23.3222474563356 77.4418651771349,23.322323248807 77.4421167736864,23.3223813855687 77.4421692784181,23.3224030420751 77.4422070121516,23.322461400704 77.4422129697786,23.3225544106696 77.4421236008826,23.3227896686483 77.4421077132784,23.3228553226348 77.4421255870576,23.3229063863658 77.4421712645932,23.3229592731327 77.4425386710529,23.3232237107759 77.4426379708243,23.3232583611298 77.4427511720249,23.3232656558097 77.4429894896798,23.3232310054577 77.4431007047053,23.3232383001391 77.4431853870905,23.323257193882 77.4434510323948,23.3233995881412 77.4435336495531,23.323427965016 77.443607130845,23.3234407304831 77.4437163596954,23.3234425543569 77.443945091428,23.3234318429134 77.4440799285521,23.3234388719632 77.4442606785704,23.3234369375516 77.4443102485061,23.3234299348988 77.444348379295,23.3234299348988 77.4443992212451,23.3234451074501 77.444437352034,23.3234707852136 77.4444843797374,23.3235151380775 77.4445784360426,23.3235991739567 77.4446356326751,23.323636523311 77.4446826603785,23.3236551975717 77.4447525672739,23.3236925469102 77.4447767166837,23.3237182246259 77.4447843433805,23.3237520722164 77.4447856135983,23.3238010931337 77.4447716331175,23.3238419441593 77.4446648665494,23.3239306479747 77.4446445295897,23.3239563256444 77.4446369037912,23.3240018447626 77.444648342938,23.324061370755 77.4449216140407,23.3244115185994 77.4449826240216,23.3244710435835 77.4450868483574,23.3245165625254 77.4451809046626,23.3245352374873 77.4454650372954,23.3245348258612 77.4456494793895,23.3244901557501 77.4457658956605,23.3244455846125 77.445863967435,23.3243889772993 77.4459287467468,23.3243256783451 77.445952578153,23.3242860128549 77.4460101718408,23.3241300869845 77.4460201018179,23.3240534920859 77.4460210953546,23.3240051641823 77.4460111653775,23.3239212745681 77.4459155253424,23.3237977720591 77.4458522866414,23.3237161087388 77.4458484849711,23.3236576879679 77.445859653725,23.3236089755132 77.4458880341998,23.3235674785129 77.4459565505031,23.3235355636358 77.4460022280387,23.3235209734802 77.4468001763528,23.3234598444478 77.4468828572915,23.3234358849677 77.4469333165594,23.3233983169561 77.4469581558753,23.3233612900745 77.4469883042345,23.3232851154368 77.4470339925498,23.3230797440474 77.4470575796143,23.3230447694567 77.4470772805668,23.3230272615351 77.4471370194315,23.3230120881112 77.4472268725195,23.3230058781762 77.4472885867795,23.3230159239503 77.4473275080858,23.323029930124 77.4473683472953,23.3230634438006 77.4473874122405,23.3230891216378 77.4474083843091,23.3231299728823 77.4474282101275,23.3231885200965 77.4474440528158,23.3233167193831 77.4473896247911,23.3238262164912 77.4473984480438,23.323939141206 77.4474141425101,23.3239877339283 77.4474697293616,23.3240993658799 77.4475367760211,23.324190651474 77.4475784066463,23.3242308936007 77.4477551070594,23.3244017022539 77.4479506029231,23.3245498770257 77.4480592110375,23.3246011677784 77.4481678200503,23.3246296631825 77.4482671189235,23.3246182646916 77.4483043558887,23.3245840708631 77.4483260780506,23.3245042846789 77.4482806502466,23.3240162467869 77.4482896396877,23.3238575835606 77.4483034692515,23.3238418971396 77.4483286858598,23.3238306924343 77.4483970171103,23.3238157525507 77.4489037504738,23.3236194534935 77.4489275827783,23.3235848032337 77.4489295689534,23.3235246212255</coordinates></LinearRing></outerBoundaryIs></Polygon></MultiGeometry>
  </Placemark>
  <Placemark>
	<Style><LineStyle><color>ff0000ff</color></LineStyle><PolyStyle><fill>0</fill></PolyStyle></Style>
	<ExtendedData><SchemaData schemaUrl="#bhopal_wards">
		<SimpleData name="objectid">64</SimpleData>
		<SimpleData name="townname">Bhopal</SimpleData>
		<SimpleData name="towncensuscode2011">802312</SimpleData>
		<SimpleData name="town_lgd_code">250946</SimpleData>
		<SimpleData name="ward_lgd_code">32939</SimpleData>
		<SimpleData name="ward_lgd_name">Nariyal Kheda Ward</SimpleData>
		<SimpleData name="sourcewardcode">12</SimpleData>
		<SimpleData name="state">Madhya Pradesh</SimpleData>
	</SchemaData></ExtendedData>
      <MultiGeometry><Polygon><outerBoundaryIs><LinearRing><coordinates>77.4031627704916,23.2870782048019 77.4031304041919,23.285645212344 77.4031462280157,23.2853429768193 77.4031741871806,23.285064394275 77.4032519148089,23.284719385832 77.4031182086636,23.2847021971489 77.4030962987539,23.284704243519 77.4030695621961,23.2847185697596 77.4030554505613,23.2847311904154 77.4026133689487,23.2851856099671 77.4025945483452,23.2852043919451 77.4025192039473,23.2852640070908 77.4023452380061,23.2853801067019 77.4022383124361,23.2854430347249 77.4020350173991,23.2855158487714 77.4018820540692,23.2855508728384 77.4016697911507,23.2855824733745 77.3987120719081,23.2857795802807 77.3984634793228,23.2857784399336 77.3982298041612,23.2857575068896 77.3981041675822,23.2857303530901 77.3980272601158,23.2856983763238 77.397969683496,23.2856514397012 77.3979035055073,23.2855797149187 77.3978251454651,23.2854783162561 77.396378360191,23.2833255588597 77.3963572372054,23.283304374582 77.3963417026392,23.283304374582 77.3963298673353,23.283304374582 77.3963135925573,23.2833077717571 77.394791550022,23.2837806441582 77.3939378513631,23.2840963530281 77.3936122614799,23.2842499312444 77.3933541413628,23.2844352322143 77.3932034238211,23.2846433540916 77.3926055563719,23.2858722701654 77.3925170633333,23.2859917085928 77.3924321824204,23.2860763119507 77.3923716817844,23.2861235900316 77.3922520181037,23.2861865837144 77.3914223520736,23.2864069767925 77.3909894485483,23.2865225431929 77.3907105126694,23.2866405353964 77.3905496675211,23.2867390303431 77.3904590517635,23.2868160584764 77.3903636057645,23.2869105241563 77.3902796815575,23.2870347845652 77.3901906558178,23.2872069273776 77.3901341230404,23.2873564076967 77.3899829671208,23.2879030785158 77.3899844466461,23.2879404494473 77.3900009262399,23.2879575865543 77.3900515310348,23.2879748474286 77.3901532445795,23.2879918335326 77.3901844520525,23.2880013885246 77.3902098797649,23.2880130673974 77.3902214383877,23.2880289923811 77.3902201106777,23.2880692990841 77.3891408243897,23.2909952761739 77.3914643554996,23.2910310793532 77.3928929346179,23.2909294125565 77.3939859956724,23.2908516227507 77.3981064223536,23.2902291376439 77.3997829257105,23.2898395887284 77.4006509758543,23.2895738156669 77.4032980504852,23.2885417230321 77.4032223207101,23.2878582979093 77.4031627704916,23.2870782048019</coordinates></LinearRing></outerBoundaryIs></Polygon></MultiGeometry>
  </Placemark>
  <Placemark>
	<Style><LineStyle><color>ff0000ff</color></LineStyle><PolyStyle><fill>0</fill></PolyStyle></Style>
	<ExtendedData><SchemaData schemaUrl="#bhopal_wards">
		<SimpleData name="objectid">65</SimpleData>
		<SimpleData name="townname">Bhopal</SimpleData>
		<SimpleData name="towncensuscode2011">802312</SimpleData>
		<SimpleData name="town_lgd_code">250946</SimpleData>
		<SimpleData name="ward_lgd_code">32943</SimpleData>
		<SimpleData name="ward_lgd_name">Motilal Nehru Ward</SimpleData>
		<SimpleData name="sourcewardcode">16</SimpleData>
		<SimpleData name="state">Madhya Pradesh</SimpleData>
	</SchemaData></ExtendedData>
      <MultiGeometry><Polygon><outerBoundaryIs><LinearRing><coordinates>77.4143337064269,23.2781141852052 77.4136203003609,23.27785429876 77.4131491205196,23.2779905700222 77.4124858161919,23.278097232499 77.4120135871185,23.2768185561971 77.413139477105,23.2763696212589 77.4139239381134,23.2761078136388 77.4136422075757,23.2754973835298 77.4133465324898,23.2750059879497 77.4138094343558,23.2749580853637 77.4138617836789,23.2749665363354 77.4138888436302,23.2752345237055 77.4139726097338,23.275291297999 77.4143830428006,23.2752057643808 77.4142572148805,23.2749306009285 77.4146596080255,23.2748556652548 77.4142952953637,23.2742288076464 77.4130178245543,23.2720344295889 77.4118623656218,23.2724299829455 77.4111718567141,23.2724846648387 77.4104489734218,23.2719199754015 77.4102243335153,23.2721500868589 77.4098895314089,23.2721719586745 77.4100402076282,23.2730889682832 77.4067518454789,23.2733089984863 77.4067428156137,23.2731497309584 77.4058143546652,23.2731290410197 77.4056784799869,23.2731277363453 77.4054812108488,23.2731446773058 77.4047239364542,23.2732744473516 77.4049151581338,23.2743392542639 77.404292092941,23.2745017345723 77.4043336301414,23.2748900484617 77.4027394358207,23.275357900486 77.4029730436087,23.2761487420271 77.4038072075034,23.2765396488441 77.4045596543517,23.2761695808583 77.405304120567,23.2756913142963 77.4055111202562,23.2757536923604 77.4059449535379,23.275765644625 77.4062487422074,23.2756137293154 77.4062539398596,23.2755282536687 77.4064051972889,23.2754355136729 77.4066882806894,23.2754134476444 77.4068078877762,23.2756683801942 77.4075301709939,23.2753296726215 77.4079213917917,23.2755001669506 77.4084929736373,23.2753924354014 77.4087941688706,23.2750197590425 77.4092340325427,23.2738814497968 77.4102743274558,23.2735719949706 77.4105449000194,23.2733293434552 77.4110802267585,23.2741575932957 77.4115025292651,23.2753109783731 77.41165806537,23.2757015187822 77.411412385123,23.2759756573898 77.411316460322,23.2760433587048 77.4115111234474,23.2764831053136 77.4115715108958,23.2765556214114 77.4116918653809,23.2768793493536 77.4116459102659,23.2769023302835 77.4106866640527,23.2772166031168 77.4078693478957,23.2782914177641 77.4071476369049,23.2784218751285 77.4034550822851,23.2787741887568 77.4035987974592,23.2795025454389 77.4036443887565,23.2799894107026 77.4036848273173,23.280641330629 77.4037447278788,23.2816069924545 77.4037189758745,23.2818909945013 77.4032519148089,23.284719385832 77.4031741871806,23.285064394275 77.4031462280157,23.2853429768193 77.4031304041919,23.285645212344 77.4031627704916,23.2870782048019 77.4032223207101,23.2878582979093 77.4032980504852,23.2885417230321 77.4034913463748,23.2884236904322 77.4048032756601,23.2876225853742 77.4066363131502,23.286289114754 77.4080442049657,23.2849021232389 77.4107998320156,23.2823203717692 77.4125909029105,23.2806141147232 77.4129209574206,23.2801806357733 77.4137676716782,23.2792868461245 77.4143135733848,23.2785475157462 77.4143337064269,23.2781141852052</coordinates></LinearRing></outerBoundaryIs></Polygon></MultiGeometry>
  </Placemark>
  <Placemark>
	<Style><LineStyle><color>ff0000ff</color></LineStyle><PolyStyle><fill>0</fill></PolyStyle></Style>
	<ExtendedData><SchemaData schemaUrl="#bhopal_wards">
		<SimpleData name="objectid">66</SimpleData>
		<SimpleData name="townname">Bhopal</SimpleData>
		<SimpleData name="towncensuscode2011">802312</SimpleData>
		<SimpleData name="town_lgd_code">250946</SimpleData>
		<SimpleData name="ward_lgd_code">32942</SimpleData>
		<SimpleData name="ward_lgd_name">J.P. Nagar Ward</SimpleData>
		<SimpleData name="sourcewardcode">15</SimpleData>
		<SimpleData name="state">Madhya Pradesh</SimpleData>
	</SchemaData></ExtendedData>
      <MultiGeometry><Polygon><outerBoundaryIs><LinearRing><coordinates>77.4015232067576,23.2774096599747 77.4016428991843,23.277225332036 77.4021360042068,23.2765461423416 77.4022098223669,23.2764507071249 77.4022750481413,23.2763995595441 77.4023465208003,23.2763653178362 77.4024394766693,23.2763351798446 77.4029357868806,23.276245137995 77.4029533714023,23.2762960917127 77.4034550822851,23.2787741887568 77.4071476369049,23.2784218751285 77.4078693478957,23.2782914177641 77.4106866640527,23.2772166031168 77.4116459102659,23.2769023302835 77.4116918653809,23.2768793493536 77.4115715108958,23.2765556214114 77.4115111234474,23.2764831053136 77.411316460322,23.2760433587048 77.411412385123,23.2759756573898 77.41165806537,23.2757015187822 77.4115025292651,23.2753109783731 77.4110802267585,23.2741575932957 77.4105449000194,23.2733293434552 77.4102743274558,23.2735719949706 77.4092340325427,23.2738814497968 77.4087941688706,23.2750197590425 77.4084929736373,23.2753924354014 77.4079213917917,23.2755001669506 77.4075301709939,23.2753296726215 77.4068078877762,23.2756683801942 77.4066882806894,23.2754134476444 77.4064051972889,23.2754355136729 77.4062539398596,23.2755282536687 77.4062487422074,23.2756137293154 77.4059449535379,23.275765644625 77.4055111202562,23.2757536923604 77.405304120567,23.2756913142963 77.4045596543517,23.2761695808583 77.4038072075034,23.2765396488441 77.4029730436087,23.2761487420271 77.4027394358207,23.275357900486 77.402310500154,23.2739956184248 77.4020536816958,23.2747414222698 77.4020220124888,23.2747996078836 77.4019716655103,23.2748413816893 77.4018725966059,23.2748786795422 77.4017808354962,23.2748913605457 77.4016728337446,23.2748839014718 77.4015530083671,23.2748583339848 77.401478754524,23.2748279538656 77.4014255715643,23.274777860281 77.4013973222435,23.2747364503735 77.4013943883458,23.2747301416351 77.4012586008041,23.2743872321668 77.4012403820718,23.2743687985535 77.4012158391999,23.2743628859001 77.4011888547071,23.2743639661044 77.3992638575797,23.2746331743496 77.3992453433017,23.274640092924 77.3992353567307,23.2746458190672 77.3992146128342,23.2746740355237 77.3991725626957,23.2747485537429 77.3990548043418,23.275004463788 77.3990031116871,23.2750771259275 77.3989636990023,23.2751229142862 77.3984072834136,23.2757256238444 77.3982890453593,23.2757873854646 77.3979783800863,23.2758832230309 77.3968439596977,23.2761835110949 77.3965174131088,23.2761885390509 77.3965940618604,23.2768544737654 77.396609113133,23.2772714835673 77.3966315054381,23.2773224880545 77.3966635923617,23.2773404294428 77.3967114267523,23.2773334623222 77.3981857256269,23.2766516878303 77.3982525899284,23.2766381512627 77.3983099940717,23.2766558633379 77.3983439423046,23.2767166656459 77.3988845619173,23.2776851591101 77.3989054881719,23.2777120711184 77.3989557111828,23.2777210417866 77.3989989587755,23.2777031004496 77.399543486958,23.2774139369575 77.3996077721964,23.2773950730116 77.3996916999967,23.2773803102803 77.3998256280258,23.2773680074529 77.4001003651791,23.2773666401053 77.4003535822913,23.2773750298598 77.4003726652029,23.2773901012143 77.4003785159304,23.2774079064365 77.400378150316,23.2774324303885 77.4002725057437,23.2782281727893 77.4002639537822,23.2783032732538 77.4003049475019,23.2787676516331 77.4003572060952,23.2790489539562 77.4004164984972,23.279281314924 77.4004367043029,23.2793205309083 77.4004496589076,23.2793313317231 77.4004721644004,23.2793395934505 77.4004986709895,23.2793357489252 77.4005561416081,23.2793183326218 77.4008799645051,23.2791536153401 77.4016063656001,23.2786142593623 77.4016347604479,23.2785754326584 77.4016416172884,23.278542363276 77.4016467601434,23.2785061449694 77.4016484750273,23.2784541787663 77.4016427599455,23.2783969635201 77.4014765114308,23.2779913399253 77.4014423565853,23.2778560819992 77.4014385594067,23.2776779386733 77.4014543985017,23.2775917645875 77.4014814162322,23.2774990788409 77.4015232067576,23.2774096599747</coordinates></LinearRing></outerBoundaryIs></Polygon></MultiGeometry>
  </Placemark>
  <Placemark>
	<Style><LineStyle><color>ff0000ff</color></LineStyle><PolyStyle><fill>0</fill></PolyStyle></Style>
	<ExtendedData><SchemaData schemaUrl="#bhopal_wards">
		<SimpleData name="objectid">67</SimpleData>
		<SimpleData name="townname">Bhopal</SimpleData>
		<SimpleData name="towncensuscode2011">802312</SimpleData>
		<SimpleData name="town_lgd_code">250946</SimpleData>
		<SimpleData name="ward_lgd_code">32940</SimpleData>
		<SimpleData name="ward_lgd_name">Geetanjali Ward</SimpleData>
		<SimpleData name="sourcewardcode">13</SimpleData>
		<SimpleData name="state">Madhya Pradesh</SimpleData>
	</SchemaData></ExtendedData>
      <MultiGeometry><Polygon><outerBoundaryIs><LinearRing><coordinates>77.3963135925573,23.2833077717571 77.3963298673353,23.283304374582 77.3963417026392,23.283304374582 77.3963572372054,23.283304374582 77.396378360191,23.2833255588597 77.3978251454651,23.2854783162561 77.3979035055073,23.2855797149187 77.397969683496,23.2856514397012 77.3980272601158,23.2856983763238 77.3981041675822,23.2857303530901 77.3982298041612,23.2857575068896 77.3984634793228,23.2857784399336 77.3987120719081,23.2857795802807 77.4016697911507,23.2855824733745 77.4018820540692,23.2855508728384 77.4020350173991,23.2855158487714 77.4022383124361,23.2854430347249 77.4023452380061,23.2853801067019 77.4025192039473,23.2852640070908 77.4025945483452,23.2852043919451 77.4026133689487,23.2851856099671 77.4030554505613,23.2847311904154 77.4030695621961,23.2847185697596 77.4030962987539,23.284704243519 77.4031182086636,23.2847021971489 77.4032519148089,23.284719385832 77.4037189758745,23.2818909945013 77.4037447278788,23.2816069924545 77.4036848273173,23.280641330629 77.4036443887565,23.2799894107026 77.4035987974592,23.2795025454389 77.4034550822851,23.2787741887568 77.4029533714023,23.2762960917127 77.4029357868806,23.276245137995 77.4024394766693,23.2763351798446 77.4023465208003,23.2763653178362 77.4022750481413,23.2763995595441 77.4022098223669,23.2764507071249 77.4021360042068,23.2765461423416 77.4016428991843,23.277225332036 77.4015232067576,23.2774096599747 77.4014814162322,23.2774990788409 77.4014543985017,23.2775917645875 77.4014385594067,23.2776779386733 77.4014423565853,23.2778560819992 77.4014765114308,23.2779913399253 77.4016427599455,23.2783969635201 77.4016484750273,23.2784541787663 77.4016467601434,23.2785061449694 77.4016416172884,23.278542363276 77.4016347604479,23.2785754326584 77.4016063656001,23.2786142593623 77.4008799645051,23.2791536153401 77.4005561416081,23.2793183326218 77.4004986709895,23.2793357489252 77.4004721644004,23.2793395934505 77.4004496589076,23.2793313317231 77.4004367043029,23.2793205309083 77.4004164984972,23.279281314924 77.4003572060952,23.2790489539562 77.4003049475019,23.2787676516331 77.4002639537822,23.2783032732538 77.4002725057437,23.2782281727893 77.400378150316,23.2774324303885 77.4003785159304,23.2774079064365 77.4003726652029,23.2773901012143 77.4003535822913,23.2773750298598 77.4001003651791,23.2773666401053 77.3998256280258,23.2773680074529 77.3996916999967,23.2773803102803 77.3996077721964,23.2773950730116 77.399543486958,23.2774139369575 77.3989989587755,23.2777031004496 77.3989557111828,23.2777210417866 77.3989054881719,23.2777120711184 77.3988845619173,23.2776851591101 77.3983439423046,23.2767166656459 77.3983099940717,23.2766558633379 77.3982525899284,23.2766381512627 77.3981857256269,23.2766516878303 77.3967114267523,23.2773334623222 77.3966635923617,23.2773404294428 77.3966315054381,23.2773224880545 77.396609113133,23.2772714835673 77.3965940618604,23.2768544737654 77.3965174131088,23.2761885390509 77.3960492507086,23.2760586167059 77.3954450411535,23.2759502163684 77.3951707693276,23.2758650248078 77.3942110209562,23.2754786348413 77.3940845830799,23.2755294229858 77.3937791415103,23.2753314162846 77.393562836173,23.2750819600012 77.3931940301382,23.274762695382 77.3928749602273,23.2758732116567 77.3894288682872,23.2762455926811 77.3848627676307,23.2765780618914 77.3840281976974,23.2764802946817 77.3823418029909,23.2770528107567 77.3765212751087,23.2781249927194 77.3765555709896,23.278505193528 77.376588551737,23.2786748206469 77.376631552293,23.2788193544796 77.3767220575579,23.2790341047639 77.3777984045582,23.2810908584937 77.3771324313358,23.2812787078607 77.377629031703,23.2823751304678 77.3776537982554,23.2825425502981 77.3776520995412,23.2826184495619 77.3776028727619,23.2827886333761 77.3773841087357,23.2832226055322 77.3772564347777,23.2834260176576 77.3759760219857,23.2849282465976 77.3776369350809,23.286150726423 77.3792917800562,23.2871964225996 77.382335232713,23.288939285215 77.3835496965866,23.2895567068219 77.3848972611409,23.2901040980071 77.3861062875122,23.2904583230405 77.3881839326608,23.2908326715965 77.3891408243897,23.2909952761739 77.3902201106777,23.2880692990841 77.3902214383877,23.2880289923811 77.3902098797649,23.2880130673974 77.3901844520525,23.2880013885246 77.3901532445795,23.2879918335326 77.3900515310348,23.2879748474286 77.3900009262399,23.2879575865543 77.3899844466461,23.2879404494473 77.3899829671208,23.2879030785158 77.3901341230404,23.2873564076967 77.3901906558178,23.2872069273776 77.3902796815575,23.2870347845652 77.3903636057645,23.2869105241563 77.3904590517635,23.2868160584764 77.3905496675211,23.2867390303431 77.3907105126694,23.2866405353964 77.3909894485483,23.2865225431929 77.3914223520736,23.2864069767925 77.3922520181037,23.2861865837144 77.3923716817844,23.2861235900316 77.3924321824204,23.2860763119507 77.3925170633333,23.2859917085928 77.3926055563719,23.2858722701654 77.3932034238211,23.2846433540916 77.3933541413628,23.2844352322143 77.3936122614799,23.2842499312444 77.3939378513631,23.2840963530281 77.394791550022,23.2837806441582 77.3963135925573,23.2833077717571</coordinates></LinearRing></outerBoundaryIs></Polygon></MultiGeometry>
  </Placemark>
  <Placemark>
	<Style><LineStyle><color>ff0000ff</color></LineStyle><PolyStyle><fill>0</fill></PolyStyle></Style>
	<ExtendedData><SchemaData schemaUrl="#bhopal_wards">
		<SimpleData name="objectid">68</SimpleData>
		<SimpleData name="townname">Bhopal</SimpleData>
		<SimpleData name="towncensuscode2011">802312</SimpleData>
		<SimpleData name="town_lgd_code">250946</SimpleData>
		<SimpleData name="ward_lgd_code">32938</SimpleData>
		<SimpleData name="ward_lgd_name">Babu Jagjivan Ram Ward</SimpleData>
		<SimpleData name="sourcewardcode">11</SimpleData>
		<SimpleData name="state">Madhya Pradesh</SimpleData>
	</SchemaData></ExtendedData>
      <MultiGeometry><Polygon><outerBoundaryIs><LinearRing><coordinates>77.3823418029909,23.2770528107567 77.3840281976974,23.2764802946817 77.3848627676307,23.2765780618914 77.3894288682872,23.2762455926811 77.3928749602273,23.2758732116567 77.3931940301382,23.274762695382 77.393562836173,23.2750819600012 77.3937791415103,23.2753314162846 77.3944862908103,23.2749140224623 77.3942252358972,23.2746121438289 77.3945659785626,23.273706983275 77.3950886678022,23.2728301118135 77.394421176427,23.2727120883928 77.3945129887406,23.2724262083649 77.3945938317263,23.272121816228 77.3942466220892,23.2720185860403 77.3938009840464,23.2721114579757 77.3940213147344,23.2710663976057 77.3942312168804,23.2700462083778 77.394293215008,23.26881416547 77.3932968045932,23.2687853890796 77.3933723187726,23.2678927311377 77.3923617293493,23.2678811594339 77.3921723186733,23.2701252011592 77.3920634123182,23.2708583725194 77.3932128884709,23.2708769378307 77.3929269169867,23.2733369115452 77.3928921746431,23.273872913759 77.3928507111046,23.2744454657977 77.3913769700837,23.2742253524747 77.3910588667602,23.2738750642728 77.3907236568186,23.2735068794598 77.3906216567114,23.2734162539187 77.3905917284394,23.2731087067482 77.3902361617752,23.2731521447293 77.3901900512517,23.2731718204681 77.3901766968966,23.2731917544981 77.3901313400596,23.2733774075446 77.3901135632985,23.2733912258434 77.390084505494,23.273395622612 77.3898690921838,23.2734100969581 77.3898557315406,23.2737275625447 77.3889321664104,23.2737482936513 77.3884452031696,23.273673272315 77.388329881945,23.2735897363361 77.3883310659246,23.2734861235591 77.3880291259879,23.2734283318263 77.3877434374731,23.2733374190552 77.3873374986776,23.2731823469831 77.38700715491,23.2732067875406 77.3869970785075,23.2731380705873 77.3866600342061,23.2731947525244 77.3861595998293,23.273440655648 77.3861331192914,23.2734513818447 77.386097354665,23.2734494136975 77.3858930148873,23.27339217237 77.3854360841231,23.2733061787101 77.3844235992545,23.2730455690668 77.3838695543199,23.2730060120688 77.3837521849365,23.2727314192532 77.3822622751389,23.2726891001382 77.3822501622556,23.2730742702672 77.3816445728882,23.2730854858496 77.3816293868684,23.2734582344629 77.3816220682937,23.2743578628265 77.3816168365055,23.2748292189131 77.3816026125813,23.2748902473373 77.3813201319503,23.2755184980817 77.3812833926518,23.2755767452466 77.3812537195014,23.2755976023218 77.3812121400801,23.2756106430465 77.3808339825832,23.275646373619 77.3807183738977,23.2756394262147 77.3806513856286,23.2756205686191 77.3806038458855,23.2755709423992 77.380570423167,23.2754842074601 77.3801857115618,23.2733734877523 77.3801641025876,23.2733308090454 77.3801338500238,23.2733218760416 77.3801057579082,23.2733218760416 77.379450791743,23.2734531643177 77.3793644519661,23.2734895539935 77.3793114783138,23.2735288310988 77.3789913519842,23.2737661884837 77.3787180485422,23.273956318351 77.3784650074997,23.2740833049809 77.3781946702947,23.2741691256693 77.3779190312329,23.2742080774398 77.3775714281337,23.2742111612656 77.3772934408758,23.2741949185721 77.3760667617109,23.274047742333 77.3761293401502,23.274558162589 77.376179984471,23.2747876241744 77.376329879156,23.2752262336664 77.3764332384142,23.2755924208552 77.3764611867993,23.2757498881666 77.3765223773415,23.2761761370892 77.3765309849986,23.2768965299694 77.3765212751087,23.2781249927194 77.3823418029909,23.2770528107567</coordinates></LinearRing></outerBoundaryIs></Polygon></MultiGeometry>
  </Placemark>
  <Placemark>
	<Style><LineStyle><color>ff0000ff</color></LineStyle><PolyStyle><fill>0</fill></PolyStyle></Style>
	<ExtendedData><SchemaData schemaUrl="#bhopal_wards">
		<SimpleData name="objectid">74</SimpleData>
		<SimpleData name="townname">Bhopal</SimpleData>
		<SimpleData name="towncensuscode2011">802312</SimpleData>
		<SimpleData name="town_lgd_code">250946</SimpleData>
		<SimpleData name="ward_lgd_code">32947</SimpleData>
		<SimpleData name="ward_lgd_name">Mahavir Swami Ward</SimpleData>
		<SimpleData name="sourcewardcode">20</SimpleData>
		<SimpleData name="state">Madhya Pradesh</SimpleData>
	</SchemaData></ExtendedData>
      <MultiGeometry><Polygon><outerBoundaryIs><LinearRing><coordinates>77.4052741033618,23.2632749349515 77.4062257273698,23.2628924467283 77.4061834346862,23.2627007841979 77.4065929550647,23.2623687994627 77.4068217910019,23.2622192712926 77.4067654028532,23.2621455432949 77.406761792524,23.2615949918662 77.4068263409688,23.2613723030296 77.4068896173991,23.2612679074511 77.4068376777077,23.2611142540449 77.4068003212666,23.2609272609612 77.4067381282045,23.2607913659126 77.4066770176124,23.2605258196122 77.4065330751645,23.260213287582 77.4066672241791,23.2601097081443 77.406564523386,23.2597765491507 77.406560654342,23.2596746348377 77.4062905120715,23.2594378465711 77.4061458087506,23.2593361424523 77.4060681862252,23.2593156847558 77.4059103989422,23.2593595712481 77.4057294081753,23.2592983004981 77.4056466975922,23.2590639379687 77.4055910837913,23.2588838770821 77.4055783250193,23.2585262222603 77.4055631291179,23.2585268387679 77.4052934324118,23.2585267735684 77.4052646566783,23.2585267669658 77.405228422233,23.2585267669658 77.4051907945006,23.2585216450832 77.4051691936113,23.2585139630841 77.4051531667684,23.2585050002011 77.4051413206847,23.2584921971425 77.405132959166,23.2584774727571 77.405126688027,23.2584505849242 77.4051252309596,23.2584044384279 77.4051211903375,23.2582764357512 77.405107145178,23.2569689025299 77.4050877505511,23.2561375705504 77.405052431489,23.2559173361996 77.4050012607555,23.2556629378151 77.404852771934,23.2549247184759 77.4042629435083,23.2550593229072 77.4042226073554,23.2550506032651 77.403479955737,23.2549132686209 77.4032403148636,23.2548936487849 77.403059891832,23.2548888032495 77.4030492593723,23.2548497286344 77.4029402766604,23.2548692659434 77.4029243279708,23.2548326334866 77.4023182768695,23.2549864897374 77.4022837213754,23.2548961297386 77.40194082455,23.2549767210918 77.4016271660904,23.255091502632 77.4018770297918,23.2554846905373 77.4019258128033,23.2556201634751 77.4019378098039,23.2559684379963 77.4019511461926,23.2563555745098 77.401948802488,23.2565409431669 77.4019313122895,23.2571921846999 77.4019702919863,23.2578641566293 77.4019889140621,23.2583641821704 77.4019913287336,23.2584290162218 77.4016733808186,23.2584285466193 77.4016921169805,23.2587985277044 77.401702125111,23.2588619510909 77.4019540261914,23.2590478329059 77.4019675197853,23.259505009112 77.4019599353093,23.2614055334798 77.4019686022552,23.2616073225595 77.401639698487,23.2615025838432 77.4015097931138,23.2620529804991 77.401605157366,23.262428530466 77.4017069095382,23.2629818926693 77.4016936189636,23.263423897445 77.4018903203664,23.2635972798098 77.4020471491471,23.2635948378063 77.4023289093291,23.2635240196832 77.4025442166381,23.2634995996321 77.4028073709141,23.2634214554383 77.4030784986365,23.2632334207843 77.4033310195545,23.263348195215 77.4038653015528,23.2640490497008 77.4041071900111,23.2638146179485 77.4046653941455,23.263567975764 77.4052741033618,23.2632749349515</coordinates></LinearRing></outerBoundaryIs></Polygon></MultiGeometry>
  </Placemark>
  <Placemark>
	<Style><LineStyle><color>ff0000ff</color></LineStyle><PolyStyle><fill>0</fill></PolyStyle></Style>
	<ExtendedData><SchemaData schemaUrl="#bhopal_wards">
		<SimpleData name="objectid">75</SimpleData>
		<SimpleData name="townname">Bhopal</SimpleData>
		<SimpleData name="towncensuscode2011">802312</SimpleData>
		<SimpleData name="town_lgd_code">250946</SimpleData>
		<SimpleData name="ward_lgd_code">32944</SimpleData>
		<SimpleData name="ward_lgd_name">Ibrahimganj Ward</SimpleData>
		<SimpleData name="sourcewardcode">17</SimpleData>
		<SimpleData name="state">Madhya Pradesh</SimpleData>
	</SchemaData></ExtendedData>
      <MultiGeometry><Polygon><outerBoundaryIs><LinearRing><coordinates>77.4054812108488,23.2731446773058 77.4056784799869,23.2731277363453 77.4058143546652,23.2731290410197 77.4067428156137,23.2731497309584 77.4067518454789,23.2733089984863 77.4100402076282,23.2730889682832 77.4098895314089,23.2721719586745 77.409397231277,23.2722214425714 77.4093733890911,23.2722121216366 77.40935950473,23.2721895038226 77.4093474457457,23.2721480691788 77.4092766144838,23.2711472589355 77.4092621659808,23.2710344429006 77.4092350763851,23.2708784909229 77.4091321348434,23.2706263129232 77.4084809200428,23.2694477132261 77.4084475081041,23.2693682958675 77.4084435546186,23.2693366741538 77.4084548904592,23.2692924162858 77.4084964285579,23.2692542577889 77.4096661455506,23.2686890108206 77.4097210146481,23.2686460912909 77.4097275471969,23.2686350890742 77.40973734602,23.2686090838312 77.4097362572619,23.2685960812077 77.4097351685037,23.2685810781791 77.4097329909875,23.2685650741215 77.40971992589,23.2685280666392 77.4096992385873,23.2684950599572 77.4084340342732,23.2676163361543 77.4079189348994,23.2672585818026 77.4070975719974,23.2666888229198 77.4046647904776,23.2651183125303 77.4043440308358,23.2650064990469 77.4005413715082,23.2664583438662 77.4007737539941,23.2683482215507 77.4010857487738,23.2699676034127 77.401085886216,23.2700381994227 77.4010679621311,23.2701060102114 77.4010183984836,23.2701497206754 77.400887551676,23.2701988942081 77.3993627054986,23.27046991649 77.3992134522108,23.2716763033684 77.3991437555212,23.2722582542743 77.3990855653521,23.2725968970371 77.399667086158,23.2726455951628 77.4014269217322,23.2724151371415 77.4018433627316,23.2722625726838 77.4018579792196,23.2722663027068 77.4018683655409,23.2722761773645 77.401876104527,23.2722911948311 77.4018953751865,23.2723518736971 77.402310500154,23.2739956184248 77.4027394358207,23.275357900486 77.4043336301414,23.2748900484617 77.404292092941,23.2745017345723 77.4049151581338,23.2743392542639 77.4047239364542,23.2732744473516 77.4054812108488,23.2731446773058</coordinates></LinearRing></outerBoundaryIs></Polygon></MultiGeometry>
  </Placemark>
  <Placemark>
	<Style><LineStyle><color>ff0000ff</color></LineStyle><PolyStyle><fill>0</fill></PolyStyle></Style>
	<ExtendedData><SchemaData schemaUrl="#bhopal_wards">
		<SimpleData name="objectid">76</SimpleData>
		<SimpleData name="townname">Bhopal</SimpleData>
		<SimpleData name="towncensuscode2011">802312</SimpleData>
		<SimpleData name="town_lgd_code">250946</SimpleData>
		<SimpleData name="ward_lgd_code">32946</SimpleData>
		<SimpleData name="ward_lgd_name">Lal Bahadur Shastri Ward</SimpleData>
		<SimpleData name="sourcewardcode">19</SimpleData>
		<SimpleData name="state">Madhya Pradesh</SimpleData>
	</SchemaData></ExtendedData>
      <MultiGeometry><Polygon><outerBoundaryIs><LinearRing><coordinates>77.4043440308358,23.2650064990469 77.4040566858275,23.2643860454474 77.4039796004947,23.2641613822612 77.4042294632977,23.2639122978954 77.4045883088126,23.2637242639339 77.4058588886454,23.2631284134783 77.4062230512886,23.2629672405795 77.4065978454931,23.2627694372102 77.407022955235,23.2625303791262 77.4073999323457,23.2623183875844 77.4079379234879,23.2620325215691 77.4082961635383,23.2620596513146 77.4089937314076,23.2619660073292 77.4094663521466,23.2628328554061 77.4098650136899,23.2631028561146 77.41112137409,23.2629094558381 77.4110073158967,23.261457191071 77.410959141943,23.2609920541518 77.4108748090025,23.2605097683705 77.4105884332764,23.2591583589567 77.4104934544014,23.258339492122 77.4104725290452,23.2577553692719 77.4101336396042,23.2576868845176 77.4098346021242,23.2576410951191 77.4092157590132,23.2576067528536 77.4085886091808,23.2576143845607 77.4083934034729,23.2577250422001 77.4083759132743,23.2577522603058 77.4076733202293,23.2577350673176 77.4074963952375,23.2577241269242 77.4075040803248,23.2575824175514 77.4074287467067,23.2574512514666 77.4073060116861,23.257355258688 77.4072820446343,23.2573365140493 77.4070830049168,23.2573255736232 77.4070830049168,23.2572661811901 77.4069775310244,23.2572630548809 77.4068174781902,23.2571305919041 77.4063140649999,23.2571098854478 77.4063026743621,23.2571459354283 77.4062005763385,23.2574690601786 77.4058616024559,23.2578305580308 77.4058439227128,23.2578494131923 77.4058232363085,23.2578824225109 77.4058167037597,23.2579084298471 77.4058090824528,23.2579374380237 77.4058090824528,23.2580064582785 77.4058356195846,23.2582241439121 77.4058395676803,23.2582565300265 77.4058330351316,23.2582725344968 77.405818881276,23.2582975414777 77.4056314558767,23.2585240673722 77.4055783250193,23.2585262222603 77.4055910837913,23.2588838770821 77.4056466975922,23.2590639379687 77.4057294081753,23.2592983004981 77.4059103989422,23.2593595712481 77.4060681862252,23.2593156847558 77.4061458087506,23.2593361424523 77.4062905120715,23.2594378465711 77.406560654342,23.2596746348377 77.406564523386,23.2597765491507 77.4066672241791,23.2601097081443 77.4065330751645,23.260213287582 77.4066770176124,23.2605258196122 77.4067381282045,23.2607913659126 77.4068003212666,23.2609272609612 77.4068376777077,23.2611142540449 77.4068896173991,23.2612679074511 77.4068263409688,23.2613723030296 77.406761792524,23.2615949918662 77.4067654028532,23.2621455432949 77.4068217910019,23.2622192712926 77.4065929550647,23.2623687994627 77.4061834346862,23.2627007841979 77.4062257273698,23.2628924467283 77.4052741033618,23.2632749349515 77.4046653941455,23.263567975764 77.4041071900111,23.2638146179485 77.4038653015528,23.2640490497008 77.4033310195545,23.263348195215 77.4030784986365,23.2632334207843 77.4028073709141,23.2634214554383 77.4025442166381,23.2634995996321 77.4023289093291,23.2635240196832 77.4020471491471,23.2635948378063 77.4018903203664,23.2635972798098 77.4016936189636,23.263423897445 77.4017069095382,23.2629818926693 77.401605157366,23.262428530466 77.4015097931138,23.2620529796738 77.3999750187559,23.2619406486375 77.399280833942,23.2616672098842 77.398744806517,23.2616493571673 77.3992730482434,23.2638663059665 77.3993863554451,23.264095635766 77.4005413715082,23.2664583438662 77.4043440308358,23.2650064990469</coordinates></LinearRing></outerBoundaryIs></Polygon></MultiGeometry>
  </Placemark>
  <Placemark>
	<Style><LineStyle><color>ff0000ff</color></LineStyle><PolyStyle><fill>0</fill></PolyStyle></Style>
	<ExtendedData><SchemaData schemaUrl="#bhopal_wards">
		<SimpleData name="objectid">77</SimpleData>
		<SimpleData name="townname">Bhopal</SimpleData>
		<SimpleData name="towncensuscode2011">802312</SimpleData>
		<SimpleData name="town_lgd_code">250946</SimpleData>
		<SimpleData name="ward_lgd_code">32945</SimpleData>
		<SimpleData name="ward_lgd_name">Ram Mandir Ward</SimpleData>
		<SimpleData name="sourcewardcode">18</SimpleData>
		<SimpleData name="state">Madhya Pradesh</SimpleData>
	</SchemaData></ExtendedData>
      <MultiGeometry><Polygon><outerBoundaryIs><LinearRing><coordinates>77.4171038385736,23.2788364366481 77.4175489951194,23.2788042362512 77.4179181676669,23.2788339990497 77.4184270210545,23.2789245144558 77.4187889792319,23.2790258025835 77.4191615734623,23.2792063610685 77.4197201216515,23.2796339505746 77.4196522799829,23.2795343388526 77.4188145524714,23.2781972314846 77.4179513604166,23.2770368679561 77.4162733919075,23.2747811966081 77.4159863154956,23.2743270204735 77.4158374610597,23.2740779559368 77.4157311364627,23.2738972617656 77.4156062050612,23.2736164519448 77.4149691342347,23.2719608275051 77.414177871183,23.269764849906 77.4131749848133,23.2672077847281 77.4130821744714,23.2668106495234 77.4127324845858,23.265786113217 77.4124016970504,23.2647094728525 77.4122235835874,23.2639171876678 77.4121374791692,23.2635341772348 77.4120270025589,23.2628340471172 77.4120021129373,23.262588584928 77.4120023204481,23.2624616550161 77.4120117464704,23.2623246713266 77.4120155256828,23.2622899539364 77.4120283868628,23.2621585061086 77.4120924133863,23.2617651191853 77.4121758156722,23.2613258150478 77.4109972062565,23.26135960836 77.4110073158967,23.261457191071 77.41112137409,23.2629094558381 77.4098650136899,23.2631028561146 77.4094663521466,23.2628328554061 77.4089937314076,23.2619660073292 77.4082961635383,23.2620596513146 77.4079379234879,23.2620325215691 77.4073999323457,23.2623183875844 77.407022955235,23.2625303791262 77.4065978454931,23.2627694372102 77.4062230512886,23.2629672405795 77.4058588886454,23.2631284134783 77.4045883088126,23.2637242639339 77.4042294632977,23.2639122978954 77.4039796004947,23.2641613822612 77.4040566858275,23.2643860454474 77.4043440308358,23.2650064990469 77.4046647904776,23.2651183125303 77.4070975719974,23.2666888229198 77.4079189348994,23.2672585818026 77.4084340342732,23.2676163361543 77.4096992385873,23.2684950599572 77.40971992589,23.2685280666392 77.4097329909875,23.2685650741215 77.4097351685037,23.2685810781791 77.4097362572619,23.2685960812077 77.40973734602,23.2686090838312 77.4097275471969,23.2686350890742 77.4097210146481,23.2686460912909 77.4096661455506,23.2686890108206 77.4084964285579,23.2692542577889 77.4084548904592,23.2692924162858 77.4084435546186,23.2693366741538 77.4084475081041,23.2693682958675 77.4084809200428,23.2694477132261 77.4091321348434,23.2706263129232 77.4092350763851,23.2708784909229 77.4092621659808,23.2710344429006 77.4092766144838,23.2711472589355 77.4093474457457,23.2721480691788 77.40935950473,23.2721895038226 77.4093733890911,23.2722121216366 77.409397231277,23.2722214425714 77.4098895314089,23.2721719586745 77.4102243335153,23.2721500868589 77.4104489734218,23.2719199754015 77.4111718567141,23.2724846648387 77.4118623656218,23.2724299829455 77.4130178245543,23.2720344295889 77.4142952953637,23.2742288076464 77.4146596080255,23.2748556652548 77.4142572148805,23.2749306009285 77.4143830428006,23.2752057643808 77.4139726097338,23.275291297999 77.4138888436302,23.2752345237055 77.4138617836789,23.2749665363354 77.4138094343558,23.2749580853637 77.4133465324898,23.2750059879497 77.4136422075757,23.2754973835298 77.4139239381134,23.2761078136388 77.413139477105,23.2763696212589 77.4120135871185,23.2768185561971 77.4124858161919,23.278097232499 77.4131491205196,23.2779905700222 77.4136203003609,23.27785429876 77.4143337064269,23.2781141852052 77.4143135733848,23.2785475157462 77.4137676716782,23.2792868461245 77.4129209574206,23.2801806357733 77.4125909029105,23.2806141147232 77.4134244460694,23.2799536837708 77.4137594907209,23.2797494131049 77.4142392602529,23.2795050506899 77.4146995758691,23.2792988418067 77.4153084315108,23.2791182842724 77.4156056687669,23.2790456202116 77.4160587152159,23.2789663505069 77.4167059244286,23.2788782735521 77.4171038385736,23.2788364366481</coordinates></LinearRing></outerBoundaryIs></Polygon></MultiGeometry>
  </Placemark>
  <Placemark>
	<Style><LineStyle><color>ff0000ff</color></LineStyle><PolyStyle><fill>0</fill></PolyStyle></Style>
	<ExtendedData><SchemaData schemaUrl="#bhopal_wards">
		<SimpleData name="objectid">78</SimpleData>
		<SimpleData name="townname">Bhopal</SimpleData>
		<SimpleData name="towncensuscode2011">802312</SimpleData>
		<SimpleData name="town_lgd_code">250946</SimpleData>
		<SimpleData name="ward_lgd_code">881942</SimpleData>
		<SimpleData name="ward_lgd_name">Rusalli Ward</SimpleData>
		<SimpleData name="sourcewardcode">77</SimpleData>
		<SimpleData name="state">Madhya Pradesh</SimpleData>
	</SchemaData></ExtendedData>
      <MultiGeometry><Polygon><outerBoundaryIs><LinearRing><coordinates>77.3940294795221,23.297229074133 77.3958417578442,23.2971436948709 77.3959003253058,23.297533596163 77.4008769910815,23.2972151758011 77.4007594222721,23.2955327829313 77.4036673191524,23.295035259131 77.4034664091425,23.2908933288121 77.4064534988034,23.2906816282931 77.4064755039345,23.290683686123 77.4064834486349,23.2906899677019 77.4064884288948,23.2907018979979 77.4064934873083,23.290725502802 77.4066306771201,23.2920373079617 77.4066370093445,23.2920654241957 77.406647404649,23.2920783147889 77.406666636681,23.2920859535973 77.4093863850183,23.2919802346949 77.4095036295359,23.2919761603305 77.4098366574696,23.292005352513 77.410018350719,23.292037906162 77.4116648090228,23.2924697614855 77.4117123963767,23.2925098283895 77.4117961696668,23.2927693190585 77.4118180984413,23.2928215371049 77.4118392968853,23.2928376446853 77.4134891148884,23.293369730057 77.4135433569619,23.2928710405564 77.4135723536809,23.2926818832615 77.4135911536232,23.2926247846929 77.4136426046311,23.2925359354035 77.4137037475626,23.2924655501693 77.4141459747022,23.2921169774851 77.4142119775194,23.2920776316032 77.414243206552,23.2920632896526 77.4143078259636,23.2920508503896 77.4150158475278,23.2919640230476 77.4150384689033,23.2919542109075 77.415050924943,23.2919387575279 77.4150489154117,23.2919201134675 77.4141204086492,23.2905745600408 77.4127242928487,23.2887102358237 77.4125401984026,23.2884875931403 77.4122886018511,23.2882128111128 77.4112278334344,23.2870856615425 77.411129887424,23.2869669931226 77.4110856579727,23.286900159628 77.4110677491591,23.2868692797482 77.4109723220248,23.2866655700582 77.410682616244,23.2860663368238 77.4106547406224,23.2860264816917 77.4106244871603,23.2859899436156 77.4105917795008,23.285957490805 77.4094013689172,23.2849955200607 77.4089980280496,23.2852464158068 77.408480116949,23.2853912667884 77.4080442049657,23.2849021232389 77.4066363131502,23.286289114754 77.4048032756601,23.2876225853742 77.4034913463748,23.2884236904322 77.4032980504852,23.2885417230321 77.4006509758543,23.2895738156669 77.3997829257105,23.2898395887284 77.3981064223536,23.2902291376439 77.3939859956724,23.2908516227507 77.3928929346179,23.2909294125565 77.3927947110281,23.2927483986652 77.392801480732,23.292810583091 77.3928127644703,23.2928572209788 77.393172552318,23.2936729844992 77.3931874095545,23.29371525074 77.3931910513247,23.2937397799392 77.3931963406051,23.2937754058104 77.3933028978658,23.2955266698977 77.39330260232,23.295535091511 77.3933005317033,23.2955424273159 77.3932972780053,23.2955484042102 77.3932904741654,23.2955522078383 77.3932824881425,23.2955557391892 77.3932622643705,23.2955572111354 77.3929745645277,23.2955709537001 77.3929594791192,23.295571496604 77.3929491260355,23.2955736706947 77.3929423230938,23.2955788324068 77.3929405480229,23.2955848092995 77.3929390523279,23.2956108323769 77.3929155506035,23.2977674685693 77.394046503495,23.2976701426559 77.3940294795221,23.297229074133</coordinates></LinearRing></outerBoundaryIs></Polygon></MultiGeometry>
  </Placemark>
  <Placemark>
	<Style><LineStyle><color>ff0000ff</color></LineStyle><PolyStyle><fill>0</fill></PolyStyle></Style>
	<ExtendedData><SchemaData schemaUrl="#bhopal_wards">
		<SimpleData name="objectid">79</SimpleData>
		<SimpleData name="townname">Bhopal</SimpleData>
		<SimpleData name="towncensuscode2011">802312</SimpleData>
		<SimpleData name="town_lgd_code">250946</SimpleData>
		<SimpleData name="ward_lgd_code">32937</SimpleData>
		<SimpleData name="ward_lgd_name">Eidgaah Hills Ward</SimpleData>
		<SimpleData name="sourcewardcode">10</SimpleData>
		<SimpleData name="state">Madhya Pradesh</SimpleData>
	</SchemaData></ExtendedData>
      <MultiGeometry><Polygon><outerBoundaryIs><LinearRing><coordinates>77.3816293868684,23.2734582344629 77.3816445728882,23.2730854858496 77.3822501622556,23.2730742702672 77.3822622751389,23.2726891001382 77.3837521849365,23.2727314192532 77.3838695543199,23.2730060120688 77.3844235992545,23.2730455690668 77.3854360841231,23.2733061787101 77.3858930148873,23.27339217237 77.386097354665,23.2734494136975 77.3861331192914,23.2734513818447 77.3861595998293,23.273440655648 77.3866600342061,23.2731947525244 77.3869970785075,23.2731380705873 77.38700715491,23.2732067875406 77.3873374986776,23.2731823469831 77.3877434374731,23.2733374190552 77.3880291259879,23.2734283318263 77.3883310659246,23.2734861235591 77.388329881945,23.2735897363361 77.3884452031696,23.273673272315 77.3889321664104,23.2737482936513 77.3898557315406,23.2737275625447 77.3898690921838,23.2734100969581 77.390084505494,23.273395622612 77.3901135632985,23.2733912258434 77.3901313400596,23.2733774075446 77.3901766968966,23.2731917544981 77.3901900512517,23.2731718204681 77.3902361617752,23.2731521447293 77.3905917284394,23.2731087067482 77.3906216567114,23.2734162539187 77.3907236568186,23.2735068794598 77.3910588667602,23.2738750642728 77.3913769700837,23.2742253524747 77.3928507111046,23.2744454657977 77.3928921746431,23.273872913759 77.3929269169867,23.2733369115452 77.3932128884709,23.2708769378307 77.3920634123182,23.2708583725194 77.3921723186733,23.2701252011592 77.3905574595079,23.2701342944738 77.3890387128913,23.2703216872576 77.3889969295525,23.2703112191085 77.3889599315392,23.2702691789806 77.3889200113063,23.2684321305282 77.3889076657594,23.2684173007837 77.3888811187461,23.2684040472654 77.3878253988613,23.2683905833071 77.3878051625129,23.2683867673495 77.3877880693696,23.2683623407622 77.3877871198504,23.2683187221399 77.3878353944154,23.2669807421257 77.3878395140893,23.2667300702767 77.3878423500707,23.2665015248834 77.3878214840033,23.2662864094346 77.3877087696896,23.2658560025389 77.3877026898918,23.2658153557053 77.3877148351144,23.2657861487035 77.3877397534821,23.2657682816835 77.3882647765448,23.265490441375 77.3883037104275,23.2654581626526 77.3883511917802,23.2654084360907 77.3886560180039,23.26509524539 77.3887044488758,23.2650612211239 77.3887671234349,23.265036793927 77.3892575272232,23.2649284085541 77.3893112527654,23.2649137863881 77.3893354470909,23.2649003839725 77.3893428375308,23.2648903792004 77.389348283118,23.2648657225465 77.3891877730414,23.2639172990804 77.3889319966289,23.2631277862633 77.388772027338,23.2628274679472 77.3883210326412,23.2619160153713 77.3882958483722,23.2618883706152 77.3882507071308,23.2618716923166 77.3881779804237,23.2618567611565 77.3880545276492,23.2618650470757 77.3866211111032,23.2621195664958 77.3854638276923,23.2624278537304 77.3847500721816,23.2626975424761 77.3841241341765,23.2629899821011 77.3837616639594,23.2631836191168 77.3831505643261,23.2635181560654 77.3828849684292,23.2636885483202 77.3820848399039,23.2641990998685 77.3819802086312,23.264248202973 77.3816502071217,23.2644268932588 77.381411992773,23.2645734586945 77.3812406696752,23.2646976904276 77.3808476235008,23.2650255231991 77.3806923694669,23.2651822874912 77.3778803129458,23.2683178581023 77.3772512748547,23.2691245019824 77.3754716475981,23.271620626741 77.3754533803568,23.2716684290238 77.3754578054579,23.2716944485238 77.3754741799489,23.2717172149633 77.3755693465718,23.2717838704015 77.3758918740981,23.2719811702042 77.3761326432555,23.272145318697 77.376209468077,23.2722142664007 77.3762501833189,23.2722744732723 77.3762682547274,23.2723210630636 77.3762896579874,23.272429709796 77.3762990983828,23.2725731347021 77.3763000982077,23.2727513904841 77.3762880329351,23.2728950939691 77.3762450997527,23.2731454835466 77.3762151777689,23.2732631146039 77.3761718187851,23.2733659048104 77.3759263972528,23.2737650331799 77.3759027679676,23.2738261974271 77.3758982916625,23.2738562122039 77.3759018723473,23.2739113069449 77.3759061815657,23.2739469372969 77.3759175371692,23.273978736988 77.3759421546012,23.2740079289906 77.3759702062926,23.2740259030088 77.3760667617109,23.274047742333 77.3772934408758,23.2741949185721 77.3775714281337,23.2742111612656 77.3779190312329,23.2742080774398 77.3781946702947,23.2741691256693 77.3784650074997,23.2740833049809 77.3787180485422,23.273956318351 77.3789913519842,23.2737661884837 77.3793114783138,23.2735288310988 77.3793644519661,23.2734895539935 77.379450791743,23.2734531643177 77.3801057579082,23.2733218760416 77.3801338500238,23.2733218760416 77.3801641025876,23.2733308090454 77.3801857115618,23.2733734877523 77.380570423167,23.2754842074601 77.3806038458855,23.2755709423992 77.3806513856286,23.2756205686191 77.3807183738977,23.2756394262147 77.3808339825832,23.275646373619 77.3812121400801,23.2756106430465 77.3812537195014,23.2755976023218 77.3812833926518,23.2755767452466 77.3813201319503,23.2755184980817 77.3816026125813,23.2748902473373 77.3816168365055,23.2748292189131 77.3816220682937,23.2743578628265 77.3816293868684,23.2734582344629</coordinates></LinearRing></outerBoundaryIs></Polygon></MultiGeometry>
  </Placemark>
  <Placemark>
	<Style><LineStyle><color>ff0000ff</color></LineStyle><PolyStyle><fill>0</fill></PolyStyle></Style>
	<ExtendedData><SchemaData schemaUrl="#bhopal_wards">
		<SimpleData name="objectid">80</SimpleData>
		<SimpleData name="townname">Bhopal</SimpleData>
		<SimpleData name="towncensuscode2011">802312</SimpleData>
		<SimpleData name="town_lgd_code">250946</SimpleData>
		<SimpleData name="ward_lgd_code">32954</SimpleData>
		<SimpleData name="ward_lgd_name">Goswami Tulsidas Ward</SimpleData>
		<SimpleData name="sourcewardcode">27</SimpleData>
		<SimpleData name="state">Madhya Pradesh</SimpleData>
	</SchemaData></ExtendedData>
      <MultiGeometry><Polygon><outerBoundaryIs><LinearRing><coordinates>77.3963895783523,23.220301799236 77.397716635267,23.2179847394974 77.3969223430961,23.2174158334664 77.3955879235894,23.2157409936674 77.3954775215392,23.2155898025341 77.3954564003503,23.2155665286907 77.3951984527097,23.2152188009228 77.3950317271896,23.2150091878262 77.3948850080492,23.2148338971376 77.3946929401566,23.2146255086022 77.3945969066595,23.2145286693367 77.3943501529257,23.2142859582817 77.3941634201276,23.2140935043583 77.3939593480478,23.2138900186577 77.3935920799288,23.2135122119423 77.3935267831874,23.2134402592914 77.3932537645113,23.213172912249 77.3930385578136,23.212950898008 77.3929867905987,23.2128974928427 77.3928527700432,23.2127790291841 77.3926508844629,23.2125894172665 77.3923854574492,23.2123810260555 77.3919292965412,23.2120304367258 77.3918746107,23.2119973392833 77.3918119217679,23.2119605646129 77.3917358946504,23.211928692343 77.3916758737147,23.2119103045869 77.391609182788,23.2118955948754 77.3915331565689,23.2118894656221 77.3913290844892,23.2118845623844 77.3907542139113,23.2118747559084 77.3900044826702,23.2118659640941 77.3898588424064,23.2118655314797 77.3891667722267,23.2118634782125 77.3888005632213,23.2118854449507 77.3887420298957,23.2118929447 77.3876827392076,23.2120237832233 77.3872987453563,23.2120827400633 77.3871496914945,23.2121178048857 77.3870485277187,23.2121550426735 77.3870414732488,23.212158269937 77.3869223269977,23.2122127841756 77.3866927777982,23.2123454766767 77.3862246118047,23.2125869660733 77.3853856491098,23.2130368455465 77.3851202211978,23.2131986542032 77.3849801720484,23.2133102048156 77.3847627617833,23.2135063362193 77.3842638707122,23.213971206083 77.3842087680527,23.2140225509802 77.3847750363634,23.2145026106146 77.3851119441208,23.2147882267771 77.3854674748524,23.2147510962234 77.385591372293,23.2146570334838 77.3863529298549,23.2151694007253 77.3875524233043,23.2154506613646 77.3883234562958,23.2153462810378 77.3885249070915,23.215328087763 77.3886227120664,23.2152855663294 77.3886816370575,23.2152443063671 77.3887644823879,23.2151430895008 77.3887991600528,23.2151205932759 77.3888419971155,23.2151121566746 77.3888848341781,23.2151196554171 77.3889603088316,23.2151843329827 77.38926979821,23.2155487077813 77.3892947857479,23.2156114210917 77.3892939655861,23.2156936609063 77.3892672757407,23.2157245886444 77.3892254995884,23.2157427191214 77.3891001316056,23.2157640561329 77.3889481366596,23.2157625205617 77.3888203486154,23.2157612301865 77.3887031310473,23.2157754878823 77.3881997852307,23.2158657876877 77.3877650069213,23.2159965232512 77.3870775998963,23.2162032230018 77.3867828321088,23.2162333225721 77.3866945106484,23.2162302596962 77.3866001102884,23.216226986299 77.3865570163076,23.2162190649252 77.3863915322593,23.2161287653586 77.3863415428103,23.2160923286596 77.3862656962543,23.2160479713923 77.386196744268,23.2160432185617 77.3860760798641,23.2160511391204 77.385958862296,23.216068566164 77.3856469654327,23.2161572881004 77.3855292187568,23.2161907824385 77.3854520687453,23.2162127278259 77.3853572605502,23.2162713435069 77.3851496518032,23.2164244169982 77.3850439703999,23.2166433584721 77.384354016651,23.2180693992232 77.3843365920294,23.2183594162491 77.3843229879427,23.2185858407157 77.3842574845888,23.2189058433126 77.3841954280707,23.2190230714597 77.3841454386218,23.2190975274894 77.3841006198756,23.2191513891845 77.384041126251,23.2191854094757 77.3839454790294,23.2192401024687 77.3842769959968,23.2195104473336 77.3845181711927,23.2197071202764 77.3848177153225,23.2199513908514 77.3849637104208,23.2197766391291 77.3850468108728,23.2196771709137 77.3859529540763,23.2180530985069 77.3860363267178,23.2180263577326 77.3873379334622,23.2177490132119 77.3888281118561,23.2175037289427 77.3889769303594,23.2174801161255 77.389047025901,23.217468994109 77.3890564097024,23.218182958486 77.3896018703362,23.2181719743967 77.3898469711699,23.2182883124084 77.3903021583042,23.2182858373785 77.3903081509654,23.2183991223714 77.390314113084,23.2185118277259 77.390325145294,23.2186476865898 77.3903648616093,23.2189356252603 77.3904221947857,23.2193901832285 77.3904650893405,23.2196233432783 77.3905355037841,23.2198716220545 77.3927410789107,23.2192032249467 77.3931366529443,23.2191215800416 77.394260563044,23.2193226256907 77.3963895783523,23.220301799236</coordinates></LinearRing></outerBoundaryIs></Polygon></MultiGeometry>
  </Placemark>
  <Placemark>
	<Style><LineStyle><color>ff0000ff</color></LineStyle><PolyStyle><fill>0</fill></PolyStyle></Style>
	<ExtendedData><SchemaData schemaUrl="#bhopal_wards">
		<SimpleData name="objectid">81</SimpleData>
		<SimpleData name="townname">Bhopal</SimpleData>
		<SimpleData name="towncensuscode2011">802312</SimpleData>
		<SimpleData name="town_lgd_code">250946</SimpleData>
		<SimpleData name="ward_lgd_code">32955</SimpleData>
		<SimpleData name="ward_lgd_name">Rani Awantibai Ward</SimpleData>
		<SimpleData name="sourcewardcode">28</SimpleData>
		<SimpleData name="state">Madhya Pradesh</SimpleData>
	</SchemaData></ExtendedData>
      <MultiGeometry><Polygon><outerBoundaryIs><LinearRing><coordinates>77.3987097910856,23.2244225643892 77.3988284720093,23.2244143446624 77.3992608706814,23.2244165199141 77.4023165332395,23.2246047760465 77.4029731981189,23.2230605783858 77.4038483629198,23.2211577319636 77.403873937956,23.2211255242412 77.4038928816287,23.2211063741238 77.403912773024,23.2210915762665 77.4039336112437,23.2210793896002 77.4039781299525,23.2210741672146 77.4040055986373,23.2210793896002 77.4044723902084,23.2213078675309 77.4048736326115,23.2214724143931 77.4049351007331,23.2214949879745 77.4049834031459,23.2215100491346 77.405108424379,23.2215340492432 77.4051519522461,23.2215387473927 77.405169873636,23.2215400509208 77.4052457471415,23.2215378013236 77.4054033897958,23.2215228532657 77.4054827370865,23.2215110917921 77.4062433136881,23.2213657338609 77.4060883812511,23.2207306376485 77.4061415480412,23.2207221403112 77.4061071299894,23.2205032377197 77.4057255085887,23.2205601517181 77.4057213404058,23.2204720502154 77.4057380131375,23.2203954402735 77.4058797304584,23.2200813381441 77.4056861614809,23.2199773015626 77.405799535158,23.2196953759794 77.4053254313005,23.2194536922196 77.4052774334165,23.2195297438026 77.4051836501992,23.2196523209785 77.4051107078964,23.219742338301 77.4049627391995,23.2199396094262 77.4047495393382,23.2201664794869 77.4046797644951,23.2202407276666 77.4039825496637,23.220881969084 77.4028187337041,23.2203400732812 77.4029995448079,23.2199511010833 77.4021656764589,23.2195460823141 77.4014281560173,23.2187617217075 77.4013823060052,23.2187119240759 77.4013468773488,23.2186793649016 77.4012926909708,23.218642974304 77.4012009918449,23.2186065845222 77.3987144057311,23.2174341626752 77.3984829736628,23.2171565923705 77.3976037565616,23.2161360948015 77.3978414705487,23.2155495292306 77.3975744490255,23.2151844204941 77.3979602628636,23.2146265810344 77.3981519974812,23.2142894818787 77.3986563422245,23.2139408905247 77.3983312275501,23.2135310064938 77.3971009820735,23.2135771181489 77.3971059910796,23.2137532302958 77.3966916934604,23.2140813806236 77.3970137610493,23.2145507338811 77.3954775215392,23.2155898025341 77.3955879235894,23.2157409936674 77.3969223430961,23.2174158334664 77.397716635267,23.2179847394974 77.3963895783523,23.220301799236 77.394260563044,23.2193226256907 77.3931366529443,23.2191215800416 77.3927410789107,23.2192032249467 77.3905355037841,23.2198716220545 77.3908976973201,23.2210075310097 77.3914045169219,23.2225833076187 77.391843870351,23.2239497431187 77.3925002881937,23.2261497103663 77.3982348679645,23.224508506197 77.3984896167044,23.2244594272616 77.3987097910856,23.2244225643892</coordinates></LinearRing></outerBoundaryIs></Polygon></MultiGeometry>
  </Placemark>
  <Placemark>
	<Style><LineStyle><color>ff0000ff</color></LineStyle><PolyStyle><fill>0</fill></PolyStyle></Style>
	<ExtendedData><SchemaData schemaUrl="#bhopal_wards">
		<SimpleData name="objectid">82</SimpleData>
		<SimpleData name="townname">Bhopal</SimpleData>
		<SimpleData name="towncensuscode2011">802312</SimpleData>
		<SimpleData name="town_lgd_code">250946</SimpleData>
		<SimpleData name="ward_lgd_code">32959</SimpleData>
		<SimpleData name="ward_lgd_name">Jawahar Lal Nehru Ward</SimpleData>
		<SimpleData name="sourcewardcode">32</SimpleData>
		<SimpleData name="state">Madhya Pradesh</SimpleData>
	</SchemaData></ExtendedData>
      <MultiGeometry><Polygon><outerBoundaryIs><LinearRing><coordinates>77.4011465799899,23.2375388089471 77.4023165332395,23.2246047760465 77.3992608706814,23.2244165199141 77.3988284720093,23.2244143446624 77.3987097910856,23.2244225643892 77.3984896167044,23.2244594272616 77.3982348679645,23.224508506197 77.3925002881937,23.2261497103663 77.391843870351,23.2239497431187 77.3893793306909,23.2246442367832 77.3889575195627,23.2260978418035 77.3880932486312,23.2269965118301 77.3887914776605,23.2274871886837 77.3941522378989,23.2317648311744 77.3923332680262,23.2336589382796 77.3931580849504,23.2343640513428 77.393245979711,23.2344950486259 77.3932733136485,23.2345342934704 77.3934471610122,23.2348753053672 77.3938574988576,23.2357889824543 77.394106741823,23.2363297399911 77.3943408302096,23.2367929183023 77.3944404434932,23.2369612678882 77.3944929248687,23.2370317179377 77.3947937320298,23.2373614479102 77.3949107537653,23.2374768248954 77.3950692749719,23.2375757069931 77.3951902268366,23.2376331931726 77.3952984531671,23.2376658905259 77.3957535441816,23.2377756096834 77.3958857142077,23.2378444629032 77.3963409489527,23.2381990588164 77.3987447220753,23.2403603900286 77.3988803775647,23.2402293390727 77.4004840113824,23.2386801244036 77.4008541675851,23.2382402159345 77.4009416661887,23.2380715386124 77.4011465799899,23.2375388089471</coordinates></LinearRing></outerBoundaryIs></Polygon></MultiGeometry>
  </Placemark>
  <Placemark>
	<Style><LineStyle><color>ff0000ff</color></LineStyle><PolyStyle><fill>0</fill></PolyStyle></Style>
	<ExtendedData><SchemaData schemaUrl="#bhopal_wards">
		<SimpleData name="objectid">83</SimpleData>
		<SimpleData name="townname">Bhopal</SimpleData>
		<SimpleData name="towncensuscode2011">802312</SimpleData>
		<SimpleData name="town_lgd_code">250946</SimpleData>
		<SimpleData name="ward_lgd_code">32956</SimpleData>
		<SimpleData name="ward_lgd_name">Maulana Abdul Kalam Azad Ward</SimpleData>
		<SimpleData name="sourcewardcode">29</SimpleData>
		<SimpleData name="state">Madhya Pradesh</SimpleData>
	</SchemaData></ExtendedData>
      <MultiGeometry><Polygon><outerBoundaryIs><LinearRing><coordinates>77.4084678558437,23.2209790926836 77.4088779574321,23.2201415545177 77.4088834254772,23.2200116122369 77.4088872936229,23.2199196905515 77.4089412940495,23.2198771540686 77.4089713238311,23.2198534995679 77.4090358956321,23.2196573477638 77.4090464795828,23.2196327553972 77.4090983015949,23.2194968017711 77.4091554955324,23.2195164136033 77.409170860317,23.2195195515292 77.4091879336973,23.2195195515292 77.4092126885716,23.2195187672541 77.4095438992134,23.2193940327845 77.4096275557226,23.2193555925318 77.4096463359019,23.2193406871584 77.4096599938875,23.2193179373698 77.409677919769,23.2192700833004 77.4097686055953,23.2189015363842 77.4100785674874,23.2189270881821 77.4103959108362,23.21895324841 77.4105300652408,23.2184540881209 77.4108017831564,23.2182728471859 77.4115181824089,23.2178089887471 77.4118177678612,23.2177281875415 77.4127154812741,23.2176125524229 77.4128049678494,23.2170911504586 77.4128196840504,23.2170054036649 77.4130910040123,23.2169052093618 77.4133042478911,23.2168389590944 77.4145933114592,23.2164384740093 77.4146093176409,23.2162938296311 77.4146186538317,23.2162631851963 77.414631992017,23.2162472499883 77.4146706725748,23.2162300888026 77.4147093531327,23.2162104756623 77.4147373626032,23.2161957664243 77.4147627049757,23.2161700242221 77.4147853793518,23.2161258956645 77.4147979683422,23.2160844642424 77.4148936317334,23.2157696287703 77.4151906237495,23.2158861290359 77.4152436216563,23.2159069186683 77.4155873296604,23.2157164014052 77.4162563167306,23.2154616638403 77.4164971308038,23.2151762315708 77.4165650488291,23.2150957301093 77.4166102843936,23.2151132059867 77.4166990693847,23.2151475080036 77.4170208899369,23.2151318178598 77.4172240556165,23.2150902383506 77.4174536829695,23.214926273916 77.4176841646202,23.2147552489018 77.4177277005721,23.2147113155398 77.4177259928748,23.2146226644688 77.4177157493856,23.2145724558048 77.4176611165449,23.2143457289756 77.4177752816378,23.2141926778698 77.4178625745272,23.2140954659512 77.4180180684113,23.2138959950855 77.4181489816943,23.21373259719 77.4181937645078,23.2136335620359 77.4182707357546,23.2134779350988 77.4184054866405,23.2131289296567 77.4183818726266,23.213043262879 77.4183730484756,23.213011249691 77.4182202477407,23.2126817468868 77.4181143974542,23.2125020890435 77.4178837451235,23.2122489354504 77.417865485967,23.2122384916397 77.4178056204399,23.2122042491445 77.4176261172832,23.2121396345328 77.4172915990444,23.2121211485595 77.4171875624564,23.2121285038158 77.4170581834959,23.2121689564798 77.4168887899794,23.212236377284 77.4164206248843,23.2123160565225 77.4163002218901,23.2123337763148 77.4160124807248,23.2123761228358 77.4155349785406,23.2124398655032 77.4149494377738,23.212263345431 77.4145639679904,23.2121260517885 77.4144265859391,23.2119237891068 77.4143238833493,23.2118134633532 77.4140504532448,23.2115192619991 77.4139971005035,23.2114506148131 77.4139530857495,23.2113427407105 77.4139464166568,23.2112593836524 77.4139677570347,23.2111662191887 77.4141868696072,23.2107859750103 77.4143512154901,23.2105007705261 77.4144252519409,23.2103375451586 77.4144492612135,23.2101610223088 77.4144185828482,23.2100384372491 77.4143612299089,23.2098888826304 77.4143420859119,23.2098667413597 77.4142425211374,23.209751586548 77.4141264803622,23.20961061304 77.4140158106142,23.2093006516087 77.4139409144757,23.2091480174392 77.4137780966271,23.2089624624091 77.4136380726305,23.2087559562092 77.4133622098882,23.2080525366786 77.4133528727991,23.2078784629154 77.4134052454785,23.2075078262838 77.4134195637258,23.2074064995274 77.4135089281303,23.2071306768864 77.4138290418835,23.2071576460639 77.4139837632164,23.2069455681979 77.4138237058907,23.2068511754901 77.4137410105789,23.2065679953153 77.4136140319169,23.2063033508594 77.413605496125,23.2062892283825 77.4136003739312,23.2062727528455 77.4135789625865,23.2062221488672 77.4135708903253,23.2062030692692 77.4135701905377,23.2061976060423 77.4135705399823,23.2061866795877 77.413574736013,23.2061770386462 77.4136755494458,23.2059966017382 77.4138060998094,23.205795733362 77.413706712003,23.205757450196 77.4131700395877,23.205550726854 77.4131558345281,23.2055431953745 77.4131487324474,23.2055346590918 77.4131460006707,23.2055251188312 77.4131460006707,23.2055125649867 77.4131470939204,23.2055035267133 77.4131498247988,23.205492982473 77.413166140001,23.2054475301911 77.4132623037539,23.2052272154934 77.4133490387895,23.2050285025385 77.4131406314402,23.2048637719441 77.4128825975614,23.2044851058047 77.4127230361056,23.2043145091468 77.4124267070462,23.2038386303268 77.4122150433041,23.2034944413297 77.4119190322483,23.2031465005006 77.4119062707813,23.2031300163197 77.4114171048715,23.2024981418278 77.4111128311117,23.2020384188506 77.4110273842602,23.2018219659347 77.4108710782991,23.2012683806635 77.4107085209619,23.200404475814 77.4108165891889,23.2003764302501 77.4115942508489,23.2001746113356 77.4114788784203,23.1989370979551 77.4112467178183,23.1963590750774 77.4109662664815,23.1964494086456 77.4103443196912,23.1970577687891 77.4098866774613,23.1963460282573 77.4059467241173,23.1984796036341 77.404927544105,23.1973772210155 77.4018846106745,23.2004413122871 77.401386151693,23.2007141143998 77.4009373210377,23.2008233404443 77.4005267972411,23.2007922325642 77.4002433994302,23.2006631342888 77.3999900448757,23.2004874565318 77.3994896383466,23.1999107716377 77.3994179294308,23.199715915764 77.3993910096166,23.1995216838175 77.3994035321317,23.1993669156638 77.3994651691366,23.199243567685 77.4006960308574,23.1980140523592 77.4010182439734,23.1974612489347 77.4009620696238,23.1971470392209 77.4006563738309,23.1968418073528 77.3995593009003,23.1960790227107 77.401278396978,23.1939120296666 77.4014109245336,23.1927928382355 77.4020783772812,23.1921611419594 77.4021563914721,23.1915289786417 77.4025127306874,23.1892723331892 77.4030632668026,23.1889026565055 77.4030019001905,23.1876433521432 77.4031157436865,23.1862838624317 77.3995044282095,23.1853001960474 77.4001104469715,23.184779342683 77.400208051622,23.1843030210873 77.4001187357266,23.1835941276598 77.3992947883716,23.1818399313933 77.3992431262596,23.1815950907391 77.3991654983443,23.1811691103363 77.3991935913582,23.180685882997 77.3993351577622,23.180343359491 77.3997988986545,23.1797703087791 77.3995688814328,23.1787104668891 77.4001710006082,23.1771299291802 77.4009197814318,23.1751050720055 77.4007900081109,23.1749426309087 77.3997110380298,23.174996930741 77.3988370185809,23.1749233420425 77.3985771206979,23.1748625751175 77.398341632736,23.1745535315663 77.3981904777147,23.174317626295 77.3979019810663,23.1740738421578 77.3972493729787,23.1737221118307 77.3966453700362,23.1734718520463 77.3962587935284,23.1733808092576 77.3938092772931,23.1740013513107 77.3917654914441,23.1741718264255 77.3913202082359,23.1718176736283 77.3888035186786,23.1688727746834 77.3811422071336,23.1684436443938 77.3804300335561,23.1686289475956 77.3765466677868,23.1719273039853 77.3760425027067,23.1724995054538 77.3751997176802,23.1731636113029 77.3734625501938,23.1740648917754 77.3725853668785,23.1746973663717 77.3720005780015,23.1753456500615 77.371432988269,23.1764208441473 77.3712265922477,23.1777806364022 77.3714602027306,23.182326941603 77.3717594432298,23.1834078187377 77.3723989134564,23.1853262918416 77.3725630877611,23.1888862919525 77.3775158143328,23.191330766359 77.3785503914691,23.1958839862041 77.3793010300087,23.1974708558259 77.3796702465736,23.1982513806088 77.3772234441488,23.2005874187478 77.3731966749209,23.2030468877989 77.3715785476844,23.2037865021027 77.3702195781192,23.2033626185337 77.3701927562215,23.2034279193782 77.3696725921461,23.2046943011227 77.3693581584405,23.205459810755 77.3699722467687,23.2056464803069 77.3708960885799,23.2059262120985 77.3717068073441,23.2061836643683 77.3719976962061,23.2062727825684 77.3726548901932,23.2064213124946 77.373573345706,23.206626778703 77.3759367647095,23.2071048445952 77.3762229131618,23.2071840604134 77.3764556244311,23.207261690978 77.3765814613344,23.207336153563 77.3767050488563,23.2074340498909 77.3774842708899,23.2084667282689 77.377540540461,23.2085069516933 77.3775697177414,23.208520359774 77.3776179420008,23.2085315056528 77.3776781443962,23.2085416492274 77.3777363399552,23.2085462603181 77.3778005560234,23.2085610149818 77.3778537353899,23.2085813029512 77.377873802855,23.2085951353932 77.3779239710687,23.2086394001887 77.3779410291776,23.2086541548421 77.377988125153,23.2087116179722 77.3786654036733,23.2085646460604 77.3791341679447,23.2084508144228 77.3792401601651,23.2084216262362 77.3795527640025,23.2083355419781 77.3805071476351,23.2081281414852 77.3807521119248,23.2088283316228 77.3812872841537,23.2101396125743 77.3815982746168,23.2106782737486 77.3818973040119,23.211079519972 77.3822441776791,23.2112609052401 77.3829259648438,23.211425799674 77.3864376993767,23.2121173491554 77.3869223269977,23.2122127841756 77.3870414732488,23.212158269937 77.3870485277187,23.2121550426735 77.3871496914945,23.2121178048857 77.3872987453563,23.2120827400633 77.3876827392076,23.2120237832233 77.3887420298957,23.2118929447 77.3888005632213,23.2118854449507 77.3891667722267,23.2118634782125 77.3898588424064,23.2118655314797 77.3900044826702,23.2118659640941 77.3907542139113,23.2118747559084 77.3913290844892,23.2118845623844 77.3915331565689,23.2118894656221 77.391609182788,23.2118955948754 77.3916758737147,23.2119103045869 77.3917358946504,23.211928692343 77.3918119217679,23.2119605646129 77.3918746107,23.2119973392833 77.3919292965412,23.2120304367258 77.3923854574492,23.2123810260555 77.3926508844629,23.2125894172665 77.3928527700432,23.2127790291841 77.3929867905987,23.2128974928427 77.3930385578136,23.212950898008 77.3932537645113,23.213172912249 77.3935267831874,23.2134402592914 77.3935920799288,23.2135122119423 77.3939593480478,23.2138900186577 77.3941634201276,23.2140935043583 77.3943501529257,23.2142859582817 77.3945969066595,23.2145286693367 77.3946929401566,23.2146255086022 77.3948850080492,23.2148338971376 77.3950317271896,23.2150091878262 77.3951984527097,23.2152188009228 77.3954564003503,23.2155665286907 77.3954775215392,23.2155898025341 77.3970137610493,23.2145507338811 77.3966916934604,23.2140813806236 77.3971059910796,23.2137532302958 77.3971009820735,23.2135771181489 77.3983312275501,23.2135310064938 77.3986563422245,23.2139408905247 77.3981519974812,23.2142894818787 77.3979602628636,23.2146265810344 77.3975744490255,23.2151844204941 77.3978414705487,23.2155495292306 77.3976037565616,23.2161360948015 77.3984829736628,23.2171565923705 77.3987144057311,23.2174341626752 77.4012009918449,23.2186065845222 77.4012926909708,23.218642974304 77.4013468773488,23.2186793649016 77.4013823060052,23.2187119240759 77.4014281560173,23.2187617217075 77.4021656764589,23.2195460823141 77.4029995448079,23.2199511010833 77.4028187337041,23.2203400732812 77.4039825496637,23.220881969084 77.4046797644951,23.2202407276666 77.4047495393382,23.2201664794869 77.4049627391995,23.2199396094262 77.4051107078964,23.219742338301 77.4051836501992,23.2196523209785 77.4052774334165,23.2195297438026 77.4053254313005,23.2194536922196 77.405799535158,23.2196953759794 77.4056861614809,23.2199773015626 77.4058797304584,23.2200813381441 77.4057380131375,23.2203954402735 77.4057213404058,23.2204720502154 77.4057255085887,23.2205601517181 77.4061071299894,23.2205032377197 77.4061415480412,23.2207221403112 77.4060883812511,23.2207306376485 77.4062433136881,23.2213657338609 77.4062608182598,23.2213630946054 77.4080201606589,23.22105322401 77.4084678558437,23.2209790926836</coordinates></LinearRing></outerBoundaryIs></Polygon></MultiGeometry>
  </Placemark>
  <Placemark>
	<Style><LineStyle><color>ff0000ff</color></LineStyle><PolyStyle><fill>0</fill></PolyStyle></Style>
	<ExtendedData><SchemaData schemaUrl="#bhopal_wards">
		<SimpleData name="objectid">84</SimpleData>
		<SimpleData name="townname">Bhopal</SimpleData>
		<SimpleData name="towncensuscode2011">802312</SimpleData>
		<SimpleData name="town_lgd_code">250946</SimpleData>
		<SimpleData name="ward_lgd_code">881947</SimpleData>
		<SimpleData name="ward_lgd_name">Kanhakunj Ward</SimpleData>
		<SimpleData name="sourcewardcode">81</SimpleData>
		<SimpleData name="state">Madhya Pradesh</SimpleData>
	</SchemaData></ExtendedData>
      <MultiGeometry><Polygon><outerBoundaryIs><LinearRing><coordinates>77.4108745871186,23.1787242041506 77.4103669383717,23.1778011619205 77.4101633585688,23.1774220789133 77.4099806969355,23.1771437475338 77.4098130488456,23.1768010076812 77.4101283269676,23.1767181980759 77.410655824889,23.1766287744463 77.4110624347259,23.1765712677992 77.4112774680488,23.1765281377976 77.411472954031,23.1764670363189 77.411555057353,23.1764239062837 77.4116606192804,23.1763412401377 77.4118048096633,23.17617073145 77.4118323340436,23.176150028956 77.4118898846122,23.1761247258117 77.4119499378873,23.1761040233105 77.4120024839415,23.1760879214548 77.4120475245715,23.1760534178255 77.4120625372166,23.1760327144875 77.4120725462455,23.175998210844 77.4120850570825,23.1759522051464 77.4120950661113,23.1759108000875 77.4121025724339,23.1758647943598 77.4121125814628,23.1758325897629 77.4121275950061,23.1757819833494 77.4121451103575,23.1757520803014 77.4121776392522,23.175708374437 77.4123847224848,23.1755781783778 77.4124936189585,23.1755251794548 77.4126137246103,23.1754927914432 77.412749845427,23.1754633474891 77.4128267133675,23.1754456814439 77.4128731544711,23.1754368475945 77.4129692391722,23.1754147650333 77.4131277792435,23.17534262754 77.4131994055143,23.1752739708643 77.4132439430878,23.1752194737719 77.413267956852,23.1751826815535 77.4132732928447,23.1751336249712 77.4132652879572,23.1750992854355 77.4132519479753,23.1750661722444 77.4132346051004,23.175029379158 77.4132252662147,23.1750036248999 77.413209257338,23.1749631527332 77.4132052553434,23.174938624817 77.4132052553434,23.1749190023156 77.4132105913362,23.1748969262755 77.4132225982183,23.1748797564784 77.4132612859626,23.1748429641666 77.4132786288375,23.1748343796777 77.4133053105981,23.1748257943625 77.4133346594567,23.1748233416512 77.4133613412173,23.1748294734295 77.413384020085,23.174841737811 77.4134187058347,23.1748650393897 77.4134480555917,23.1749042852312 77.4134747364539,23.1749533418975 77.4135280990767,23.175022021035 77.4135454419516,23.1750416435213 77.4135694548175,23.1750637187117 77.4135934685817,23.1750784357785 77.4136521671973,23.175104190848 77.4137362135753,23.1751323986184 77.4139220651261,23.1751630582621 77.4140638093964,23.1751592264264 77.4141096683917,23.175140063117 77.4141513574074,23.1751151520495 77.4142055536668,23.175086407488 77.4146912368083,23.1747203987551 77.4149361633688,23.1744552337623 77.4150762143149,23.1742755823623 77.4153204886986,23.1738174693749 77.4153465443334,23.1737710599201 77.4153983573623,23.1736036101591 77.4155168155039,23.1730469441526 77.4155777913487,23.1728742915149 77.4156063227405,23.1727582955215 77.4156063227405,23.1727172148563 77.4156063227405,23.1726497245747 77.4155871715569,23.1725822342591 77.4155744038018,23.1725411535399 77.4155680203734,23.1725059412488 77.4155648286592,23.1724736639954 77.4155597468896,23.1724255024605 77.4155584398409,23.1723930509347 77.4155584398409,23.1723690130988 77.4155662839299,23.1723497824966 77.4155728209703,23.1723377631623 77.41559373914,23.1723221381914 77.4156146573097,23.1723125228873 77.4156630297911,23.1723017059791 77.4157048661305,23.1722993019463 77.415783309716,23.1722872834334 77.4158081499303,23.1722716584566 77.4158434492294,23.1722368028595 77.415855215363,23.1722127641697 77.4158643673991,23.1721815150227 77.415882670573,23.1721310344089 77.4159086094268,23.1721020926552 77.4159722002675,23.1720582468569 77.416003996137,23.1720344005571 77.4160759538862,23.1719936318396 77.4161119332099,23.1719805545643 77.4161864017504,23.1719620935952 77.4162491562595,23.1719520934208 77.4163242994347,23.1719551300582 77.4164132371394,23.1719649411135 77.4164319140124,23.1719649411135 77.4164577064409,23.1719616707619 77.416508400169,23.1719477709403 77.4165297459368,23.1719363247075 77.4165484228099,23.1719232424716 77.4165644307882,23.1719028019399 77.4167972139227,23.1716399214429 77.4161560243207,23.1691771321861 77.4160958219253,23.1689399282645 77.4159904666105,23.1683093606503 77.4159484416249,23.1681329342834 77.4157643786198,23.1673864266387 77.4151608490894,23.1650385113887 77.4141797962727,23.1611736943277 77.4141696848358,23.1611342677158 77.4113303069538,23.150335044777 77.4090175044233,23.1411856147926 77.4057468687295,23.1281252943448 77.405711639499,23.1279743197983 77.4056810922878,23.1278238366224 77.4056627612661,23.1276066680781 77.4056573695778,23.1273785902521 77.4056849083311,23.1255707299557 77.4045600657801,23.1266649501626 77.4025399999462,23.128630000247 77.4016645162433,23.1293406410201 77.3986099999356,23.1318200004031 77.3945378568026,23.1313396218394 77.3875899998326,23.1305199999529 77.3859742495384,23.1305515049957 77.3848633084165,23.1305731670317 77.3787527819026,23.1306923131238 77.3711746462681,23.132959795243 77.3687756099619,23.1341638849113 77.3671270675665,23.1356063241524 77.3663098423048,23.1382352265264 77.3662183336218,23.1405913440689 77.3687192855936,23.158052278566 77.3704999054885,23.1621431779892 77.3714501883118,23.1631226108686 77.3725739510878,23.1638445867327 77.3734260875764,23.1642560956242 77.3747250065615,23.1644686235672 77.3785708550913,23.1644825390312 77.3804300335561,23.1686289475956 77.3811422071336,23.1684436443938 77.3888035186786,23.1688727746834 77.3913202082359,23.1718176736283 77.3917654914441,23.1741718264255 77.3938092772931,23.1740013513107 77.3962587935284,23.1733808092576 77.3966453700362,23.1734718520463 77.3972493729787,23.1737221118307 77.3979019810663,23.1740738421578 77.3981904777147,23.174317626295 77.398341632736,23.1745535315663 77.3985771206979,23.1748625751175 77.3988370185809,23.1749233420425 77.3997110380298,23.174996930741 77.4007900081109,23.1749426309087 77.4009197814318,23.1751050720055 77.4001710006082,23.1771299291802 77.3995688814328,23.1787104668891 77.3997988986545,23.1797703087791 77.4003988304322,23.1795390726909 77.4020062695134,23.1793574577545 77.4036137094929,23.1790437596236 77.4047003026774,23.1788951654285 77.405661173943,23.1787052948738 77.4058677163897,23.1786887845576 77.4059490157196,23.1787080249844 77.4061090928083,23.1787599631399 77.4063327310932,23.1787816033439 77.4065775552458,23.1787945874646 77.4069801037993,23.1787967518975 77.4071284102628,23.1788097360167 77.4072366985771,23.178842197548 77.4074532734089,23.1789482365134 77.4076392462323,23.1790629314578 77.4077687204142,23.1791235247087 77.4078793623145,23.1791603141922 77.4088727849327,23.1793442589802 77.4090069680833,23.179415672567 77.409122318054,23.1794784300801 77.4094448267157,23.1796580464188 77.4098202560291,23.1798199169463 77.4099528374836,23.1798739315511 77.4099995049627,23.1798947788094 77.4100850892564,23.1799181141918 77.4101587538046,23.1799269469195 77.4103076854956,23.1799313632831 77.4104181836654,23.1799195865883 77.4104918482137,23.1798960323699 77.4105286809369,23.1798680617818 77.4105430935074,23.1798474515233 77.4105494993937,23.1798327300261 77.4105543035838,23.1798135921599 77.4105543035838,23.179795926689 77.4105527027859,23.1797767888175 77.4105398910134,23.1797517621756 77.4105270801391,23.179739985465 77.4104966533021,23.1797237915573 77.4104502121986,23.1797090700465 77.4103973652087,23.1797061260745 77.410318895572,23.1796972933322 77.410258041898,23.1796840442177 77.4102324192512,23.1796752114739 77.4101987899202,23.1796575451589 77.4101363345501,23.1796192701995 77.4101139143972,23.179579522003 77.4100914942444,23.1795191643115 77.4100786833701,23.179488248842 77.4100642707997,23.1794543893877 77.4100530607232,23.1794190583486 77.4100546624194,23.1793189523108 77.4100706757877,23.179246816922 77.4101123127011,23.179158488344 77.4101235227775,23.1791364063968 77.4101411387402,23.1791054908388 77.4102164049846,23.1790289397674 77.410315693078,23.1789671094205 77.4108745871186,23.1787242041506</coordinates></LinearRing></outerBoundaryIs></Polygon></MultiGeometry>
  </Placemark>
  <Placemark>
	<Style><LineStyle><color>ff0000ff</color></LineStyle><PolyStyle><fill>0</fill></PolyStyle></Style>
	<ExtendedData><SchemaData schemaUrl="#bhopal_wards">
		<SimpleData name="objectid">85</SimpleData>
		<SimpleData name="townname">Bhopal</SimpleData>
		<SimpleData name="towncensuscode2011">802312</SimpleData>
		<SimpleData name="town_lgd_code">250946</SimpleData>
		<SimpleData name="ward_lgd_code">881946</SimpleData>
		<SimpleData name="ward_lgd_name">Sarvadharm Kolar Ward</SimpleData>
		<SimpleData name="sourcewardcode">80</SimpleData>
		<SimpleData name="state">Madhya Pradesh</SimpleData>
	</SchemaData></ExtendedData>
      <MultiGeometry><Polygon><outerBoundaryIs><LinearRing><coordinates>77.4018846106745,23.2004413122871 77.404927544105,23.1973772210155 77.4059467241173,23.1984796036341 77.4098866774613,23.1963460282573 77.4095378607381,23.195743861751 77.4097115347269,23.1956802622235 77.4097329586481,23.1956756061012 77.410043184645,23.1952414201179 77.4102081710267,23.1952550962312 77.4104271856829,23.1951160288453 77.4105837665285,23.1951411145406 77.4107867660198,23.1952456171647 77.4109318277685,23.1954346880834 77.4111530819246,23.1955450835051 77.4115417443205,23.1956711820003 77.4120385432153,23.1955088723901 77.4141389013677,23.1943101522001 77.4149003655048,23.1937953252856 77.4150088721097,23.1936994353583 77.4150285056885,23.1936790344846 77.415040456875,23.1936649106739 77.4150472858678,23.1936539262208 77.4150541148606,23.1936366638739 77.415057529357,23.1936248941656 77.4150724207294,23.1935301460776 77.4150780226236,23.1933955679568 77.4150738508474,23.1933012622894 77.4150728950399,23.1932796500313 77.4150643583498,23.1932623884617 77.4150515537637,23.193241203092 77.4150361880808,23.1932208021484 77.4147880473482,23.1929918319562 77.4147573698812,23.1929685376631 77.4147213573198,23.1929427918125 77.4146253229243,23.1929060110736 77.4145933114592,23.1928949770151 77.4145532978015,23.1928827175912 77.4145159512419,23.19286800496 77.4144132477538,23.1928103822611 77.4143745680942,23.1927834101889 77.4143505588217,23.1927588896682 77.4143358875364,23.1927368215261 77.4143212153529,23.1926926852307 77.4143225493511,23.1926485489209 77.4143457124107,23.1920274567185 77.4143439642892,23.1920171723437 77.4143422152693,23.1920056014921 77.4143394188138,23.1919972460039 77.4143341735509,23.1919879252452 77.4143248247837,23.19197514801 77.414300108537,23.1919413660312 77.4142718062156,23.1919129058305 77.4141807808262,23.1918081173785 77.4141501473767,23.1917575921486 77.4140826506612,23.1916195062153 77.4140695963435,23.1915896207443 77.4140475022791,23.1915117911615 77.414045382255,23.1914818965834 77.4140531913098,23.1913828614564 77.4140584141148,23.1913494731997 77.4140799143929,23.1912507765228 77.4141273517281,23.1911245640374 77.4143266339907,23.1907033611053 77.4144575778164,23.1904598495877 77.4144732695878,23.1904306698587 77.414487940873,23.1904061489066 77.4145039470547,23.1903865319766 77.4145266214308,23.1903656896562 77.4145572988977,23.1903472989336 77.4146079836427,23.1903362646639 77.414651999295,23.1903338130627 77.4150492648564,23.1903612001467 77.4151855213187,23.1903705936833 77.4152802217159,23.1903718198964 77.4153802563093,23.1903583332023 77.4154096006764,23.1903509775737 77.415510969268,23.1903203263647 77.4167421696537,23.1897907876353 77.4169523287178,23.1897133203298 77.4171477536146,23.1896295154454 77.4171433491748,23.1896105581657 77.4171192500706,23.1894699060982 77.4171095716218,23.1893913833127 77.4171038906759,23.1893452979947 77.4171017104647,23.1893082156973 77.4171093425514,23.1892099964432 77.4171213359587,23.18914084153 77.4171463261916,23.1890311972003 77.4172002421766,23.1887586181483 77.4172105251917,23.1887066310268 77.4172161073229,23.1886270937801 77.4172319338415,23.1881442839573 77.4172442739986,23.1879050674503 77.4172513284685,23.1877074435107 77.4173394010956,23.1857702713382 77.4173764655843,23.1842949169779 77.4174470039953,23.1827411435248 77.4175084002517,23.1804607362442 77.417548452537,23.1791418162264 77.4175672794287,23.1786810731913 77.4175847247115,23.1780977233092 77.4175923567982,23.1775865385878 77.4175988992284,23.1769139768591 77.4175758538481,23.1763888766943 77.4175664071646,23.1760922248076 77.4175482638907,23.1756072531634 77.4175392915177,23.1752681603527 77.4175357036465,23.1751325447897 77.4175238404948,23.1749965467311 77.4175008130808,23.1748457934554 77.417404515479,23.1743409312682 77.4172608982212,23.1736573679603 77.41714963828,23.1731958091095 77.4170439227408,23.1727572500062 77.4169079088236,23.1721090908701 77.4168588563175,23.1719011882352 77.4167972139227,23.1716399214429 77.4165644307882,23.1719028019399 77.4165484228099,23.1719232424716 77.4165297459368,23.1719363247075 77.416508400169,23.1719477709403 77.4164577064409,23.1719616707619 77.4164319140124,23.1719649411135 77.4164132371394,23.1719649411135 77.4163242994347,23.1719551300582 77.4162491562595,23.1719520934208 77.4161864017504,23.1719620935952 77.4161119332099,23.1719805545643 77.4160759538862,23.1719936318396 77.416003996137,23.1720344005571 77.4159722002675,23.1720582468569 77.4159086094268,23.1721020926552 77.415882670573,23.1721310344089 77.4158643673991,23.1721815150227 77.415855215363,23.1722127641697 77.4158434492294,23.1722368028595 77.4158081499303,23.1722716584566 77.415783309716,23.1722872834334 77.4157048661305,23.1722993019463 77.4156630297911,23.1723017059791 77.4156146573097,23.1723125228873 77.41559373914,23.1723221381914 77.4155728209703,23.1723377631623 77.4155662839299,23.1723497824966 77.4155584398409,23.1723690130988 77.4155584398409,23.1723930509347 77.4155597468896,23.1724255024605 77.4155648286592,23.1724736639954 77.4155680203734,23.1725059412488 77.4155744038018,23.1725411535399 77.4155871715569,23.1725822342591 77.4156063227405,23.1726497245747 77.4156063227405,23.1727172148563 77.4156063227405,23.1727582955215 77.4155777913487,23.1728742915149 77.4155168155039,23.1730469441526 77.4153983573623,23.1736036101591 77.4153465443334,23.1737710599201 77.4153204886986,23.1738174693749 77.4150762143149,23.1742755823623 77.4149361633688,23.1744552337623 77.4146912368083,23.1747203987551 77.4142055536668,23.175086407488 77.4141513574074,23.1751151520495 77.4141096683917,23.175140063117 77.4140638093964,23.1751592264264 77.4139220651261,23.1751630582621 77.4137362135753,23.1751323986184 77.4136521671973,23.175104190848 77.4135934685817,23.1750784357785 77.4135694548175,23.1750637187117 77.4135454419516,23.1750416435213 77.4135280990767,23.175022021035 77.4134747364539,23.1749533418975 77.4134480555917,23.1749042852312 77.4134187058347,23.1748650393897 77.413384020085,23.174841737811 77.4133613412173,23.1748294734295 77.4133346594567,23.1748233416512 77.4133053105981,23.1748257943625 77.4132786288375,23.1748343796777 77.4132612859626,23.1748429641666 77.4132225982183,23.1748797564784 77.4132105913362,23.1748969262755 77.4132052553434,23.1749190023156 77.4132052553434,23.174938624817 77.413209257338,23.1749631527332 77.4132252662147,23.1750036248999 77.4132346051004,23.175029379158 77.4132519479753,23.1750661722444 77.4132652879572,23.1750992854355 77.4132732928447,23.1751336249712 77.413267956852,23.1751826815535 77.4132439430878,23.1752194737719 77.4131994055143,23.1752739708643 77.4131277792435,23.17534262754 77.4129692391722,23.1754147650333 77.4128731544711,23.1754368475945 77.4128267133675,23.1754456814439 77.412749845427,23.1754633474891 77.4126137246103,23.1754927914432 77.4124936189585,23.1755251794548 77.4123847224848,23.1755781783778 77.4121776392522,23.175708374437 77.4121451103575,23.1757520803014 77.4121275950061,23.1757819833494 77.4121125814628,23.1758325897629 77.4121025724339,23.1758647943598 77.4120950661113,23.1759108000875 77.4120850570825,23.1759522051464 77.4120725462455,23.175998210844 77.4120625372166,23.1760327144875 77.4120475245715,23.1760534178255 77.4120024839415,23.1760879214548 77.4119499378873,23.1761040233105 77.4118898846122,23.1761247258117 77.4118323340436,23.176150028956 77.4118048096633,23.17617073145 77.4116606192804,23.1763412401377 77.411555057353,23.1764239062837 77.411472954031,23.1764670363189 77.4112774680488,23.1765281377976 77.4110624347259,23.1765712677992 77.410655824889,23.1766287744463 77.4101283269676,23.1767181980759 77.4098130488456,23.1768010076812 77.4099806969355,23.1771437475338 77.4101633585688,23.1774220789133 77.4103669383717,23.1778011619205 77.4108745871186,23.1787242041506 77.410315693078,23.1789671094205 77.4102164049846,23.1790289397674 77.4101411387402,23.1791054908388 77.4101235227775,23.1791364063968 77.4101123127011,23.179158488344 77.4100706757877,23.179246816922 77.4100546624194,23.1793189523108 77.4100530607232,23.1794190583486 77.4100642707997,23.1794543893877 77.4100786833701,23.179488248842 77.4100914942444,23.1795191643115 77.4101139143972,23.179579522003 77.4101363345501,23.1796192701995 77.4101987899202,23.1796575451589 77.4102324192512,23.1796752114739 77.410258041898,23.1796840442177 77.410318895572,23.1796972933322 77.4103973652087,23.1797061260745 77.4104502121986,23.1797090700465 77.4104966533021,23.1797237915573 77.4105270801391,23.179739985465 77.4105398910134,23.1797517621756 77.4105527027859,23.1797767888175 77.4105543035838,23.179795926689 77.4105543035838,23.1798135921599 77.4105494993937,23.1798327300261 77.4105430935074,23.1798474515233 77.4105286809369,23.1798680617818 77.4104918482137,23.1798960323699 77.4104181836654,23.1799195865883 77.4103076854956,23.1799313632831 77.4101587538046,23.1799269469195 77.4100850892564,23.1799181141918 77.4099995049627,23.1798947788094 77.4099528374836,23.1798739315511 77.4098202560291,23.1798199169463 77.4094448267157,23.1796580464188 77.409122318054,23.1794784300801 77.4090069680833,23.179415672567 77.4088727849327,23.1793442589802 77.4078793623145,23.1791603141922 77.4077687204142,23.1791235247087 77.4076392462323,23.1790629314578 77.4074532734089,23.1789482365134 77.4072366985771,23.178842197548 77.4071284102628,23.1788097360167 77.4069801037993,23.1787967518975 77.4065775552458,23.1787945874646 77.4063327310932,23.1787816033439 77.4061090928083,23.1787599631399 77.4059490157196,23.1787080249844 77.4058677163897,23.1786887845576 77.405661173943,23.1787052948738 77.4047003026774,23.1788951654285 77.4036137094929,23.1790437596236 77.4020062695134,23.1793574577545 77.4003988304322,23.1795390726909 77.3997988986545,23.1797703087791 77.3993351577622,23.180343359491 77.3991935913582,23.180685882997 77.3991654983443,23.1811691103363 77.3992431262596,23.1815950907391 77.3992947883716,23.1818399313933 77.4001187357266,23.1835941276598 77.400208051622,23.1843030210873 77.4001104469715,23.184779342683 77.3995044282095,23.1853001960474 77.4031157436865,23.1862838624317 77.4030019001905,23.1876433521432 77.4030632668026,23.1889026565055 77.4025127306874,23.1892723331892 77.4021563914721,23.1915289786417 77.4020783772812,23.1921611419594 77.4014109245336,23.1927928382355 77.401278396978,23.1939120296666 77.3995593009003,23.1960790227107 77.4006563738309,23.1968418073528 77.4009620696238,23.1971470392209 77.4010182439734,23.1974612489347 77.4006960308574,23.1980140523592 77.3994651691366,23.199243567685 77.3994035321317,23.1993669156638 77.3993910096166,23.1995216838175 77.3994179294308,23.199715915764 77.3994896383466,23.1999107716377 77.3999900448757,23.2004874565318 77.4002433994302,23.2006631342888 77.4005267972411,23.2007922325642 77.4009373210377,23.2008233404443 77.401386151693,23.2007141143998 77.4018846106745,23.2004413122871</coordinates></LinearRing></outerBoundaryIs></Polygon></MultiGeometry>
  </Placemark>
</Folder>
</Document></kml>
